; generated by PrusaSlicer 2.9.2 on 2025-07-07 at 22:17:27 UTC

; 

; external perimeters extrusion width = 4.00mm
; perimeters extrusion width = 4.00mm
; infill extrusion width = 4.00mm
; solid infill extrusion width = 4.00mm
; top infill extrusion width = 4.00mm
; first layer extrusion width = 4.00mm

; external perimeters extrusion width = 4.00mm
; perimeters extrusion width = 4.00mm
; infill extrusion width = 4.00mm
; solid infill extrusion width = 4.00mm
; top infill extrusion width = 4.00mm
; first layer extrusion width = 4.00mm

M104 S200 T0 ; set temperature
M104 S200 T1 ; set temperature
;TYPE:Custom
G28 ; home all axes
G1 Z5 F5000 ; lift nozzle
M109 S200 T0 ; set temperature and wait for it to be reached
M109 S200 T1 ; set temperature and wait for it to be reached
G21 ; set units to millimeters
G90 ; use absolute coordinates
M82 ; use absolute distances for extrusion
G92 E0
T0
G92 E0
; Filament gcode
M107
;LAYER_CHANGE
;Z:3
;HEIGHT:3
G92 E0
G1 X126.116 Y46.049 F7800
G1 Z3
;TYPE:Perimeter
;WIDTH:4
G1 F1800
G1 X105.374 Y51.471 E89.74411
G1 X105.431 Y66.826 E154.02105
G1 X74.205 Y58.912 E288.86676
G1 X74.199 Y57.351 E295.4012
G1 X405.314 Y-29.193 E1728.0209
G1 X406.77 Y-27.312 E1737.97811
G1 X126.697 Y45.897 E2949.76306
G92 E0
G1 X108.755 Y58.212 F7800
G1 F1800
G1 X108.771 Y62.364 E17.38053
G1 X414.02 Y139.755 E1335.5902
G1 X412.639 Y141.697 E1345.56537
G1 X409.595 Y145.745 E1366.76679
G1 X408.512 Y147.109 E1374.05744
G1 X60.742 Y58.962 E2875.86769
G1 X60.736 Y57.401 E2882.40213
G1 X406.568 Y-32.99 E4378.69761
G1 X407.566 Y-31.766 E4385.3086
G1 X410.923 Y-27.429 E4408.26661
G1 X412.453 Y-25.329 E4419.14296
G1 X108.74 Y54.06 E5733.21123
G1 X108.753 Y57.612 E5748.08011
G92 E0
G1 X112.112 Y58.2 F7800
;TYPE:External perimeter
G1 F1800
G1 X112.117 Y59.75 E6.48838
G1 X419.531 Y137.69 E1334.04765
G1 X418.297 Y139.532 E1343.32868
G1 X415.349 Y143.679 E1364.62744
G1 X412.251 Y147.798 E1386.20226
G1 X409.791 Y150.895 E1402.75853
G1 X47.279 Y59.011 E2968.2311
G1 X47.273 Y57.45 E2974.76554
G1 X407.805 Y-36.782 E4534.66159
G1 X410.194 Y-33.854 E4550.48041
G1 X413.607 Y-29.445 E4573.82024
G1 X416.676 Y-25.233 E4595.63573
G1 X417.997 Y-23.309 E4605.40526
G1 X112.106 Y56.649 E5928.8967
G1 X112.109 Y57.6 E5932.87763
G1 X114.727 Y60.624 F7800
G92 E0
G1 X456.098 Y58.267
;TYPE:Perimeter
G1 F1800
G1 X455.986 Y52.878 E22.56339
G1 X455.653 Y47.473 E45.23178
G1 X455.099 Y42.061 E68.00496
G1 X454.326 Y36.646 E90.90211
G1 X453.335 Y31.234 E113.93358
G1 X452.128 Y25.829 E137.11636
G1 X450.707 Y20.435 E160.46619
G1 X449.073 Y15.056 E183.99883
G1 X447.227 Y9.698 E207.72143
G1 X445.171 Y4.363 E231.6549
G1 X442.907 Y-.944 E255.80722
G1 X440.436 Y-6.22 E280.19494
G1 X437.76 Y-11.459 E304.82079
G1 X434.883 Y-16.65 E329.66466
G1 X453.3 Y-21.464 E409.34897
G1 X453.942 Y-20.669 E413.62649
G1 X457.759 Y-15.567 E440.29906
G1 X461.315 Y-10.412 E466.51416
G1 X464.609 Y-5.213 E492.27782
G1 X467.64 Y.024 E517.60698
G1 X470.408 Y5.291 E542.51408
G1 X472.913 Y10.583 E567.02303
G1 X475.154 Y15.892 E591.14545
G1 X477.132 Y21.211 E614.90066
G1 X478.847 Y26.535 E638.31483
G1 X480.297 Y31.856 E661.40091
G1 X481.484 Y37.169 E684.18958
G1 X482.407 Y42.467 E706.70122
G1 X483.067 Y47.745 E728.96716
G1 X483.463 Y52.997 E751.0146
G1 X483.595 Y58.224 E772.90196
G1 X483.469 Y63.441 E794.74685
G1 X483.093 Y68.655 E816.62949
G1 X482.468 Y73.859 E838.57014
G1 X481.593 Y79.053 E860.61875
G1 X480.469 Y84.236 E882.81927
G1 X479.095 Y89.406 E905.21229
G1 X477.473 Y94.562 E927.83825
G1 X475.602 Y99.703 E950.73952
G1 X473.481 Y104.826 E973.94983
G1 X471.11 Y109.928 E997.5005
G1 X468.49 Y115.009 E1021.43089
G1 X465.619 Y120.064 E1045.76598
G1 X462.498 Y125.092 E1070.53845
G1 X459.127 Y130.088 E1095.76728
G1 X455.505 Y135.051 E1121.48677
G1 X455.041 Y135.641 E1124.62879
G1 X436.302 Y130.89 E1205.55269
G1 X438.811 Y126.259 E1227.60049
G1 X441.339 Y121.201 E1251.27069
G1 X443.671 Y116.106 E1274.72638
G1 X445.808 Y110.976 E1297.98944
G1 X447.747 Y105.813 E1321.0758
G1 X449.488 Y100.62 E1344.003
G1 X451.028 Y95.399 E1366.78918
G1 X452.367 Y90.152 E1389.45719
G1 X453.503 Y84.881 E1412.02837
G1 X454.434 Y79.59 E1434.51692
G1 X455.161 Y74.281 E1456.94796
G1 X455.681 Y68.956 E1479.3446
G1 X455.993 Y63.619 E1501.72359
G1 X456.086 Y58.867 E1521.61942
G92 E0
G1 X452.741 Y58.269 F7800
G1 F1800
G1 X452.632 Y53.017 E21.98977
G1 X452.307 Y47.747 E44.09206
G1 X451.767 Y42.469 E66.30126
G1 X451.012 Y37.186 E88.64075
G1 X450.045 Y31.902 E111.12708
G1 X448.866 Y26.622 E133.77364
G1 X447.477 Y21.351 E156.59145
G1 X445.879 Y16.091 E179.60366
G1 X444.074 Y10.848 E202.81522
G1 X442.061 Y5.625 E226.24649
G1 X439.843 Y.426 E249.90742
G1 X437.421 Y-4.744 E273.80631
G1 X434.797 Y-9.882 E297.95663
G1 X431.97 Y-14.984 E322.37319
G1 X429.708 Y-18.767 E340.82392
G1 X454.547 Y-25.259 E448.29344
G1 X456.592 Y-22.73 E461.90793
G1 X460.485 Y-17.525 E489.11632
G1 X464.115 Y-12.264 E515.87256
G1 X467.48 Y-6.953 E542.19133
G1 X470.579 Y-1.598 E568.09059
G1 X473.411 Y3.792 E593.57809
G1 X475.977 Y9.211 E618.6768
G1 X478.275 Y14.654 E643.40879
G1 X480.304 Y20.112 E667.78379
G1 X482.065 Y25.579 E691.82677
G1 X483.556 Y31.049 E715.55975
G1 X484.777 Y36.515 E739.00451
G1 X485.728 Y41.971 E762.18784
G1 X486.407 Y47.411 E785.13654
G1 X486.816 Y52.829 E807.88098
G1 X486.952 Y58.222 E830.46342
G1 X486.823 Y63.603 E852.99492
G1 X486.435 Y68.976 E875.54503
G1 X485.79 Y74.339 E898.15649
G1 X484.889 Y79.688 E920.863
G1 X483.732 Y85.023 E943.71461
G1 X482.32 Y90.341 E966.74724
G1 X480.653 Y95.64 E990.00074
G1 X478.731 Y100.919 E1013.51786
G1 X476.555 Y106.175 E1037.33064
G1 X474.125 Y111.405 E1061.4713
G1 X471.442 Y116.607 E1085.97274
G1 X468.505 Y121.778 E1110.8665
G1 X465.316 Y126.916 E1136.18031
G1 X461.874 Y132.017 E1161.93973
G1 X458.181 Y137.078 E1188.16579
G1 X456.331 Y139.431 E1200.69532
G1 X431.167 Y133.051 E1309.36546
G1 X433.166 Y129.633 E1325.94062
G1 X435.834 Y124.71 E1349.38021
G1 X438.311 Y119.752 E1372.58052
G1 X440.596 Y114.762 E1395.55467
G1 X442.687 Y109.74 E1418.32636
G1 X444.584 Y104.689 E1440.91201
G1 X446.286 Y99.612 E1463.32692
G1 X447.792 Y94.509 E1485.59906
G1 X449.099 Y89.383 E1507.74317
G1 X450.208 Y84.237 E1529.77903
G1 X451.118 Y79.072 E1551.73288
G1 X451.827 Y73.89 E1573.62698
G1 X452.334 Y68.695 E1595.47673
G1 X452.639 Y63.488 E1617.31075
G1 X452.729 Y58.869 E1636.6497
G92 E0
G1 X449.384 Y58.271 F7800
;TYPE:External perimeter
G1 F1800
G1 X449.278 Y53.155 E21.42033
G1 X448.961 Y48.022 E42.94816
G1 X448.435 Y42.877 E64.59755
G1 X447.699 Y37.725 E86.38293
G1 X446.755 Y32.57 E108.32075
G1 X445.605 Y27.416 E130.42609
G1 X444.248 Y22.266 E152.71997
G1 X442.686 Y17.126 E175.20774
G1 X440.92 Y11.998 E197.91098
G1 X438.951 Y6.887 E220.83854
G1 X436.779 Y1.797 E244.00423
G1 X434.407 Y-3.268 E267.41631
G1 X431.834 Y-8.305 E291.093
G1 X429.061 Y-13.309 E315.04117
G1 X426.09 Y-18.276 E339.26883
G1 X424.431 Y-20.856 E352.10888
G1 X455.795 Y-29.054 E487.81039
G1 X459.241 Y-24.791 E510.75659
G1 X463.212 Y-19.484 E538.50246
G1 X466.915 Y-14.116 E565.80091
G1 X470.351 Y-8.692 E592.67831
G1 X473.518 Y-3.22 E619.14405
G1 X476.415 Y2.293 E645.21391
G1 X479.041 Y7.84 E670.90437
G1 X481.395 Y13.415 E696.23658
G1 X483.476 Y19.012 E721.23282
G1 X485.283 Y24.622 E745.90461
G1 X486.814 Y30.241 E770.28339
G1 X488.07 Y35.86 E794.38515
G1 X489.048 Y41.475 E818.24358
G1 X489.748 Y47.077 E841.87609
G1 X490.169 Y52.66 E865.31305
G1 X490.309 Y58.22 E888.59476
G1 X490.176 Y63.764 E911.80879
G1 X489.777 Y69.297 E935.03024
G1 X489.113 Y74.818 E958.30786
G1 X488.186 Y80.323 E981.67639
G1 X486.996 Y85.81 E1005.1791
G1 X485.544 Y91.276 E1028.85348
G1 X483.832 Y96.719 E1052.73851
G1 X481.86 Y102.136 E1076.87005
G1 X479.629 Y107.525 E1101.2853
G1 X477.14 Y112.882 E1126.01215
G1 X474.393 Y118.206 E1151.09028
G1 X471.391 Y123.493 E1176.54065
G1 X468.134 Y128.74 E1202.39225
G1 X464.622 Y133.945 E1228.67645
G1 X460.857 Y139.104 E1255.41156
G1 X457.621 Y143.22 E1277.3286
G1 X425.927 Y135.185 E1414.19777
G1 X427.439 Y132.779 E1426.09301
G1 X430.242 Y127.986 E1449.33572
G1 X432.857 Y123.16 E1472.31261
G1 X435.283 Y118.303 E1495.0393
G1 X437.52 Y113.417 E1517.53397
G1 X439.566 Y108.504 E1539.81203
G1 X441.421 Y103.566 E1561.89304
G1 X443.085 Y98.603 E1583.80493
G1 X444.555 Y93.619 E1605.55665
G1 X445.832 Y88.615 E1627.17487
G1 X446.914 Y83.592 E1648.68359
G1 X447.801 Y78.553 E1670.1013
G1 X448.493 Y73.499 E1691.45489
G1 X448.987 Y68.433 E1712.76191
G1 X449.285 Y63.357 E1734.04679
G1 X449.372 Y58.871 E1752.82885
G1 X449.31 Y54.871 F7800
G92 E0
G1 X466.551 Y.153
;TYPE:Solid infill
;WIDTH:4.00387
G1 F1800
G1 X448.73 Y-17.668 E105.62099
G1 X444.963 Y-16.684 E121.93768
G1 X468.239 Y6.592 E259.88921
G1 X470.615 Y11.611 E283.16103
G1 X472.156 Y15.261 E299.76508
G1 X441.196 Y-15.699 E483.25792
G1 X438.656 Y-15.035 E494.26042
G1 X439.982 Y-12.642 E505.72587
G1 X440.484 Y-11.658 E510.35532
G1 X475.026 Y22.884 E715.07786
G1 X476.433 Y27.252 E734.30979
G1 X477.104 Y29.713 E744.99999
G1 X445.018 Y-2.373 E935.16638
G1 X445.205 Y-1.972 E937.02066
G1 X447.504 Y3.416 E961.57064
G1 X448.412 Y5.773 E972.15612
G1 X478.645 Y36.006 E1151.3402
G1 X479.015 Y37.66 E1158.4432
G1 X479.746 Y41.859 E1176.30529
G1 X451.1 Y13.212 E1346.08655
G1 X451.468 Y14.28 E1350.82064
G1 X453.217 Y20.081 E1376.21276
G1 X480.48 Y47.345 E1537.79729
G1 X480.561 Y47.996 E1540.54658
G1 X480.902 Y52.519 E1559.55564
G1 X454.849 Y26.466 E1713.96582
G1 X455.802 Y30.733 E1732.28879
G1 X456.124 Y32.492 E1739.78301
G1 X481.057 Y57.425 E1887.5552
G1 X481.077 Y58.226 E1890.91313
G1 X480.984 Y62.104 E1907.16996
G1 X457.092 Y38.212 E2048.77238
G1 X457.598 Y41.754 E2063.76711
G1 X457.793 Y43.665 E2071.81743
G1 X480.719 Y66.59 E2207.69163
G1 X480.587 Y68.414 E2215.35575
G1 X480.287 Y70.911 E2225.89558
G1 X458.262 Y48.886 E2356.43272
G1 X458.502 Y52.775 E2372.76198
G1 X458.525 Y53.901 E2377.48187
G1 X479.709 Y75.084 E2503.03163
G1 X479.12 Y78.577 E2517.87696
G1 X479.001 Y79.128 E2520.23936
G1 X458.606 Y58.734 E2641.1129
G1 X458.515 Y63.395 E2660.65022
G1 X478.154 Y83.033 E2777.04312
G1 X478.021 Y83.646 E2779.67189
G1 X477.18 Y86.811 E2793.39624
G1 X458.264 Y67.895 E2905.50705
G1 X458.191 Y69.152 E2910.78384
G1 X457.886 Y72.269 E2923.90914
G1 X476.114 Y90.497 E3031.94233
G1 X475.089 Y93.754 E3046.25194
G1 X474.963 Y94.098 E3047.78726
G1 X457.394 Y76.529 E3151.91471
G1 X456.922 Y79.979 E3166.50786
G1 X456.798 Y80.684 E3169.50777
G1 X473.695 Y97.582 E3269.65539
G1 X473.255 Y98.79 E3275.04332
G1 X472.347 Y100.985 E3284.99826
G1 X456.086 Y84.725 E3381.37053
G1 X455.973 Y85.365 E3384.09417
G1 X455.264 Y88.655 E3398.19863
G1 X470.937 Y104.327 E3491.08595
G1 X469.43 Y107.572 E3506.08026
G1 X454.364 Y92.506 E3595.373
G1 X453.391 Y96.285 E3611.72679
G1 X467.855 Y110.749 E3697.45161
G1 X466.235 Y113.881 E3712.22927
G1 X452.309 Y99.955 E3794.76549
G1 X451.889 Y101.377 E3800.9794
G1 X451.159 Y103.556 E3810.61012
G1 X464.514 Y116.912 E3889.76512
G1 X463.455 Y118.778 E3898.75687
G1 X462.755 Y119.905 E3904.31688
G1 X449.952 Y107.102 E3980.19733
G1 X448.655 Y110.556 E3995.65946
G1 X460.935 Y122.837 E4068.44318
G1 X460.385 Y123.723 E4072.81354
G1 X459.049 Y125.703 E4082.82373
G1 X447.296 Y113.95 E4152.48107
G1 X445.893 Y117.299 E4167.69811
G1 X457.135 Y128.54 E4234.32391
G1 X455.133 Y131.29 E4248.57931
G1 X444.401 Y120.558 E4312.18542
G1 X443.61 Y122.288 E4320.15751
G1 X442.866 Y123.775 E4327.12582
G1 X451.149 Y132.058 E4376.21727
G1 X444.783 Y130.444 E4403.74039
G1 X440.157 Y125.818 E4431.15763
G92 E0
G1 X409.56 Y142.999 F7800
;TYPE:Gap fill
;WIDTH:5.78989
G1 F1800
G1 X107.107 Y66.328 E2002.6927
G92 E0
G1 X98.626 Y52.007 F7800
;TYPE:Solid infill
;WIDTH:4.23685
G1 F1800
G1 X102.875 Y56.256 E26.92894
G1 X102.894 Y61.356 E49.78444
G1 X95.835 Y54.297 E94.52235
G1 X91.807 Y55.35 E113.18021
G1 X99.075 Y62.618 E159.2427
G1 X92.268 Y60.893 E190.71213
G1 X87.778 Y56.403 E219.16846
G1 X83.75 Y57.456 E237.82632
G1 X87.549 Y61.255 E261.90329
G92 E0
G1 X-12.34 Y41.8 F7800
;TYPE:External perimeter
;WIDTH:7.3313
G1 F1800
G1 X-12.331 Y41.79 E.11222
;WIDTH:7.42888
G1 X-12.267 Y41.725 E.88418
;WIDTH:7.52805
G1 X-12.205 Y41.663 E1.63705
;WIDTH:7.62722
G1 X-12.143 Y41.601 E2.40076
;WIDTH:7.72639
G1 X-12.081 Y41.539 E3.17532
;WIDTH:7.82557
G1 X-12.018 Y41.477 E3.96708
;WIDTH:7.92474
G1 X-11.956 Y41.415 E4.76333
G1 X-11.92 Y41.436 E5.14181
;WIDTH:7.83093
G1 X-11.849 Y41.477 E5.87676
;WIDTH:7.73712
G1 X-11.777 Y41.519 E6.61421
;WIDTH:7.64332
G1 X-11.705 Y41.561 E7.34191
;WIDTH:7.54951
G1 X-11.634 Y41.602 E8.04809
;WIDTH:7.4557
G1 X-11.562 Y41.644 E8.75629
;WIDTH:7.36057
G1 X-11.482 Y41.694 E9.54662
;WIDTH:7.26413
G1 X-11.402 Y41.743 E10.32126
;WIDTH:7.16769
G1 X-11.322 Y41.793 E11.0889
;WIDTH:7.07006
G1 X-11.205 Y41.899 E12.35431
;WIDTH:6.97125
G1 X-11.088 Y42.005 E13.60026
;WIDTH:6.87243
G1 X-10.971 Y42.111 E14.82675
;WIDTH:6.77362
G1 X-10.855 Y42.217 E16.02813
;WIDTH:6.67481
G1 X-10.738 Y42.323 E17.21571
;WIDTH:6.57599
G1 X-10.621 Y42.429 E18.38383
;WIDTH:6.47718
G1 X-10.504 Y42.535 E19.53249
;WIDTH:6.37836
G1 X-10.387 Y42.641 E20.6617
;WIDTH:6.27955
G1 X-10.27 Y42.747 E21.77145
;WIDTH:6.18074
G1 X-10.153 Y42.853 E22.86174
;WIDTH:6.08192
G1 X-10.036 Y42.959 E23.93257
;WIDTH:5.98311
G1 X-9.919 Y43.065 E24.98394
;WIDTH:5.8843
G1 X-9.803 Y43.171 E26.01102
;WIDTH:5.78548
G1 X-9.686 Y43.277 E27.02348
;WIDTH:5.68667
G1 X-9.52 Y43.479 E28.66798
;WIDTH:5.61891
G1 X-8.303 Y45.264 E42.07373
G1 X-7.752 Y46.018 E47.86862
G1 X-6.877 Y47.106 E56.53234
G1 X-5.945 Y48.187 E65.38906
G1 X-5.207 Y48.964 E72.03871
G1 X-3.966 Y50.187 E82.85043
G1 X-3.538 Y50.569 E86.41024
G1 X-1.904 Y51.942 E99.65383
G1 X.121 Y53.391 E115.105
G1 X.471 Y53.622 E117.70721
G1 X2.098 Y54.594 E129.46757
G1 X2.9 Y55.037 E135.1529
G1 X4.158 Y55.657 E143.85564
G1 X5.449 Y56.241 E152.64811
G1 X6.296 Y56.576 E158.30009
;WIDTH:5.68292
G1 X8.498 Y57.37 E173.01201
;WIDTH:5.78005
G1 X8.63 Y57.456 E174.02127
;WIDTH:5.87718
G1 X8.762 Y57.542 E175.04961
;WIDTH:5.97432
G1 X8.894 Y57.627 E176.09343
;WIDTH:6.07145
G1 X9.025 Y57.713 E177.15428
;WIDTH:6.16858
G1 X9.157 Y57.798 E178.23614
;WIDTH:6.26571
G1 X9.289 Y57.884 E179.34083
;WIDTH:6.36285
G1 X9.421 Y57.97 E180.4646
;WIDTH:6.45998
G1 X9.553 Y58.055 E181.60352
;WIDTH:6.55711
G1 X9.685 Y58.141 E182.76547
;WIDTH:6.65424
G1 X9.817 Y58.226 E183.94243
;WIDTH:6.75138
G1 X9.949 Y58.312 E185.14255
;WIDTH:6.84851
G1 X10.081 Y58.398 E186.36176
;WIDTH:6.94564
G1 X10.213 Y58.483 E187.59578
;WIDTH:7.04277
G1 X10.344 Y58.569 E188.84648
;WIDTH:7.13933
G1 X10.445 Y58.644 E189.86567
;WIDTH:7.2353
G1 X10.513 Y58.709 E190.63904
;WIDTH:7.33127
G1 X10.581 Y58.774 E191.42367
;WIDTH:7.42885
G1 X10.647 Y58.837 E192.19582
;WIDTH:7.52803
G1 X10.709 Y58.9 E192.95478
;WIDTH:7.62721
G1 X10.771 Y58.962 E193.71849
;WIDTH:7.72639
G1 X10.832 Y59.024 E194.48683
;WIDTH:7.82556
G1 X10.894 Y59.086 E195.27223
;WIDTH:7.92474
G1 X10.956 Y59.149 E196.07493
G1 X10.936 Y59.184 E196.441
;WIDTH:7.83093
G1 X10.894 Y59.256 E197.18821
;WIDTH:7.73711
G1 X10.852 Y59.328 E197.92566
;WIDTH:7.6433
G1 X10.811 Y59.399 E198.64143
;WIDTH:7.54948
G1 X10.769 Y59.471 E199.35938
;WIDTH:7.45566
G1 X10.727 Y59.543 E200.06757
;WIDTH:7.36054
G1 X10.678 Y59.623 E200.85349
;WIDTH:7.26409
G1 X10.628 Y59.703 E201.63247
;WIDTH:7.16765
G1 X10.579 Y59.783 E202.39582
;WIDTH:7.07002
G1 X10.473 Y59.899 E203.65529
;WIDTH:6.97121
G1 X10.367 Y60.016 E204.90123
;WIDTH:6.8724
G1 X10.261 Y60.133 E206.12772
;WIDTH:6.77359
G1 X10.154 Y60.25 E207.3399
;WIDTH:6.67478
G1 X10.048 Y60.367 E208.52747
;WIDTH:6.57597
G1 X9.942 Y60.484 E209.69559
;WIDTH:6.47716
G1 X9.836 Y60.601 E210.84425
;WIDTH:6.37834
G1 X9.73 Y60.718 E211.97345
;WIDTH:6.27953
G1 X9.624 Y60.835 E213.08319
;WIDTH:6.18072
G1 X9.518 Y60.951 E214.16837
;WIDTH:6.08191
G1 X9.412 Y61.068 E215.2392
;WIDTH:5.9831
G1 X9.306 Y61.185 E216.29057
;WIDTH:5.88429
G1 X9.2 Y61.302 E217.32249
;WIDTH:5.78548
G1 X9.094 Y61.419 E218.33495
;WIDTH:5.68666
G1 X8.892 Y61.585 E219.97945
;WIDTH:5.61891
G1 X7.107 Y62.802 E233.38519
G1 X6.353 Y63.352 E239.17641
G1 X5.265 Y64.228 E247.84402
G1 X4.184 Y65.159 E256.69668
G1 X3.407 Y65.898 E263.3506
G1 X2.184 Y67.139 E274.16231
G1 X1.802 Y67.566 E277.71749
G1 X.43 Y69.201 E290.96183
G1 X-1.02 Y71.226 E306.41659
G1 X-1.251 Y71.575 E309.01362
G1 X-2.223 Y73.202 E320.77396
G1 X-2.666 Y74.005 E326.46472
G1 X-3.286 Y75.263 E335.16745
G1 X-3.869 Y76.554 E343.95736
G1 X-4.204 Y77.401 E349.60934
;WIDTH:5.68292
G1 X-4.999 Y79.602 E364.31748
;WIDTH:5.78005
G1 X-5.085 Y79.734 E365.32674
;WIDTH:5.87718
G1 X-5.17 Y79.866 E366.35153
;WIDTH:5.97432
G1 X-5.256 Y79.998 E367.39896
;WIDTH:6.07145
G1 X-5.342 Y80.13 E368.46548
;WIDTH:6.16858
G1 X-5.427 Y80.262 E369.54734
;WIDTH:6.26571
G1 X-5.513 Y80.394 E370.65203
;WIDTH:6.36285
G1 X-5.598 Y80.526 E371.77193
;WIDTH:6.45998
G1 X-5.684 Y80.658 E372.91479
;WIDTH:6.55711
G1 X-5.77 Y80.79 E374.07674
;WIDTH:6.65425
G1 X-5.855 Y80.922 E375.2537
;WIDTH:6.75138
G1 X-5.941 Y81.053 E376.44745
;WIDTH:6.84851
G1 X-6.026 Y81.185 E377.66245
;WIDTH:6.94564
G1 X-6.112 Y81.317 E378.90074
;WIDTH:7.04278
G1 X-6.198 Y81.449 E380.15812
;WIDTH:7.13934
G1 X-6.273 Y81.549 E381.17082
;WIDTH:7.23532
G1 X-6.338 Y81.618 E381.95015
;WIDTH:7.3313
G1 X-6.403 Y81.686 E382.73478
;WIDTH:7.42888
G1 X-6.466 Y81.751 E383.50083
;WIDTH:7.52805
G1 X-6.528 Y81.813 E384.2537
;WIDTH:7.62722
G1 X-6.591 Y81.875 E385.0236
;WIDTH:7.72639
G1 X-6.653 Y81.937 E385.79816
;WIDTH:7.82556
G1 X-6.715 Y81.999 E386.58356
;WIDTH:7.92474
G1 X-6.777 Y82.061 E387.37981
G1 X-6.813 Y82.04 E387.75829
;WIDTH:7.83092
G1 X-6.885 Y81.999 E388.50102
;WIDTH:7.73711
G1 X-6.956 Y81.957 E389.23084
;WIDTH:7.6433
G1 X-7.028 Y81.915 E389.95854
;WIDTH:7.54949
G1 X-7.1 Y81.874 E390.67218
;WIDTH:7.45568
G1 X-7.171 Y81.832 E391.37305
;WIDTH:7.36055
G1 X-7.251 Y81.782 E392.16338
;WIDTH:7.2641
G1 X-7.331 Y81.733 E392.93802
;WIDTH:7.16765
G1 X-7.411 Y81.683 E393.70565
;WIDTH:7.07002
G1 X-7.528 Y81.577 E394.97105
;WIDTH:6.97121
G1 X-7.645 Y81.471 E396.21699
;WIDTH:6.8724
G1 X-7.762 Y81.365 E397.44348
;WIDTH:6.77359
G1 X-7.879 Y81.259 E398.65051
;WIDTH:6.67478
G1 X-7.996 Y81.153 E399.83808
;WIDTH:6.57597
G1 X-8.113 Y81.047 E401.0062
;WIDTH:6.47716
G1 X-8.23 Y80.941 E402.15486
;WIDTH:6.37835
G1 X-8.346 Y80.835 E403.27877
;WIDTH:6.27954
G1 X-8.463 Y80.729 E404.38852
;WIDTH:6.18073
G1 X-8.58 Y80.623 E405.47881
;WIDTH:6.08192
G1 X-8.697 Y80.517 E406.54964
;WIDTH:5.98311
G1 X-8.814 Y80.411 E407.60101
;WIDTH:5.88429
G1 X-8.931 Y80.305 E408.63293
;WIDTH:5.78548
G1 X-9.048 Y80.198 E409.64971
;WIDTH:5.68667
G1 X-9.214 Y79.997 E411.28936
;WIDTH:5.61889
G1 X-10.431 Y78.212 E424.69506
G1 X-10.981 Y77.458 E430.48627
G1 X-11.856 Y76.37 E439.14997
G1 X-12.788 Y75.289 E448.00666
G1 X-13.527 Y74.512 E454.66057
G1 X-14.767 Y73.289 E465.46784
G1 X-15.195 Y72.907 E469.02764
G1 X-16.829 Y71.534 E482.27119
G1 X-18.854 Y70.085 E497.72231
G1 X-19.204 Y69.854 E500.32451
G1 X-20.831 Y68.882 E512.08483
G1 X-21.633 Y68.439 E517.77014
G1 X-22.892 Y67.819 E526.47841
G1 X-24.183 Y67.235 E535.27085
G1 X-25.03 Y66.9 E540.92281
;WIDTH:5.68291
G1 X-27.231 Y66.105 E555.63094
;WIDTH:5.78005
G1 X-27.363 Y66.02 E556.63671
;WIDTH:5.87718
G1 X-27.495 Y65.934 E557.66505
;WIDTH:5.97431
G1 X-27.627 Y65.849 E558.70886
;WIDTH:6.07144
G1 X-27.759 Y65.763 E559.77538
;WIDTH:6.16857
G1 X-27.891 Y65.677 E560.86098
;WIDTH:6.26571
G1 X-28.023 Y65.592 E561.96186
;WIDTH:6.36284
G1 X-28.155 Y65.506 E563.08563
;WIDTH:6.45997
G1 X-28.286 Y65.421 E564.21845
;WIDTH:6.5571
G1 X-28.418 Y65.335 E565.3804
;WIDTH:6.65423
G1 X-28.55 Y65.249 E566.56143
;WIDTH:6.75137
G1 X-28.682 Y65.164 E567.75741
;WIDTH:6.8485
G1 X-28.814 Y65.078 E568.97661
;WIDTH:6.94563
G1 X-28.946 Y64.993 E570.21063
;WIDTH:7.04276
G1 X-29.078 Y64.907 E571.46801
;WIDTH:7.13932
G1 X-29.178 Y64.832 E572.48071
;WIDTH:7.2353
G1 X-29.246 Y64.767 E573.25408
;WIDTH:7.33127
G1 X-29.315 Y64.702 E574.04476
;WIDTH:7.42885
G1 X-29.38 Y64.639 E574.81081
;WIDTH:7.52803
G1 X-29.442 Y64.576 E575.56977
;WIDTH:7.62721
G1 X-29.504 Y64.514 E576.33348
;WIDTH:7.72638
G1 X-29.566 Y64.452 E577.10804
;WIDTH:7.82556
G1 X-29.628 Y64.39 E577.89344
;WIDTH:7.92474
G1 X-29.69 Y64.327 E578.69614
G1 X-29.669 Y64.292 E579.0668
;WIDTH:7.83092
G1 X-29.627 Y64.22 E579.814
;WIDTH:7.7371
G1 X-29.586 Y64.148 E580.54703
;WIDTH:7.64328
G1 X-29.544 Y64.077 E581.2672
;WIDTH:7.54947
G1 X-29.502 Y64.005 E581.98514
;WIDTH:7.45565
G1 X-29.461 Y63.933 E582.68909
;WIDTH:7.36052
G1 X-29.411 Y63.853 E583.47942
;WIDTH:7.26407
G1 X-29.362 Y63.773 E584.25405
;WIDTH:7.16763
G1 X-29.312 Y63.693 E585.02168
;WIDTH:7.07
G1 X-29.206 Y63.576 E586.28708
;WIDTH:6.97119
G1 X-29.1 Y63.46 E587.52718
;WIDTH:6.87238
G1 X-28.994 Y63.343 E588.75366
;WIDTH:6.77357
G1 X-28.888 Y63.226 E589.96069
;WIDTH:6.67476
G1 X-28.782 Y63.109 E591.14826
;WIDTH:6.57595
G1 X-28.676 Y62.992 E592.31637
;WIDTH:6.47714
G1 X-28.57 Y62.875 E593.46503
;WIDTH:6.37833
G1 X-28.464 Y62.758 E594.59423
;WIDTH:6.27952
G1 X-28.358 Y62.641 E595.70397
;WIDTH:6.18071
G1 X-28.251 Y62.524 E596.7989
;WIDTH:6.0819
G1 X-28.145 Y62.408 E597.86471
;WIDTH:5.98309
G1 X-28.039 Y62.291 E598.91608
;WIDTH:5.88428
G1 X-27.933 Y62.174 E599.94799
;WIDTH:5.78547
G1 X-27.827 Y62.057 E600.96045
;WIDTH:5.68666
G1 X-27.626 Y61.891 E602.60009
;WIDTH:5.61889
G1 X-25.841 Y60.674 E616.00579
G1 X-25.087 Y60.124 E621.797
G1 X-23.999 Y59.248 E630.46458
G1 X-22.918 Y58.317 E639.31721
G1 X-22.14 Y57.578 E645.97561
G1 X-20.918 Y56.337 E656.78294
G1 X-20.536 Y55.909 E660.34274
G1 X-19.163 Y54.275 E673.58628
G1 X-17.713 Y52.25 E689.041
G1 X-17.483 Y51.901 E691.6346
G1 X-16.511 Y50.274 E703.39491
G1 X-16.068 Y49.471 E709.08565
G1 X-15.447 Y48.213 E717.7911
G1 X-14.864 Y46.922 E726.58098
G1 X-14.529 Y46.075 E732.23294
;WIDTH:5.68292
G1 X-13.734 Y43.873 E746.94699
;WIDTH:5.78005
G1 X-13.649 Y43.742 E747.94738
;WIDTH:5.87718
G1 X-13.563 Y43.61 E748.97572
;WIDTH:5.97431
G1 X-13.477 Y43.478 E750.02315
;WIDTH:6.07145
G1 X-13.392 Y43.346 E751.08599
;WIDTH:6.16858
G1 X-13.306 Y43.214 E752.17159
;WIDTH:6.26571
G1 X-13.221 Y43.082 E753.27247
;WIDTH:6.36285
G1 X-13.135 Y42.95 E754.39624
;WIDTH:6.45998
G1 X-13.049 Y42.818 E755.5391
;WIDTH:6.55711
G1 X-12.964 Y42.686 E756.69704
;WIDTH:6.65424
G1 X-12.878 Y42.554 E757.87807
;WIDTH:6.75138
G1 X-12.793 Y42.423 E759.06765
;WIDTH:6.84851
G1 X-12.707 Y42.291 E760.28686
;WIDTH:6.94564
G1 X-12.699 Y42.278 E760.40684
G1 X-9.016 Y43.838 F7800
G92 E0
G1 X-41.983 Y-101.136
;WIDTH:4.20252
G1 F1800
G1 X-41.897 Y-101.156 E.39191
;WIDTH:4.1094
G1 X-41.697 Y-101.203 E1.27996
;WIDTH:4.01628
G1 X-41.497 Y-101.249 E2.14319
;WIDTH:3.92316
G1 X-41.297 Y-101.296 E2.98351
;WIDTH:3.83004
G1 X-41.098 Y-101.342 E3.7952
;WIDTH:3.73692
G1 X-40.898 Y-101.389 E4.5878
;WIDTH:3.64381
G1 X-40.798 Y-101.412 E4.97175
G1 X-31.703 Y-101.412 E39.0031
;WIDTH:3.74325
G1 X-31.43 Y-101.363 E40.07533
;WIDTH:3.8427
G1 X-31.157 Y-101.313 E41.18267
;WIDTH:3.94214
G1 X-30.883 Y-101.263 E42.32848
;WIDTH:4.04159
G1 X-30.61 Y-101.213 E43.50467
G1 X-30.562 Y-101.083 E44.09195
;WIDTH:3.94214
G1 X-30.466 Y-100.823 E45.23214
;WIDTH:3.84269
G1 X-30.37 Y-100.562 E46.34169
;WIDTH:3.74325
G1 X-30.274 Y-100.302 E47.41312
;WIDTH:3.6438
G1 X-30.225 Y-100.172 E47.93296
G1 X-11.436 Y6.752 E454.14717
;WIDTH:3.73692
G1 X-11.447 Y6.957 E454.93918
;WIDTH:3.83004
G1 X-11.459 Y7.162 E455.75525
;WIDTH:3.92316
G1 X-11.47 Y7.367 E456.59495
;WIDTH:4.01628
G1 X-11.481 Y7.572 E457.45849
;WIDTH:4.1094
G1 X-11.492 Y7.776 E458.34156
;WIDTH:4.20252
G1 X-11.504 Y7.981 E459.25304
;WIDTH:4.29564
G1 X-11.515 Y8.186 E460.18811
G1 X-11.615 Y8.209 E460.65548
;WIDTH:4.20252
G1 X-11.815 Y8.256 E461.56739
;WIDTH:4.1094
G1 X-12.014 Y8.302 E462.45025
;WIDTH:4.01628
G1 X-12.214 Y8.349 E463.31443
;WIDTH:3.92316
G1 X-12.414 Y8.396 E464.15475
;WIDTH:3.83004
G1 X-12.614 Y8.442 E464.97031
;WIDTH:3.73692
G1 X-12.814 Y8.489 E465.76291
;WIDTH:3.64381
G1 X-12.913 Y8.512 E466.14321
G1 X-22.009 Y8.512 E500.17831
;WIDTH:3.74325
G1 X-22.282 Y8.462 E501.25123
;WIDTH:3.8427
G1 X-22.555 Y8.412 E502.35857
;WIDTH:3.94214
G1 X-22.828 Y8.363 E503.4996
;WIDTH:4.04159
G1 X-23.101 Y8.313 E504.67579
G1 X-23.149 Y8.183 E505.26307
;WIDTH:3.94214
G1 X-23.245 Y7.922 E506.40712
;WIDTH:3.8427
G1 X-23.342 Y7.662 E507.51432
;WIDTH:3.74325
G1 X-23.438 Y7.402 E508.58575
;WIDTH:3.64381
G1 X-23.486 Y7.272 E509.10428
G1 X-42.275 Y-99.653 E915.32274
;WIDTH:3.73693
G1 X-42.264 Y-99.857 E916.1109
;WIDTH:3.83004
G1 X-42.253 Y-100.062 E916.92675
;WIDTH:3.92316
G1 X-42.241 Y-100.267 E917.76668
;WIDTH:4.01628
G1 X-42.23 Y-100.472 E918.63022
;WIDTH:4.1094
G1 X-42.219 Y-100.677 E919.5176
;WIDTH:4.20252
G1 X-42.217 Y-100.706 E919.64663
G1 X-38.273 Y-101.369 F7800
G92 E0
G1 X144.64 Y8.289
;WIDTH:4.20252
G1 F1800
G1 X144.554 Y8.309 E.39191
;WIDTH:4.1094
G1 X144.354 Y8.355 E1.27898
;WIDTH:4.01628
G1 X144.155 Y8.402 E2.13907
;WIDTH:3.92316
G1 X143.955 Y8.448 E2.97847
;WIDTH:3.83004
G1 X143.755 Y8.495 E3.79493
;WIDTH:3.73692
G1 X143.555 Y8.542 E4.58753
;WIDTH:3.64381
G1 X143.455 Y8.565 E4.97148
G1 X134.36 Y8.565 E39.00283
;WIDTH:3.74323
G1 X134.087 Y8.515 E40.07574
;WIDTH:3.84264
G1 X133.814 Y8.465 E41.18306
;WIDTH:3.94206
G1 X133.541 Y8.416 E42.32407
;WIDTH:4.04148
G1 X133.268 Y8.366 E43.50023
G1 X133.219 Y8.236 E44.08898
;WIDTH:3.94206
G1 X133.123 Y7.975 E45.233
;WIDTH:3.84264
G1 X133.027 Y7.715 E46.33879
;WIDTH:3.74322
G1 X132.931 Y7.455 E47.41021
;WIDTH:3.64381
G1 X132.882 Y7.325 E47.93005
G1 X124.746 Y-38.931 E223.66651
;WIDTH:3.74323
G1 X124.65 Y-39.192 E224.74156
;WIDTH:3.84265
G1 X124.554 Y-39.452 E225.84735
;WIDTH:3.94207
G1 X124.457 Y-39.712 E226.98894
;WIDTH:4.04149
G1 X124.361 Y-39.973 E228.16745
G1 X124.225 Y-39.997 E228.75269
;WIDTH:3.94207
G1 X123.952 Y-40.047 E229.89443
;WIDTH:3.84264
G1 X123.679 Y-40.097 E231.00175
;WIDTH:3.74322
G1 X123.405 Y-40.147 E232.07846
;WIDTH:3.6438
G1 X123.269 Y-40.171 E232.5952
G1 X96.652 Y-40.171 E332.18963
;WIDTH:3.73694
G1 X96.452 Y-40.125 E332.98136
;WIDTH:3.83008
G1 X96.252 Y-40.078 E333.79783
;WIDTH:3.92322
G1 X96.052 Y-40.032 E334.63724
;WIDTH:4.01636
G1 X95.853 Y-39.985 E335.49735
;WIDTH:4.1095
G1 X95.653 Y-39.939 E336.38444
;WIDTH:4.20264
G1 X95.453 Y-39.892 E337.29638
;WIDTH:4.29578
G1 X95.253 Y-39.845 E338.23219
G1 X95.248 Y-39.743 E338.69735
;WIDTH:4.20264
G1 X95.236 Y-39.538 E339.60886
;WIDTH:4.1095
G1 X95.225 Y-39.333 E340.49627
;WIDTH:4.01637
G1 X95.214 Y-39.129 E341.35563
;WIDTH:3.92323
G1 X95.203 Y-38.924 E342.19534
;WIDTH:3.83009
G1 X95.191 Y-38.719 E343.01143
;WIDTH:3.73695
G1 X95.18 Y-38.514 E343.80345
;WIDTH:3.64381
G1 X95.175 Y-38.412 E344.18557
G1 X103.128 Y6.805 E515.97447
;WIDTH:3.73694
G1 X103.117 Y7.01 E516.76648
;WIDTH:3.83008
G1 X103.105 Y7.215 E517.58257
;WIDTH:3.92322
G1 X103.094 Y7.419 E518.4182
;WIDTH:4.01636
G1 X103.083 Y7.624 E519.28176
;WIDTH:4.1095
G1 X103.072 Y7.829 E520.16917
;WIDTH:4.20264
G1 X103.06 Y8.034 E521.08068
;WIDTH:4.29578
G1 X103.049 Y8.239 E522.01579
G1 X102.949 Y8.262 E522.48318
;WIDTH:4.20264
G1 X102.749 Y8.309 E523.39512
;WIDTH:4.1095
G1 X102.55 Y8.355 E524.278
;WIDTH:4.01636
G1 X102.35 Y8.402 E525.14221
;WIDTH:3.92322
G1 X102.15 Y8.448 E525.98162
;WIDTH:3.83008
G1 X101.95 Y8.495 E526.79809
;WIDTH:3.73694
G1 X101.751 Y8.542 E527.58694
;WIDTH:3.64381
G1 X101.651 Y8.565 E527.97089
G1 X92.556 Y8.565 E562.00224
;WIDTH:3.74325
G1 X92.283 Y8.515 E563.07516
;WIDTH:3.8427
G1 X92.01 Y8.465 E564.1825
;WIDTH:3.94215
G1 X91.737 Y8.416 E565.32353
;WIDTH:4.04159
G1 X91.464 Y8.366 E566.49972
G1 X91.416 Y8.236 E567.087
;WIDTH:3.94214
G1 X91.319 Y7.975 E568.23247
;WIDTH:3.8427
G1 X91.223 Y7.715 E569.33828
;WIDTH:3.74325
G1 X91.127 Y7.455 E570.40971
;WIDTH:3.64381
G1 X91.079 Y7.324 E570.93175
G1 X72.289 Y-99.6 E977.14773
;WIDTH:3.73693
G1 X72.301 Y-99.805 E977.93996
;WIDTH:3.83005
G1 X72.312 Y-100.009 E978.75185
;WIDTH:3.92317
G1 X72.323 Y-100.214 E979.59155
;WIDTH:4.01629
G1 X72.334 Y-100.419 E980.45509
;WIDTH:4.1094
G1 X72.346 Y-100.624 E981.34272
;WIDTH:4.20252
G1 X72.357 Y-100.829 E982.25395
;WIDTH:4.29564
G1 X72.368 Y-101.033 E983.18447
;WIDTH:4.29564
G1 X72.468 Y-101.057 E983.65288
;WIDTH:4.20252
G1 X72.668 Y-101.103 E984.56378
;WIDTH:4.1094
G1 X72.868 Y-101.15 E985.45183
;WIDTH:4.01628
G1 X73.067 Y-101.196 E986.31096
;WIDTH:3.92316
G1 X73.267 Y-101.243 E987.15128
;WIDTH:3.83004
G1 X73.467 Y-101.29 E987.96774
;WIDTH:3.73692
G1 X73.667 Y-101.336 E988.75947
;WIDTH:3.64381
G1 X73.767 Y-101.359 E989.14342
G1 X82.861 Y-101.359 E1023.17103
;WIDTH:3.74328
G1 X83.135 Y-101.31 E1024.24707
;WIDTH:3.84275
G1 X83.408 Y-101.26 E1025.35443
;WIDTH:3.94222
G1 X83.681 Y-101.21 E1026.49623
;WIDTH:4.0417
G1 X83.954 Y-101.16 E1027.67246
G1 X84.002 Y-101.03 E1028.25976
;WIDTH:3.94222
G1 X84.098 Y-100.77 E1029.39998
;WIDTH:3.84275
G1 X84.194 Y-100.509 E1030.50955
;WIDTH:3.74328
G1 X84.291 Y-100.249 E1031.58234
;WIDTH:3.64381
G1 X84.339 Y-100.119 E1032.10087
G1 X92.793 Y-51.959 E1215.05977
;WIDTH:3.74328
G1 X92.889 Y-51.698 E1216.13484
;WIDTH:3.84275
G1 X92.986 Y-51.438 E1217.24206
;WIDTH:3.94222
G1 X93.082 Y-51.177 E1218.38614
;WIDTH:4.0417
G1 X93.178 Y-50.917 E1219.56074
G1 X93.315 Y-50.892 E1220.15094
;WIDTH:3.94222
G1 X93.588 Y-50.842 E1221.29274
;WIDTH:3.84275
G1 X93.861 Y-50.793 E1222.39939
;WIDTH:3.74328
G1 X94.134 Y-50.743 E1223.47232
;WIDTH:3.64381
G1 X94.271 Y-50.718 E1223.99341
G1 X121.046 Y-50.718 E1324.17917
;WIDTH:3.73727
G1 X121.247 Y-50.765 E1324.97562
;WIDTH:3.83074
G1 X121.447 Y-50.812 E1325.79226
;WIDTH:3.92421
G1 X121.647 Y-50.858 E1326.63193
;WIDTH:4.01768
G1 X121.847 Y-50.905 E1327.49647
;WIDTH:4.11115
G1 X122.047 Y-50.952 E1328.38496
;WIDTH:4.20462
G1 X122.247 Y-50.999 E1329.2974
;WIDTH:4.29808
G1 X122.447 Y-51.045 E1330.23276
G1 X122.453 Y-51.148 E1330.70301
;WIDTH:4.20461
G1 X122.464 Y-51.353 E1331.61477
;WIDTH:4.11115
G1 X122.474 Y-51.558 E1332.50238
;WIDTH:4.01768
G1 X122.485 Y-51.764 E1333.37048
;WIDTH:3.92421
G1 X122.496 Y-51.969 E1334.21044
;WIDTH:3.83074
G1 X122.507 Y-52.174 E1335.02647
;WIDTH:3.73728
G1 X122.518 Y-52.379 E1335.81857
;WIDTH:3.64381
G1 X122.523 Y-52.482 E1336.20443
G1 X114.105 Y-99.595 E1515.28224
;WIDTH:3.73728
G1 X114.115 Y-99.801 E1516.078
;WIDTH:3.83074
G1 X114.126 Y-100.006 E1516.89403
;WIDTH:3.92421
G1 X114.137 Y-100.211 E1517.73399
;WIDTH:4.01768
G1 X114.148 Y-100.416 E1518.59789
;WIDTH:4.11115
G1 X114.159 Y-100.622 E1519.49004
;WIDTH:4.20461
G1 X114.169 Y-100.827 E1520.40158
;WIDTH:4.29808
G1 X114.18 Y-101.032 E1521.33728
G1 X114.28 Y-101.056 E1521.806
;WIDTH:4.20462
G1 X114.48 Y-101.102 E1522.71744
;WIDTH:4.11115
G1 X114.681 Y-101.149 E1523.61014
;WIDTH:4.01768
G1 X114.881 Y-101.196 E1524.47468
;WIDTH:3.92421
G1 X115.081 Y-101.243 E1525.31527
;WIDTH:3.83074
G1 X115.281 Y-101.289 E1526.13101
;WIDTH:3.73727
G1 X115.481 Y-101.336 E1526.9237
;WIDTH:3.64381
G1 X115.581 Y-101.359 E1527.30765
G1 X124.666 Y-101.359 E1561.30159
;WIDTH:3.74325
G1 X124.939 Y-101.31 E1562.37382
;WIDTH:3.8427
G1 X125.212 Y-101.26 E1563.48116
;WIDTH:3.94214
G1 X125.485 Y-101.21 E1564.62293
;WIDTH:4.04159
G1 X125.758 Y-101.16 E1565.79912
G1 X125.807 Y-101.03 E1566.38788
;WIDTH:3.94214
G1 X125.903 Y-100.77 E1567.52807
;WIDTH:3.84269
G1 X125.999 Y-100.51 E1568.63388
;WIDTH:3.74325
G1 X126.095 Y-100.249 E1569.70894
;WIDTH:3.64381
G1 X126.143 Y-100.119 E1570.22747
G1 X144.933 Y6.805 E1976.44345
;WIDTH:3.73693
G1 X144.921 Y7.01 E1977.23568
;WIDTH:3.83005
G1 X144.91 Y7.215 E1978.05153
;WIDTH:3.92317
G1 X144.899 Y7.42 E1978.89123
;WIDTH:4.01628
G1 X144.888 Y7.624 E1979.75057
;WIDTH:4.1094
G1 X144.876 Y7.829 E1980.6382
;WIDTH:4.20252
G1 X144.875 Y7.858 E1980.767
G1 X140.93 Y8.521 F7800
G92 E0
G1 X214.573 Y8.025
;WIDTH:4.2411
G1 F1800
G1 X214.56 Y8.241 E.97089
G1 X214.346 Y8.291 E1.95691
;WIDTH:4.14155
G1 X214.131 Y8.341 E2.9199
;WIDTH:4.042
G1 X213.917 Y8.391 E3.85135
;WIDTH:3.94245
G1 X213.703 Y8.44 E4.75459
;WIDTH:3.8429
G1 X213.488 Y8.49 E5.63535
;WIDTH:3.74335
G1 X213.274 Y8.54 E6.48494
;WIDTH:3.64381
G1 X213.167 Y8.565 E6.89609
G1 X164.666 Y8.565 E188.37544
;WIDTH:3.74234
G1 X164.395 Y8.516 E189.43975
;WIDTH:3.84088
G1 X164.123 Y8.466 E190.54254
;WIDTH:3.93941
G1 X163.851 Y8.417 E191.67858
;WIDTH:4.03795
G1 X163.579 Y8.368 E192.84859
G1 X163.53 Y8.238 E193.43672
;WIDTH:3.93941
G1 X163.433 Y7.98 E194.56969
;WIDTH:3.84087
G1 X163.336 Y7.721 E195.67252
;WIDTH:3.74234
G1 X163.239 Y7.462 E196.74136
;WIDTH:3.64381
G1 X163.191 Y7.333 E197.25638
G1 X161.847 Y-.055 E225.35428
;WIDTH:3.73765
G1 X161.858 Y-.26 E226.14647
;WIDTH:3.83149
G1 X161.868 Y-.466 E226.96646
;WIDTH:3.92532
G1 X161.878 Y-.672 E227.81059
;WIDTH:4.01916
G1 X161.888 Y-.878 E228.67886
;WIDTH:4.113
G1 X161.899 Y-1.083 E229.56716
;WIDTH:4.20684
G1 X161.909 Y-1.289 E230.4837
;WIDTH:4.30068
G1 X161.919 Y-1.495 E231.42438
G1 X162.02 Y-1.518 E231.89684
;WIDTH:4.20684
G1 X162.22 Y-1.565 E232.80985
;WIDTH:4.113
G1 X162.421 Y-1.612 E233.70303
;WIDTH:4.01916
G1 X162.621 Y-1.659 E234.56795
;WIDTH:3.92532
G1 X162.822 Y-1.706 E235.41281
;WIDTH:3.83148
G1 X163.022 Y-1.753 E236.22964
;WIDTH:3.73764
G1 X163.223 Y-1.8 E237.02618
;WIDTH:3.64381
G1 X163.323 Y-1.823 E237.41013
G1 X179.572 Y-1.823 E298.21007
;WIDTH:3.73702
G1 X179.772 Y-1.87 E299.00269
;WIDTH:3.83023
G1 X179.972 Y-1.916 E299.8183
;WIDTH:3.92344
G1 X180.172 Y-1.963 E300.65869
;WIDTH:4.01665
G1 X180.372 Y-2.01 E301.52297
;WIDTH:4.10986
G1 X180.572 Y-2.056 E302.41015
;WIDTH:4.20307
G1 X180.771 Y-2.103 E303.31788
;WIDTH:4.29628
G1 X180.971 Y-2.149 E304.25278
G1 X180.977 Y-2.252 E304.7228
;WIDTH:4.20307
G1 X180.988 Y-2.457 E305.63417
;WIDTH:4.10986
G1 X180.999 Y-2.662 E306.52167
;WIDTH:4.01664
G1 X181.01 Y-2.867 E307.3853
;WIDTH:3.92343
G1 X181.022 Y-3.072 E308.22529
;WIDTH:3.83022
G1 X181.033 Y-3.276 E309.03722
;WIDTH:3.73701
G1 X181.044 Y-3.481 E309.82925
;WIDTH:3.6438
G1 X181.049 Y-3.584 E310.21511
G1 X164.103 Y-99.599 E675.03298
;WIDTH:3.73701
G1 X164.114 Y-99.804 E675.82501
;WIDTH:3.83022
G1 X164.125 Y-100.008 E676.63694
;WIDTH:3.92343
G1 X164.136 Y-100.213 E677.47671
;WIDTH:4.01664
G1 X164.147 Y-100.418 E678.34034
;WIDTH:4.10986
G1 X164.158 Y-100.623 E679.22784
;WIDTH:4.20307
G1 X164.17 Y-100.828 E680.13946
;WIDTH:4.29628
G1 X164.181 Y-101.033 E681.07469
G1 X164.281 Y-101.056 E681.54214
;WIDTH:4.20307
G1 X164.481 Y-101.103 E682.45419
;WIDTH:4.10986
G1 X164.68 Y-101.15 E683.33815
;WIDTH:4.01665
G1 X164.88 Y-101.196 E684.20148
;WIDTH:3.92344
G1 X165.08 Y-101.243 E685.04187
;WIDTH:3.83023
G1 X165.28 Y-101.289 E685.85748
;WIDTH:3.73702
G1 X165.48 Y-101.336 E686.6501
;WIDTH:3.64381
G1 X165.58 Y-101.359 E687.03405
G1 X174.674 Y-101.359 E721.06166
;WIDTH:3.74313
G1 X174.947 Y-101.31 E722.13385
;WIDTH:3.84246
G1 X175.22 Y-101.26 E723.24111
;WIDTH:3.94179
G1 X175.493 Y-101.21 E724.38276
;WIDTH:4.04112
G1 X175.766 Y-101.161 E725.55803
G1 X175.814 Y-101.031 E726.14523
;WIDTH:3.94179
G1 X175.91 Y-100.77 E727.28916
;WIDTH:3.84246
G1 X176.007 Y-100.51 E728.39628
;WIDTH:3.74313
G1 X176.103 Y-100.25 E729.46767
;WIDTH:3.64381
G1 X176.151 Y-100.12 E729.9862
G1 X193.282 Y-3.062 E1098.76815
;WIDTH:3.74313
G1 X193.379 Y-2.802 E1099.84089
;WIDTH:3.84246
G1 X193.475 Y-2.542 E1100.94662
;WIDTH:3.94179
G1 X193.571 Y-2.282 E1102.08669
;WIDTH:4.04112
G1 X193.668 Y-2.022 E1103.26257
G1 X193.804 Y-1.997 E1103.8485
;WIDTH:3.94179
G1 X194.077 Y-1.947 E1104.99015
;WIDTH:3.84246
G1 X194.35 Y-1.898 E1106.0967
;WIDTH:3.74313
G1 X194.623 Y-1.848 E1107.16958
;WIDTH:3.64381
G1 X194.759 Y-1.823 E1107.68699
G1 X211.911 Y-1.823 E1171.86575
;WIDTH:3.73297
G1 X212.155 Y-1.779 E1172.82104
;WIDTH:3.82214
G1 X212.399 Y-1.734 E1173.80462
;WIDTH:3.91131
G1 X212.643 Y-1.689 E1174.81579
;WIDTH:4.00047
G1 X213.008 Y-1.622 E1176.36944
G1 X213.093 Y-1.39 E1177.40387
;WIDTH:3.9113
G1 X213.178 Y-1.157 E1178.41465
;WIDTH:3.82213
G1 X213.263 Y-.924 E1179.39785
;WIDTH:3.73296
G1 X213.348 Y-.691 E1180.35346
;WIDTH:3.64379
G1 X213.39 Y-.574 E1180.8186
G1 X214.646 Y6.813 E1208.85561
;WIDTH:3.74334
G1 X214.632 Y7.033 E1209.70783
;WIDTH:3.84289
G1 X214.619 Y7.253 E1210.58718
;WIDTH:3.94245
G1 X214.609 Y7.426 E1211.30013
G1 X210.778 Y8.576 F7800
G92 E0
G1 X60.953 Y-131.788
;WIDTH:3.19111
G1 F1800
G1 X60.446 Y-131.526 E1.81317
;WIDTH:3.26997
G1 X58.927 Y-130.739 E7.41678
G1 X58.445 Y-130.008 E10.28482
G1 X57.917 Y-129.306 E13.16202
G1 X57.186 Y-128.498 E16.73099
G1 X56.606 Y-127.933 E19.38318
G1 X56.301 Y-127.678 E20.68537
;WIDTH:3.20086
G1 X55.855 Y-127.314 E22.5214
G1 X55.086 Y-126.757 E25.54974
G1 X54.368 Y-126.321 E28.22878
G1 X53.374 Y-125.8 E31.80801
G1 X53.137 Y-125.696 E32.63345
;WIDTH:3.14773
G1 X52.742 Y-125.531 E33.97035
G1 X51.489 Y-125.085 E38.12402
G1 X50.995 Y-124.954 E39.72012
G1 X49.305 Y-124.617 E45.10196
G1 X47.36 Y-124.481 E51.19109
G1 X45.803 Y-124.55 E56.05843
G1 X44.43 Y-124.752 E60.39252
G1 X43.092 Y-125.084 E64.69786
;WIDTH:3.19869
G1 X41.819 Y-125.538 E69.00464
G1 X40.617 Y-126.105 E73.23968
G1 X39.491 Y-126.78 E77.4231
G1 X38.445 Y-127.557 E81.57527
;WIDTH:3.25308
G1 X37.486 Y-128.429 E85.79358
G1 X36.619 Y-129.391 E90.00821
G1 X35.848 Y-130.436 E94.23455
G1 X35.18 Y-131.56 E98.48978
G1 X34.62 Y-132.757 E102.79057
G1 X34.173 Y-134.023 E107.15996
G1 X33.846 Y-135.352 E111.6141
G1 X33.655 Y-136.659 E115.91283
G1 X33.578 Y-138.217 E120.98943
G1 X33.648 Y-139.62 E125.56108
G1 X33.852 Y-141.006 E130.12032
G1 X34.184 Y-142.334 E134.57522
G1 X34.635 Y-143.599 E138.9459
G1 X35.201 Y-144.797 E143.25795
G1 X35.843 Y-145.868 E147.3217
;WIDTH:3.19482
G1 X36.652 Y-146.967 E151.66371
G1 X37.585 Y-147.984 E156.05499
G1 X38.491 Y-148.8 E159.93452
G1 X39.509 Y-149.552 E163.96147
G1 X40.669 Y-150.248 E168.26571
G1 X41.953 Y-150.842 E172.76709
G1 X43.138 Y-151.261 E176.76624
G1 X44.424 Y-151.579 E180.98124
G1 X45.849 Y-151.791 E185.56516
G1 X47.282 Y-151.859 E190.12977
G1 X48.631 Y-151.798 E194.42636
G1 X49.896 Y-151.629 E198.48706
G1 X51.006 Y-151.385 E202.10315
G1 X51.405 Y-151.277 E203.41836
G1 X52.653 Y-150.845 E207.62038
G1 X53.295 Y-150.565 E209.8489
G1 X53.83 Y-150.304 E211.74291
G1 X54.355 Y-150.013 E213.65278
G1 X54.932 Y-149.66 E215.80498
G1 X55.446 Y-149.304 E217.79437
G1 X55.954 Y-148.918 E219.82438
G1 X56.366 Y-148.568 E221.54443
G1 X57.129 Y-147.84 E224.89988
G1 X57.738 Y-147.159 E227.8067
G1 X58.49 Y-146.153 E231.80301
G1 X58.654 Y-145.896 E232.77303
;WIDTH:3.2498
G1 X59.189 Y-144.976 E236.2322
G1 X59.685 Y-143.91 E240.05376
G1 X60.096 Y-142.742 E244.07834
G1 X60.419 Y-141.424 E248.48906
G1 X60.583 Y-140.295 E252.19721
;WIDTH:3.32077
G1 X60.607 Y-140.037 E253.06236
G1 X60.59 Y-139.925 E253.4406
;WIDTH:3.40936
G1 X60.556 Y-139.702 E254.2187
;WIDTH:3.49795
G1 X60.522 Y-139.479 E255.02172
;WIDTH:3.58654
G1 X60.489 Y-139.256 E255.84912
G1 X59.493 Y-135.382 F7800
G92 E0
G1 X61.991 Y-137.823
;WIDTH:2.34738
G1 F1800
G1 X61.876 Y-137.933 E.33814
;WIDTH:2.44651
G1 X61.76 Y-138.043 E.69758
;WIDTH:2.54565
G1 X61.645 Y-138.153 E1.07507
;WIDTH:2.64478
G1 X61.529 Y-138.264 E1.47576
;WIDTH:2.74391
G1 X61.413 Y-138.374 E1.8945
;WIDTH:2.84304
G1 X61.298 Y-138.484 E2.33102
;WIDTH:2.94218
G1 X61.182 Y-138.594 E2.78929
;WIDTH:3.04131
G1 X61.067 Y-138.705 E3.26723
;WIDTH:3.14044
G1 X60.951 Y-138.815 E3.76503
;WIDTH:3.23958
G1 X60.835 Y-138.925 E4.2826
;WIDTH:3.33871
G1 X60.72 Y-139.035 E4.8175
;WIDTH:3.43784
G1 X60.604 Y-139.145 E5.3746
;WIDTH:3.53697
G1 X60.489 Y-139.256 E5.95135
G1 X60.213 Y-139.185 E6.97973
;WIDTH:3.44475
G1 X60.029 Y-139.138 E7.64317
;WIDTH:3.35023
G1 X59.845 Y-139.09 E8.28507
;WIDTH:3.2557
G1 X59.661 Y-139.043 E8.90373
;WIDTH:3.16118
G1 X59.477 Y-138.996 E9.5
;WIDTH:3.06665
G1 X59.293 Y-138.949 E10.07388
;WIDTH:2.97213
G1 X48.392 Y-138.949 E41.73048
G1 X52.392 Y-138.949 F7800
G92 E0
G1 X30.408 Y-56.739
;WIDTH:4.15629
G1 F1800
G1 X30.595 Y-56.782 E.84062
;WIDTH:4.06311
G1 X30.794 Y-56.829 E1.71265
;WIDTH:3.96993
G1 X30.994 Y-56.875 E2.56402
;WIDTH:3.87675
G1 X31.194 Y-56.922 E3.39245
;WIDTH:3.78357
G1 X31.394 Y-56.969 E4.197
;WIDTH:3.69057
G1 X31.594 Y-57.015 E4.97686
G1 X41.724 Y-57.015 E43.47185
G1 X41.824 Y-57.039 E43.86265
;WIDTH:3.78411
G1 X42.025 Y-57.085 E44.67027
;WIDTH:3.87765
G1 X42.225 Y-57.132 E45.49893
;WIDTH:3.97119
G1 X42.425 Y-57.179 E46.35156
;WIDTH:4.06472
G1 X42.625 Y-57.226 E47.22816
;WIDTH:4.15826
G1 X42.826 Y-57.272 E48.13201
;WIDTH:4.2518
G1 X43.126 Y-57.343 E49.51933
G1 X43.137 Y-57.548 E50.44318
;WIDTH:4.15826
G1 X43.147 Y-57.753 E51.34285
;WIDTH:4.06473
G1 X43.158 Y-57.959 E52.22305
;WIDTH:3.97119
G1 X43.169 Y-58.164 E53.07504
;WIDTH:3.87765
G1 X43.179 Y-58.369 E53.90288
;WIDTH:3.78411
G1 X43.19 Y-58.575 E54.71088
;WIDTH:3.69058
G1 X43.201 Y-58.78 E55.49102
;WIDTH:3.63836
G1 X39.818 Y-77.647 E127.08262
G1 X39.43 Y-79.554 E134.35114
G1 X38.977 Y-81.242 E140.87886
G1 X38.403 Y-82.91 E147.46736
G1 X37.724 Y-84.441 E153.72275
G1 X37.012 Y-85.731 E159.22603
G1 X36.217 Y-86.886 E164.46306
G1 X35.234 Y-88.039 E170.12213
G1 X34.198 Y-89.001 E175.40252
G1 X33.072 Y-89.833 E180.63162
G1 X31.865 Y-90.533 E185.84301
G1 X30.584 Y-91.104 E191.0813
G1 X29.232 Y-91.553 E196.40217
G1 X27.812 Y-91.889 E201.85228
G1 X26.325 Y-92.119 E207.47223
G1 X24.77 Y-92.252 E213.30132
G1 X23.15 Y-92.294 E219.35401
G1 X21.585 Y-92.254 E225.20115
G1 X20.073 Y-92.125 E230.86895
G1 X18.591 Y-91.887 E236.4751
G1 X17.249 Y-91.543 E241.64949
G1 X15.997 Y-91.078 E246.63778
G1 X14.837 Y-90.474 E251.52249
G1 X13.789 Y-89.726 E256.33149
G1 X12.959 Y-88.921 E260.65007
G1 X12.802 Y-88.741 E261.54217
G1 X12.175 Y-87.895 E265.47516
G1 X12.051 Y-87.697 E266.34774
G1 X11.499 Y-86.636 E270.81478
G1 X11.025 Y-85.248 E276.29288
G1 X10.751 Y-83.935 E281.30254
G1 X10.609 Y-82.42 E286.98583
G1 X10.611 Y-80.789 E293.07758
G1 X10.755 Y-79.033 E299.65821
G1 X11.041 Y-77.122 E306.87524
G1 X21.991 Y-15.18 E541.81411
G1 X22.357 Y-13.295 E548.98602
G1 X22.814 Y-11.547 E555.73419
G1 X23.364 Y-9.936 E562.09223
G1 X24.009 Y-8.459 E568.11186
G1 X24.75 Y-7.112 E573.85388
G1 X25.542 Y-5.961 E579.07225
G1 X26.533 Y-4.803 E584.76492
G1 X27.638 Y-3.793 E590.35632
G1 X28.705 Y-3.01 E595.29945
G1 X29.918 Y-2.311 E600.52837
G1 X31.265 Y-1.721 E606.02083
G1 X32.563 Y-1.293 E611.12558
G1 X33.987 Y-.958 E616.58938
G1 X35.527 Y-.724 E622.40726
G1 X37.035 Y-.596 E628.05985
G1 X38.655 Y-.553 E634.11264
G1 X40.263 Y-.595 E640.12053
G1 X41.727 Y-.723 E645.60939
G1 X43.203 Y-.961 E651.19342
G1 X44.538 Y-1.305 E656.34249
G1 X45.705 Y-1.742 E660.99678
G1 X46.934 Y-2.378 E666.16528
G1 X47.973 Y-3.128 E670.95133
G1 X48.793 Y-3.933 E675.24318
G1 X48.949 Y-4.112 E676.13001
G1 X49.636 Y-5.052 E680.4786
G1 X50.193 Y-6.122 E684.98408
G1 X50.277 Y-6.319 E685.78397
G1 X50.689 Y-7.505 E690.47332
G1 X50.97 Y-8.821 E695.49935
;WIDTH:3.69052
G1 X51.139 Y-10.481 E701.84001
G1 X51.15 Y-12.047 E707.79101
G1 X51.027 Y-13.799 E714.46506
G1 X50.766 Y-15.714 E721.8094
G1 X49.122 Y-24.93 E757.38337
G1 X49.127 Y-25.033 E757.77523
;WIDTH:3.78396
G1 X49.138 Y-25.238 E758.57928
;WIDTH:3.8774
G1 X49.149 Y-25.443 E759.40726
;WIDTH:3.97084
G1 X49.16 Y-25.649 E760.26331
;WIDTH:4.06427
G1 X49.171 Y-25.854 E761.13914
;WIDTH:4.15771
G1 X49.182 Y-26.059 E762.03889
;WIDTH:4.25115
G1 X49.198 Y-26.367 E763.42654
G1 X49.398 Y-26.414 E764.35091
;WIDTH:4.15771
G1 X49.598 Y-26.46 E765.25034
;WIDTH:4.06427
G1 X49.798 Y-26.507 E766.12682
;WIDTH:3.97084
G1 X49.998 Y-26.554 E766.97936
;WIDTH:3.8774
G1 X50.198 Y-26.6 E767.80704
;WIDTH:3.78396
G1 X50.399 Y-26.647 E768.61551
;WIDTH:3.69353
G1 X50.599 Y-26.694 E769.39699
G1 X59.684 Y-26.694 E803.9544
G1 X59.821 Y-26.669 E804.48412
;WIDTH:3.79299
G1 X60.094 Y-26.619 E805.57425
;WIDTH:3.89244
G1 X60.367 Y-26.57 E806.69809
;WIDTH:3.99189
G1 X60.777 Y-26.495 E808.43863
G1 X60.873 Y-26.235 E809.59601
;WIDTH:3.89244
G1 X60.969 Y-25.974 E810.72282
;WIDTH:3.79298
G1 X61.065 Y-25.714 E811.81145
;WIDTH:3.69353
G1 X61.162 Y-25.453 E812.87058
;WIDTH:3.64064
G1 X63.472 Y-12.303 E862.77548
G1 X63.839 Y-9.531 E873.22712
G1 X63.929 Y-6.869 E883.18287
G1 X63.736 Y-4.497 E892.07827
G1 X63.309 Y-2.426 E899.98211
G1 X63.256 Y-2.235 E900.72301
G1 X62.604 Y-.377 E908.08306
G1 X61.697 Y1.392 E915.51371
G1 X60.625 Y2.913 E922.46909
G1 X60.49 Y3.076 E923.26018
G1 X59.238 Y4.405 E930.08489
G1 X57.695 Y5.66 E937.51917
G1 X55.952 Y6.755 E945.21315
G1 X54.014 Y7.686 E953.24955
G1 X51.89 Y8.452 E961.68918
G1 X49.592 Y9.052 E970.56663
G1 X47.131 Y9.483 E979.9054
G1 X44.521 Y9.745 E989.71013
G1 X41.724 Y9.835 E1000.17021
G1 X40.486 Y9.834 E1004.79763
G1 X37.177 Y9.747 E1017.17034
G1 X34.055 Y9.487 E1028.8802
G1 X31.141 Y9.053 E1039.89234
G1 X28.434 Y8.447 E1050.26105
G1 X25.93 Y7.67 E1060.06079
G1 X23.626 Y6.722 E1069.37322
G1 X21.516 Y5.605 E1078.29697
G1 X19.593 Y4.317 E1086.94812
G1 X17.851 Y2.854 E1095.45108
G1 X16.229 Y1.14 E1104.2716
G1 X14.886 Y-.621 E1112.54963
G1 X13.652 Y-2.644 E1121.40698
G1 X12.58 Y-4.866 E1130.62846
G1 X11.691 Y-7.237 E1140.0933
G1 X10.924 Y-9.931 E1150.56314
G1 X10.337 Y-12.811 E1161.54938
G1 X-1.618 Y-80.517 E1418.5368
G1 X-1.872 Y-82.048 E1424.33762
G1 X-2.042 Y-83.47 E1429.69064
G1 X-2.16 Y-86.177 E1439.81852
;WIDTH:3.6438
G1 X-1.991 Y-88.616 E1448.96656
G1 X-1.58 Y-90.712 E1456.95865
G1 X-1.527 Y-90.91 E1457.7256
G1 X-.881 Y-92.782 E1465.13552
G1 X-.028 Y-94.442 E1472.1189
G1 X.088 Y-94.633 E1472.95506
G1 X1.153 Y-96.107 E1479.75941
G1 X2.497 Y-97.491 E1486.978
G1 X4.13 Y-98.752 E1494.69802
G1 X5.814 Y-99.753 E1502.0283
G1 X7.71 Y-100.609 E1509.8122
G1 X9.925 Y-101.36 E1518.56362
G1 X12.306 Y-101.928 E1527.72275
G1 X14.737 Y-102.316 E1536.9341
G1 X17.371 Y-102.551 E1546.82905
G1 X20.134 Y-102.629 E1557.17166
G1 X21.441 Y-102.628 E1562.06214
G1 X24.7 Y-102.546 E1574.2604
G1 X27.863 Y-102.305 E1586.1299
G1 X30.82 Y-101.889 E1597.30324
G1 X33.472 Y-101.326 E1607.44754
G1 X35.904 Y-100.606 E1616.93792
G1 X38.26 Y-99.677 E1626.41409
G1 X40.358 Y-98.597 E1635.24338
G1 X42.269 Y-97.343 E1643.79593
G1 X44 Y-95.907 E1652.21153
G1 X45.559 Y-94.28 E1660.64305
G1 X46.907 Y-92.518 E1668.94415
G1 X48.223 Y-90.356 E1678.41465
G1 X49.271 Y-88.168 E1687.4923
G1 X50.195 Y-85.685 E1697.40554
G1 X50.961 Y-82.967 E1707.97181
G1 X51.575 Y-79.982 E1719.37481
G1 X57.086 Y-48.865 E1837.61914
;WIDTH:3.73708
G1 X57.075 Y-48.66 E1838.41119
;WIDTH:3.83036
G1 X57.064 Y-48.455 E1839.22712
;WIDTH:3.92365
G1 X57.053 Y-48.25 E1840.06694
;WIDTH:4.01693
G1 X57.042 Y-48.045 E1840.93064
;WIDTH:4.11021
G1 X57.031 Y-47.84 E1841.81823
;WIDTH:4.20349
G1 X57.02 Y-47.635 E1842.72971
;WIDTH:4.29677
G1 X57.008 Y-47.43 E1843.66533
G1 X56.908 Y-47.407 E1844.13284
;WIDTH:4.20349
G1 X56.709 Y-47.36 E1845.04067
;WIDTH:4.11021
G1 X56.509 Y-47.313 E1845.92892
;WIDTH:4.01693
G1 X56.309 Y-47.267 E1846.79232
;WIDTH:3.92365
G1 X56.109 Y-47.22 E1847.63277
;WIDTH:3.83037
G1 X55.909 Y-47.173 E1848.44931
;WIDTH:3.73709
G1 X55.709 Y-47.127 E1849.24108
;WIDTH:3.64381
G1 X55.609 Y-47.104 E1849.62503
G1 X32.812 Y-47.104 E1934.92605
;WIDTH:3.74318
G1 X32.539 Y-47.153 E1935.99825
;WIDTH:3.84255
G1 X32.266 Y-47.203 E1937.10554
;WIDTH:3.94192
G1 X31.993 Y-47.253 E1938.24723
;WIDTH:4.04129
G1 X31.72 Y-47.302 E1939.42256
G1 X31.672 Y-47.432 E1940.00979
;WIDTH:3.94192
G1 X31.575 Y-47.693 E1941.15519
;WIDTH:3.84255
G1 X31.479 Y-47.953 E1942.26095
;WIDTH:3.74318
G1 X31.383 Y-48.213 E1943.33236
;WIDTH:3.69039
G1 X31.335 Y-48.343 E1943.85894
G1 X30.117 Y-55.255 E1970.52833
G1 X30.122 Y-55.357 E1970.91638
;WIDTH:3.78357
G1 X30.133 Y-55.562 E1971.72033
;WIDTH:3.87675
G1 X30.145 Y-55.767 E1972.54837
;WIDTH:3.96993
G1 X30.156 Y-55.972 E1973.40004
;WIDTH:4.06311
G1 X30.167 Y-56.177 E1974.27557
;WIDTH:4.15629
G1 X30.174 Y-56.309 E1974.85467
G1 X34.119 Y-56.972 F7800
G92 E0
G1 X4.162 Y-123.709
;WIDTH:4.39719
G1 F1800
G1 X4.381 Y-124.372 E3.26873
;WIDTH:4.49009
G1 X4.6 Y-125.036 E6.62292
;WIDTH:4.58097
G1 X4.929 Y-126.031 E11.76919
G1 X5.048 Y-126.11 E12.47061
;WIDTH:4.48402
G1 X5.168 Y-126.19 E13.16139
;WIDTH:4.38707
G1 X5.287 Y-126.269 E13.82826
;WIDTH:4.29012
G1 X5.406 Y-126.349 E14.48039
;WIDTH:4.19317
G1 X5.526 Y-126.428 E15.11641
;WIDTH:4.09622
G1 X5.645 Y-126.508 E15.73386
;WIDTH:3.99928
G1 X5.764 Y-126.587 E16.33165
;WIDTH:3.90233
G1 X5.884 Y-126.667 E16.9178
;WIDTH:3.80538
G1 X6.003 Y-126.746 E17.48104
;WIDTH:3.70843
G1 X6.122 Y-126.826 E18.02913
;WIDTH:3.61148
G1 X6.241 Y-126.906 E18.55988
;WIDTH:3.51453
G1 X6.361 Y-126.985 E19.07429
;WIDTH:3.41758
G1 X6.48 Y-127.065 E19.57037
;WIDTH:3.3212
G1 X6.599 Y-127.144 E20.04736
G1 X22.927 Y-149.166 E111.59639
G1 X22.987 Y-149.205 E111.83536
;WIDTH:3.4193
G1 X23.108 Y-149.285 E112.3375
;WIDTH:3.51739
G1 X23.228 Y-149.365 E112.85441
;WIDTH:3.61548
G1 X23.348 Y-149.445 E113.38896
;WIDTH:3.71358
G1 X23.468 Y-149.525 E113.94116
;WIDTH:3.81167
G1 X23.588 Y-149.604 E114.50882
;WIDTH:3.90976
G1 X23.709 Y-149.684 E115.0997
;WIDTH:4.00785
G1 X23.829 Y-149.764 E115.70483
;WIDTH:4.10595
G1 X23.949 Y-149.844 E116.32761
;WIDTH:4.20404
G1 X24.069 Y-149.924 E116.96803
;WIDTH:4.30213
G1 X24.19 Y-150.003 E117.62739
;WIDTH:4.40023
G1 X24.31 Y-150.083 E118.3031
;WIDTH:4.49832
G1 X24.43 Y-150.163 E118.99646
;WIDTH:4.59641
G1 X24.55 Y-150.243 E119.70746
;WIDTH:4.66972
G1 X24.63 Y-150.289 E120.17084
G1 X22.157 Y-147.145 F7800
G92 E0
G1 X25.394 Y-152.601
;WIDTH:4.47303
G1 F1800
G1 X25.139 Y-151.83 E3.87849
;WIDTH:4.57138
G1 X24.885 Y-151.06 E7.8504
;WIDTH:4.66972
G1 X24.63 Y-150.289 E11.9281
G1 X24.65 Y-150.262 E12.09682
;WIDTH:4.59156
G1 X24.693 Y-150.168 E12.60579
;WIDTH:4.49479
G1 X24.742 Y-150.034 E13.29109
;WIDTH:4.39801
G1 X24.79 Y-149.9 E13.95758
;WIDTH:4.30124
G1 X24.839 Y-149.766 E14.60844
;WIDTH:4.20446
G1 X24.887 Y-149.632 E15.24057
;WIDTH:4.10769
G1 X24.935 Y-149.499 E15.85145
;WIDTH:4.01091
G1 X24.984 Y-149.365 E16.45065
;WIDTH:3.91414
G1 X25.032 Y-149.231 E17.03124
;WIDTH:3.81736
G1 X25.08 Y-149.097 E17.59465
;WIDTH:3.72059
G1 X25.129 Y-148.963 E18.14218
;WIDTH:3.62381
G1 X25.177 Y-148.829 E18.67122
;WIDTH:3.52704
G1 X25.226 Y-148.695 E19.18431
;WIDTH:3.43026
G1 X25.274 Y-148.561 E19.67899
;WIDTH:3.33349
G1 X25.322 Y-148.428 E20.15334
;WIDTH:3.23671
G1 X25.347 Y-148.361 E20.38461
G1 X25.347 Y-123.709 E100.10955
G1 X25.32 Y-127.708 F7800
G92 E0
G1 X4.929 Y-126.031
;WIDTH:4.62944
G1 F1800
G1 X4.904 Y-126.066 E.21382
;WIDTH:4.57924
G1 X4.87 Y-126.113 E.49855
;WIDTH:4.51096
G1 X4.821 Y-126.249 E1.1958
;WIDTH:4.41265
G1 X4.772 Y-126.385 E1.87533
;WIDTH:4.31435
G1 X4.722 Y-126.521 E2.5387
;WIDTH:4.21604
G1 X4.673 Y-126.657 E3.18278
;WIDTH:4.11773
G1 X4.624 Y-126.793 E3.80913
;WIDTH:4.01942
G1 X4.575 Y-126.929 E4.41776
;WIDTH:3.92111
G1 X4.526 Y-127.065 E5.00866
;WIDTH:3.8228
G1 X4.477 Y-127.201 E5.58183
;WIDTH:3.72449
G1 X4.428 Y-127.337 E6.13728
;WIDTH:3.62618
G1 X4.378 Y-127.473 E6.67628
;WIDTH:3.52787
G1 X4.329 Y-127.609 E7.19628
;WIDTH:3.42956
G1 X4.28 Y-127.745 E7.69855
;WIDTH:3.33125
G1 X4.231 Y-127.881 E8.1831
;WIDTH:3.23295
G1 X4.206 Y-127.949 E8.41706
G1 X4.206 Y-152.601 E88.02622
G1 X4.206 Y-148.601 F7800
G92 E0
G1 X-5.583 Y-123.709
;WIDTH:3.18382
G1 F1800
G1 X-5.583 Y-152.601 E91.53131
G1 X-5.583 Y-148.601 F7800
G92 E0
G1 X-22.424 Y-139.766
;WIDTH:3.97258
G1 F1800
G1 X-22.356 Y-139.741 E.3008
;WIDTH:3.87273
G1 X-22.218 Y-139.691 E.89192
;WIDTH:3.77289
G1 X-22.081 Y-139.641 E1.46109
;WIDTH:3.67304
G1 X-21.943 Y-139.591 E2.01565
;WIDTH:3.57319
G1 X-21.806 Y-139.542 E2.54726
;WIDTH:3.47334
G1 X-21.669 Y-139.492 E3.06195
;WIDTH:3.37349
G1 X-21.531 Y-139.442 E3.56167
;WIDTH:3.27364
G1 X-21.394 Y-139.392 E4.04003
;WIDTH:3.17379
G1 X-21.257 Y-139.342 E4.50023
;WIDTH:3.07394
G1 X-21.119 Y-139.292 E4.94512
;WIDTH:2.97409
G1 X-20.982 Y-139.242 E5.369
;WIDTH:2.92315
G1 X-19.662 Y-139.12 E9.13765
;WIDTH:2.97454
G1 X-19.344 Y-139.07 E10.07344
G1 X-18.316 Y-138.768 E13.18814
;WIDTH:3.04369
G1 X-17.956 Y-138.634 E14.33795
G1 X-17.079 Y-138.177 E17.29808
;WIDTH:3.12013
G1 X-16.735 Y-137.965 E18.54612
G1 X-15.984 Y-137.36 E21.5247
;WIDTH:3.19397
G1 X-15.698 Y-137.095 E22.76485
G1 X-15.065 Y-136.333 E25.91573
;WIDTH:3.25636
G1 X-14.86 Y-136.053 E27.04651
G1 X-14.358 Y-135.119 E30.50172
;WIDTH:3.31811
G1 X-14.237 Y-134.86 E31.45525
G1 X-13.844 Y-133.53 E36.08113
G1 X-13.71 Y-132.069 E40.9748
G1 X-13.852 Y-130.608 E45.87098
G1 X-14.251 Y-129.274 E50.51536
G1 X-14.326 Y-129.12 E51.08671
;WIDTH:3.26104
G1 X-14.882 Y-128.079 E54.93922
G1 X-15.728 Y-127.038 E59.31808
;WIDTH:3.19227
G1 X-15.934 Y-126.852 E60.20028
G1 X-16.812 Y-126.147 E63.77941
;WIDTH:3.13306
G1 X-18.001 Y-125.511 E67.96588
G1 X-18.277 Y-125.413 E68.8752
;WIDTH:3.07439
G1 X-19.406 Y-125.082 E72.44189
G1 X-20.868 Y-124.934 E76.89668
;WIDTH:3.12608
G1 X-30.401 Y-124.926 E106.41116
G1 X-30.509 Y-124.95 E106.75369
;WIDTH:3.22233
G1 X-30.726 Y-124.998 E107.46845
;WIDTH:3.31858
G1 X-30.942 Y-125.046 E108.20663
;WIDTH:3.41483
G1 X-31.159 Y-125.094 E108.97475
;WIDTH:3.51228
G1 X-31.483 Y-125.166 E110.16221
G1 X-31.53 Y-125.41 E111.05122
;WIDTH:3.41844
G1 X-31.577 Y-125.654 E111.91115
;WIDTH:3.32459
G1 X-31.624 Y-125.899 E112.74528
;WIDTH:3.23017
G1 X-31.671 Y-126.143 E113.54686
G1 X-31.671 Y-138.102 E152.12485
G1 X-31.648 Y-138.205 E152.4653
;WIDTH:3.32282
G1 X-31.602 Y-138.412 E153.17385
;WIDTH:3.41547
G1 X-31.555 Y-138.619 E153.90766
;WIDTH:3.50813
G1 X-31.509 Y-138.826 E154.66521
;WIDTH:3.60078
G1 X-31.463 Y-139.033 E155.44727
;WIDTH:3.69343
G1 X-31.416 Y-139.24 E156.25467
G1 X-31.353 Y-139.24 E156.4943
;WIDTH:3.59666
G1 X-31.226 Y-139.24 E156.96204
;WIDTH:3.49988
G1 X-31.099 Y-139.24 E157.41445
;WIDTH:3.40311
G1 X-30.972 Y-139.24 E157.85153
;WIDTH:3.30634
G1 X-30.845 Y-139.24 E158.27328
;WIDTH:3.20956
G1 X-30.718 Y-139.24 E158.6797
;WIDTH:3.11279
G1 X-30.591 Y-139.24 E159.07079
;WIDTH:3.01602
G1 X-30.465 Y-139.24 E159.44359
;WIDTH:2.91925
G1 X-24.051 Y-139.24 E177.64687
;WIDTH:3.01227
G1 X-23.863 Y-139.286 E178.21862
;WIDTH:3.1053
G1 X-23.675 Y-139.333 E178.81356
;WIDTH:3.19832
G1 X-23.488 Y-139.379 E179.42713
;WIDTH:3.29135
G1 X-23.3 Y-139.426 E180.06704
;WIDTH:3.38438
G1 X-23.112 Y-139.472 E180.72862
;WIDTH:3.4774
G1 X-22.924 Y-139.519 E181.4135
;WIDTH:3.57644
G1 X-22.824 Y-139.568 E181.82083
;WIDTH:3.67547
G1 X-22.724 Y-139.618 E182.24359
;WIDTH:3.77451
G1 X-22.624 Y-139.667 E182.67843
;WIDTH:3.87355
G1 X-22.524 Y-139.717 E183.12881
;WIDTH:3.92533
G1 X-22.424 Y-139.766 E183.58459
G1 X-22.36 Y-139.928 E184.29751
;WIDTH:3.83083
G1 X-22.296 Y-140.091 E184.9936
;WIDTH:3.73633
G1 X-22.232 Y-140.253 E185.66546
;WIDTH:3.64183
G1 X-22.167 Y-140.415 E186.31817
;WIDTH:3.54733
G1 X-22.103 Y-140.577 E186.94897
;WIDTH:3.45283
G1 X-22.039 Y-140.74 E187.5625
;WIDTH:3.35833
G1 X-21.975 Y-140.902 E188.15224
;WIDTH:3.26383
G1 X-21.911 Y-141.064 E188.72144
;WIDTH:3.20431
G1 X-21.878 Y-141.145 E189.00077
G1 X-13.126 Y-152.601 E235.04162
G1 X-14.595 Y-148.881 F7800
G92 E0
G1 X-31.671 Y-152.601
;WIDTH:3.23013
G1 F1800
G1 X-31.671 Y-140.377 E39.43233
G1 X-31.648 Y-140.274 E39.77277
;WIDTH:3.32279
G1 X-31.602 Y-140.067 E40.48131
;WIDTH:3.41545
G1 X-31.555 Y-139.86 E41.21511
;WIDTH:3.50811
G1 X-31.509 Y-139.653 E41.97266
;WIDTH:3.60077
G1 X-31.463 Y-139.446 E42.75472
;WIDTH:3.69343
G1 X-31.416 Y-139.24 E43.55841
G1 X-31.525 Y-143.238 F7800
G92 E0
G1 X-40.746 Y-123.761
;WIDTH:3.23671
G1 F1800
G1 X-40.746 Y-141.616 E57.7433
G1 X-40.821 Y-142.731 E61.35737
G1 X-40.927 Y-143.614 E64.23351
G1 X-40.952 Y-143.776 E64.76362
G1 X-41.22 Y-144.768 E68.08678
G1 X-41.536 Y-145.723 E71.33995
G1 X-41.977 Y-146.61 E74.5435
G1 X-42.379 Y-147.326 E77.19906
G1 X-42.519 Y-147.54 E78.02608
G1 X-43.056 Y-148.23 E80.8537
G1 X-43.691 Y-148.963 E83.99005
G1 X-44.424 Y-149.598 E87.1264
G1 X-45.195 Y-150.195 E90.27994
G1 X-46.05 Y-150.68 E93.45891
G1 X-46.942 Y-151.122 E96.67838
G1 X-47.902 Y-151.439 E99.94792
G1 X-48.799 Y-151.683 E102.95424
;WIDTH:3.18591
G1 X-49.043 Y-151.729 E103.74151
G1 X-50.015 Y-151.842 E106.84414
G1 X-51.039 Y-151.912 E110.09846
G1 X-52.129 Y-151.839 E113.56221
G1 X-53.183 Y-151.709 E116.9294
G1 X-54.184 Y-151.443 E120.21337
G1 X-55 Y-151.181 E122.93071
G1 X-55.233 Y-151.088 E123.72615
;WIDTH:3.23996
G1 X-56.045 Y-150.688 E126.65717
G1 X-56.775 Y-150.282 E129.36194
G1 X-56.989 Y-150.143 E130.18823
G1 X-57.68 Y-149.611 E133.01204
G1 X-58.417 Y-148.978 E136.15789
G1 X-59.056 Y-148.248 E139.29935
G1 X-59.656 Y-147.481 E142.45258
G1 X-60.143 Y-146.63 E145.62748
G1 X-60.587 Y-145.742 E148.84227
G1 X-60.906 Y-144.785 E152.10872
G1 X-61.176 Y-143.79 E155.44711
G1 X-61.308 Y-142.739 E158.87705
G1 X-61.384 Y-141.616 E162.52171
G1 X-61.384 Y-123.761 E220.33731
G1 X-57.457 Y-124.523 F7800
G92 E0
G1 X-130.597 Y-40.869
;WIDTH:4.23959
G1 F1800
G1 X-130.61 Y-40.653 E.97048
G1 X-130.824 Y-40.603 E1.95609
;WIDTH:4.14029
G1 X-131.038 Y-40.554 E2.9135
;WIDTH:4.04099
G1 X-131.252 Y-40.504 E3.84467
;WIDTH:3.9417
G1 X-131.466 Y-40.454 E4.74863
;WIDTH:3.8424
G1 X-131.68 Y-40.405 E5.62447
;WIDTH:3.7431
G1 X-131.895 Y-40.355 E6.47776
;WIDTH:3.64381
G1 X-132.002 Y-40.33 E6.88891
G1 X-155.866 Y-40.33 E96.18239
;WIDTH:3.74373
G1 X-156.081 Y-40.28 E97.03585
;WIDTH:3.84365
G1 X-156.296 Y-40.23 E97.91682
;WIDTH:3.94357
G1 X-156.511 Y-40.18 E98.8253
;WIDTH:4.0435
G1 X-156.725 Y-40.13 E99.75716
;WIDTH:4.14342
G1 X-156.94 Y-40.08 E100.72066
;WIDTH:4.24334
G1 X-157.262 Y-40.005 E102.20499
G1 X-157.275 Y-39.785 E103.19441
;WIDTH:4.14342
G1 X-157.288 Y-39.565 E104.15637
;WIDTH:4.0435
G1 X-157.3 Y-39.345 E105.09062
;WIDTH:3.94358
G1 X-157.313 Y-39.125 E105.99765
;WIDTH:3.84366
G1 X-157.326 Y-38.905 E106.87721
;WIDTH:3.74375
G1 X-157.338 Y-38.685 E107.72909
;WIDTH:3.64383
G1 X-157.345 Y-38.575 E108.14152
G1 X-151.206 Y-3.068 E242.97256
;WIDTH:3.74367
G1 X-151.11 Y-2.806 E244.05139
;WIDTH:3.84354
G1 X-151.015 Y-2.545 E245.15987
;WIDTH:3.94342
G1 X-150.919 Y-2.284 E246.30436
;WIDTH:4.04329
G1 X-150.823 Y-2.023 E247.48349
G1 X-150.686 Y-1.998 E248.07397
;WIDTH:3.94342
G1 X-150.412 Y-1.948 E249.22023
;WIDTH:3.84355
G1 X-150.139 Y-1.898 E250.32787
;WIDTH:3.74368
G1 X-149.865 Y-1.848 E251.40474
;WIDTH:3.64381
G1 X-149.728 Y-1.823 E251.92583
G1 X-119.718 Y-1.823 E364.2162
;WIDTH:3.73297
G1 X-119.474 Y-1.778 E365.17218
;WIDTH:3.82214
G1 X-119.23 Y-1.734 E366.15504
;WIDTH:3.9113
G1 X-118.986 Y-1.689 E367.16621
;WIDTH:4.00047
G1 X-118.62 Y-1.622 E368.72397
G1 X-118.536 Y-1.39 E369.75697
;WIDTH:3.9113
G1 X-118.451 Y-1.157 E370.76775
;WIDTH:3.82213
G1 X-118.366 Y-.924 E371.75095
;WIDTH:3.73296
G1 X-118.281 Y-.691 E372.70656
;WIDTH:3.64379
G1 X-118.239 Y-.574 E373.1717
G1 X-116.983 Y6.814 E401.21236
;WIDTH:3.74334
G1 X-116.996 Y7.033 E402.06048
;WIDTH:3.84289
G1 X-117.009 Y7.253 E402.93983
;WIDTH:3.94244
G1 X-117.023 Y7.472 E403.84269
;WIDTH:4.042
G1 X-117.036 Y7.692 E404.77677
;WIDTH:4.14155
G1 X-117.049 Y7.912 E405.73821
;WIDTH:4.2411
G1 X-117.069 Y8.241 E407.21707
G1 X-117.283 Y8.291 E408.20309
;WIDTH:4.14155
G1 X-117.497 Y8.341 E409.16183
;WIDTH:4.042
G1 X-117.712 Y8.391 E410.09741
;WIDTH:3.94245
G1 X-117.926 Y8.44 E411.00065
;WIDTH:3.8429
G1 X-118.14 Y8.49 E411.87753
;WIDTH:3.74335
G1 X-118.355 Y8.54 E412.73088
;WIDTH:3.64381
G1 X-118.462 Y8.565 E413.14203
G1 X-159.962 Y8.565 E568.42529
;WIDTH:3.74325
G1 X-160.235 Y8.515 E569.49821
;WIDTH:3.8427
G1 X-160.508 Y8.465 E570.60555
;WIDTH:3.94215
G1 X-160.782 Y8.416 E571.75063
;WIDTH:4.0416
G1 X-161.055 Y8.366 E572.92682
G1 X-161.103 Y8.236 E573.5141
;WIDTH:3.94215
G1 X-161.199 Y7.975 E574.65815
;WIDTH:3.84271
G1 X-161.295 Y7.715 E575.76396
;WIDTH:3.74326
G1 X-161.392 Y7.455 E576.83674
;WIDTH:3.64382
G1 X-161.44 Y7.324 E577.35878
G1 X-180.229 Y-99.6 E983.57506
;WIDTH:3.73693
G1 X-180.218 Y-99.805 E984.36707
;WIDTH:3.83005
G1 X-180.206 Y-100.009 E985.17918
;WIDTH:3.92317
G1 X-180.195 Y-100.214 E986.01888
;WIDTH:4.01628
G1 X-180.184 Y-100.419 E986.88242
;WIDTH:4.1094
G1 X-180.173 Y-100.624 E987.7698
;WIDTH:4.20252
G1 X-180.161 Y-100.829 E988.68128
;WIDTH:4.29564
G1 X-180.15 Y-101.033 E989.6118
;WIDTH:4.29564
G1 X-180.05 Y-101.057 E990.08021
;WIDTH:4.20252
G1 X-179.85 Y-101.103 E990.99111
;WIDTH:4.1094
G1 X-179.651 Y-101.15 E991.87495
;WIDTH:4.01628
G1 X-179.451 Y-101.196 E992.73818
;WIDTH:3.92316
G1 X-179.251 Y-101.243 E993.5785
;WIDTH:3.83004
G1 X-179.051 Y-101.289 E994.39406
;WIDTH:3.73692
G1 X-178.852 Y-101.336 E995.18291
;WIDTH:3.64381
G1 X-178.752 Y-101.359 E995.56686
G1 X-136.78 Y-101.359 E1152.61623
;WIDTH:3.74234
G1 X-136.508 Y-101.31 E1153.68434
;WIDTH:3.84087
G1 X-136.237 Y-101.261 E1154.78249
;WIDTH:3.9394
G1 X-135.965 Y-101.212 E1155.91853
;WIDTH:4.03794
G1 X-135.693 Y-101.162 E1157.08929
G1 X-135.644 Y-101.033 E1157.67346
;WIDTH:3.9394
G1 X-135.547 Y-100.774 E1158.81028
;WIDTH:3.84086
G1 X-135.45 Y-100.516 E1159.90938
;WIDTH:3.74233
G1 X-135.353 Y-100.257 E1160.97822
;WIDTH:3.6438
G1 X-135.304 Y-100.128 E1161.49456
G1 X-133.961 Y-92.74 E1189.59169
;WIDTH:3.73764
G1 X-133.971 Y-92.534 E1190.38754
;WIDTH:3.83148
G1 X-133.982 Y-92.328 E1191.20773
;WIDTH:3.92531
G1 X-133.992 Y-92.123 E1192.04777
;WIDTH:4.01915
G1 X-134.002 Y-91.917 E1192.91603
;WIDTH:4.11299
G1 X-134.013 Y-91.711 E1193.80865
;WIDTH:4.20683
G1 X-134.023 Y-91.506 E1194.72075
;WIDTH:4.30067
G1 X-134.033 Y-91.3 E1195.66143
G1 X-134.133 Y-91.276 E1196.13049
;WIDTH:4.20683
G1 X-134.334 Y-91.229 E1197.04783
;WIDTH:4.113
G1 X-134.535 Y-91.183 E1197.94003
;WIDTH:4.01916
G1 X-134.735 Y-91.136 E1198.80495
;WIDTH:3.92532
G1 X-134.936 Y-91.089 E1199.64981
;WIDTH:3.83148
G1 X-135.136 Y-91.042 E1200.46664
;WIDTH:3.73764
G1 X-135.337 Y-90.995 E1201.26318
;WIDTH:3.64381
G1 X-135.437 Y-90.971 E1201.64798
G1 X-164.757 Y-90.971 E1311.35654
;WIDTH:3.73672
G1 X-164.956 Y-90.925 E1312.14446
;WIDTH:3.82964
G1 X-165.156 Y-90.878 E1312.96082
;WIDTH:3.92256
G1 X-165.355 Y-90.832 E1313.79608
;WIDTH:4.01548
G1 X-165.555 Y-90.786 E1314.65911
;WIDTH:4.1084
G1 X-165.754 Y-90.739 E1315.54269
;WIDTH:4.20131
G1 X-165.954 Y-90.693 E1316.45328
;WIDTH:4.29423
G1 X-166.153 Y-90.646 E1317.38426
G1 X-166.159 Y-90.544 E1317.84947
;WIDTH:4.20131
G1 X-166.171 Y-90.339 E1318.76064
;WIDTH:4.10839
G1 X-166.182 Y-90.135 E1319.64345
;WIDTH:4.01547
G1 X-166.194 Y-89.93 E1320.50702
;WIDTH:3.92255
G1 X-166.205 Y-89.726 E1321.34248
;WIDTH:3.82963
G1 X-166.217 Y-89.521 E1322.15845
;WIDTH:3.73671
G1 X-166.229 Y-89.317 E1322.94677
;WIDTH:3.6438
G1 X-166.234 Y-89.214 E1323.33262
G1 X-159.778 Y-52.12 E1464.21578
;WIDTH:3.7435
G1 X-159.682 Y-51.859 E1465.29093
;WIDTH:3.8432
G1 X-159.586 Y-51.598 E1466.40066
;WIDTH:3.9429
G1 X-159.49 Y-51.337 E1467.54497
;WIDTH:4.0426
G1 X-159.394 Y-51.076 E1468.72386
G1 X-159.258 Y-51.051 E1469.31005
;WIDTH:3.9429
G1 X-158.984 Y-51.001 E1470.45613
;WIDTH:3.8432
G1 X-158.711 Y-50.952 E1471.56294
;WIDTH:3.7435
G1 X-158.437 Y-50.902 E1472.63975
;WIDTH:3.64381
G1 X-158.301 Y-50.877 E1473.15716
G1 X-133.269 Y-50.877 E1566.82103
;WIDTH:3.73324
G1 X-133.025 Y-50.832 E1567.77709
;WIDTH:3.82267
G1 X-132.781 Y-50.787 E1568.76083
;WIDTH:3.91211
G1 X-132.537 Y-50.743 E1569.77152
;WIDTH:4.00154
G1 X-132.17 Y-50.676 E1571.3339
G1 X-132.086 Y-50.442 E1572.37511
;WIDTH:3.9121
G1 X-132.001 Y-50.209 E1573.38614
;WIDTH:3.82267
G1 X-131.917 Y-49.975 E1574.37188
;WIDTH:3.73323
G1 X-131.832 Y-49.742 E1575.32758
;WIDTH:3.64379
G1 X-131.79 Y-49.625 E1575.79272
G1 X-130.522 Y-42.079 E1604.42381
;WIDTH:3.74309
G1 X-130.536 Y-41.859 E1605.27596
;WIDTH:3.84239
G1 X-130.549 Y-41.64 E1606.15119
;WIDTH:3.94169
G1 X-130.56 Y-41.467 E1606.86423
G1 X-134.392 Y-40.32 F7800
G92 E0
G1 X-98.629 Y-63.424
;WIDTH:4.25599
G1 F1800
G1 X-98.64 Y-63.202 E1.00141
G1 X-98.841 Y-63.155 E1.93141
;WIDTH:4.16181
G1 X-99.041 Y-63.108 E2.83289
;WIDTH:4.06763
G1 X-99.242 Y-63.061 E3.71439
;WIDTH:3.97345
G1 X-99.443 Y-63.014 E4.57164
;WIDTH:3.87927
G1 X-99.644 Y-62.967 E5.40464
;WIDTH:3.78509
G1 X-99.845 Y-62.92 E6.2134
;WIDTH:3.69349
G1 X-100.046 Y-62.873 E6.99857
G1 X-108.952 Y-62.873 E40.87466
G1 X-109.089 Y-62.898 E41.40438
;WIDTH:3.79285
G1 X-109.362 Y-62.947 E42.49377
;WIDTH:3.89221
G1 X-109.634 Y-62.997 E43.61427
;WIDTH:3.99157
G1 X-110.044 Y-63.071 E45.35389
G1 X-110.14 Y-63.332 E46.51508
;WIDTH:3.89221
G1 X-110.237 Y-63.592 E47.63942
;WIDTH:3.79285
G1 X-110.333 Y-63.852 E48.728
;WIDTH:3.69349
G1 X-110.429 Y-64.112 E49.78223
;WIDTH:3.6418
G1 X-113.38 Y-80.851 E113.33908
G1 X-113.596 Y-82.324 E118.90593
G1 X-113.78 Y-83.794 E124.44555
G1 X-113.888 Y-86.479 E134.49361
;WIDTH:3.64381
G1 X-113.721 Y-88.907 E143.60009
G1 X-113.32 Y-90.988 E151.52996
G1 X-113.269 Y-91.183 E152.28415
G1 X-112.641 Y-93.034 E159.59793
G1 X-111.815 Y-94.664 E166.43542
G1 X-111.699 Y-94.857 E167.27798
G1 X-110.667 Y-96.299 E173.91304
G1 X-109.434 Y-97.577 E180.55779
G1 X-109.279 Y-97.716 E181.33682
G1 X-107.846 Y-98.832 E188.13299
G1 X-106.125 Y-99.851 E195.61672
G1 X-104.129 Y-100.735 E203.78499
G1 X-102.088 Y-101.407 E211.82524
G1 X-99.792 Y-101.947 E220.65075
G1 X-97.326 Y-102.329 E229.988
G1 X-94.705 Y-102.555 E239.83157
G1 X-91.939 Y-102.629 E250.18501
G1 X-88.483 Y-102.556 E263.11945
G1 X-85.15 Y-102.313 E275.62387
G1 X-82.317 Y-101.927 E286.32225
G1 X-79.66 Y-101.374 E296.47718
G1 X-77.154 Y-100.634 E306.25433
G1 X-74.988 Y-99.777 E314.97033
G1 X-72.955 Y-98.729 E323.52859
G1 X-71.112 Y-97.508 E331.80077
G1 X-69.515 Y-96.162 E339.61572
G1 X-67.953 Y-94.51 E348.12275
G1 X-66.575 Y-92.648 E356.79036
G1 X-65.428 Y-90.705 E365.23289
G1 X-64.416 Y-88.528 E374.21584
G1 X-63.497 Y-86 E384.28067
G1 X-62.75 Y-83.288 E394.80626
G1 X-62.141 Y-80.294 E406.23852
G1 X-59.226 Y-64.747 E465.42551
G1 X-58.971 Y-62.941 E472.25017
G1 X-58.865 Y-61.211 E478.73557
G1 X-58.911 Y-59.615 E484.70991
G1 X-59.1 Y-58.139 E490.27785
G1 X-59.421 Y-56.768 E495.54655
G1 X-59.841 Y-55.563 E500.32141
G1 X-60.478 Y-54.212 E505.91028
G1 X-61.135 Y-53.124 E510.666
G1 X-61.952 Y-52.018 E515.81107
G1 X-62.89 Y-50.949 E521.13255
G1 X-63.967 Y-49.889 E526.78687
G1 X-65.105 Y-48.896 E532.43817
G1 X-66.413 Y-47.889 E538.61482
G1 X-67.74 Y-46.907 E544.79186
G1 X-70.796 Y-44.887 E558.49897
G1 X-84.192 Y-36.838 E616.97592
G1 X-86.306 Y-35.393 E626.55735
G1 X-88.044 Y-33.942 E635.029
G1 X-89.374 Y-32.475 E642.43826
G1 X-89.542 Y-32.259 E643.46217
G1 X-90.012 Y-31.534 E646.69512
G1 X-90.517 Y-30.657 E650.48181
G1 X-90.889 Y-29.717 E654.26449
G1 X-91.207 Y-28.753 E658.06275
G1 X-91.388 Y-27.738 E661.92056
G1 X-91.519 Y-26.713 E665.78707
G1 X-91.504 Y-24.42 E674.36713
G1 X-91.367 Y-23.176 E679.05003
G1 X-91.193 Y-21.874 E683.96513
G1 X-89.437 Y-12.438 E719.87864
G1 X-89.015 Y-10.832 E726.09192
G1 X-88.5 Y-9.339 E732.0014
G1 X-87.891 Y-7.961 E737.63865
G1 X-87.236 Y-6.78 E742.69182
G1 X-86.351 Y-5.499 E748.51768
G1 X-85.5 Y-4.513 E753.39118
G1 X-84.517 Y-3.594 E758.4264
G1 X-83.448 Y-2.793 E763.42466
G1 X-82.301 Y-2.11 E768.41974
G1 X-81.085 Y-1.546 E773.43532
G1 X-79.806 Y-1.098 E778.50614
G1 X-78.466 Y-.759 E783.67807
G1 X-77.069 Y-.524 E788.97876
G1 X-75.616 Y-.386 E794.44002
G1 X-74.11 Y-.342 E800.07753
G1 X-72.614 Y-.386 E805.67764
G1 X-71.197 Y-.524 E811.00481
G1 X-69.862 Y-.764 E816.08015
G1 X-68.608 Y-1.113 E820.95066
G1 X-67.438 Y-1.581 E825.66577
G1 X-66.354 Y-2.18 E830.29991
G1 X-65.373 Y-2.914 E834.88433
G1 X-64.515 Y-3.778 E839.44048
G1 X-63.858 Y-4.674 E843.59783
G1 X-63.741 Y-4.862 E844.42638
G1 X-63.214 Y-5.871 E848.68577
G1 X-62.778 Y-7.087 E853.51939
G1 X-62.472 Y-8.485 E858.87423
G1 X-62.323 Y-9.824 E863.91538
G1 X-62.297 Y-11.336 E869.57377
G1 X-62.4 Y-12.953 E875.63647
G1 X-62.636 Y-14.718 E882.29947
G1 X-64.871 Y-26.502 E927.17854
;WIDTH:3.73857
G1 X-64.862 Y-26.709 E927.97831
;WIDTH:3.83334
G1 X-64.853 Y-26.916 E928.80257
;WIDTH:3.92811
G1 X-64.844 Y-27.122 E929.64723
;WIDTH:4.02288
G1 X-64.835 Y-27.329 E930.52047
;WIDTH:4.11764
G1 X-64.826 Y-27.536 E931.4182
;WIDTH:4.21241
G1 X-64.817 Y-27.743 E932.34042
;WIDTH:4.30718
G1 X-64.808 Y-27.95 E933.28713
G1 X-64.707 Y-27.973 E933.76043
;WIDTH:4.21241
G1 X-64.505 Y-28.021 E934.68456
;WIDTH:4.11765
G1 X-64.304 Y-28.068 E935.57894
;WIDTH:4.02288
G1 X-64.102 Y-28.116 E936.45399
;WIDTH:3.92811
G1 X-63.901 Y-28.163 E937.29957
;WIDTH:3.83334
G1 X-63.699 Y-28.21 E938.12462
;WIDTH:3.73857
G1 X-63.498 Y-28.258 E938.92229
;WIDTH:3.64381
G1 X-63.397 Y-28.281 E939.30988
G1 X-54.573 Y-28.281 E972.32722
;WIDTH:3.73275
G1 X-54.33 Y-28.237 E973.27865
;WIDTH:3.8217
G1 X-54.086 Y-28.192 E974.26209
;WIDTH:3.91065
G1 X-53.843 Y-28.148 E975.26832
;WIDTH:3.9996
G1 X-53.477 Y-28.081 E976.82568
G1 X-53.392 Y-27.849 E977.85985
;WIDTH:3.91065
G1 X-53.307 Y-27.616 E978.87043
;WIDTH:3.8217
G1 X-53.222 Y-27.384 E979.84977
;WIDTH:3.73276
G1 X-53.137 Y-27.151 E980.80532
;WIDTH:3.64041
G1 X-53.095 Y-27.035 E981.26642
G1 X-50.217 Y-10.194 E1045.12272
G1 X-50.067 Y-8.849 E1050.18087
G1 X-49.995 Y-6.274 E1059.80878
G1 X-50.202 Y-4.04 E1068.1942
G1 X-50.672 Y-1.927 E1076.28462
G1 X-50.733 Y-1.729 E1077.05898
G1 X-51.419 Y.069 E1084.25157
G1 X-52.368 Y1.785 E1091.58062
G1 X-53.48 Y3.259 E1098.48163
G1 X-53.617 Y3.414 E1099.2548
G1 X-54.898 Y4.693 E1106.02046
G1 X-56.458 Y5.898 E1113.38788
G1 X-58.198 Y6.942 E1120.97198
G1 X-60.202 Y7.861 E1129.21201
G1 X-62.162 Y8.547 E1136.97331
G1 X-64.332 Y9.104 E1145.34668
G1 X-66.653 Y9.511 E1154.15386
G1 X-69.049 Y9.752 E1163.15418
G1 X-71.842 Y9.83 E1173.59718
G1 X-74.887 Y9.754 E1184.98151
G1 X-77.781 Y9.514 E1195.83506
G1 X-80.518 Y9.111 E1206.17498
G1 X-83.094 Y8.544 E1216.03333
G1 X-85.505 Y7.813 E1225.4496
G1 X-87.752 Y6.916 E1234.49228
G1 X-89.835 Y5.85 E1243.23782
G1 X-91.755 Y4.616 E1251.76821
G1 X-93.514 Y3.206 E1260.19399
G1 X-95.113 Y1.614 E1268.6273
G1 X-96.551 Y-.166 E1277.17984
G1 X-97.794 Y-2.083 E1285.71905
G1 X-98.953 Y-4.322 E1295.14208
G1 X-99.91 Y-6.714 E1304.77123
G1 X-100.68 Y-9.26 E1314.71266
G1 X-101.301 Y-12.095 E1325.55979
G1 X-103.742 Y-26.3 E1379.42963
G1 X-103.953 Y-27.928 E1385.56523
G1 X-104.021 Y-29.455 E1391.2781
G1 X-103.946 Y-30.979 E1396.98099
G1 X-103.744 Y-32.376 E1402.25663
G1 X-103.441 Y-33.644 E1407.12925
G1 X-103.025 Y-34.867 E1411.95745
G1 X-102.416 Y-36.232 E1417.54391
G1 X-101.776 Y-37.378 E1422.44979
G1 X-100.952 Y-38.598 E1427.95219
G1 X-100.093 Y-39.683 E1433.12446
G1 X-99.083 Y-40.79 E1438.72521
G1 X-97.965 Y-41.867 E1444.52725
G1 X-96.741 Y-42.917 E1450.55462
G1 X-95.429 Y-43.932 E1456.75439
G1 X-93.96 Y-44.94 E1463.4131
G1 X-92.454 Y-45.929 E1470.14705
G1 X-79.436 Y-53.941 E1527.27882
G1 X-77.273 Y-55.345 E1536.91686
G1 X-75.439 Y-56.792 E1545.64811
G1 X-75.286 Y-56.932 E1546.42322
G1 X-73.939 Y-58.348 E1553.72765
G1 X-73.765 Y-58.561 E1554.75561
G1 X-73.248 Y-59.316 E1558.17563
G1 X-72.698 Y-60.22 E1562.13056
G1 X-72.289 Y-61.195 E1566.08229
G1 X-71.939 Y-62.196 E1570.04566
G1 X-71.705 Y-63.315 E1574.31843
G1 X-71.583 Y-64.416 E1578.45864
G1 X-71.549 Y-65.513 E1582.56068
G1 X-71.599 Y-66.709 E1587.03467
G1 X-71.757 Y-68.044 E1592.0591
G1 X-71.952 Y-69.398 E1597.17193
G1 X-73.527 Y-78.216 E1630.65108
G1 X-73.85 Y-79.883 E1636.99743
G1 X-74.293 Y-81.557 E1643.46944
G1 X-74.817 Y-83.054 E1649.39739
G1 X-75.437 Y-84.444 E1655.08594
G1 X-76.109 Y-85.65 E1660.24593
G1 X-77.004 Y-86.95 E1666.14487
G1 X-77.868 Y-87.965 E1671.12677
G1 X-78.866 Y-88.915 E1676.27658
G1 X-79.952 Y-89.752 E1681.40118
G1 X-81.12 Y-90.473 E1686.53137
G1 X-82.362 Y-91.077 E1691.6932
G1 X-83.727 Y-91.579 E1697.129
G1 X-85.042 Y-91.934 E1702.2198
G1 X-86.412 Y-92.185 E1707.42545
G1 X-87.964 Y-92.349 E1713.2584
G1 X-89.509 Y-92.4 E1719.03603
G1 X-90.986 Y-92.352 E1724.55928
G1 X-92.422 Y-92.201 E1729.95597
G1 X-93.842 Y-91.927 E1735.36117
G1 X-95.108 Y-91.543 E1740.30576
G1 X-96.283 Y-91.035 E1745.09022
G1 X-97.362 Y-90.392 E1749.78479
G1 X-98.331 Y-89.613 E1754.43168
G1 X-99.096 Y-88.795 E1758.61763
G1 X-99.235 Y-88.623 E1759.44417
G1 X-99.877 Y-87.685 E1763.69249
G1 X-100.47 Y-86.462 E1768.77248
G1 X-100.876 Y-85.233 E1773.61006
G1 X-101.139 Y-83.991 E1778.35501
G1 X-101.284 Y-82.638 E1783.44085
;WIDTH:3.6909
G1 X-101.31 Y-81.002 E1789.65926
G1 X-101.212 Y-79.451 E1795.5656
G1 X-100.985 Y-77.716 E1802.21567
G1 X-98.571 Y-64.645 E1852.73215
G1 X-98.576 Y-64.542 E1853.12406
;WIDTH:3.78508
G1 X-98.586 Y-64.336 E1853.93211
;WIDTH:3.87926
G1 X-98.595 Y-64.13 E1854.7642
;WIDTH:3.97345
G1 X-98.601 Y-64.024 E1855.20511
G1 X-102.427 Y-62.858 F7800
G92 E0
G1 X-66.755 Y-124.926
;WIDTH:3.07796
G1 F1800
G1 X-75.962 Y-124.926 E27.95253
G1 X-76.055 Y-124.95 E28.24413
;WIDTH:3.1766
G1 X-76.24 Y-125 E28.84952
;WIDTH:3.27524
G1 X-76.425 Y-125.049 E29.47764
;WIDTH:3.37389
G1 X-76.611 Y-125.098 E30.1326
;WIDTH:3.47253
G1 X-76.796 Y-125.148 E30.80872
;WIDTH:3.57117
G1 X-76.981 Y-125.197 E31.50748
;WIDTH:3.66982
G1 X-77.166 Y-125.246 E32.22978
;WIDTH:3.76846
G1 X-77.259 Y-125.271 E32.60509
G1 X-77.259 Y-125.429 E33.22085
;WIDTH:3.67178
G1 X-77.259 Y-125.588 E33.82134
;WIDTH:3.5751
G1 X-77.259 Y-125.746 E34.399
;WIDTH:3.47841
G1 X-77.259 Y-125.905 E34.96114
;WIDTH:3.38173
G1 X-77.259 Y-126.063 E35.50069
;WIDTH:3.28505
G1 X-77.259 Y-152.601 E122.92498
G1 X-76.344 Y-148.707 F7800
G92 E0
G1 X-77.259 Y-125.271
;WIDTH:3.76846
G1 F1800
G1 X-77.444 Y-125.222 E.74585
;WIDTH:3.66982
G1 X-77.629 Y-125.172 E1.46913
;WIDTH:3.57117
G1 X-77.814 Y-125.123 E2.16789
;WIDTH:3.47253
G1 X-78 Y-125.074 E2.84651
;WIDTH:3.37389
G1 X-78.185 Y-125.024 E3.49906
;WIDTH:3.27524
G1 X-78.37 Y-124.975 E4.12718
;WIDTH:3.1766
G1 X-78.555 Y-124.926 E4.73175
;WIDTH:3.07796
G1 X-87.816 Y-124.926 E32.84822
G1 X-83.816 Y-124.926 F7800
G92 E0
G1 X-89.707 Y-133.392
;WIDTH:3.27157
G1 F1800
G1 X-90.359 Y-131.811 E5.60505
G1 X-90.505 Y-131.525 E6.65749
;WIDTH:3.20086
G1 X-90.753 Y-131.061 E8.33544
G1 X-91.389 Y-130.034 E12.18806
G1 X-91.849 Y-129.425 E14.62215
G1 X-92.691 Y-128.457 E18.7139
G1 X-93.037 Y-128.119 E20.25655
G1 X-94.241 Y-127.106 E25.27479
G1 X-94.406 Y-126.99 E25.91806
;WIDTH:3.14752
G1 X-94.733 Y-126.768 E27.1523
G1 X-96.017 Y-126.005 E31.81645
G1 X-96.471 Y-125.79 E33.38513
G1 X-97.995 Y-125.18 E38.5113
G1 X-98.192 Y-125.119 E39.1553
G1 X-100.228 Y-124.647 E45.68186
G1 X-101.297 Y-124.54 E49.03678
G1 X-102.468 Y-124.476 E52.699
G1 X-103.925 Y-124.546 E57.25412
G1 X-105.321 Y-124.751 E61.66025
G1 X-106.658 Y-125.083 E65.96218
;WIDTH:3.19818
G1 X-107.93 Y-125.535 E70.26297
G1 X-109.131 Y-126.102 E74.49428
G1 X-110.257 Y-126.776 E78.67523
G1 X-111.302 Y-127.551 E82.82022
;WIDTH:3.24956
G1 X-112.261 Y-128.421 E87.02846
G1 X-113.128 Y-129.381 E91.23257
G1 X-113.899 Y-130.425 E95.45058
G1 X-114.567 Y-131.547 E99.69447
G1 X-115.128 Y-132.742 E103.98494
G1 X-115.576 Y-134.005 E108.34032
G1 X-115.905 Y-135.332 E112.78369
G1 X-116.1 Y-136.659 E117.1428
G1 X-116.176 Y-138.217 E122.21238
G1 X-116.108 Y-139.592 E126.68664
G1 X-115.892 Y-141.038 E131.43834
G1 X-115.578 Y-142.306 E135.68386
G1 X-115.132 Y-143.569 E140.03707
G1 X-114.573 Y-144.763 E144.32184
G1 X-113.841 Y-145.976 E148.92634
;WIDTH:3.19424
G1 X-113.138 Y-146.927 E152.68833
G1 X-112.262 Y-147.896 E156.84363
G1 X-111.295 Y-148.772 E160.99421
G1 X-110.136 Y-149.617 E165.55688
;WIDTH:3.13797
G1 X-109.114 Y-150.222 E169.25149
G1 X-107.951 Y-150.769 E173.24961
G1 X-106.678 Y-151.223 E177.45404
G1 X-105.337 Y-151.557 E181.75315
G1 X-103.934 Y-151.763 E186.16448
G1 X-102.468 Y-151.833 E190.73019
G1 X-101.366 Y-151.773 E194.16343
G1 X-100.427 Y-151.687 E197.09675
G1 X-100.177 Y-151.652 E197.88205
G1 X-98.219 Y-151.193 E204.13824
;WIDTH:3.20069
G1 X-97.997 Y-151.124 E204.87962
G1 X-96.33 Y-150.449 E210.61511
G1 X-96.021 Y-150.297 E211.71331
G1 X-94.605 Y-149.445 E216.98347
G1 X-94.248 Y-149.194 E218.3752
G1 X-93.068 Y-148.202 E223.29142
G1 X-92.7 Y-147.843 E224.93095
G1 X-91.747 Y-146.74 E229.5796
;WIDTH:3.26687
G1 X-91.398 Y-146.269 E231.49746
G1 X-91.083 Y-145.764 E233.4447
;WIDTH:3.21128
G1 X-90.668 Y-145.083 E235.99849
;WIDTH:3.28166
G1 X-90.363 Y-144.496 E238.1749
G1 X-89.704 Y-142.917 E243.80421
G1 X-90.257 Y-138.956 F7800
G92 E0
G1 X-124.509 Y-143.086
;WIDTH:3.87825
G1 F1800
G1 X-124.544 Y-142.875 E.86284
;WIDTH:3.7803
G1 X-124.58 Y-142.664 E1.7002
;WIDTH:3.68235
G1 X-124.616 Y-142.452 E2.51515
;WIDTH:3.5844
G1 X-124.652 Y-142.241 E3.30021
;WIDTH:3.48645
G1 X-124.688 Y-142.03 E4.05912
;WIDTH:3.3885
G1 X-124.724 Y-141.819 E4.79188
;WIDTH:3.33393
G1 X-131.329 Y-126.015 E62.26342
G1 X-131.465 Y-125.808 E63.09445
;WIDTH:3.42357
G1 X-131.601 Y-125.602 E63.95028
;WIDTH:3.5132
G1 X-131.736 Y-125.395 E64.83473
;WIDTH:3.58202
G1 X-131.872 Y-125.188 E65.7424
G1 X-133.142 Y-125.178 E70.39672
G1 X-133.213 Y-125.283 E70.86123
;WIDTH:3.48541
G1 X-133.355 Y-125.495 E71.76558
;WIDTH:3.3888
G1 X-133.496 Y-125.707 E72.63728
;WIDTH:3.29084
G1 X-133.709 Y-126.024 E73.89818
G1 X-140.314 Y-141.828 E130.44895
;WIDTH:3.3893
G1 X-140.35 Y-142.038 E131.17855
;WIDTH:3.48776
G1 X-140.385 Y-142.248 E131.93372
;WIDTH:3.58622
G1 X-140.42 Y-142.458 E132.71504
;WIDTH:3.68468
G1 X-140.455 Y-142.668 E133.5225
;WIDTH:3.78315
G1 X-140.49 Y-142.878 E134.35611
;WIDTH:3.88161
G1 X-140.525 Y-143.089 E135.21985
G1 X-140.483 Y-143.107 E135.40438
;WIDTH:3.78642
G1 X-140.4 Y-143.145 E135.76219
;WIDTH:3.69123
G1 X-140.317 Y-143.183 E136.10916
;WIDTH:3.59605
G1 X-140.234 Y-143.221 E136.44529
;WIDTH:3.50086
G1 X-140.15 Y-143.259 E136.77383
;WIDTH:3.40515
G1 X-139.939 Y-143.307 E137.5191
;WIDTH:3.30892
G1 X-139.727 Y-143.355 E138.24164
;WIDTH:3.21269
G1 X-139.515 Y-143.403 E138.93809
;WIDTH:3.11647
G1 X-139.304 Y-143.451 E139.60545
;WIDTH:3.02036
G1 X-139.092 Y-143.499 E140.24976
G1 X-125.969 Y-143.499 E179.14859
G1 X-125.857 Y-143.475 E179.48811
;WIDTH:3.11684
G1 X-125.633 Y-143.427 E180.19472
;WIDTH:3.21331
G1 X-125.41 Y-143.379 E180.92576
;WIDTH:3.30978
G1 X-125.187 Y-143.331 E181.68425
;WIDTH:3.40626
G1 X-124.963 Y-143.282 E182.47429
;WIDTH:3.50098
G1 X-124.881 Y-143.247 E182.79201
;WIDTH:3.5957
G1 X-124.798 Y-143.211 E183.1251
;WIDTH:3.69042
G1 X-124.715 Y-143.175 E183.46888
;WIDTH:3.78514
G1 X-124.633 Y-143.14 E183.8182
;WIDTH:3.88027
G1 X-124.509 Y-143.086 E184.36415
G1 X-124.389 Y-143.249 E185.18121
;WIDTH:3.78637
G1 X-124.269 Y-143.412 E185.97456
;WIDTH:3.69246
G1 X-124.15 Y-143.575 E186.74196
;WIDTH:3.59856
G1 X-124.03 Y-143.738 E187.4879
;WIDTH:3.50466
G1 X-123.91 Y-143.901 E188.21013
;WIDTH:3.41076
G1 X-123.791 Y-144.064 E188.90662
;WIDTH:3.32503
G1 X-123.731 Y-144.146 E189.24641
G1 X-120.175 Y-152.601 E219.92038
G1 X-121.727 Y-148.915 F7800
G92 E0
G1 X-140.525 Y-143.089
;WIDTH:3.88161
G1 F1800
G1 X-140.641 Y-143.242 E.77538
;WIDTH:3.78699
G1 X-140.757 Y-143.396 E1.53123
;WIDTH:3.69237
G1 X-140.873 Y-143.55 E2.26432
;WIDTH:3.59775
G1 X-140.989 Y-143.704 E2.97466
;WIDTH:3.50314
G1 X-141.105 Y-143.857 E3.6594
;WIDTH:3.40852
G1 X-141.221 Y-144.011 E4.32423
;WIDTH:3.3139
G1 X-141.338 Y-144.165 E4.96832
;WIDTH:3.2198
G1 X-144.886 Y-152.601 E34.37211
G1 X-143.335 Y-148.914 F7800
G92 E0
G1 X-146.13 Y-124.926
;WIDTH:3.07796
G1 F1800
G1 X-161.158 Y-124.926 E45.62513
;WIDTH:3.1742
G1 X-161.375 Y-124.974 E46.32655
;WIDTH:3.27045
G1 X-161.591 Y-125.022 E47.05145
;WIDTH:3.3667
G1 X-161.808 Y-125.07 E47.80623
;WIDTH:3.46294
G1 X-162.024 Y-125.118 E48.58425
;WIDTH:3.55919
G1 X-162.24 Y-125.166 E49.38883
G1 X-162.264 Y-125.288 E49.84095
;WIDTH:3.46534
G1 X-162.311 Y-125.532 E50.71541
;WIDTH:3.3715
G1 X-162.358 Y-125.776 E51.56079
;WIDTH:3.27765
G1 X-162.405 Y-126.021 E52.38031
;WIDTH:3.1838
G1 X-162.428 Y-126.143 E52.77362
G1 X-162.428 Y-137.096 E87.47301
;WIDTH:3.28099
G1 X-162.38 Y-137.299 E88.15914
;WIDTH:3.37819
G1 X-162.331 Y-137.502 E88.87135
;WIDTH:3.47539
G1 X-162.282 Y-137.705 E89.60888
;WIDTH:3.57259
G1 X-162.234 Y-137.908 E90.37087
;WIDTH:3.66978
G1 X-162.185 Y-138.111 E91.15903
;WIDTH:3.76698
G1 X-162.137 Y-138.314 E91.9716
G1 X-159.466 Y-135.336 F7800
G92 E0
G1 X-147.929 Y-138.313
;WIDTH:3.07797
G1 F1800
G1 X-161.228 Y-138.313 E40.37601
;WIDTH:3.1764
G1 X-161.368 Y-138.313 E40.81824
;WIDTH:3.27483
G1 X-161.508 Y-138.313 E41.27766
;WIDTH:3.37326
G1 X-161.647 Y-138.314 E41.75087
;WIDTH:3.47169
G1 X-161.787 Y-138.314 E42.24466
;WIDTH:3.57012
G1 X-161.927 Y-138.314 E42.75564
;WIDTH:3.66855
G1 X-162.067 Y-138.314 E43.28381
;WIDTH:3.76698
G1 X-162.137 Y-138.314 E43.55649
G1 X-162.185 Y-138.516 E44.36527
;WIDTH:3.66979
G1 X-162.234 Y-138.719 E45.15343
;WIDTH:3.57259
G1 X-162.282 Y-138.922 E45.91543
;WIDTH:3.47539
G1 X-162.331 Y-139.125 E46.65296
;WIDTH:3.3782
G1 X-162.38 Y-139.328 E47.36517
;WIDTH:3.281
G1 X-162.428 Y-139.531 E48.0513
;WIDTH:3.18381
G1 X-162.428 Y-152.601 E89.45742
G1 X-160.06 Y-149.378 F7800
G92 E0
G1 X-171.503 Y-123.761
;WIDTH:3.23673
G1 F1800
G1 X-171.503 Y-141.616 E57.74383
G1 X-171.578 Y-142.731 E61.35794
G1 X-171.684 Y-143.614 E64.2341
G1 X-171.709 Y-143.776 E64.76422
G1 X-171.977 Y-144.768 E68.08741
G1 X-172.293 Y-145.723 E71.34061
G1 X-172.734 Y-146.61 E74.54419
G1 X-173.136 Y-147.326 E77.19977
G1 X-173.276 Y-147.54 E78.0268
G1 X-173.813 Y-148.23 E80.85445
G1 X-174.448 Y-148.963 E83.99083
G1 X-175.181 Y-149.598 E87.12721
G1 X-175.952 Y-150.195 E90.28077
G1 X-176.807 Y-150.68 E93.45977
G1 X-177.699 Y-151.122 E96.67927
G1 X-178.659 Y-151.439 E99.94884
G1 X-179.557 Y-151.683 E102.95831
;WIDTH:3.18592
G1 X-179.8 Y-151.729 E103.74246
G1 X-180.772 Y-151.842 E106.8451
G1 X-181.796 Y-151.912 E110.09943
G1 X-182.886 Y-151.839 E113.56319
G1 X-183.94 Y-151.71 E116.93
G1 X-184.941 Y-151.443 E120.21479
G1 X-185.757 Y-151.181 E122.93214
G1 X-185.99 Y-151.088 E123.72758
;WIDTH:3.23991
G1 X-186.802 Y-150.688 E126.65854
G1 X-187.532 Y-150.282 E129.36326
G1 X-187.746 Y-150.143 E130.18953
G1 X-188.437 Y-149.611 E133.01329
G1 X-189.174 Y-148.978 E136.15909
G1 X-189.813 Y-148.248 E139.30049
G1 X-190.413 Y-147.48 E142.45621
G1 X-190.9 Y-146.63 E145.62825
G1 X-191.344 Y-145.742 E148.84299
G1 X-191.663 Y-144.785 E152.10938
G1 X-191.933 Y-143.79 E155.4477
G1 X-192.065 Y-142.739 E158.87758
G1 X-192.141 Y-141.616 E162.52218
G1 X-192.141 Y-123.761 E220.33672
G1 X-188.214 Y-124.523 F7800
G92 E0
G1 X-201.243 Y-123.709
;WIDTH:3.23673
G1 F1800
G1 X-201.243 Y-148.361 E79.72562
G1 X-201.267 Y-148.428 E79.95578
;WIDTH:3.33351
G1 X-201.315 Y-148.561 E80.43013
;WIDTH:3.43029
G1 X-201.364 Y-148.695 E80.926
;WIDTH:3.52706
G1 X-201.412 Y-148.829 E81.43787
;WIDTH:3.62384
G1 X-201.46 Y-148.963 E81.96692
;WIDTH:3.72061
G1 X-201.509 Y-149.097 E82.51446
;WIDTH:3.81739
G1 X-201.557 Y-149.231 E83.07787
;WIDTH:3.91417
G1 X-201.605 Y-149.365 E83.65846
;WIDTH:4.01094
G1 X-201.654 Y-149.499 E84.25766
;WIDTH:4.10772
G1 X-201.702 Y-149.632 E84.86855
;WIDTH:4.20449
G1 X-201.751 Y-149.766 E85.5022
;WIDTH:4.30127
G1 X-201.799 Y-149.9 E86.15151
;WIDTH:4.39805
G1 X-201.847 Y-150.034 E86.81801
;WIDTH:4.49482
G1 X-201.896 Y-150.168 E87.50332
;WIDTH:4.5916
G1 X-201.94 Y-150.262 E88.01436
;WIDTH:4.66972
G1 X-201.959 Y-150.289 E88.18014
G1 X-201.704 Y-151.06 E92.25785
;WIDTH:4.57138
G1 X-201.45 Y-151.83 E96.22976
;WIDTH:4.47303
G1 X-201.195 Y-152.601 E100.10825
G1 X-201.203 Y-148.601 F7800
G1 X-201.959 Y-150.289
;WIDTH:4.66972
G1 F1800
G1 X-202.039 Y-150.243 E100.57163
;WIDTH:4.59639
G1 X-202.159 Y-150.163 E101.28263
;WIDTH:4.49829
G1 X-202.279 Y-150.083 E101.97598
;WIDTH:4.4002
G1 X-202.4 Y-150.003 E102.65559
;WIDTH:4.30211
G1 X-202.52 Y-149.924 E103.31113
;WIDTH:4.20402
G1 X-202.64 Y-149.844 E103.95155
;WIDTH:4.10592
G1 X-202.76 Y-149.764 E104.57432
;WIDTH:4.00783
G1 X-202.88 Y-149.684 E105.17945
;WIDTH:3.90974
G1 X-203.001 Y-149.604 E105.77033
;WIDTH:3.81165
G1 X-203.121 Y-149.525 E106.33798
;WIDTH:3.71356
G1 X-203.241 Y-149.445 E106.89017
;WIDTH:3.61546
G1 X-203.361 Y-149.365 E107.42472
;WIDTH:3.51737
G1 X-203.482 Y-149.285 E107.94461
;WIDTH:3.41928
G1 X-203.602 Y-149.205 E108.44387
;WIDTH:3.32119
G1 X-203.662 Y-149.165 E108.68468
G1 X-219.99 Y-127.144 E200.23037
G1 X-220.109 Y-127.065 E200.70735
;WIDTH:3.41758
G1 X-220.228 Y-126.985 E201.20343
;WIDTH:3.51453
G1 X-220.348 Y-126.906 E201.71784
;WIDTH:3.61148
G1 X-220.467 Y-126.826 E202.24859
;WIDTH:3.70843
G1 X-220.586 Y-126.746 E202.79668
;WIDTH:3.80538
G1 X-220.706 Y-126.667 E203.36321
;WIDTH:3.90233
G1 X-220.825 Y-126.587 E203.94598
;WIDTH:3.99928
G1 X-220.944 Y-126.508 E204.54377
;WIDTH:4.09623
G1 X-221.063 Y-126.428 E205.16122
;WIDTH:4.19319
G1 X-221.183 Y-126.349 E205.79724
;WIDTH:4.29014
G1 X-221.302 Y-126.269 E206.44937
;WIDTH:4.38709
G1 X-221.421 Y-126.19 E207.11624
;WIDTH:4.48404
G1 X-221.541 Y-126.11 E207.80703
;WIDTH:4.58099
G1 X-221.66 Y-126.031 E208.50845
G1 X-221.989 Y-125.036 E213.65474
;WIDTH:4.49012
G1 X-222.208 Y-124.372 E217.00895
;WIDTH:4.39722
G1 X-222.427 Y-123.709 E220.27771
G1 X-220.054 Y-126.929 F7800
G1 X-221.66 Y-126.031
;WIDTH:4.62946
G1 F1800
G1 X-221.685 Y-126.066 E220.49153
;WIDTH:4.57928
G1 X-221.719 Y-126.113 E220.77627
;WIDTH:4.51101
G1 X-221.768 Y-126.249 E221.47353
;WIDTH:4.4127
G1 X-221.817 Y-126.385 E222.15306
;WIDTH:4.31439
G1 X-221.867 Y-126.521 E222.81643
;WIDTH:4.21608
G1 X-221.916 Y-126.657 E223.46051
;WIDTH:4.11777
G1 X-221.965 Y-126.793 E224.08687
;WIDTH:4.01946
G1 X-222.014 Y-126.929 E224.6955
;WIDTH:3.92115
G1 X-222.063 Y-127.065 E225.28641
;WIDTH:3.82284
G1 X-222.112 Y-127.201 E225.85959
;WIDTH:3.72453
G1 X-222.162 Y-127.337 E226.41636
;WIDTH:3.62621
G1 X-222.211 Y-127.473 E226.95409
;WIDTH:3.5279
G1 X-222.26 Y-127.609 E227.47409
;WIDTH:3.42959
G1 X-222.309 Y-127.745 E227.97637
;WIDTH:3.33128
G1 X-222.358 Y-127.881 E228.46092
;WIDTH:3.23297
G1 X-222.383 Y-127.949 E228.69489
G1 X-222.383 Y-152.601 E308.30488
G1 X-222.383 Y-148.601 F7800
G92 E0
G1 X-233.651 Y-143.108
;WIDTH:3.85186
G1 F1800
G1 X-233.683 Y-142.911 E.79858
;WIDTH:3.75834
G1 X-233.715 Y-142.714 E1.57388
;WIDTH:3.66483
G1 X-233.747 Y-142.517 E2.3259
;WIDTH:3.57132
G1 X-233.78 Y-142.321 E3.05164
;WIDTH:3.47781
G1 X-233.812 Y-142.124 E3.75711
;WIDTH:3.3843
G1 X-233.844 Y-141.927 E4.4393
;WIDTH:3.29219
G1 X-233.86 Y-141.828 E4.77056
G1 X-240.466 Y-126.024 E61.35157
G1 X-240.607 Y-125.813 E62.18984
;WIDTH:3.3888
G1 X-240.749 Y-125.601 E63.06344
;WIDTH:3.48541
G1 X-240.891 Y-125.389 E63.96779
;WIDTH:3.55804
G1 X-241.032 Y-125.178 E64.89021
G1 X-242.303 Y-125.188 E69.51018
G1 X-242.438 Y-125.395 E70.40845
;WIDTH:3.46841
G1 X-242.574 Y-125.602 E71.28103
;WIDTH:3.37878
G1 X-242.71 Y-125.808 E72.12307
;WIDTH:3.29194
G1 X-242.846 Y-126.015 E72.94113
G1 X-246.148 Y-133.917 E101.22763
;WIDTH:3.3872
G1 X-249.451 Y-141.819 E130.53303
G1 X-249.469 Y-141.923 E130.89418
;WIDTH:3.48254
G1 X-249.505 Y-142.131 E131.64158
;WIDTH:3.57788
G1 X-249.541 Y-142.339 E132.41408
;WIDTH:3.67323
G1 X-249.577 Y-142.547 E133.21168
;WIDTH:3.76857
G1 X-249.613 Y-142.755 E134.03439
;WIDTH:3.86612
G1 X-249.667 Y-143.067 E135.30698
G1 X-249.589 Y-143.104 E135.65395
;WIDTH:3.77521
G1 X-249.511 Y-143.142 E135.99282
;WIDTH:3.68429
G1 X-249.434 Y-143.179 E136.31679
;WIDTH:3.59338
G1 X-249.356 Y-143.216 E136.63439
;WIDTH:3.50246
G1 X-249.216 Y-143.258 E137.15554
;WIDTH:3.40604
G1 X-249.014 Y-143.306 E137.87085
;WIDTH:3.30961
G1 X-248.812 Y-143.355 E138.56197
;WIDTH:3.21319
G1 X-248.61 Y-143.403 E139.22734
;WIDTH:3.11676
G1 X-248.408 Y-143.451 E139.86774
;WIDTH:3.02083
G1 X-248.206 Y-143.499 E140.4833
G1 X-235.083 Y-143.499 E179.38983
G1 X-234.964 Y-143.475 E179.74974
;WIDTH:3.11825
G1 X-234.726 Y-143.426 E180.49968
;WIDTH:3.21566
G1 X-234.487 Y-143.378 E181.28164
;WIDTH:3.31308
G1 X-234.249 Y-143.329 E182.09062
;WIDTH:3.41059
G1 X-234.087 Y-143.287 E182.66815
;WIDTH:3.50819
G1 X-233.999 Y-143.251 E183.00783
;WIDTH:3.6058
G1 X-233.912 Y-143.215 E183.35567
;WIDTH:3.7034
G1 X-233.825 Y-143.18 E183.71353
;WIDTH:3.80101
G1 X-233.738 Y-143.144 E184.08429
;WIDTH:3.89861
G1 X-233.651 Y-143.108 E184.46652
G1 X-233.588 Y-143.195 E184.90258
;WIDTH:3.80165
G1 X-233.463 Y-143.368 E185.74322
;WIDTH:3.70469
G1 X-233.337 Y-143.541 E186.56029
;WIDTH:3.60773
G1 X-233.212 Y-143.714 E187.34931
;WIDTH:3.51077
G1 X-233.086 Y-143.887 E188.11461
;WIDTH:3.41381
G1 X-232.961 Y-144.059 E188.8492
;WIDTH:3.32502
G1 X-232.898 Y-144.146 E189.20841
G1 X-229.342 Y-152.601 E219.88222
G1 X-230.888 Y-148.912 F7800
G92 E0
G1 X-249.667 Y-143.067
;WIDTH:3.91158
G1 F1800
G1 X-249.786 Y-143.224 E.80293
;WIDTH:3.81269
G1 X-249.906 Y-143.381 E1.58396
;WIDTH:3.71379
G1 X-250.026 Y-143.538 E2.34061
;WIDTH:3.61489
G1 X-250.146 Y-143.695 E3.07289
;WIDTH:3.516
G1 X-250.265 Y-143.851 E3.77577
;WIDTH:3.4171
G1 X-250.385 Y-144.008 E4.4593
;WIDTH:3.31821
G1 X-250.505 Y-144.165 E5.11845
;WIDTH:3.21982
G1 X-254.053 Y-152.601 E34.52256
G1 X-252.502 Y-148.914 F7800
G92 E0
G1 X-260.853 Y-152.601
;WIDTH:3.18379
G1 F1800
G1 X-260.853 Y-127.44 E79.71024
G1 X-260.878 Y-127.37 E79.94572
;WIDTH:3.28344
G1 X-260.928 Y-127.231 E80.43206
;WIDTH:3.38309
G1 X-260.978 Y-127.091 E80.93997
;WIDTH:3.48274
G1 X-261.028 Y-126.952 E81.46303
;WIDTH:3.58239
G1 X-261.077 Y-126.812 E82.00667
;WIDTH:3.68203
G1 X-261.127 Y-126.673 E82.56644
;WIDTH:3.78168
G1 X-261.177 Y-126.533 E83.14826
;WIDTH:3.88133
G1 X-261.227 Y-126.394 E83.74475
;WIDTH:3.98098
G1 X-261.277 Y-126.254 E84.36352
;WIDTH:4.08063
G1 X-261.327 Y-126.115 E84.99673
;WIDTH:4.18028
G1 X-261.376 Y-125.975 E85.65098
;WIDTH:4.27993
G1 X-261.426 Y-125.836 E86.32091
;WIDTH:4.37958
G1 X-261.476 Y-125.696 E87.01359
;WIDTH:4.47923
G1 X-261.501 Y-125.626 E87.36917
G1 X-261.67 Y-125.601 E88.18642
;WIDTH:4.42892
G1 X-261.826 Y-125.582 E88.92834
G1 X-261.884 Y-125.629 E89.28078
;WIDTH:4.34306
G1 X-261.999 Y-125.722 E89.96317
;WIDTH:4.24622
G1 X-262.115 Y-125.815 E90.6312
;WIDTH:4.14938
G1 X-262.23 Y-125.908 E91.27786
;WIDTH:4.05255
G1 X-262.346 Y-126.001 E91.90997
;WIDTH:3.95571
G1 X-262.461 Y-126.094 E92.52091
;WIDTH:3.85887
G1 X-262.576 Y-126.187 E93.11398
;WIDTH:3.76204
G1 X-262.692 Y-126.28 E93.69222
;WIDTH:3.6652
G1 X-262.807 Y-126.373 E94.24957
;WIDTH:3.56836
G1 X-262.922 Y-126.466 E94.78906
;WIDTH:3.47153
G1 X-263.038 Y-126.559 E95.31343
;WIDTH:3.37469
G1 X-263.153 Y-126.652 E95.81719
;WIDTH:3.27786
G1 X-263.269 Y-126.745 E96.30564
;WIDTH:3.18102
G1 X-273.494 Y-143.055 E157.22357
G1 X-273.562 Y-143.116 E157.51265
;WIDTH:3.25593
G1 X-273.698 Y-143.24 E158.11226
;WIDTH:3.35542
G1 X-273.834 Y-143.363 E158.73244
;WIDTH:3.45492
G1 X-273.971 Y-143.487 E159.38032
;WIDTH:3.55441
G1 X-274.107 Y-143.61 E160.04601
;WIDTH:3.6539
G1 X-274.243 Y-143.734 E160.73697
;WIDTH:3.75339
G1 X-274.379 Y-143.857 E161.44817
;WIDTH:3.85288
G1 X-274.516 Y-143.98 E162.18509
;WIDTH:3.95237
G1 X-274.584 Y-144.042 E162.56483
G1 X-274.584 Y-144.386 E163.98439
;WIDTH:3.85483
G1 X-274.584 Y-144.73 E165.3621
;WIDTH:3.75728
G1 X-274.585 Y-145.074 E166.69796
;WIDTH:3.65973
G1 X-274.585 Y-145.418 E167.99196
;WIDTH:3.56219
G1 X-274.585 Y-145.762 E169.24411
;WIDTH:3.46464
G1 X-274.586 Y-145.934 E169.84927
G1 X-270.659 Y-146.696 F7800
G92 E0
G1 X-274.584 Y-144.042
;WIDTH:3.95237
G1 F1800
G1 X-274.716 Y-143.92 E.74174
;WIDTH:3.85782
G1 X-274.848 Y-143.798 E1.46228
;WIDTH:3.76327
G1 X-274.98 Y-143.676 E2.16162
;WIDTH:3.66872
G1 X-275.112 Y-143.554 E2.83977
;WIDTH:3.57417
G1 X-275.244 Y-143.432 E3.49672
;WIDTH:3.47962
G1 X-275.376 Y-143.309 E4.13488
;WIDTH:3.38507
G1 X-275.508 Y-143.187 E4.74944
;WIDTH:3.29052
G1 X-275.64 Y-143.065 E5.3428
;WIDTH:3.19597
G1 X-285.847 Y-126.748 E66.60816
G1 X-285.905 Y-126.701 E66.84579
;WIDTH:3.27815
G1 X-286.02 Y-126.608 E67.33174
;WIDTH:3.37502
G1 X-286.136 Y-126.515 E67.83821
;WIDTH:3.4719
G1 X-286.251 Y-126.422 E68.3599
;WIDTH:3.56877
G1 X-286.367 Y-126.328 E68.90459
;WIDTH:3.66564
G1 X-286.482 Y-126.235 E69.46202
;WIDTH:3.76252
G1 X-286.598 Y-126.142 E70.04035
;WIDTH:3.85939
G1 X-286.714 Y-126.049 E70.63664
;WIDTH:3.95627
G1 X-286.829 Y-125.956 E71.24768
;WIDTH:4.05314
G1 X-286.945 Y-125.862 E71.88257
;WIDTH:4.15001
G1 X-287.06 Y-125.769 E72.52935
;WIDTH:4.24689
G1 X-287.176 Y-125.676 E73.1975
;WIDTH:4.34376
G1 X-287.291 Y-125.583 E73.88002
;WIDTH:4.42906
G1 X-287.519 Y-125.612 E74.96512
;WIDTH:4.47973
G1 X-287.616 Y-125.626 E75.43401
G1 X-287.666 Y-125.766 E76.14526
;WIDTH:4.38004
G1 X-287.716 Y-125.906 E76.83803
;WIDTH:4.28035
G1 X-287.766 Y-126.045 E77.50804
;WIDTH:4.18067
G1 X-287.815 Y-126.185 E78.16237
;WIDTH:4.08098
G1 X-287.865 Y-126.324 E78.79565
;WIDTH:3.98129
G1 X-287.915 Y-126.464 E79.41448
;WIDTH:3.8816
G1 X-287.965 Y-126.603 E80.01102
;WIDTH:3.78191
G1 X-288.015 Y-126.743 E80.59288
;WIDTH:3.68222
G1 X-288.065 Y-126.883 E81.15626
;WIDTH:3.58253
G1 X-288.115 Y-127.022 E81.6977
;WIDTH:3.48284
G1 X-288.164 Y-127.162 E82.22293
;WIDTH:3.38315
G1 X-288.214 Y-127.301 E82.72764
;WIDTH:3.28346
G1 X-288.264 Y-127.441 E83.21708
;WIDTH:3.18377
G1 X-288.264 Y-152.601 E162.92366
G1 X-285.49 Y-149.719 F7800
G92 E0
G1 X-309.537 Y-102.629
;WIDTH:3.63975
G1 F1800
G1 X-309.514 Y-102.629 E.08594
G1 X-308.13 Y-102.626 E5.25755
G1 X-305.124 Y-102.549 E16.49376
G1 X-301.863 Y-102.298 E28.71519
G1 X-298.826 Y-101.856 E40.18311
G1 X-296.208 Y-101.284 E50.19657
G1 X-293.765 Y-100.542 E59.73711
G1 X-291.354 Y-99.564 E69.45929
G1 X-289.321 Y-98.499 E78.03526
G1 X-287.408 Y-97.229 E86.61542
G1 X-285.674 Y-95.779 E95.06174
G1 X-284.168 Y-94.202 E103.20995
G1 X-282.717 Y-92.313 E112.11062
G1 X-281.478 Y-90.285 E120.99101
G1 X-280.387 Y-88.017 E130.39541
G1 X-279.42 Y-85.404 E140.80658
G1 X-278.708 Y-82.91 E150.49825
G1 X-278.11 Y-80.053 E161.40536
G1 X-266.146 Y-12.304 E418.48028
G1 X-265.77 Y-9.405 E429.40371
G1 X-265.691 Y-6.772 E439.24687
G1 X-265.883 Y-4.37 E448.25106
G1 X-266.333 Y-2.192 E456.56149
G1 X-267.02 Y-.226 E464.34346
G1 X-267.927 Y1.542 E471.76857
G1 X-269.051 Y3.124 E479.02018
G1 X-270.388 Y4.531 E486.27287
G1 X-271.932 Y5.769 E493.66794
G1 X-273.677 Y6.844 E501.32649
G1 X-275.709 Y7.789 E509.70041
G1 X-277.748 Y8.503 E517.77317
G1 X-280.01 Y9.075 E526.49165
G1 X-282.521 Y9.498 E536.00671
G1 X-285.139 Y9.752 E545.83533
G1 X-287.848 Y9.833 E555.96258
G1 X-289.164 Y9.835 E560.88009
G1 X-292.446 Y9.754 E573.14768
G1 X-295.617 Y9.505 E585.03324
G1 X-298.459 Y9.102 E595.75919
G1 X-301.227 Y8.51 E606.33629
G1 X-303.721 Y7.761 E616.06682
G1 X-306.014 Y6.842 E625.29762
G1 X-308.113 Y5.754 E634.13201
G1 X-310.024 Y4.49 E642.69356
G1 X-311.758 Y3.048 E651.12073
G1 X-313.318 Y1.417 E659.55423
G1 X-314.714 Y-.41 E668.146
G1 X-315.951 Y-2.442 E677.03526
G1 X-317.003 Y-4.627 E686.097
G1 X-317.947 Y-7.138 E696.12102
G1 X-318.721 Y-9.856 E706.68116
G1 X-319.323 Y-12.754 E717.7413
G1 X-331.285 Y-80.497 E974.79284
G1 X-331.685 Y-83.401 E985.74668
G1 X-331.786 Y-86.031 E995.58145
G1 X-331.596 Y-88.467 E1004.7117
G1 X-331.161 Y-90.606 E1012.86811
G1 X-330.482 Y-92.57 E1020.63321
G1 X-329.625 Y-94.239 E1027.6439
G1 X-329.513 Y-94.424 E1028.452
G1 X-328.446 Y-95.917 E1035.30917
G1 X-327.102 Y-97.321 E1042.5718
G1 X-325.551 Y-98.559 E1049.98729
G1 X-325.414 Y-98.648 E1050.59776
G1 X-323.797 Y-99.637 E1057.68057
G1 X-321.845 Y-100.549 E1065.73145
G1 X-319.656 Y-101.31 E1074.39129
G1 X-317.393 Y-101.88 E1083.11156
G1 X-314.917 Y-102.296 E1092.49331
G1 X-312.293 Y-102.546 E1102.34282
G1 X-310.136 Y-102.611 E1110.40655
G1 X-306.137 Y-102.566 F7800
G92 E0
G1 X-316.605 Y-88.919
;WIDTH:3.64275
G1 F1800
G1 X-315.776 Y-89.726 E4.32744
G1 X-314.64 Y-90.522 E9.51591
G1 X-313.568 Y-91.078 E14.03291
G1 X-312.316 Y-91.543 E19.02852
G1 X-310.974 Y-91.887 E24.2105
G1 X-309.544 Y-92.12 E29.62988
G1 X-308.023 Y-92.25 E35.33985
G1 X-306.415 Y-92.294 E41.35675
G1 X-304.837 Y-92.252 E47.26127
G1 X-303.237 Y-92.119 E53.26663
G1 X-301.752 Y-91.889 E58.88743
G1 X-300.332 Y-91.553 E64.34554
G1 X-298.98 Y-91.104 E69.67421
G1 X-297.764 Y-90.563 E74.65243
G1 X-296.491 Y-89.832 E80.14324
G1 X-295.365 Y-89 E85.38
G1 X-294.394 Y-88.099 E90.33471
G1 X-293.391 Y-86.947 E96.04807
G1 X-292.516 Y-85.666 E101.8507
G1 X-291.809 Y-84.382 E107.33337
G1 X-291.183 Y-82.958 E113.15173
G1 X-290.588 Y-81.242 E119.94524
G1 X-290.133 Y-79.549 E126.50253
G1 X-289.746 Y-77.642 E133.78097
G1 X-278.798 Y-15.713 E369.01515
G1 X-278.538 Y-13.799 E376.24012
G1 X-278.415 Y-11.984 E383.04461
G1 X-278.427 Y-10.419 E388.89859
G1 X-278.57 Y-8.982 E394.30017
G1 X-278.876 Y-7.505 E399.94213
G1 X-279.326 Y-6.216 E405.04894
G1 X-279.929 Y-5.052 E409.95236
G1 X-280.616 Y-4.112 E414.30733
G1 X-280.772 Y-3.933 E415.19546
G1 X-281.592 Y-3.128 E419.4936
G1 X-282.541 Y-2.44 E423.87798
G1 X-282.721 Y-2.329 E424.66899
G1 X-283.782 Y-1.772 E429.15125
G1 X-285.027 Y-1.305 E434.12494
G1 X-286.362 Y-.961 E439.28156
G1 X-287.786 Y-.728 E444.67879
G1 X-289.302 Y-.595 E450.37109
G1 X-290.91 Y-.553 E456.38779
G1 X-292.489 Y-.594 E462.29595
G1 X-294.04 Y-.724 E468.11773
G1 X-295.581 Y-.958 E473.94784
G1 X-297.007 Y-1.293 E479.42693
G1 X-298.367 Y-1.74 E484.78167
G1 X-299.657 Y-2.309 E490.05539
G1 X-300.873 Y-3.008 E495.30171
G1 X-302.008 Y-3.839 E500.56338
G1 X-303.051 Y-4.799 E505.86566
G1 X-303.995 Y-5.889 E511.25922
G1 X-304.836 Y-7.109 E516.80176
G1 X-305.613 Y-8.535 E522.87605
G1 X-306.22 Y-9.934 E528.58027
G1 X-306.765 Y-11.546 E534.94516
G1 X-307.216 Y-13.295 E541.70121
G1 X-307.58 Y-15.214 E549.00712
G1 X-318.524 Y-77.122 E784.16135
G1 X-318.81 Y-79.033 E791.38896
G1 X-318.95 Y-80.731 E797.7618
G1 X-318.956 Y-82.42 E804.07946
G1 X-318.814 Y-83.935 E809.77108
G1 X-318.54 Y-85.248 E814.78809
G1 X-318.066 Y-86.636 E820.27422
G1 X-317.514 Y-87.697 E824.74781
G1 X-317.39 Y-87.895 E825.62167
G1 X-316.977 Y-88.45 E828.20933
G1 X-313.77 Y-90.841 F7800
G92 E0
G1 X-335.911 Y-1.517
;WIDTH:4.00047
G1 F1800
G1 X-335.864 Y-1.39 E.56694
;WIDTH:3.9113
G1 X-335.78 Y-1.157 E1.57633
;WIDTH:3.82213
G1 X-335.695 Y-.924 E2.55953
;WIDTH:3.73296
G1 X-335.61 Y-.691 E3.51514
;WIDTH:3.64379
G1 X-335.568 Y-.574 E3.98028
G1 X-334.312 Y6.813 E32.01729
;WIDTH:3.74335
G1 X-334.325 Y7.033 E32.86928
;WIDTH:3.8429
G1 X-334.338 Y7.253 E33.74863
;WIDTH:3.94245
G1 X-334.351 Y7.472 E34.65124
;WIDTH:4.042
G1 X-334.365 Y7.692 E35.58558
;WIDTH:4.14155
G1 X-334.378 Y7.912 E36.54702
;WIDTH:4.24111
G1 X-334.397 Y8.241 E38.02562
G1 X-334.612 Y8.291 E39.01601
;WIDTH:4.14156
G1 X-334.826 Y8.341 E39.97475
;WIDTH:4.04201
G1 X-335.04 Y8.391 E40.9062
;WIDTH:3.94246
G1 X-335.255 Y8.44 E41.81345
;WIDTH:3.84291
G1 X-335.469 Y8.49 E42.69033
;WIDTH:3.74336
G1 X-335.683 Y8.54 E43.53992
;WIDTH:3.64381
G1 X-335.791 Y8.565 E43.95472
G1 X-376.656 Y8.565 E196.86205
;WIDTH:3.74325
G1 X-376.929 Y8.515 E197.93497
;WIDTH:3.84269
G1 X-377.202 Y8.465 E199.04231
;WIDTH:3.94213
G1 X-377.475 Y8.416 E200.18334
;WIDTH:4.04157
G1 X-377.748 Y8.366 E201.35953
G1 X-377.797 Y8.236 E201.94829
;WIDTH:3.94212
G1 X-377.893 Y7.975 E203.09233
;WIDTH:3.84267
G1 X-377.989 Y7.715 E204.19813
;WIDTH:3.74322
G1 X-378.085 Y7.455 E205.26955
;WIDTH:3.64381
G1 X-378.133 Y7.324 E205.79159
G1 X-396.923 Y-99.6 E612.00752
;WIDTH:3.73693
G1 X-396.912 Y-99.805 E612.79953
;WIDTH:3.83005
G1 X-396.9 Y-100.009 E613.61164
;WIDTH:3.92317
G1 X-396.889 Y-100.214 E614.45134
;WIDTH:4.01628
G1 X-396.878 Y-100.419 E615.31488
;WIDTH:4.1094
G1 X-396.866 Y-100.624 E616.20251
;WIDTH:4.20252
G1 X-396.855 Y-100.829 E617.11374
;WIDTH:4.29564
G1 X-396.844 Y-101.033 E618.04426
;WIDTH:4.29564
G1 X-396.744 Y-101.057 E618.51267
;WIDTH:4.20252
G1 X-396.544 Y-101.103 E619.42357
;WIDTH:4.1094
G1 X-396.344 Y-101.15 E620.31162
;WIDTH:4.01628
G1 X-396.145 Y-101.196 E621.17075
;WIDTH:3.92316
G1 X-395.945 Y-101.243 E622.01107
;WIDTH:3.83004
G1 X-395.745 Y-101.289 E622.82663
;WIDTH:3.73692
G1 X-395.545 Y-101.336 E623.61923
;WIDTH:3.64381
G1 X-395.445 Y-101.359 E624.00318
G1 X-386.35 Y-101.359 E658.03453
;WIDTH:3.74325
G1 X-386.077 Y-101.31 E659.10676
;WIDTH:3.8427
G1 X-385.804 Y-101.26 E660.2141
;WIDTH:3.94215
G1 X-385.531 Y-101.21 E661.35587
;WIDTH:4.0416
G1 X-385.258 Y-101.16 E662.53206
G1 X-385.21 Y-101.03 E663.11934
;WIDTH:3.94215
G1 X-385.114 Y-100.77 E664.25953
;WIDTH:3.84271
G1 X-385.017 Y-100.509 E665.37047
;WIDTH:3.74326
G1 X-384.921 Y-100.249 E666.44191
;WIDTH:3.64381
G1 X-384.873 Y-100.119 E666.96044
G1 X-376.578 Y-52.911 E846.3083
;WIDTH:3.74326
G1 X-376.481 Y-52.651 E847.38108
;WIDTH:3.84271
G1 X-376.385 Y-52.39 E848.49064
;WIDTH:3.94215
G1 X-376.289 Y-52.13 E849.63083
;WIDTH:4.0416
G1 X-376.193 Y-51.869 E850.80937
G1 X-376.056 Y-51.845 E851.39881
;WIDTH:3.94215
G1 X-375.783 Y-51.795 E852.54058
;WIDTH:3.8427
G1 X-375.51 Y-51.745 E853.64792
;WIDTH:3.74325
G1 X-375.237 Y-51.695 E854.72084
;WIDTH:3.64381
G1 X-375.1 Y-51.671 E855.24127
G1 X-350.704 Y-51.671 E946.52537
;WIDTH:3.73324
G1 X-350.46 Y-51.626 E947.48143
;WIDTH:3.82267
G1 X-350.215 Y-51.581 E948.46907
;WIDTH:3.91211
G1 X-349.971 Y-51.536 E949.48049
;WIDTH:4.00154
G1 X-349.605 Y-51.469 E951.03875
G1 X-349.52 Y-51.236 E952.07745
;WIDTH:3.91211
G1 X-349.436 Y-51.003 E953.08709
;WIDTH:3.82267
G1 X-349.351 Y-50.769 E954.07418
;WIDTH:3.73323
G1 X-349.267 Y-50.536 E955.02856
;WIDTH:3.6438
G1 X-349.225 Y-50.419 E955.4937
G1 X-347.957 Y-42.872 E984.12854
;WIDTH:3.74309
G1 X-347.97 Y-42.653 E984.9766
;WIDTH:3.84239
G1 X-347.984 Y-42.434 E985.85207
;WIDTH:3.94169
G1 X-347.997 Y-42.214 E986.75858
;WIDTH:4.04099
G1 X-348.011 Y-41.995 E987.68841
;WIDTH:4.14029
G1 X-348.024 Y-41.776 E988.64515
;WIDTH:4.23959
G1 X-348.045 Y-41.447 E990.12367
G1 X-348.259 Y-41.397 E991.10928
;WIDTH:4.14029
G1 X-348.473 Y-41.347 E992.06767
;WIDTH:4.04099
G1 X-348.687 Y-41.298 E992.99789
;WIDTH:3.94169
G1 X-348.901 Y-41.248 E993.90185
;WIDTH:3.8424
G1 X-349.115 Y-41.198 E994.77859
;WIDTH:3.7431
G1 X-349.329 Y-41.149 E995.62724
;WIDTH:3.6438
G1 X-349.436 Y-41.124 E996.03839
G1 X-372.666 Y-41.124 E1082.95948
;WIDTH:3.7438
G1 X-372.881 Y-41.074 E1083.81296
;WIDTH:3.84379
G1 X-373.096 Y-41.024 E1084.69397
;WIDTH:3.94379
G1 X-373.311 Y-40.974 E1085.60251
;WIDTH:4.04379
G1 X-373.525 Y-40.924 E1086.53445
;WIDTH:4.14378
G1 X-373.74 Y-40.874 E1087.49805
;WIDTH:4.24378
G1 X-374.062 Y-40.799 E1088.98256
G1 X-374.075 Y-40.579 E1089.9721
;WIDTH:4.14378
G1 X-374.088 Y-40.358 E1090.93851
;WIDTH:4.04379
G1 X-374.1 Y-40.138 E1091.87284
;WIDTH:3.94379
G1 X-374.113 Y-39.918 E1092.77992
;WIDTH:3.8438
G1 X-374.125 Y-39.698 E1093.65929
;WIDTH:3.7438
G1 X-374.138 Y-39.478 E1094.5114
;WIDTH:3.64381
G1 X-374.144 Y-39.368 E1094.92361
G1 X-367.847 Y-3.067 E1232.78205
;WIDTH:3.74358
G1 X-367.751 Y-2.806 E1233.85723
;WIDTH:3.84337
G1 X-367.655 Y-2.545 E1234.96702
;WIDTH:3.94315
G1 X-367.559 Y-2.284 E1236.11142
;WIDTH:4.04294
G1 X-367.463 Y-2.023 E1237.29043
G1 X-367.326 Y-1.998 E1237.88084
;WIDTH:3.94316
G1 X-367.053 Y-1.948 E1239.02296
;WIDTH:3.84337
G1 X-366.779 Y-1.898 E1240.13446
;WIDTH:3.74359
G1 X-366.506 Y-1.848 E1241.20749
;WIDTH:3.64381
G1 X-366.369 Y-1.823 E1241.72858
G1 X-337.046 Y-1.823 E1351.44836
;WIDTH:3.73297
G1 X-336.803 Y-1.778 E1352.40055
;WIDTH:3.82214
G1 X-336.559 Y-1.734 E1353.38341
;WIDTH:3.9113
G1 X-336.429 Y-1.71 E1353.92217
G1 X-335.164 Y2.084 F7800
G92 E0
G1 X-210.705 Y8.586
;WIDTH:3.64381
G1 F1800
G1 X-211.059 Y8.565 E1.32691
G1 X-236.744 Y8.565 E97.43415
;WIDTH:3.74325
G1 X-237.017 Y8.515 E98.50707
;WIDTH:3.8427
G1 X-237.291 Y8.465 E99.61834
;WIDTH:3.94214
G1 X-237.564 Y8.416 E100.75937
;WIDTH:4.04159
G1 X-237.837 Y8.366 E101.93556
G1 X-237.885 Y8.236 E102.52284
;WIDTH:3.94214
G1 X-237.981 Y7.975 E103.66689
;WIDTH:3.84269
G1 X-238.077 Y7.715 E104.7727
;WIDTH:3.74325
G1 X-238.174 Y7.455 E105.84548
;WIDTH:3.64381
G1 X-238.222 Y7.324 E106.36752
G1 X-257.011 Y-99.6 E512.58285
;WIDTH:3.73693
G1 X-257 Y-99.805 E513.37486
;WIDTH:3.83005
G1 X-256.989 Y-100.009 E514.18675
;WIDTH:3.92317
G1 X-256.977 Y-100.214 E515.02668
;WIDTH:4.01629
G1 X-256.966 Y-100.419 E515.89022
;WIDTH:4.1094
G1 X-256.955 Y-100.624 E516.7776
;WIDTH:4.20252
G1 X-256.943 Y-100.829 E517.68908
;WIDTH:4.29564
G1 X-256.932 Y-101.033 E518.6196
G1 X-256.832 Y-101.057 E519.08801
;WIDTH:4.20252
G1 X-256.633 Y-101.103 E519.99459
;WIDTH:4.1094
G1 X-256.433 Y-101.15 E520.88264
;WIDTH:4.01628
G1 X-256.233 Y-101.196 E521.74587
;WIDTH:3.92316
G1 X-256.033 Y-101.243 E522.58619
;WIDTH:3.83004
G1 X-255.833 Y-101.29 E523.40265
;WIDTH:3.73692
G1 X-255.634 Y-101.336 E524.19062
;WIDTH:3.64381
G1 X-255.534 Y-101.359 E524.57457
G1 X-246.444 Y-101.359 E558.58722
;WIDTH:3.74356
G1 X-246.17 Y-101.309 E559.66405
;WIDTH:3.84331
G1 X-245.897 Y-101.26 E560.77089
;WIDTH:3.94306
G1 X-245.623 Y-101.21 E561.91702
;WIDTH:4.04281
G1 X-245.35 Y-101.16 E563.09363
G1 X-245.302 Y-101.029 E563.6851
;WIDTH:3.94306
G1 X-245.206 Y-100.768 E564.82947
;WIDTH:3.84332
G1 X-245.11 Y-100.507 E565.93924
;WIDTH:3.74357
G1 X-245.014 Y-100.247 E567.01078
;WIDTH:3.6438
G1 X-244.966 Y-100.116 E567.53282
G1 X-237.354 Y-56.301 E733.93352
;WIDTH:3.74355
G1 X-237.258 Y-56.04 E735.00868
;WIDTH:3.8433
G1 X-237.162 Y-55.779 E736.11844
;WIDTH:3.94304
G1 X-237.067 Y-55.518 E737.26139
;WIDTH:4.04279
G1 X-236.971 Y-55.257 E738.44035
G1 X-236.834 Y-55.232 E739.03074
;WIDTH:3.94304
G1 X-236.56 Y-55.182 E740.17687
;WIDTH:3.8433
G1 X-236.287 Y-55.132 E741.28442
;WIDTH:3.74355
G1 X-236.013 Y-55.082 E742.36124
;WIDTH:3.68883
G1 X-235.877 Y-55.057 E742.88641
G1 X-222.33 Y-55.057 E794.33685
G1 X-222.207 Y-55.08 E794.81209
;WIDTH:3.77888
G1 X-221.962 Y-55.125 E795.78612
;WIDTH:3.86893
G1 X-221.717 Y-55.17 E796.78813
;WIDTH:3.95897
G1 X-221.472 Y-55.215 E797.81812
;WIDTH:4.04902
G1 X-221.227 Y-55.26 E798.87608
G1 X-221.185 Y-55.377 E799.40405
;WIDTH:3.95897
G1 X-221.101 Y-55.612 E800.43595
;WIDTH:3.86892
G1 X-221.017 Y-55.846 E801.43603
;WIDTH:3.77887
G1 X-220.933 Y-56.081 E802.41187
;WIDTH:3.68881
G1 X-220.849 Y-56.315 E803.3561
G1 X-213.694 Y-100.101 E971.85619
G1 X-213.652 Y-100.219 E972.33188
;WIDTH:3.77886
G1 X-213.568 Y-100.453 E973.30404
;WIDTH:3.86891
G1 X-213.484 Y-100.688 E974.30791
;WIDTH:3.95896
G1 X-213.4 Y-100.922 E975.33592
;WIDTH:4.04901
G1 X-213.316 Y-101.157 E976.39585
G1 X-213.193 Y-101.179 E976.92654
;WIDTH:3.95897
G1 X-212.948 Y-101.224 E977.95652
;WIDTH:3.86892
G1 X-212.703 Y-101.269 E978.95853
;WIDTH:3.77887
G1 X-212.458 Y-101.314 E979.93256
;WIDTH:3.69044
G1 X-212.213 Y-101.359 E980.87912
G1 X-203.153 Y-101.359 E1015.30653
G1 X-203.054 Y-101.336 E1015.69274
;WIDTH:3.78372
G1 X-202.854 Y-101.289 E1016.49733
;WIDTH:3.87699
G1 X-202.654 Y-101.243 E1017.32491
;WIDTH:3.97027
G1 X-202.454 Y-101.196 E1018.1773
;WIDTH:4.06354
G1 X-202.254 Y-101.149 E1019.0536
;WIDTH:4.15682
G1 X-202.054 Y-101.103 E1019.9528
;WIDTH:4.2501
G1 X-201.754 Y-101.033 E1021.33844
G1 X-201.743 Y-100.828 E1022.26185
;WIDTH:4.15682
G1 X-201.732 Y-100.623 E1023.16138
;WIDTH:4.06355
G1 X-201.721 Y-100.418 E1024.03702
;WIDTH:3.97027
G1 X-201.71 Y-100.213 E1024.88878
;WIDTH:3.877
G1 X-201.699 Y-100.008 E1025.71666
;WIDTH:3.78372
G1 X-201.688 Y-99.803 E1026.52065
;WIDTH:3.68957
G1 X-201.676 Y-99.598 E1027.30075
G1 X-209.625 Y-54.702 E1200.50615
G1 X-209.624 Y-54.577 E1200.98102
;WIDTH:3.78108
G1 X-209.622 Y-54.325 E1201.96712
;WIDTH:3.87259
G1 X-209.62 Y-54.074 E1202.97796
;WIDTH:3.96411
G1 X-209.618 Y-53.823 E1204.01745
;WIDTH:4.05562
G1 X-209.616 Y-53.572 E1205.08559
G1 X-209.511 Y-53.512 E1205.60021
;WIDTH:3.96426
G1 X-209.302 Y-53.393 E1206.59624
;WIDTH:3.8729
G1 X-209.092 Y-53.274 E1207.56837
;WIDTH:3.78154
G1 X-208.882 Y-53.154 E1208.51493
;WIDTH:3.69018
G1 X-208.673 Y-53.035 E1209.42875
;WIDTH:3.6319
G1 X-206.979 Y-52.404 E1216.16591
G1 X-205.479 Y-51.734 E1222.2886
G1 X-203.967 Y-50.933 E1228.66559
G1 X-202.601 Y-50.073 E1234.68147
G1 X-201.377 Y-49.168 E1240.35471
G1 X-200.136 Y-48.099 E1246.45916
G1 X-199.03 Y-46.979 E1252.32551
G1 X-198.044 Y-45.816 E1258.008
G1 X-197.056 Y-44.462 E1264.25484
G1 X-196.161 Y-43.013 E1270.60223
G1 X-195.389 Y-41.548 E1276.77385
G1 X-194.687 Y-39.977 E1283.18679
G1 X-194.022 Y-38.211 E1290.21968
G1 X-193.451 Y-36.377 E1297.37845
G1 X-192.954 Y-34.431 E1304.86381
G1 X-192.531 Y-32.362 E1312.73429
G1 X-189.293 Y-13.404 E1384.41224
G1 X-188.911 Y-10.611 E1394.91841
G1 X-188.812 Y-8.102 E1404.27651
G1 X-188.963 Y-5.854 E1412.67349
G1 X-188.998 Y-5.582 E1413.69557
G1 X-189.313 Y-3.928 E1419.97068
G1 X-189.44 Y-3.408 E1421.96564
G1 X-189.898 Y-2.019 E1427.41648
G1 X-190.123 Y-1.446 E1429.71074
G1 X-190.688 Y-.293 E1434.49606
G1 X-191.032 Y.317 E1437.10606
G1 X-191.798 Y1.436 E1442.16
G1 X-192.159 Y1.897 E1444.34221
G1 X-193.003 Y2.821 E1449.00623
G1 X-193.5 Y3.302 E1451.58392
G1 X-194.248 Y3.934 E1455.23349
G1 X-195.05 Y4.54 E1458.97981
G1 X-195.962 Y5.13 E1463.028
G1 X-196.805 Y5.613 E1466.64894
G1 X-197.785 Y6.101 E1470.72909
G1 X-198.754 Y6.528 E1474.67555
G1 X-199.632 Y6.859 E1478.17259
G1 X-200.891 Y7.276 E1483.11545
G1 X-201.698 Y7.501 E1486.23778
G1 X-203.204 Y7.86 E1492.00778
G1 X-203.942 Y8.003 E1494.8094
G1 X-205.679 Y8.278 E1501.36367
G1 X-206.229 Y8.345 E1503.42862
G1 X-208.303 Y8.529 E1511.18859
G1 X-208.878 Y8.558 E1513.33429
;WIDTH:3.68542
G1 X-210.705 Y8.586 E1520.26613
G1 X-210.711 Y8.612 E1520.36736
;WIDTH:3.58579
G1 X-210.721 Y8.663 E1520.55806
;WIDTH:3.48617
G1 X-210.732 Y8.715 E1520.74649
;WIDTH:3.38654
G1 X-210.742 Y8.767 E1520.92764
;WIDTH:3.28692
G1 X-210.753 Y8.819 E1521.10286
;WIDTH:3.18729
G1 X-210.764 Y8.871 E1521.27147
;WIDTH:3.08767
G1 X-210.774 Y8.923 E1521.43288
;WIDTH:2.98804
G1 X-210.785 Y8.975 E1521.58829
;WIDTH:2.88842
G1 X-210.795 Y9.027 E1521.73654
;WIDTH:2.78879
G1 X-210.806 Y9.079 E1521.87874
;WIDTH:2.68916
G1 X-210.817 Y9.131 E1522.01433
;WIDTH:2.58954
G1 X-210.827 Y9.182 E1522.14045
;WIDTH:2.48991
G1 X-210.838 Y9.234 E1522.26283
;WIDTH:2.39029
G1 X-210.848 Y9.286 E1522.37818
;WIDTH:2.29066
G1 X-210.859 Y9.338 E1522.48735
;WIDTH:2.19104
G1 X-210.869 Y9.39 E1522.58954
;WIDTH:2.09141
G1 X-210.88 Y9.442 E1522.68551
;WIDTH:1.99179
G1 X-210.891 Y9.494 E1522.77487
;WIDTH:1.89216
G1 X-210.901 Y9.546 E1522.85732
;WIDTH:1.79254
G1 X-210.912 Y9.598 E1522.93347
;WIDTH:1.69291
G1 X-210.922 Y9.649 E1523.00147
;WIDTH:1.59329
G1 X-210.933 Y9.701 E1523.06441
;WIDTH:1.49366
G1 X-210.944 Y9.753 E1523.12075
;WIDTH:1.39403
G1 X-210.954 Y9.805 E1523.1703
;WIDTH:1.29441
G1 X-210.965 Y9.857 E1523.21343
;WIDTH:1.19478
G1 X-210.975 Y9.909 E1523.24982
;WIDTH:1.09516
G1 X-210.986 Y9.961 E1523.27974
;WIDTH:0.995533
G1 X-210.997 Y10.013 E1523.30306
;WIDTH:0.895908
G1 X-211.007 Y10.065 E1523.31971
;WIDTH:0.796282
G1 X-211.018 Y10.116 E1523.32963
G1 X-214.705 Y8.565 F7800
G92 E0
G1 X-201.632 Y-14.27
;WIDTH:3.80594
G1 F1800
G1 X-201.638 Y-14.121 E.58813
;WIDTH:3.72985
G1 X-201.651 Y-13.822 E1.74009
;WIDTH:3.64381
G1 X-201.62 Y-12.155 E7.97869
G1 X-201.629 Y-11.772 E9.41218
G1 X-201.695 Y-10.782 E13.12475
G1 X-201.779 Y-10.107 E15.66992
G1 X-201.885 Y-9.496 E17.99029
G1 X-202.076 Y-8.695 E21.07147
G1 X-202.196 Y-8.293 E22.64125
G1 X-202.449 Y-7.601 E25.39818
G1 X-202.629 Y-7.181 E27.10797
G1 X-203.184 Y-6.168 E31.42998
G1 X-203.767 Y-5.384 E35.08572
G1 X-203.923 Y-5.2 E35.98835
G1 X-204.667 Y-4.466 E39.89897
G1 X-204.845 Y-4.325 E40.74865
G1 X-205.704 Y-3.707 E44.70822
G1 X-206.584 Y-3.221 E48.46976
G1 X-207.036 Y-3.015 E50.3284
G1 X-207.667 Y-2.765 E52.86801
G1 X-208.283 Y-2.561 E55.29604
G1 X-208.822 Y-2.409 E57.39151
G1 X-210.05 Y-2.144 E62.09217
G1 X-211.332 Y-1.965 E66.93565
G1 X-212.59 Y-1.882 E71.65302
G1 X-214.216 Y-1.823 E77.74113
G1 X-226.616 Y-1.823 E124.13902
;WIDTH:3.74362
G1 X-226.89 Y-1.873 E125.21587
;WIDTH:3.84343
G1 X-227.163 Y-1.923 E126.32347
;WIDTH:3.94324
G1 X-227.437 Y-1.973 E127.46966
;WIDTH:4.04305
G1 X-227.711 Y-2.023 E128.65053
G1 X-227.758 Y-2.153 E129.23661
;WIDTH:3.94323
G1 X-227.854 Y-2.414 E130.38104
;WIDTH:3.84342
G1 X-227.95 Y-2.675 E131.49084
;WIDTH:3.7436
G1 X-228.046 Y-2.936 E132.56602
;WIDTH:3.6438
G1 X-228.094 Y-3.067 E133.08806
G1 X-235.026 Y-43.072 E285.00787
;WIDTH:3.74377
G1 X-235.014 Y-43.292 E285.85975
;WIDTH:3.84375
G1 X-235.001 Y-43.512 E286.73933
;WIDTH:3.94372
G1 X-234.988 Y-43.733 E287.6505
;WIDTH:4.04369
G1 X-234.976 Y-43.953 E288.5848
;WIDTH:4.14366
G1 X-234.963 Y-44.173 E289.54682
;WIDTH:4.24363
G1 X-234.944 Y-44.503 E291.03094
G1 X-234.73 Y-44.553 E292.01766
;WIDTH:4.14366
G1 X-234.515 Y-44.603 E292.98123
;WIDTH:4.04369
G1 X-234.3 Y-44.653 E293.91727
;WIDTH:3.94372
G1 X-234.085 Y-44.703 E294.82579
;WIDTH:3.84375
G1 X-233.87 Y-44.753 E295.70678
;WIDTH:3.74378
G1 X-233.656 Y-44.803 E296.55649
;WIDTH:3.6438
G1 X-233.548 Y-44.828 E296.97129
G1 X-221.132 Y-44.828 E343.42899
G1 X-219.508 Y-44.785 E349.50774
G1 X-217.886 Y-44.653 E355.59694
G1 X-216.38 Y-44.423 E361.29737
G1 X-215.004 Y-44.103 E366.58343
G1 X-213.577 Y-43.64 E372.19694
G1 X-212.282 Y-43.069 E377.49264
G1 X-211.132 Y-42.41 E382.4521
G1 X-209.929 Y-41.537 E388.01379
G1 X-208.885 Y-40.575 E393.32575
G1 X-207.996 Y-39.55 E398.40263
G1 X-207.097 Y-38.264 E404.27373
G1 X-206.324 Y-36.855 E410.28716
G1 X-205.701 Y-35.44 E416.07221
G1 X-205.143 Y-33.83 E422.448
G1 X-204.673 Y-32.082 E429.2209
G1 X-204.286 Y-30.18 E436.48355
G1 X-202.013 Y-16.965 E486.65702
;WIDTH:3.70465
G1 X-201.971 Y-16.539 E488.29122
G1 X-201.835 Y-12.541 F7800
G1 E478.29122 F2400
G92 E0
; Filament-specific end gcode 
;END gcode for filament
T1
G92 E0
; Filament gcode
G1 X152.089 Y58.833 F7800
G92 E0
;TYPE:Perimeter
;WIDTH:4
G1 F1800
G1 X152.083 Y57.272 E6.53444
G1 X417.325 Y-12.061 E1154.15122
G1 X419.756 Y-7.997 E1173.97456
G1 X422.349 Y-3.32 E1196.36023
G1 X424.754 Y1.382 E1218.46819
G1 X426.968 Y6.103 E1240.2957
G1 X428.992 Y10.841 E1261.86299
G1 X430.825 Y15.591 E1283.17576
G1 X432.468 Y20.35 E1304.25089
G1 X433.918 Y25.114 E1325.0964
G1 X435.177 Y29.878 E1345.72329
G1 X436.242 Y34.639 E1366.14552
G1 X437.115 Y39.393 E1386.37867
G1 X437.794 Y44.136 E1406.43543
G1 X438.28 Y48.866 E1426.3396
G1 X438.572 Y53.579 E1446.10619
G1 X438.669 Y58.277 E1465.77635
G1 X438.578 Y62.949 E1485.33719
G1 X438.304 Y67.619 E1504.91957
G1 X437.848 Y72.28 E1524.52381
G1 X437.21 Y76.933 E1544.18365
G1 X436.391 Y81.576 E1563.91945
G1 X435.391 Y86.209 E1583.75995
G1 X434.21 Y90.83 E1603.72534
G1 X432.847 Y95.44 E1623.84873
G1 X431.305 Y100.037 E1644.14566
G1 X429.582 Y104.617 E1664.62948
G1 X427.679 Y109.181 E1685.32876
G1 X425.595 Y113.726 E1706.25895
G1 X423.333 Y118.252 E1727.43932
G1 X420.89 Y122.757 E1748.89177
G1 X418.737 Y126.437 E1766.7391
G1 X152.67 Y58.98 E2915.74232
G92 E0
G1 X138.628 Y58.882 F7800
G1 F1800
G1 X138.622 Y57.321 E6.53444
G1 X418.854 Y-15.929 E1219.00674
G1 X419.826 Y-14.417 E1226.53104
G1 X422.665 Y-9.673 E1249.67394
G1 X425.312 Y-4.898 E1272.52799
G1 X427.768 Y-.095 E1295.10958
G1 X430.031 Y4.731 E1317.42212
G1 X432.102 Y9.577 E1339.48244
G1 X433.978 Y14.439 E1361.29741
G1 X435.66 Y19.314 E1382.88481
G1 X437.147 Y24.196 E1404.24796
G1 X438.438 Y29.083 E1425.40686
G1 X439.531 Y33.969 E1446.36531
G1 X440.428 Y38.852 E1467.14772
G1 X441.126 Y43.727 E1487.76273
G1 X441.626 Y48.591 E1508.23088
G1 X441.926 Y53.44 E1528.56775
G1 X442.026 Y58.275 E1548.81154
G1 X441.932 Y63.081 E1568.93345
G1 X441.65 Y67.881 E1589.06104
G1 X441.182 Y72.672 E1609.21177
G1 X440.526 Y77.452 E1629.40855
G1 X439.685 Y82.222 E1649.68389
G1 X438.658 Y86.979 E1670.05562
G1 X437.446 Y91.722 E1690.54794
G1 X436.049 Y96.45 E1711.18536
G1 X434.467 Y101.162 E1731.99194
G1 X432.702 Y105.854 E1752.97648
G1 X430.754 Y110.526 E1774.16552
G1 X428.623 Y115.176 E1795.57724
G1 X426.31 Y119.803 E1817.23124
G1 X423.814 Y124.405 E1839.14639
G1 X421.138 Y128.981 E1861.3366
G1 X420.31 Y130.298 E1867.84863
G1 X139.209 Y59.03 E3081.77513
G92 E0
G1 X125.161 Y57.371 F7800
;TYPE:External perimeter
G1 F1800
G1 X420.36 Y-19.792 E1277.23043
G1 X422.679 Y-16.187 E1295.17371
G1 X425.573 Y-11.349 E1318.77248
G1 X428.275 Y-6.476 E1342.09695
G1 X430.782 Y-1.572 E1365.15216
G1 X433.095 Y3.359 E1387.95152
G1 X435.211 Y8.313 E1410.50159
G1 X437.131 Y13.287 E1432.82027
G1 X438.853 Y18.277 E1454.91735
G1 X440.376 Y23.279 E1476.80494
G1 X441.699 Y28.287 E1498.48777
G1 X442.821 Y33.299 E1519.98744
G1 X443.741 Y38.31 E1541.31424
G1 X444.458 Y43.317 E1562.4875
G1 X444.971 Y48.315 E1583.5192
G1 X445.28 Y53.302 E1604.43497
G1 X445.383 Y58.273 E1625.24819
G1 X445.286 Y63.212 E1645.92698
G1 X444.997 Y68.143 E1666.60372
G1 X444.516 Y73.063 E1687.29718
G1 X443.843 Y77.972 E1708.03862
G1 X442.979 Y82.868 E1728.8501
G1 X441.925 Y87.748 E1749.74897
G1 X440.682 Y92.613 E1770.76821
G1 X439.25 Y97.46 E1791.92487
G1 X437.63 Y102.287 E1813.23844
G1 X435.823 Y107.091 E1834.72369
G1 X433.829 Y111.871 E1856.40411
G1 X431.65 Y116.626 E1878.29912
G1 X429.286 Y121.354 E1900.42675
G1 X426.739 Y126.053 E1922.80061
G1 X424.008 Y130.721 E1945.43948
G1 X421.852 Y134.152 E1962.402
G1 X125.167 Y58.932 E3243.62854
G1 X125.163 Y57.971 E3247.65135
G1 X128.856 Y56.432 F7800
G92 E0
G1 X424.919 Y4.105
;TYPE:Solid infill
;WIDTH:4.03981
G1 F1800
G1 X412.592 Y-8.222 E73.84066
G1 X408.785 Y-7.227 E90.50755
G1 X425.809 Y9.798 E192.48697
G1 X426.66 Y11.789 E201.65825
G1 X428.461 Y16.455 E222.84307
G1 X428.881 Y17.672 E228.29623
G1 X404.977 Y-6.231 E371.48194
G1 X401.17 Y-5.236 E388.14883
G1 X431.185 Y24.779 E567.94339
G1 X431.497 Y25.802 E572.47353
G1 X432.731 Y30.475 E592.94536
G1 X432.919 Y31.316 E596.59549
G1 X397.362 Y-4.241 E809.58749
G1 X393.555 Y-3.246 E826.25438
G1 X434.187 Y37.387 E1069.64942
G1 X434.63 Y39.798 E1080.0326
G1 X435.104 Y43.106 E1094.18734
G1 X389.747 Y-2.251 E1365.88288
G1 X385.94 Y-1.255 E1382.55084
G1 X435.714 Y48.519 E1680.7049
G1 X435.771 Y49.072 E1683.05964
G1 X436.055 Y53.662 E1702.53859
G1 X382.133 Y-.26 E2025.53982
G1 X378.325 Y.735 E2042.21081
G1 X436.146 Y58.556 E2388.56766
G1 X436.062 Y62.851 E2406.76339
G1 X436.039 Y63.251 E2408.46046
G1 X374.518 Y1.73 E2776.98089
G1 X370.71 Y2.726 E2793.65295
G1 X435.759 Y67.775 E3183.30666
G1 X435.326 Y72.144 E3201.90301
G1 X366.903 Y3.721 E3611.76751
G1 X363.095 Y4.716 E3628.4385
G1 X434.747 Y76.368 E4057.64521
G1 X434.033 Y80.456 E4075.22279
G1 X359.288 Y5.711 E4522.95706
G1 X355.481 Y6.707 E4539.62502
G1 X433.2 Y84.427 E5005.17701
G1 X432.94 Y85.631 E5010.39432
G1 X432.261 Y88.29 E5022.01841
G1 X351.673 Y7.702 E5504.75316
G1 X347.866 Y8.697 E5521.42005
G1 X431.223 Y92.055 E6020.74454
G1 X430.446 Y94.683 E6032.35225
G1 X430.095 Y95.729 E6037.02556
G1 X344.058 Y9.692 E6552.40068
G1 X340.251 Y10.688 E6569.06864
G1 X428.884 Y99.321 E7099.9942
G1 X427.572 Y102.811 E7115.78678
G1 X336.443 Y11.683 E7661.66078
G1 X332.636 Y12.678 E7678.32767
G1 X426.184 Y106.226 E8238.69485
G1 X425.372 Y108.172 E8247.62627
G1 X424.729 Y109.574 E8254.15946
G1 X328.828 Y13.673 E8828.62148
G1 X325.021 Y14.669 E8845.28944
G1 X423.214 Y112.861 E9433.47791
G1 X421.613 Y116.063 E9448.64141
G1 X321.214 Y15.664 E10050.04716
G1 X317.406 Y16.659 E10066.71815
G1 X419.953 Y119.205 E10680.98776
G1 X418.697 Y121.522 E10692.15103
G1 X418.242 Y122.298 E10695.96126
G1 X313.599 Y17.654 E11322.79223
G1 X309.791 Y18.649 E11339.46322
G1 X413.707 Y122.565 E11961.93635
G1 X407.273 Y120.934 E11990.05071
G1 X305.984 Y19.645 E12596.7877
G1 X302.176 Y20.64 E12613.45869
G1 X400.839 Y119.303 E13204.46553
G1 X394.405 Y117.671 E13232.58094
G1 X298.369 Y21.635 E13807.85163
G1 X294.562 Y22.63 E13824.51852
G1 X387.971 Y116.04 E14384.05607
G1 X381.537 Y114.409 E14412.17043
G1 X290.754 Y23.626 E14955.97483
G1 X286.947 Y24.621 E14972.64172
G1 X375.104 Y112.778 E15500.71597
G1 X368.67 Y111.147 E15528.83033
G1 X283.139 Y25.616 E16041.17443
G1 X279.332 Y26.611 E16057.84132
G1 X362.236 Y109.515 E16554.44928
G1 X355.802 Y107.884 E16582.56364
G1 X275.524 Y27.607 E17063.43845
G1 X271.717 Y28.602 E17080.10534
G1 X349.368 Y106.253 E17545.247
G1 X342.934 Y104.622 E17573.36136
G1 X267.91 Y29.597 E18022.76988
G1 X264.102 Y30.592 E18039.44087
G1 X336.5 Y102.99 E18473.11624
G1 X330.066 Y101.359 E18501.2306
G1 X260.295 Y31.588 E18919.16983
G1 X256.487 Y32.583 E18935.84082
G1 X323.632 Y99.728 E19338.0499
G1 X317.199 Y98.097 E19366.16016
G1 X252.68 Y33.578 E19752.63908
G1 X248.872 Y34.573 E19769.31007
G1 X310.765 Y96.466 E20140.05884
G1 X304.331 Y94.834 E20168.17425
G1 X245.065 Y35.569 E20523.18389
G1 X241.258 Y36.564 E20539.85078
G1 X297.897 Y93.203 E20879.12727
G1 X291.463 Y91.572 E20907.24163
G1 X237.45 Y37.559 E21230.78797
G1 X233.643 Y38.554 E21247.45486
G1 X285.029 Y89.941 E21555.26805
G1 X278.595 Y88.31 E21583.38241
G1 X229.835 Y39.549 E21875.46545
G1 X226.028 Y40.545 E21892.13341
G1 X272.161 Y86.678 E22168.47731
G1 X265.728 Y85.047 E22196.58757
G1 X222.22 Y41.54 E22457.20432
G1 X218.413 Y42.535 E22473.87121
G1 X259.294 Y83.416 E22718.75481
G1 X252.86 Y81.785 E22746.86917
G1 X214.605 Y43.53 E22976.02262
G1 X210.798 Y44.526 E22992.69058
G1 X246.426 Y80.154 E23206.10788
G1 X239.992 Y78.522 E23234.22329
G1 X206.991 Y45.521 E23431.90445
G1 X203.183 Y46.516 E23448.57544
G1 X233.558 Y76.891 E23630.52645
G1 X227.124 Y75.26 E23658.64081
G1 X199.376 Y47.511 E23824.85867
G1 X195.568 Y48.507 E23841.53073
G1 X220.69 Y73.629 E23992.01545
G1 X214.257 Y71.998 E24020.12571
G1 X191.761 Y49.502 E24154.88028
G1 X187.953 Y50.497 E24171.55127
G1 X207.823 Y70.366 E24290.57269
G1 X201.389 Y68.735 E24318.68705
G1 X184.146 Y51.492 E24421.97532
G1 X180.339 Y52.488 E24438.64328
G1 X194.955 Y67.104 E24526.19541
G1 X188.521 Y65.473 E24554.30977
G1 X176.531 Y53.483 E24626.13175
G1 X172.724 Y54.478 E24642.79864
G1 X182.087 Y63.841 E24698.88448
G1 X175.653 Y62.21 E24726.99884
G1 X168.916 Y55.473 E24767.35453
G1 X165.109 Y56.469 E24784.02249
G1 X169.219 Y60.579 E24808.64203
G1 X162.785 Y58.948 E24836.75639
G1 X160.064 Y56.226 E24853.0586
G92 E0
G1 X-8.696 Y60.879 F7800
;TYPE:Perimeter
;WIDTH:4
G1 F1800
G1 X-7.768 Y61.535 E4.75722
G1 X-8.507 Y62.408 E9.54515
G1 X-9.164 Y63.336 E14.30478
G1 X-10.037 Y62.598 E19.09001
G1 X-10.965 Y61.941 E23.84964
G1 X-10.227 Y61.068 E28.63487
G1 X-9.57 Y60.139 E33.39792
G1 X-9.154 Y60.491 E35.67906
G92 E0
G1 X-6.64 Y58.223 F7800
G1 F1800
G1 X-3.789 Y60.239 E14.61666
G1 X-2.677 Y60.888 E20.00632
G1 X-3.595 Y61.799 E25.42015
G1 X-5.851 Y64.465 E40.03958
G1 X-7.868 Y67.317 E54.66207
G1 X-8.517 Y68.428 E60.04811
G1 X-9.427 Y67.51 E65.45899
G1 X-12.093 Y65.254 E80.07842
G1 X-14.945 Y63.237 E94.70091
G1 X-16.057 Y62.588 E100.09057
G1 X-15.139 Y61.678 E105.50145
G1 X-12.883 Y59.011 E120.12408
G1 X-10.866 Y56.159 E134.74657
G1 X-10.217 Y55.048 E140.13261
G1 X-9.305 Y55.967 E145.55236
G1 X-7.098 Y57.835 E157.65591
G92 E0
G1 X-4.583 Y55.566 F7800
;TYPE:External perimeter
G1 F1800
G1 X-1.97 Y57.414 E13.39718
G1 X.797 Y59.03 E26.81061
G1 X3.161 Y60.145 E37.75187
G1 X1.149 Y61.82 E48.71077
G1 X-1.127 Y64.078 E62.13138
G1 X-3.195 Y66.522 E75.53306
G1 X-5.043 Y69.135 E88.93024
G1 X-6.658 Y71.902 E102.34156
G1 X-7.774 Y74.265 E113.28082
G1 X-9.448 Y72.254 E124.23383
G1 X-11.707 Y69.978 E137.65739
G1 X-14.15 Y67.91 E151.05587
G1 X-16.764 Y66.062 E164.45646
G1 X-19.532 Y64.446 E177.87351
G1 X-21.894 Y63.331 E188.8072
G1 X-19.883 Y61.656 E199.76289
G1 X-17.607 Y59.398 E213.1835
G1 X-15.539 Y56.954 E226.58518
G1 X-13.691 Y54.341 E239.98236
G1 X-12.075 Y51.574 E253.39579
G1 X-10.96 Y49.211 E264.33327
G1 X-9.284 Y51.223 E275.29485
G1 X-7.026 Y53.499 E288.71546
G1 X-5.041 Y55.179 E299.60125
G1 X-1.766 Y57.476 F7800
G92 E0
G1 X-38.416 Y-97.912
G1 F1800
G1 X-33.382 Y-97.912 E21.07248
G1 X-15.936 Y1.369 E443.0335
G1 X-15.295 Y5.012 E458.51747
G1 X-20.329 Y5.012 E479.58995
G1 X-38.312 Y-97.321 E914.52298
G1 X-34.357 Y-97.921 F7800
G92 E0
G1 X-35.604 Y-96.234
;TYPE:Gap fill
;WIDTH:2.24552
G1 F1800
G1 X-18.107 Y3.334 E201.95938
G92 E0
G1 X141.073 Y5.065 F7800
;TYPE:External perimeter
;WIDTH:4
G1 F1800
G1 X136.039 Y5.065 E21.07248
G1 X127.466 Y-43.671 E228.21519
G1 X90.696 Y-43.671 E382.13553
G1 X99.268 Y5.065 E589.27752
G1 X94.235 Y5.065 E610.34581
G1 X76.149 Y-97.859 E1047.79008
G1 X81.182 Y-97.859 E1068.85837
G1 X89.284 Y-51.709 E1264.99813
G1 X90.072 Y-47.218 E1284.08479
G1 X127.019 Y-47.218 E1438.74606
G1 X117.97 Y-97.859 E1654.08856
G1 X122.987 Y-97.859 E1675.08988
G1 X140.969 Y4.474 E2110.02219
G1 X137.015 Y5.074 F7800
G92 E0
G1 X138.261 Y3.387
;TYPE:Gap fill
;WIDTH:2.25453
G1 F1800
G1 X129.728 Y-45.149 E99.00332
G1 X129.663 Y-45.171 E99.14118
;WIDTH:2.15787
G1 X129.599 Y-45.193 E99.26898
;WIDTH:2.06121
G1 X129.535 Y-45.215 E99.38862
;WIDTH:1.96456
G1 X129.47 Y-45.236 E99.50115
;WIDTH:1.8679
G1 X129.406 Y-45.258 E99.60447
;WIDTH:1.77124
G1 X129.341 Y-45.28 E99.70097
;WIDTH:1.67459
G1 X129.277 Y-45.302 E99.78798
;WIDTH:1.57793
G1 X129.213 Y-45.323 E99.86646
;WIDTH:1.48127
G1 X129.148 Y-45.345 E99.93814
;WIDTH:1.38462
G1 X129.084 Y-45.367 E100.00067
;WIDTH:1.28796
G1 X129.019 Y-45.388 E100.05555
;WIDTH:1.1913
G1 X128.955 Y-45.41 E100.10176
;WIDTH:1.09465
G1 X128.891 Y-45.432 E100.13981
;WIDTH:0.997988
G1 X128.858 Y-45.443 E100.15518
G1 X129.728 Y-45.149 F7800
;WIDTH:2.25453
G1 F1800
G1 X129.728 Y-45.408 E100.67551
;WIDTH:2.16486
G1 X129.728 Y-45.666 E101.16497
G1 X123.76 Y-79.343 E166.05057
;WIDTH:2.21998
G1 X120.777 Y-96.181 E199.66769
G92 E0
G1 X78.96 Y-96.181 F7800
;WIDTH:2.24405
G1 F1800
G1 X96.457 Y3.387 E201.77373
G92 E0
G1 X210.798 Y5.065 F7800
;TYPE:External perimeter
;WIDTH:4
G1 F1800
G1 X166.336 Y5.065 E186.11929
G1 X165.72 Y1.677 E200.53407
G1 X185.532 Y1.677 E283.46771
G1 X167.964 Y-97.859 E706.56856
G1 X172.996 Y-97.859 E727.63267
G1 X189.289 Y-5.551 E1120.00977
G1 X190.565 Y1.677 E1150.73425
G1 X210.222 Y1.677 E1233.01905
G1 X210.698 Y4.473 E1244.89159
G1 X206.743 Y5.073 F7800
G92 E0
G1 X188.35 Y3.387
;TYPE:Gap fill
;WIDTH:2.24358
G1 F1800
G1 X170.776 Y-96.181 E201.7417
G92 E0
G1 X250.74 Y-138.102 F7800
;TYPE:External perimeter
;WIDTH:3.808
G1 F1800
G1 X250.716 Y-138.203 E.4097
;WIDTH:3.71278
G1 X250.668 Y-138.406 E1.20817
;WIDTH:3.61757
G1 X250.621 Y-138.609 E1.98102
;WIDTH:3.52235
G1 X250.573 Y-138.812 E2.72994
;WIDTH:3.42714
G1 X250.526 Y-139.015 E3.4533
;WIDTH:3.33192
G1 X250.478 Y-139.217 E4.14942
;WIDTH:3.28111
G1 X250.454 Y-139.319 E4.4941
G1 X250.454 Y-150.22 E40.35175
G1 X250.476 Y-150.34 E40.75306
;WIDTH:3.36997
G1 X250.521 Y-150.58 E41.58333
;WIDTH:3.45883
G1 X250.565 Y-150.82 E42.44003
;WIDTH:3.54538
G1 X250.632 Y-151.18 E43.76524
G1 X250.835 Y-151.227 E44.51933
;WIDTH:3.4519
G1 X251.039 Y-151.273 E45.25176
;WIDTH:3.35842
G1 X251.242 Y-151.32 E45.95726
;WIDTH:3.26494
G1 X251.445 Y-151.367 E46.63847
;WIDTH:3.17146
G1 X251.649 Y-151.413 E47.29775
;WIDTH:3.07798
G1 X251.751 Y-151.437 E47.61588
G1 X267.573 Y-151.437 E95.65208
G1 X264.064 Y-149.517 F7800
G92 E0
G1 X265.985 Y-138.102
;WIDTH:3.07797
G1 F1800
G1 X251.683 Y-138.102 E43.42113
;WIDTH:3.1753
G1 X251.548 Y-138.102 E43.84738
;WIDTH:3.27264
G1 X251.414 Y-138.102 E44.28674
;WIDTH:3.36998
G1 X251.279 Y-138.102 E44.74577
;WIDTH:3.46731
G1 X251.144 Y-138.102 E45.22119
;WIDTH:3.56465
G1 X251.009 Y-138.102 E45.713
;WIDTH:3.66199
G1 X250.875 Y-138.102 E46.21744
;WIDTH:3.75933
G1 X250.74 Y-138.102 E46.74203
G1 X250.668 Y-137.798 E47.95601
;WIDTH:3.66517
G1 X250.621 Y-137.595 E48.74123
;WIDTH:3.56996
G1 X250.573 Y-137.392 E49.50254
;WIDTH:3.47475
G1 X250.526 Y-137.189 E50.23827
;WIDTH:3.37953
G1 X250.478 Y-136.986 E50.95004
;WIDTH:3.28432
G1 X250.454 Y-136.885 E51.29194
G1 X250.454 Y-126.143 E86.66959
G1 X250.499 Y-125.903 E87.47378
;WIDTH:3.37002
G1 X250.543 Y-125.663 E88.30345
;WIDTH:3.45888
G1 X250.587 Y-125.423 E89.16016
;WIDTH:3.54773
G1 X250.632 Y-125.183 E90.04457
G1 X250.937 Y-125.113 E91.17798
;WIDTH:3.45193
G1 X251.14 Y-125.066 E91.90778
;WIDTH:3.35844
G1 X251.344 Y-125.019 E92.61659
;WIDTH:3.26495
G1 X251.547 Y-124.972 E93.2978
;WIDTH:3.17146
G1 X251.751 Y-124.926 E93.95708
;WIDTH:3.07797
G1 X267.361 Y-124.926 E141.34933
G1 X265.85 Y-128.629 F7800
G92 E0
G1 X223.228 Y-124.926
;WIDTH:3.07796
G1 F1800
G1 X232.489 Y-124.926 E28.11647
;WIDTH:3.1766
G1 X232.674 Y-124.975 E28.72105
;WIDTH:3.27525
G1 X232.859 Y-125.024 E29.34917
;WIDTH:3.3739
G1 X233.044 Y-125.074 E30.00172
;WIDTH:3.47254
G1 X233.23 Y-125.123 E30.68035
;WIDTH:3.57119
G1 X233.415 Y-125.172 E31.37911
;WIDTH:3.66984
G1 X233.6 Y-125.222 E32.10239
;WIDTH:3.76848
G1 X233.785 Y-125.271 E32.84825
G1 X229.791 Y-125.061 F7800
G92 E0
G1 X244.289 Y-124.926
;WIDTH:3.07796
G1 F1800
G1 X235.082 Y-124.926 E27.95253
G1 X234.989 Y-124.95 E28.24413
;WIDTH:3.1766
G1 X234.804 Y-125 E28.84952
;WIDTH:3.27525
G1 X234.619 Y-125.049 E29.47764
;WIDTH:3.3739
G1 X234.434 Y-125.098 E30.12931
;WIDTH:3.47254
G1 X234.248 Y-125.148 E30.80884
;WIDTH:3.57119
G1 X234.063 Y-125.197 E31.5076
;WIDTH:3.66983
G1 X233.878 Y-125.246 E32.22991
;WIDTH:3.76848
G1 X233.785 Y-125.271 E32.60522
G1 X233.785 Y-125.429 E33.22099
;WIDTH:3.6718
G1 X233.785 Y-125.588 E33.82148
;WIDTH:3.57512
G1 X233.785 Y-125.746 E34.39914
;WIDTH:3.47845
G1 X233.785 Y-125.905 E34.96129
;WIDTH:3.38177
G1 X233.785 Y-126.063 E35.50085
;WIDTH:3.28509
G1 X233.785 Y-152.601 E122.92641
G1 X234.7 Y-148.707 F7800
G92 E0
G1 X197.167 Y-123.761
;WIDTH:3.24002
G1 F1800
G1 X197.167 Y-141.616 E57.81694
G1 X197.242 Y-142.735 E61.44855
G1 X197.374 Y-143.784 E64.87214
G1 X197.643 Y-144.779 E68.20976
G1 X197.96 Y-145.733 E71.46502
G1 X198.435 Y-146.677 E74.88698
G1 X198.893 Y-147.477 E77.87198
G1 X199.493 Y-148.246 E81.03039
G1 X200.134 Y-148.978 E84.18106
G1 X200.827 Y-149.573 E87.13873
G1 X201.567 Y-150.145 E90.16736
G1 X201.78 Y-150.285 E90.99273
G1 X202.511 Y-150.69 E93.69882
G1 X203.325 Y-151.091 E96.63715
;WIDTH:3.18527
G1 X204.376 Y-151.446 E100.15358
G1 X205.374 Y-151.711 E103.42672
G1 X206.362 Y-151.832 E106.58194
G1 X207.576 Y-151.91 E110.43808
G1 X208.597 Y-151.838 E113.68254
G1 X209.729 Y-151.688 E117.30218
;WIDTH:3.23675
G1 X210.639 Y-151.442 E120.35082
G1 X211.463 Y-151.173 E123.1541
G1 X211.659 Y-151.099 E123.83165
G1 X212.496 Y-150.682 E126.8559
G1 X213.35 Y-150.199 E130.02892
G1 X214.171 Y-149.56 E133.39353
G1 X214.86 Y-148.963 E136.34191
G1 X215.496 Y-148.229 E139.48287
G1 X216.033 Y-147.537 E142.31564
G1 X216.174 Y-147.324 E143.14175
G1 X216.547 Y-146.658 E145.61043
G1 X217.018 Y-145.714 E149.02229
G1 X217.333 Y-144.762 E152.26528
G1 X217.6 Y-143.771 E155.58452
G1 X217.625 Y-143.609 E156.11464
G1 X217.73 Y-142.728 E158.98401
G1 X217.805 Y-141.616 E162.58846
G1 X217.805 Y-123.761 E220.33264
G1 X213.878 Y-124.523 F7800
G92 E0
G1 X170.735 Y-124.926
;WIDTH:3.07796
G1 F1800
G1 X179.943 Y-124.926 E27.95556
;WIDTH:3.1766
G1 X180.128 Y-124.975 E28.56014
;WIDTH:3.27525
G1 X180.313 Y-125.024 E29.18826
;WIDTH:3.3739
G1 X180.498 Y-125.074 E29.84081
;WIDTH:3.47254
G1 X180.683 Y-125.123 E30.51603
;WIDTH:3.57119
G1 X180.869 Y-125.172 E31.21832
;WIDTH:3.66984
G1 X181.054 Y-125.222 E31.9416
;WIDTH:3.76848
G1 X181.239 Y-125.271 E32.68746
G1 X177.245 Y-125.059 F7800
G92 E0
G1 X191.743 Y-124.926
;WIDTH:3.07796
G1 F1800
G1 X182.536 Y-124.926 E27.95253
G1 X182.443 Y-124.95 E28.24413
;WIDTH:3.1766
G1 X182.258 Y-125 E28.84952
;WIDTH:3.27525
G1 X182.073 Y-125.049 E29.47764
;WIDTH:3.3739
G1 X181.887 Y-125.098 E30.1326
;WIDTH:3.47254
G1 X181.702 Y-125.148 E30.80873
;WIDTH:3.57119
G1 X181.517 Y-125.197 E31.50749
;WIDTH:3.66983
G1 X181.332 Y-125.246 E32.2298
;WIDTH:3.76848
G1 X181.239 Y-125.271 E32.60511
G1 X181.239 Y-125.429 E33.22088
;WIDTH:3.6718
G1 X181.239 Y-125.588 E33.82137
;WIDTH:3.57512
G1 X181.239 Y-125.746 E34.39903
;WIDTH:3.47845
G1 X181.239 Y-125.905 E34.96118
;WIDTH:3.38177
G1 X181.239 Y-126.063 E35.50074
;WIDTH:3.28509
G1 X181.239 Y-152.601 E122.9263
G1 X182.154 Y-148.707 F7800
G92 E0
G1 X164.597 Y-123.709
;WIDTH:3.18381
G1 F1800
G1 X164.597 Y-152.601 E91.53066
G1 X164.597 Y-148.601 F7800
G92 E0
G1 X137.398 Y-124.926
;WIDTH:3.07796
G1 F1800
G1 X146.658 Y-124.926 E28.11344
;WIDTH:3.1766
G1 X146.843 Y-124.975 E28.71801
;WIDTH:3.27524
G1 X147.029 Y-125.024 E29.3493
;WIDTH:3.37389
G1 X147.214 Y-125.074 E30.00185
;WIDTH:3.47253
G1 X147.399 Y-125.123 E30.67706
;WIDTH:3.57117
G1 X147.584 Y-125.172 E31.37582
;WIDTH:3.66981
G1 X147.769 Y-125.222 E32.0991
;WIDTH:3.76846
G1 X147.955 Y-125.271 E32.84872
G1 X143.96 Y-125.061 F7800
G92 E0
G1 X158.458 Y-124.926
;WIDTH:3.07796
G1 F1800
G1 X149.251 Y-124.926 E27.95253
G1 X149.158 Y-124.95 E28.24413
;WIDTH:3.1766
G1 X148.973 Y-125 E28.84952
;WIDTH:3.27524
G1 X148.788 Y-125.049 E29.47764
;WIDTH:3.37389
G1 X148.603 Y-125.098 E30.12931
;WIDTH:3.47253
G1 X148.418 Y-125.148 E30.80543
;WIDTH:3.57117
G1 X148.232 Y-125.197 E31.50772
;WIDTH:3.66981
G1 X148.047 Y-125.246 E32.23002
;WIDTH:3.76846
G1 X147.955 Y-125.271 E32.60157
G1 X147.955 Y-125.429 E33.21733
;WIDTH:3.67177
G1 X147.955 Y-125.588 E33.81782
;WIDTH:3.57509
G1 X147.955 Y-125.746 E34.39548
;WIDTH:3.47841
G1 X147.955 Y-125.905 E34.95762
;WIDTH:3.38173
G1 X147.955 Y-126.063 E35.49717
;WIDTH:3.28504
G1 X147.955 Y-152.601 E122.92121
G1 X148.87 Y-148.707 F7800
G92 E0
G1 X115.76 Y-144.807
;WIDTH:2.31992
G1 F1800
G1 X115.893 Y-144.919 E.3635
;WIDTH:2.41688
G1 X116.026 Y-145.031 E.74802
;WIDTH:2.51383
G1 X116.159 Y-145.143 E1.15357
;WIDTH:2.61079
G1 X116.293 Y-145.255 E1.58203
;WIDTH:2.70774
G1 X116.426 Y-145.367 E2.02963
;WIDTH:2.8047
G1 X116.559 Y-145.479 E2.49826
;WIDTH:2.90165
G1 X116.692 Y-145.591 E2.98792
;WIDTH:2.99861
G1 X116.825 Y-145.703 E3.4986
;WIDTH:3.09556
G1 X116.958 Y-145.815 E4.03031
;WIDTH:3.19252
G1 X117.091 Y-145.927 E4.58304
;WIDTH:3.28238
G1 X117.225 Y-146.039 E5.15778
G1 X117.326 Y-146.419 E6.45177
;WIDTH:3.21666
G1 X117.759 Y-147.574 E10.41007
G1 X117.902 Y-147.826 E11.33987
G1 X118.45 Y-148.677 E14.58796
G1 X118.593 Y-148.855 E15.32066
;WIDTH:3.15901
G1 X119.462 Y-149.75 E19.23411
G1 X119.572 Y-149.841 E19.68197
;WIDTH:3.0968
G1 X119.871 Y-150.075 E20.8436
G1 X120.729 Y-150.655 E24.01216
G1 X120.975 Y-150.791 E24.87216
;WIDTH:3.03904
G1 X122.228 Y-151.352 E28.97352
G1 X122.433 Y-151.421 E29.61971
;WIDTH:2.98185
G1 X124.022 Y-151.816 E34.39448
G1 X125.816 Y-151.964 E39.64381
G1 X127.609 Y-151.827 E44.88769
G1 X129.184 Y-151.455 E49.60698
;WIDTH:3.03854
G1 X130.525 Y-150.901 E53.94069
G1 X130.74 Y-150.789 E54.66477
G1 X131.772 Y-150.108 E58.35783
;WIDTH:3.10403
G1 X131.989 Y-149.935 E59.20941
G1 X132.819 Y-149.098 E62.82646
;WIDTH:3.18105
G1 X132.985 Y-148.895 E63.65631
G1 X133.471 Y-148.142 E66.49247
G1 X133.617 Y-147.884 E67.4306
;WIDTH:3.23678
G1 X133.727 Y-147.661 E68.23477
;WIDTH:3.30025
G1 X133.969 Y-147.037 E70.45228
G1 X134.047 Y-146.796 E71.29156
G1 X134.155 Y-146.341 E72.84098
;WIDTH:3.36459
G1 X134.252 Y-145.648 E75.21561
G1 X134.283 Y-145.288 E76.44179
G1 X134.292 Y-144.82 E78.03025
G1 X134.262 Y-144.351 E79.62506
;WIDTH:3.43087
G1 X134.228 Y-144.047 E80.68841
G1 X134.108 Y-143.435 E82.85634
;WIDTH:3.48402
G1 X133.855 Y-142.714 E85.56315
G1 X133.695 Y-142.383 E86.86552
G1 X133.447 Y-141.993 E88.50276
G1 X133.032 Y-141.444 E90.94071
G1 X132.469 Y-140.878 E93.76876
;WIDTH:3.43151
G1 X132.199 Y-140.639 E95.0225
G1 X131.133 Y-139.927 E99.47969
;WIDTH:3.38029
G1 X129.882 Y-139.314 E104.23452
;WIDTH:3.32912
G1 X129.543 Y-139.175 E105.46166
;WIDTH:3.27791
G1 X128.053 Y-138.634 E110.66959
G1 X123.815 Y-137.264 E125.30253
G1 X122.301 Y-136.715 E130.59354
;WIDTH:3.34201
G1 X122.048 Y-136.61 E131.51539
G1 X120.788 Y-135.996 E136.2324
;WIDTH:3.40656
G1 X119.713 Y-135.287 E140.66981
G1 X118.876 Y-134.476 E144.68581
G1 X118.689 Y-134.244 E145.71261
G1 X118.215 Y-133.535 E148.65142
G1 X118.016 Y-133.095 E150.31545
G1 X117.823 Y-132.518 E152.41199
G1 X117.697 Y-131.889 E154.62249
;WIDTH:3.35111
G1 X117.64 Y-130.999 E157.63391
G1 X117.687 Y-130.334 E159.88501
G1 X117.775 Y-129.717 E161.98951
;WIDTH:3.29197
G1 X117.895 Y-129.289 E163.45768
;WIDTH:3.23434
G1 X118.217 Y-128.405 E166.49752
G1 X118.295 Y-128.249 E167.06106
G1 X118.446 Y-127.987 E168.03813
G1 X118.912 Y-127.28 E170.77407
G1 X119.036 Y-127.13 E171.40289
;WIDTH:3.18393
G1 X119.855 Y-126.307 E175.08139
G1 X119.968 Y-126.216 E175.54105
;WIDTH:3.12357
G1 X120.289 Y-125.976 E176.78068
G1 X121.029 Y-125.5 E179.50203
G1 X121.28 Y-125.369 E180.37772
;WIDTH:3.05355
G1 X122.412 Y-124.889 E184.07325
G1 X122.784 Y-124.778 E185.24003
G1 X124.016 Y-124.496 E189.03865
G1 X125.51 Y-124.378 E193.54295
G1 X125.689 Y-124.375 E194.08102
G1 X127.29 Y-124.51 E198.91001
G1 X128.79 Y-124.883 E203.55566
;WIDTH:3.13602
G1 X128.994 Y-124.952 E204.22507
G1 X130.172 Y-125.487 E208.24674
G1 X130.39 Y-125.609 E209.02327
G1 X131.246 Y-126.202 E212.26019
;WIDTH:3.19137
G1 X131.572 Y-126.462 E213.58514
G1 X132.398 Y-127.33 E217.3924
;WIDTH:3.27655
G1 X132.516 Y-127.48 E218.0191
G1 X133.032 Y-128.3 E221.2005
G1 X133.21 Y-128.631 E222.4346
G1 X133.644 Y-129.898 E226.83237
G1 X133.799 Y-131.276 E231.38585
G1 X131.049 Y-134.18 F7800
G92 E0
G1 X87.77 Y-123.709
;WIDTH:4.39719
G1 F1800
G1 X87.99 Y-124.372 E3.2702
;WIDTH:4.49009
G1 X88.209 Y-125.036 E6.62439
;WIDTH:4.58097
G1 X88.538 Y-126.031 E11.77066
G1 X88.657 Y-126.11 E12.47208
;WIDTH:4.48402
G1 X88.776 Y-126.19 E13.15888
;WIDTH:4.38707
G1 X88.895 Y-126.269 E13.82575
;WIDTH:4.29012
G1 X89.015 Y-126.349 E14.48166
;WIDTH:4.19317
G1 X89.134 Y-126.428 E15.11399
;WIDTH:4.09622
G1 X89.253 Y-126.508 E15.73144
;WIDTH:3.99928
G1 X89.373 Y-126.587 E16.33272
;WIDTH:3.90233
G1 X89.492 Y-126.667 E16.91549
;WIDTH:3.80538
G1 X89.611 Y-126.746 E17.47873
;WIDTH:3.70843
G1 X89.73 Y-126.826 E18.02682
;WIDTH:3.61148
G1 X89.85 Y-126.906 E18.56065
;WIDTH:3.51453
G1 X89.969 Y-126.985 E19.07208
;WIDTH:3.41758
G1 X90.088 Y-127.065 E19.56816
;WIDTH:3.32121
G1 X90.208 Y-127.144 E20.04793
G1 X106.536 Y-149.166 E111.59721
G1 X106.596 Y-149.205 E111.83618
;WIDTH:3.41931
G1 X106.716 Y-149.285 E112.33544
;WIDTH:3.5174
G1 X106.836 Y-149.365 E112.85235
;WIDTH:3.61549
G1 X106.956 Y-149.445 E113.3869
;WIDTH:3.71358
G1 X107.077 Y-149.525 E113.94229
;WIDTH:3.81168
G1 X107.197 Y-149.604 E114.50995
;WIDTH:3.90977
G1 X107.317 Y-149.684 E115.09744
;WIDTH:4.00786
G1 X107.437 Y-149.764 E115.70257
;WIDTH:4.10596
G1 X107.557 Y-149.844 E116.32535
;WIDTH:4.20405
G1 X107.678 Y-149.924 E116.96947
;WIDTH:4.30214
G1 X107.798 Y-150.003 E117.62502
;WIDTH:4.40024
G1 X107.918 Y-150.083 E118.30073
;WIDTH:4.49833
G1 X108.038 Y-150.163 E118.99409
;WIDTH:4.59642
G1 X108.159 Y-150.243 E119.7092
;WIDTH:4.66972
G1 X108.219 Y-150.283 E120.07129
G1 X110.251 Y-150.927 E130.77483
G1 X107.661 Y-147.879 F7800
G92 E0
G1 X109.002 Y-152.601
;WIDTH:4.47304
G1 F1800
G1 X108.748 Y-151.83 E3.877
;WIDTH:4.57138
G1 X108.493 Y-151.06 E7.85045
;WIDTH:4.66972
G1 X108.238 Y-150.289 E11.92816
G1 X108.258 Y-150.262 E12.09688
;WIDTH:4.59156
G1 X108.302 Y-150.168 E12.60792
;WIDTH:4.49478
G1 X108.35 Y-150.034 E13.29159
;WIDTH:4.39801
G1 X108.398 Y-149.9 E13.95808
;WIDTH:4.30123
G1 X108.447 Y-149.766 E14.60894
;WIDTH:4.20446
G1 X108.495 Y-149.632 E15.24107
;WIDTH:4.10768
G1 X108.544 Y-149.499 E15.85343
;WIDTH:4.01091
G1 X108.592 Y-149.365 E16.4512
;WIDTH:3.91413
G1 X108.64 Y-149.231 E17.03179
;WIDTH:3.81736
G1 X108.689 Y-149.097 E17.59654
;WIDTH:3.72058
G1 X108.737 Y-148.963 E18.14276
;WIDTH:3.62381
G1 X108.786 Y-148.829 E18.67307
;WIDTH:3.52703
G1 X108.834 Y-148.695 E19.18493
;WIDTH:3.43026
G1 X108.882 Y-148.561 E19.67961
;WIDTH:3.33348
G1 X108.931 Y-148.428 E20.1551
;WIDTH:3.23671
G1 X108.955 Y-148.361 E20.38526
G1 X108.955 Y-123.709 E100.11014
G1 X108.928 Y-127.708 F7800
G92 E0
G1 X88.538 Y-126.031
;WIDTH:4.61338
G1 F1800
G1 X88.512 Y-126.066 E.21587
;WIDTH:4.54511
G1 X88.478 Y-126.113 E.49814
;WIDTH:4.46181
G1 X88.429 Y-126.249 E1.18653
;WIDTH:4.36351
G1 X88.38 Y-126.385 E1.85719
;WIDTH:4.2652
G1 X88.331 Y-126.521 E2.51013
;WIDTH:4.16689
G1 X88.282 Y-126.657 E3.14534
;WIDTH:4.06858
G1 X88.233 Y-126.793 E3.76283
;WIDTH:3.97027
G1 X88.183 Y-126.929 E4.36401
;WIDTH:3.87196
G1 X88.134 Y-127.065 E4.94605
;WIDTH:3.77365
G1 X88.085 Y-127.201 E5.51036
;WIDTH:3.67534
G1 X88.036 Y-127.337 E6.05695
;WIDTH:3.57703
G1 X87.987 Y-127.473 E6.58581
;WIDTH:3.47872
G1 X87.938 Y-127.609 E7.09695
;WIDTH:3.38041
G1 X87.888 Y-127.745 E7.59153
;WIDTH:3.2821
G1 X87.839 Y-127.881 E8.06722
;WIDTH:3.18382
G1 X87.815 Y-127.949 E8.29567
G1 X87.815 Y-152.601 E86.39438
G1 X87.815 Y-148.601 F7800
G92 E0
G1 X78.025 Y-123.709
G1 F1800
G1 X78.025 Y-152.601 E91.53123
G1 X78.025 Y-148.601 F7800
G92 E0
G1 X46.844 Y-53.515
;WIDTH:4
G1 F1800
G1 X47.7 Y-53.515 E3.58324
G1 X43.256 Y-78.305 E109.00917
G1 X42.839 Y-80.358 E117.77858
G1 X42.313 Y-82.315 E126.26139
G1 X41.635 Y-84.258 E134.8758
G1 X40.894 Y-85.939 E142.56585
G1 X40.006 Y-87.549 E150.26251
G1 X38.943 Y-89.095 E158.11629
G1 X37.706 Y-90.518 E166.00904
G1 X36.453 Y-91.677 E173.15391
G1 X35.019 Y-92.742 E180.63108
G1 X33.465 Y-93.649 E188.1631
G1 X31.871 Y-94.362 E195.47274
G1 X30.19 Y-94.923 E202.89097
G1 X28.485 Y-95.327 E210.22578
G1 X26.742 Y-95.596 E217.60841
G1 X24.964 Y-95.748 E225.07832
G1 X23.151 Y-95.795 E232.67014
G1 X21.346 Y-95.749 E240.22838
G1 X19.588 Y-95.597 E247.61488
G1 X17.872 Y-95.317 E254.89311
G1 X16.2 Y-94.887 E262.11991
G1 X14.569 Y-94.279 E269.40628
G1 X12.981 Y-93.446 E276.91275
G1 X11.542 Y-92.416 E284.32051
G1 X10.234 Y-91.145 E291.95506
G1 X9.121 Y-89.641 E299.78728
G1 X8.282 Y-88.028 E307.39814
G1 X7.666 Y-86.266 E315.21168
G1 X7.287 Y-84.462 E322.92813
G1 X7.109 Y-82.584 E330.82473
G1 X7.111 Y-80.644 E338.94563
G1 X7.276 Y-78.63 E347.40454
G1 X7.587 Y-76.557 E356.17929
G1 X18.544 Y-14.572 E619.67308
G1 X18.943 Y-12.517 E628.43602
G1 X19.48 Y-10.478 E637.26238
G1 X20.098 Y-8.669 E645.2646
G1 X20.846 Y-6.954 E653.09676
G1 X21.769 Y-5.271 E661.13178
G1 X22.793 Y-3.784 E668.68956
G1 X24.018 Y-2.366 E676.53359
G1 X25.348 Y-1.141 E684.1027
G1 X26.788 Y-.082 E691.58514
G1 X28.298 Y.794 E698.8927
G1 X29.942 Y1.527 E706.42758
G1 X31.614 Y2.079 E713.79819
G1 X33.4 Y2.493 E721.47267
G1 X35.063 Y2.749 E728.51604
G1 X36.836 Y2.9 E735.96474
G1 X38.655 Y2.948 E743.58178
G1 X40.459 Y2.901 E751.13594
G1 X42.215 Y2.749 E758.5141
G1 X43.927 Y2.468 E765.77648
G1 X45.596 Y2.036 E772.99321
G1 X47.221 Y1.424 E780.26193
G1 X48.782 Y.599 E787.65279
G1 X50.227 Y-.442 E795.10781
G1 X51.53 Y-1.723 E802.75665
G1 X52.624 Y-3.214 E810.49788
G1 X53.459 Y-4.83 E818.11218
G1 X54.071 Y-6.59 E825.9123
G1 X54.449 Y-8.368 E833.5214
G1 X54.636 Y-10.23 E841.355
G1 X54.651 Y-12.156 E849.41754
G1 X54.51 Y-14.158 E857.81873
G1 X54.225 Y-16.258 E866.68998
G1 X52.987 Y-23.194 E896.18315
G1 X58.005 Y-23.194 E917.18865
G1 X60.024 Y-11.699 E966.04366
G1 X60.356 Y-9.194 E976.62136
G1 X60.427 Y-6.941 E986.05717
G1 X60.267 Y-4.977 E994.30577
G1 X59.903 Y-3.239 E1001.73894
G1 X59.379 Y-1.745 E1008.36638
G1 X58.699 Y-.419 E1014.60437
G1 X57.849 Y.786 E1020.7772
G1 X56.833 Y1.861 E1026.96896
G1 X55.612 Y2.842 E1033.52541
G1 X54.265 Y3.684 E1040.17497
G1 X52.647 Y4.46 E1047.68665
G1 X50.826 Y5.113 E1055.7847
G1 X48.812 Y5.635 E1064.49394
G1 X46.623 Y6.017 E1073.79564
G1 X44.273 Y6.251 E1083.68146
G1 X41.716 Y6.334 E1094.39078
G1 X40.512 Y6.335 E1099.43076
G1 X37.363 Y6.251 E1112.61726
G1 X34.465 Y6.009 E1124.7906
G1 X31.794 Y5.611 E1136.09493
G1 X29.346 Y5.065 E1146.59413
G1 X27.12 Y4.376 E1156.34839
G1 X25.108 Y3.55 E1165.45281
G1 X23.296 Y2.59 E1174.03667
G1 X21.665 Y1.496 E1182.25772
G1 X20.281 Y.334 E1189.8224
G1 X18.96 Y-1.047 E1197.82221
G1 X17.779 Y-2.594 E1205.96936
G1 X16.723 Y-4.326 E1214.46088
G1 X15.794 Y-6.257 E1223.43091
G1 X14.995 Y-8.394 E1232.98127
G1 X14.326 Y-10.757 E1243.26164
G1 X13.786 Y-13.404 E1254.57028
G1 X1.823 Y-81.159 E1542.58176
G1 X1.593 Y-82.542 E1548.45055
G1 X1.445 Y-83.782 E1553.67807
G1 X1.342 Y-86.106 E1563.41595
G1 X1.478 Y-88.119 E1571.86164
G1 X1.837 Y-89.939 E1579.62702
G1 X2.345 Y-91.415 E1586.16131
G1 X3.02 Y-92.726 E1592.33389
G1 X3.84 Y-93.863 E1598.20206
G1 X4.851 Y-94.897 E1604.25558
G1 X5.998 Y-95.789 E1610.33797
G1 X7.416 Y-96.636 E1617.25206
G1 X9.048 Y-97.373 E1624.74797
G1 X10.889 Y-97.991 E1632.87707
G1 X12.931 Y-98.483 E1641.66956
G1 X15.158 Y-98.84 E1651.11087
G1 X17.714 Y-99.061 E1661.85028
G1 X20.162 Y-99.129 E1672.10164
G1 X21.38 Y-99.129 E1677.20023
G1 X23.5 Y-99.078 E1686.07718
G1 X24.562 Y-99.052 E1690.52408
G1 X27.481 Y-98.825 E1702.78
G1 X30.163 Y-98.45 E1714.11615
G1 X32.61 Y-97.932 E1724.58636
G1 X34.826 Y-97.275 E1734.26171
G1 X36.821 Y-96.484 E1743.24531
G1 X38.61 Y-95.564 E1751.66633
G1 X40.215 Y-94.509 E1759.7064
G1 X41.582 Y-93.376 E1767.13867
G1 X42.88 Y-92.026 E1774.97818
G1 X44.101 Y-90.416 E1783.43659
G1 X45.109 Y-88.759 E1791.55545
G1 X46.047 Y-86.802 E1800.6399
G1 X46.864 Y-84.605 E1810.45192
G1 X47.564 Y-82.12 E1821.25904
G1 X48.127 Y-79.38 E1832.96839
G1 X53.224 Y-50.604 E1955.30062
G1 X34.49 Y-50.604 E2033.72172
G1 X33.977 Y-53.515 E2046.09503
G1 X46.244 Y-53.515 E2097.44507
G1 X47.363 Y-57.355 F7800
G92 E0
G1 X50.424 Y-52.282
;TYPE:Gap fill
;WIDTH:2.24398
G1 F1800
G1 X45.706 Y-78.764 E53.68575
G1 X45.259 Y-80.954 E58.14673
;WIDTH:2.30723
G1 X45.123 Y-81.527 E59.36857
G1 X44.712 Y-83.023 E62.58735
G1 X44.462 Y-83.821 E64.32232
G1 X43.983 Y-85.149 E67.25129
G1 X43.715 Y-85.812 E68.73496
G1 X43.16 Y-87.019 E71.49119
G1 X42.886 Y-87.555 E72.74011
G1 X42.108 Y-88.894 E75.95305
G1 X41.521 Y-89.718 E78.05205
;WIDTH:2.24223
G1 X40.902 Y-90.557 E80.13069
;WIDTH:2.17393
G1 X39.942 Y-91.611 E82.85151
;WIDTH:2.09791
G1 X39.591 Y-91.954 E83.74158
;WIDTH:2.01831
G1 X38.832 Y-92.639 E85.49434
;WIDTH:1.93205
G1 X38.365 Y-93.005 E86.44769
;WIDTH:1.83377
G1 X37.898 Y-93.371 E87.32831
;WIDTH:1.73549
G1 X37.278 Y-93.79 E88.34721
;WIDTH:1.66215
G1 X36.841 Y-94.061 E89.00033
;WIDTH:1.57818
G1 X36.405 Y-94.333 E89.59922
;WIDTH:1.49422
G1 X35.962 Y-94.593 E90.14405
;WIDTH:1.43614
G1 X35.43 Y-94.853 E90.72922
;WIDTH:1.3469
G1 X34.898 Y-95.112 E91.2481
;WIDTH:1.25766
G1 X34.365 Y-95.371 E91.70181
;WIDTH:1.16842
G1 X33.721 Y-95.619 E92.15336
G92 E0
G1 X17.24 Y-97.114 F7800
;WIDTH:1.17065
G1 F1800
G1 X16.587 Y-97.003 E.43525
;WIDTH:1.26435
G1 X15.934 Y-96.892 E.94791
;WIDTH:1.35805
G1 X15.57 Y-96.829 E1.277
;WIDTH:1.41057
G1 X15.195 Y-96.736 E1.6465
;WIDTH:1.4985
G1 X14.764 Y-96.622 E2.12176
;WIDTH:1.58643
G1 X14.334 Y-96.509 E2.64447
;WIDTH:1.67436
G1 X13.903 Y-96.395 E3.21751
;WIDTH:1.76228
G1 X13.619 Y-96.318 E3.628
;WIDTH:1.82166
G1 X13.38 Y-96.239 E3.9978
;WIDTH:1.91097
G1 X13.01 Y-96.099 E4.62304
;WIDTH:2.00824
G1 X12.64 Y-95.96 E5.29567
;WIDTH:2.10552
G1 X12.269 Y-95.821 E6.01796
;WIDTH:2.20279
G1 X11.899 Y-95.682 E6.7865
;WIDTH:2.30006
G1 X11.589 Y-95.559 E7.47546
;WIDTH:2.38997
G1 X11.312 Y-95.418 E8.1524
;WIDTH:2.48209
G1 X11.035 Y-95.276 E8.8661
;WIDTH:2.57422
G1 X10.758 Y-95.134 E9.61557
;WIDTH:2.66635
G1 X10.481 Y-94.993 E10.39966
;WIDTH:2.75848
G1 X10.204 Y-94.851 E11.22066
;WIDTH:2.85061
G1 X9.934 Y-94.705 E12.06551
;WIDTH:2.91019
G1 X9.656 Y-94.537 E12.9837
;WIDTH:3.00126
G1 X9.445 Y-94.394 E13.73317
;WIDTH:3.08941
G1 X9.234 Y-94.25 E14.51238
;WIDTH:3.17755
G1 X9.023 Y-94.107 E15.3179
;WIDTH:3.2657
G1 X8.812 Y-93.963 E16.15328
;WIDTH:3.35187
G1 X8.525 Y-93.742 E17.37676
;WIDTH:3.43606
G1 X8.237 Y-93.521 E18.64104
;WIDTH:3.52026
G1 X7.949 Y-93.3 E19.94344
;WIDTH:3.59326
G1 X7.764 Y-93.142 E20.83843
;WIDTH:3.67962
G1 X7.529 Y-92.902 E22.11027
;WIDTH:3.77089
G1 X7.295 Y-92.662 E23.41762
;WIDTH:3.86216
G1 X7.061 Y-92.422 E24.76313
;WIDTH:3.95238
G1 X6.641 Y-91.929 E27.43574
;WIDTH:4.04155
G1 X6.328 Y-91.542 E29.54506
G1 X6.061 Y-91.128 E31.63276
;WIDTH:4.12272
G1 X5.942 Y-90.935 E32.6166
G1 X5.494 Y-90.07 E36.84344
G1 X5.366 Y-89.772 E38.25073
;WIDTH:4.07061
G1 X5.151 Y-89.249 E40.66759
;WIDTH:4.0043
G1 X4.938 Y-88.515 E43.871
;WIDTH:3.9232
G1 X4.789 Y-87.967 E46.19383
;WIDTH:3.84293
G1 X4.682 Y-87.534 E47.97352
;WIDTH:3.75935
G1 X4.617 Y-87.216 E49.23478
;WIDTH:3.67246
G1 X4.54 Y-86.706 E51.18314
;WIDTH:3.58773
G1 X4.452 Y-86.07 E53.54067
;WIDTH:3.49778
G1 X4.422 Y-85.706 E54.84077
;WIDTH:3.4064
G1 X4.393 Y-85.343 E56.09553
;WIDTH:3.31502
G1 X4.363 Y-84.98 E57.30905
;WIDTH:3.22364
G1 X4.348 Y-84.562 E58.65492
;WIDTH:3.15762
G1 X4.335 Y-84.018 E60.36105
;WIDTH:3.08225
G1 X4.34 Y-83.585 E61.67805
;WIDTH:2.99012
G1 X4.345 Y-83.152 E62.94529
;WIDTH:2.898
G1 X4.354 Y-82.764 E64.03647
;WIDTH:2.80759
G1 X4.382 Y-82.398 E65.02711
;WIDTH:2.74254
G1 X4.425 Y-81.872 E66.40859
;WIDTH:2.65601
G1 X4.47 Y-81.35 E67.72353
;WIDTH:2.56764
G1 X4.516 Y-80.833 E68.96898
;WIDTH:2.47742
G1 X4.546 Y-80.502 E69.72907
;WIDTH:2.42266
G1 X4.684 Y-79.437 E72.11173
;WIDTH:2.32287
G1 X4.821 Y-78.372 E74.36045
;WIDTH:2.22308
G1 X5.179 Y-76.174 E78.74702
;WIDTH:2.16384
G1 X16.14 Y-14.133 E198.19001
G1 X16.561 Y-11.998 E202.31563
G1 X16.714 Y-11.338 E203.60008
G1 X17.15 Y-9.745 E206.73127
G1 X17.333 Y-9.16 E207.89335
G1 X17.836 Y-7.758 E210.71724
G1 X18.053 Y-7.221 E211.8153
G1 X18.681 Y-5.853 E214.66907
G1 X18.867 Y-5.492 E215.43898
G1 X19.706 Y-4.042 E218.61501
;WIDTH:2.08695
G1 X20.756 Y-2.583 E221.85053
;WIDTH:2.00685
G1 X21.411 Y-1.837 E223.53826
;WIDTH:1.92422
G1 X22.033 Y-1.174 E224.99009
;WIDTH:1.85106
G1 X22.384 Y-.828 E225.73223
;WIDTH:1.77213
G1 X23.001 Y-.282 E226.8917
G1 X23.245 Y-.09 E227.32864
;WIDTH:1.68288
G1 X23.732 Y.294 E228.13239
;WIDTH:1.5876
G1 X24.015 Y.516 E228.55579
;WIDTH:1.53509
G1 X24.641 Y.936 E229.3938
;WIDTH:1.47092
G1 X25.158 Y1.26 E230.02323
;WIDTH:1.38127
G1 X25.676 Y1.585 E230.58571
;WIDTH:1.29162
G1 X26.262 Y1.892 E231.12023
;WIDTH:1.23893
G1 X26.876 Y2.195 E231.62846
;WIDTH:1.16218
G1 X27.183 Y2.346 E231.84966
G92 E0
G1 X44.263 Y4.343 F7800
;WIDTH:1.16807
G1 F1800
G1 X44.586 Y4.286 E.21447
;WIDTH:1.25661
G1 X45.23 Y4.171 E.71448
;WIDTH:1.34515
G1 X45.874 Y4.056 E1.28674
;WIDTH:1.42613
G1 X46.342 Y3.966 E1.75176
;WIDTH:1.52391
G1 X46.847 Y3.828 E2.32643
;WIDTH:1.62168
G1 X47.352 Y3.69 E2.96494
;WIDTH:1.71946
G1 X47.857 Y3.553 E3.66694
;WIDTH:1.78641
G1 X48.179 Y3.463 E4.14342
;WIDTH:1.8367
G1 X48.331 Y3.411 E4.38244
;WIDTH:1.93164
G1 X48.712 Y3.263 E5.03898
;WIDTH:2.02659
G1 X49.094 Y3.115 E5.74553
;WIDTH:2.12153
G1 X49.476 Y2.967 E6.50059
;WIDTH:2.21648
G1 X49.857 Y2.819 E7.30233
;WIDTH:2.27579
G1 X50.09 Y2.727 E7.81223
;WIDTH:2.33763
G1 X50.296 Y2.621 E8.30167
;WIDTH:2.42866
G1 X50.584 Y2.469 E9.02662
;WIDTH:2.51969
G1 X50.872 Y2.317 E9.78855
;WIDTH:2.61073
G1 X51.161 Y2.165 E10.58962
;WIDTH:2.70176
G1 X51.449 Y2.014 E11.4243
;WIDTH:2.78393
G1 X51.771 Y1.832 E12.4116
;WIDTH:2.863
G1 X52.089 Y1.636 E13.44555
;WIDTH:2.94969
G1 X52.305 Y1.484 E14.20517
;WIDTH:3.03637
G1 X52.522 Y1.332 E14.99579
;WIDTH:3.12305
G1 X52.738 Y1.18 E15.81252
;WIDTH:3.20928
G1 X53.002 Y.982 E16.86846
;WIDTH:3.29507
G1 X53.312 Y.738 E18.17302
;WIDTH:3.38086
G1 X53.622 Y.493 E19.52191
;WIDTH:3.47245
G1 X53.944 Y.215 E21.02275
;WIDTH:3.55997
G1 X54.177 Y-.028 E22.24724
;WIDTH:3.64749
G1 X54.409 Y-.271 E23.50589
;WIDTH:3.73501
G1 X54.641 Y-.514 E24.80121
;WIDTH:3.82052
G1 X55.08 Y-1.039 E27.51276
;WIDTH:3.87655
G1 X55.299 Y-1.302 E28.8927
G1 X55.49 Y-1.586 E30.27268
;WIDTH:3.96414
G1 X55.835 Y-2.152 E33.01778
G1 X56.38 Y-3.241 E38.06091
;WIDTH:3.91076
G1 X56.54 Y-3.632 E39.78236
;WIDTH:3.85239
G1 X56.713 Y-4.128 E41.88459
G1 X56.895 Y-4.784 E44.60902
;WIDTH:3.765
G1 X57.077 Y-5.439 E47.25549
;WIDTH:3.69524
G1 X57.119 Y-5.641 E48.04073
;WIDTH:3.63319
G1 X57.196 Y-6.125 E49.86803
;WIDTH:3.55644
G1 X57.284 Y-6.721 E52.05665
;WIDTH:3.4797
G1 X57.346 Y-7.222 E53.84225
;WIDTH:3.38104
G1 X57.382 Y-7.631 E55.24398
;WIDTH:3.28237
G1 X57.409 Y-7.979 E56.39268
;WIDTH:3.21258
G1 X57.431 Y-8.63 E58.47962
;WIDTH:3.12675
G1 X57.439 Y-9.17 E60.15211
;WIDTH:3.02761
G1 X57.432 Y-9.599 E61.42779
;WIDTH:2.92847
G1 X57.425 Y-10.028 E62.65041
;WIDTH:2.85982
G1 X57.403 Y-10.42 E63.73558
;WIDTH:2.77917
G1 X57.368 Y-10.998 E65.27781
;WIDTH:2.69851
G1 X57.331 Y-11.515 E66.60614
;WIDTH:2.61533
G1 X57.293 Y-11.972 E67.73378
;WIDTH:2.53215
G1 X57.266 Y-12.274 E68.4479
;WIDTH:2.47746
G1 X57.162 Y-13.119 E70.39503
;WIDTH:2.38909
G1 X57.059 Y-13.965 E72.25021
;WIDTH:2.29686
G1 X56.829 Y-15.533 E75.51768
;WIDTH:2.22191
G1 X56.654 Y-16.656 E77.75476
G1 X55.794 Y-21.516 E87.4693
G92 E0
G1 X-160.96 Y-43.83 F7800
;TYPE:External perimeter
;WIDTH:4
G1 F1800
G1 X-161.805 Y-43.83 E3.5372
G1 X-153.938 Y1.677 E196.85645
G1 X-121.406 Y1.677 E333.0364
G1 X-120.831 Y5.065 E347.42147
G1 X-158.283 Y5.065 E504.19669
G1 X-176.37 Y-97.859 E941.64168
G1 X-138.449 Y-97.859 E1100.38015
G1 X-137.833 Y-94.471 E1114.79493
G1 X-170.702 Y-94.471 E1252.38557
G1 X-162.506 Y-47.377 E1452.48568
G1 X-134.961 Y-47.377 E1567.78989
G1 X-134.366 Y-43.83 E1582.84519
G1 X-160.36 Y-43.83 E1691.65687
G1 X-161.481 Y-39.991 F7800
G92 E0
G1 X-163.823 Y-45.651
;TYPE:Gap fill
;WIDTH:0.897302
G1 F1800
G1 X-163.849 Y-45.636 E.00949
;WIDTH:0.996521
G1 X-163.901 Y-45.606 E.0359
;WIDTH:1.09574
G1 X-163.954 Y-45.576 E.07023
;WIDTH:1.19496
G1 X-164.006 Y-45.546 E.1115
;WIDTH:1.29418
G1 X-164.058 Y-45.516 E.1602
;WIDTH:1.3934
G1 X-164.11 Y-45.486 E.21633
;WIDTH:1.49262
G1 X-164.163 Y-45.456 E.28081
;WIDTH:1.59184
G1 X-164.215 Y-45.426 E.3518
;WIDTH:1.69105
G1 X-164.267 Y-45.396 E.43021
;WIDTH:1.79027
G1 X-164.32 Y-45.366 E.5173
;WIDTH:1.88949
G1 X-164.372 Y-45.336 E.61057
;WIDTH:1.98871
G1 X-164.424 Y-45.306 E.71127
;WIDTH:2.08793
G1 X-164.476 Y-45.276 E.8194
;WIDTH:2.18715
G1 X-164.529 Y-45.246 E.93663
;WIDTH:2.28637
G1 X-164.581 Y-45.216 E1.05962
G1 X-161.757 Y-29.015 E34.75097
;WIDTH:2.19682
G1 X-156.11 Y3.387 E98.46001
G92 E0
G1 X-164.581 Y-45.216 F7800
;WIDTH:2.28637
G1 F1800
G1 X-164.685 Y-45.565 E.74607
G1 X-173.537 Y-96.181 E106.01664
G92 E0
G1 X-102.449 Y-66.373 F7800
;TYPE:External perimeter
;WIDTH:4
G1 F1800
G1 X-107.274 Y-66.373 E20.1976
G1 X-109.931 Y-81.442 E84.24994
G1 X-110.149 Y-82.824 E90.10657
G1 X-110.29 Y-84.074 E95.37229
G1 X-110.385 Y-86.406 E105.14221
G1 X-110.25 Y-88.424 E113.6085
G1 X-109.916 Y-90.171 E121.05395
G1 X-109.405 Y-91.69 E127.76269
G1 X-108.763 Y-92.958 E133.71214
G1 X-107.985 Y-94.05 E139.32478
G1 X-107.023 Y-95.042 E145.10924
G1 X-105.796 Y-95.983 E151.58205
G1 X-104.518 Y-96.738 E157.7956
G1 X-103.012 Y-97.409 E164.69719
G1 X-101.12 Y-98.04 E173.04601
G1 X-99.108 Y-98.512 E181.69695
G1 X-96.953 Y-98.846 E190.82555
G1 X-94.499 Y-99.06 E201.13705
G1 X-91.925 Y-99.129 E211.91576
G1 X-91.475 Y-99.125 E213.79955
G1 X-88.467 Y-99.055 E226.39454
G1 X-85.562 Y-98.836 E238.58947
G1 X-82.911 Y-98.475 E249.78906
G1 X-80.51 Y-97.977 E260.05363
G1 X-78.35 Y-97.344 E269.47572
G1 X-76.424 Y-96.584 E278.143
G1 X-74.707 Y-95.698 E286.23091
G1 X-73.257 Y-94.74 E293.50577
G1 X-71.888 Y-93.593 E300.98199
G1 X-70.599 Y-92.212 E308.8898
G1 X-69.538 Y-90.785 E316.33346
G1 X-68.528 Y-89.077 E324.63971
G1 X-67.627 Y-87.135 E333.6013
G1 X-66.835 Y-84.943 E343.35765
G1 X-66.159 Y-82.488 E354.01683
G1 X-65.589 Y-79.69 E365.96991
G1 X-62.684 Y-64.213 E431.88847
G1 X-62.45 Y-62.544 E438.94329
G1 X-62.365 Y-61.135 E444.85213
G1 X-62.403 Y-59.874 E450.13311
G1 X-62.548 Y-58.749 E454.88135
G1 X-62.789 Y-57.733 E459.25237
G1 X-63.119 Y-56.792 E463.42662
G1 X-63.518 Y-55.945 E467.34589
G1 X-64.065 Y-55.041 E471.76889
G1 X-64.7 Y-54.188 E476.22034
G1 X-65.423 Y-53.365 E480.80602
G1 X-66.313 Y-52.487 E486.03937
G1 X-67.336 Y-51.595 E491.72096
G1 X-68.489 Y-50.687 E497.86441
G1 X-69.768 Y-49.76 E504.47671
G1 X-71.252 Y-48.756 E511.97692
G1 X-72.665 Y-47.846 E519.01228
G1 X-86.081 Y-39.786 E584.52769
G1 X-88.383 Y-38.215 E596.19406
G1 X-90.508 Y-36.438 E607.78971
G1 X-92.224 Y-34.534 E618.51924
G1 X-93.018 Y-33.369 E624.42089
G1 X-93.674 Y-32.165 E630.16041
G1 X-94.179 Y-30.971 E635.58719
G1 X-94.61 Y-29.579 E641.68706
G1 X-94.87 Y-28.273 E647.2613
G1 X-95.02 Y-26.89 E653.08453
G1 X-95.003 Y-24.208 E664.31169
G1 X-94.654 Y-21.342 E676.39748
G1 X-92.854 Y-11.672 E717.5717
G1 X-92.374 Y-9.84 E725.49937
G1 X-91.761 Y-8.059 E733.38393
G1 X-91.028 Y-6.4 E740.97621
G1 X-90.162 Y-4.843 E748.43417
G1 X-89.124 Y-3.355 E756.02877
G1 X-88.02 Y-2.079 E763.09187
G1 X-86.71 Y-.868 E770.55971
G1 X-85.415 Y.101 E777.3302
G1 X-83.957 Y.975 E784.44601
G1 X-82.42 Y1.693 E791.54734
G1 X-80.817 Y2.256 E798.65938
G1 X-79.188 Y2.668 E805.69314
G1 X-77.525 Y2.949 E812.75319
G1 X-75.832 Y3.109 E819.87172
G1 X-74.111 Y3.159 E827.07892
G1 X-72.394 Y3.109 E834.26938
G1 X-70.718 Y2.947 E841.31786
G1 X-69.079 Y2.652 E848.28901
G1 X-67.483 Y2.206 E855.22587
G1 X-65.932 Y1.584 E862.22103
G1 X-64.448 Y.76 E869.32648
G1 X-63.076 Y-.268 E876.50301
G1 X-61.858 Y-1.488 E883.71942
G1 X-60.815 Y-2.912 E891.10824
G1 X-60 Y-4.472 E898.47592
G1 X-59.413 Y-6.109 E905.75569
G1 X-59.023 Y-7.852 E913.23235
G1 X-58.827 Y-9.598 E920.58707
G1 X-58.796 Y-11.351 E927.92633
G1 X-58.922 Y-13.353 E936.32334
G1 X-59.179 Y-15.277 E944.4488
G1 X-60.982 Y-24.781 E984.94242
G1 X-56.259 Y-24.781 E1004.71304
G1 X-53.9 Y-11.032 E1063.10777
G1 X-53.684 Y-9.718 E1068.68204
G1 X-53.556 Y-8.566 E1073.53402
G1 X-53.494 Y-6.387 E1082.65907
G1 X-53.67 Y-4.498 E1090.60073
G1 X-54.049 Y-2.845 E1097.69979
G1 X-54.601 Y-1.396 E1104.19057
G1 X-55.311 Y-.111 E1110.33609
G1 X-56.18 Y1.038 E1116.36653
G1 X-57.22 Y2.074 E1122.51144
G1 X-58.443 Y3.013 E1128.96587
G1 X-59.852 Y3.855 E1135.83689
G1 X-61.445 Y4.588 E1143.1773
G1 X-63.207 Y5.203 E1150.98946
G1 X-65.122 Y5.691 E1159.2619
G1 X-67.168 Y6.046 E1167.95448
G1 X-69.32 Y6.261 E1177.00766
G1 X-71.885 Y6.334 E1187.74918
G1 X-74.724 Y6.257 E1199.63769
G1 X-77.393 Y6.033 E1210.84948
G1 X-79.942 Y5.655 E1221.63636
G1 X-82.259 Y5.141 E1231.57118
G1 X-84.337 Y4.51 E1240.66195
G1 X-86.294 Y3.731 E1249.47918
G1 X-88.151 Y2.777 E1258.21843
G1 X-89.707 Y1.778 E1265.95878
G1 X-91.182 Y.599 E1273.86325
G1 X-92.518 Y-.733 E1281.76046
G1 X-93.724 Y-2.23 E1289.80749
G1 X-94.808 Y-3.909 E1298.17337
G1 X-95.772 Y-5.788 E1307.01367
G1 X-96.609 Y-7.883 E1316.45741
G1 X-97.31 Y-10.206 E1326.61466
G1 X-97.872 Y-12.795 E1337.70469
G1 X-100.289 Y-26.877 E1397.51435
G1 X-100.465 Y-28.223 E1403.19671
G1 X-100.52 Y-29.506 E1408.57232
G1 X-100.473 Y-30.578 E1413.06406
G1 X-100.324 Y-31.642 E1417.56146
G1 X-100.058 Y-32.731 E1422.25407
G1 X-99.744 Y-33.65 E1426.31939
G1 X-99.315 Y-34.608 E1430.71334
G1 X-98.788 Y-35.554 E1435.24634
G1 X-98.178 Y-36.46 E1439.81839
G1 X-97.417 Y-37.426 E1444.96615
G1 X-96.569 Y-38.354 E1450.22839
G1 X-95.606 Y-39.28 E1455.82085
G1 X-94.582 Y-40.159 E1461.47
G1 X-93.338 Y-41.124 E1468.06052
G1 X-92.107 Y-41.989 E1474.35849
G1 X-90.624 Y-42.946 E1481.74673
G1 X-77.566 Y-50.982 E1545.92947
G1 X-75.171 Y-52.537 E1557.8828
G1 X-72.998 Y-54.264 E1569.50193
G1 X-71.132 Y-56.23 E1580.8484
G1 X-70.288 Y-57.404 E1586.90096
G1 X-69.582 Y-58.627 E1592.81226
G1 X-69.003 Y-59.922 E1598.75033
G1 X-68.558 Y-61.279 E1604.72841
G1 X-68.257 Y-62.682 E1610.73505
G1 X-68.092 Y-64.098 E1616.70258
G1 X-68.046 Y-65.531 E1622.70425
G1 X-68.109 Y-67.01 E1628.901
G1 X-68.479 Y-69.851 E1640.89395
G1 X-70.086 Y-78.858 E1679.19293
G1 X-70.453 Y-80.743 E1687.23176
G1 X-70.947 Y-82.589 E1695.23108
G1 X-71.563 Y-84.347 E1703.02881
G1 X-72.305 Y-86.012 E1710.65932
G1 X-73.178 Y-87.576 E1718.15714
G1 X-74.186 Y-89.037 E1725.5873
G1 X-75.376 Y-90.423 E1733.23422
G1 X-76.575 Y-91.562 E1740.15691
G1 X-77.949 Y-92.622 E1747.42118
G1 X-79.435 Y-93.541 E1754.73507
G1 X-81.063 Y-94.326 E1762.3008
G1 X-82.596 Y-94.898 E1769.15014
G1 X-84.269 Y-95.351 E1776.40556
G1 X-85.981 Y-95.663 E1783.69008
G1 X-87.727 Y-95.843 E1791.03763
G1 X-89.509 Y-95.901 E1798.50109
G1 X-91.284 Y-95.843 E1805.93526
G1 X-93.012 Y-95.658 E1813.21006
G1 X-94.692 Y-95.328 E1820.37698
G1 X-96.32 Y-94.832 E1827.50111
G1 X-97.923 Y-94.133 E1834.82153
G1 X-99.364 Y-93.267 E1841.85909
G1 X-100.691 Y-92.203 E1848.97907
G1 X-101.892 Y-90.923 E1856.32648
G1 X-102.9 Y-89.464 E1863.74975
G1 X-103.676 Y-87.896 E1871.07327
G1 X-104.235 Y-86.252 E1878.34205
G1 X-104.603 Y-84.518 E1885.76229
G1 X-104.788 Y-82.752 E1893.19527
G1 X-104.814 Y-80.954 E1900.72254
G1 X-104.698 Y-79.118 E1908.42342
G1 X-104.443 Y-77.166 E1916.66398
G1 X-102.558 Y-66.963 E1960.09683
G1 X-106.513 Y-66.363 F7800
G92 E0
G1 X-105.166 Y-68.051
;TYPE:Gap fill
;WIDTH:1.9958
G1 F1800
G1 X-106.743 Y-76.786 E14.9678
G1 X-106.906 Y-77.843 E16.77127
;WIDTH:2.08926
G1 X-107.116 Y-79.303 E19.43052
;WIDTH:2.17704
G1 X-107.209 Y-80.083 E20.9327
;WIDTH:2.26481
G1 X-107.302 Y-80.863 E22.52088
;WIDTH:2.31883
G1 X-107.327 Y-81.161 E23.14564
;WIDTH:2.40796
G1 X-107.364 Y-81.632 E24.1852
;WIDTH:2.49532
G1 X-107.401 Y-82.117 E25.30847
;WIDTH:2.58091
G1 X-107.437 Y-82.616 E26.51722
;WIDTH:2.67329
G1 X-107.462 Y-83.072 E27.67322
;WIDTH:2.75121
G1 X-107.466 Y-83.408 E28.55645
;WIDTH:2.84674
G1 X-107.468 Y-83.849 E29.76816
;WIDTH:2.94226
G1 X-107.47 Y-84.29 E31.03242
;WIDTH:3.03137
G1 X-107.45 Y-84.905 E32.8648
;WIDTH:3.10386
G1 X-107.427 Y-85.222 E33.84001
;WIDTH:3.19914
G1 X-107.394 Y-85.603 E35.05886
;WIDTH:3.29441
G1 X-107.362 Y-85.984 E36.32287
;WIDTH:3.38968
G1 X-107.33 Y-86.365 E37.63231
;WIDTH:3.47957
G1 X-107.243 Y-86.993 E39.87471
;WIDTH:3.55911
G1 X-107.18 Y-87.331 E41.12489
;WIDTH:3.64954
G1 X-107.112 Y-87.672 E42.42844
;WIDTH:3.73997
G1 X-107.044 Y-88.012 E43.76742
;WIDTH:3.81572
G1 X-106.905 Y-88.538 E45.91981
;WIDTH:3.89147
G1 X-106.766 Y-89.064 E48.1236
;WIDTH:3.95035
G1 X-106.687 Y-89.323 E49.24033
;WIDTH:4.02658
G1 X-106.47 Y-89.847 E51.63326
;WIDTH:4.08185
G1 X-106.254 Y-90.37 E54.05968
G1 X-105.841 Y-91.19 E57.99674
G1 X-105.367 Y-91.869 E61.54764
G1 X-105.18 Y-92.097 E62.81211
;WIDTH:3.9846
G1 X-104.806 Y-92.553 E65.26952
;WIDTH:3.88978
G1 X-104.601 Y-92.769 E66.47516
;WIDTH:3.79739
G1 X-104.414 Y-92.959 E67.52374
;WIDTH:3.74178
G1 X-104.169 Y-93.187 E68.81692
;WIDTH:3.67083
G1 X-103.881 Y-93.434 E70.24938
;WIDTH:3.57977
G1 X-103.629 Y-93.636 E71.43205
;WIDTH:3.48871
G1 X-103.378 Y-93.837 E72.57306
;WIDTH:3.39765
G1 X-103.126 Y-94.039 E73.68237
;WIDTH:3.30712
G1 X-102.94 Y-94.171 E74.44001
;WIDTH:3.2171
G1 X-102.755 Y-94.303 E75.16943
;WIDTH:3.14301
G1 X-102.606 Y-94.401 E75.72534
;WIDTH:3.06757
G1 X-102.298 Y-94.589 E76.81619
;WIDTH:2.97486
G1 X-101.989 Y-94.777 E77.86779
;WIDTH:2.88013
G1 X-101.748 Y-94.908 E78.63289
;WIDTH:2.78339
G1 X-101.507 Y-95.04 E79.36617
;WIDTH:2.68664
G1 X-101.266 Y-95.171 E80.06508
;WIDTH:2.5899
G1 X-101.025 Y-95.302 E80.73089
;WIDTH:2.49316
G1 X-100.793 Y-95.424 E81.3355
;WIDTH:2.41333
G1 X-100.426 Y-95.593 E82.22724
;WIDTH:2.32232
G1 X-100.144 Y-95.708 E82.86482
;WIDTH:2.22831
G1 X-99.862 Y-95.822 E83.46595
;WIDTH:2.13431
G1 X-99.58 Y-95.936 E84.03141
;WIDTH:2.0403
G1 X-99.298 Y-96.051 E84.56187
;WIDTH:1.9463
G1 X-99.016 Y-96.165 E85.05601
;WIDTH:1.85408
G1 X-98.674 Y-96.282 E85.60164
;WIDTH:1.78045
G1 X-98.314 Y-96.387 E86.13327
;WIDTH:1.68392
G1 X-97.953 Y-96.491 E86.62064
;WIDTH:1.58739
G1 X-97.593 Y-96.596 E87.06197
;WIDTH:1.49085
G1 X-97.232 Y-96.701 E87.45917
;WIDTH:1.39432
G1 X-97.01 Y-96.764 E87.67519
;WIDTH:1.34208
G1 X-96.457 Y-96.882 E88.16766
;WIDTH:1.25477
G1 X-95.951 Y-96.979 E88.56027
;WIDTH:1.16746
G1 X-95.445 Y-97.077 E88.8969
G92 E0
G1 X-79.623 Y-95.739 F7800
;WIDTH:1.16019
G1 F1800
G1 X-78.985 Y-95.494 E.44017
;WIDTH:1.2353
G1 X-78.47 Y-95.268 E.85508
;WIDTH:1.28604
G1 X-77.998 Y-95.031 E1.27815
;WIDTH:1.37972
G1 X-77.526 Y-94.794 E1.76294
;WIDTH:1.47341
G1 X-76.762 Y-94.377 E2.66356
;WIDTH:1.52647
G1 X-76.5 Y-94.211 E3.00502
;WIDTH:1.62226
G1 X-76.052 Y-93.927 E3.65235
;WIDTH:1.71804
G1 X-75.482 Y-93.536 E4.57847
;WIDTH:1.78016
G1 X-74.937 Y-93.133 E5.53915
;WIDTH:1.85522
G1 X-74.634 Y-92.893 E6.12318
;WIDTH:1.92804
G1 X-73.653 Y-92.014 E8.23303
;WIDTH:2.00663
G1 X-72.977 Y-91.277 E9.93294
;WIDTH:2.0732
G1 X-72.318 Y-90.524 E11.71691
G1 X-71.546 Y-89.45 E14.075
G1 X-71.136 Y-88.807 E15.43457
G1 X-70.65 Y-87.961 E17.174
G1 X-70.209 Y-87.095 E18.90658
;WIDTH:2.00479
G1 X-69.815 Y-86.234 E20.51388
G1 X-69.411 Y-85.231 E22.34939
;WIDTH:1.93767
G1 X-69.057 Y-84.237 E24.05218
G1 X-68.76 Y-83.288 E25.65691
;WIDTH:1.87764
G1 X-68.396 Y-81.952 E27.78783
G1 X-68.228 Y-81.235 E28.92111
G1 X-67.833 Y-79.251 E32.03422
G1 X-67.007 Y-74.736 E39.0977
;WIDTH:1.94393
G1 X-66.181 Y-70.221 E46.5407
G1 X-66.059 Y-69.456 E47.79689
;WIDTH:2.02787
G1 X-65.825 Y-67.985 E50.36818
;WIDTH:2.11082
G1 X-65.699 Y-67.185 E51.85002
;WIDTH:2.16369
G1 X-65.625 Y-66.541 E53.07887
;WIDTH:2.25657
G1 X-65.552 Y-65.897 E54.38259
;WIDTH:2.34945
G1 X-65.509 Y-65.512 E55.20672
;WIDTH:2.40965
G1 X-65.474 Y-65.064 E56.19643
;WIDTH:2.50723
G1 X-65.44 Y-64.615 E57.24297
;WIDTH:2.60481
G1 X-65.405 Y-64.166 E58.3445
;WIDTH:2.70239
G1 X-65.38 Y-63.771 E59.36072
;WIDTH:2.79799
G1 X-65.376 Y-63.395 E60.37102
;WIDTH:2.89395
G1 X-65.371 Y-63.018 E61.42916
;WIDTH:2.9899
G1 X-65.367 Y-62.641 E62.53239
;WIDTH:3.08585
G1 X-65.363 Y-62.264 E63.68074
;WIDTH:3.13687
G1 X-65.368 Y-62.145 E64.0511
;WIDTH:3.20941
G1 X-65.395 Y-61.792 E65.18399
;WIDTH:3.30509
G1 X-65.422 Y-61.44 E66.35581
;WIDTH:3.40076
G1 X-65.448 Y-61.088 E67.56951
;WIDTH:3.48221
G1 X-65.493 Y-60.72 E68.88201
;WIDTH:3.54942
G1 X-65.538 Y-60.382 E70.11775
;WIDTH:3.62299
G1 X-65.583 Y-60.126 E71.08358
;WIDTH:3.69833
G1 X-65.672 Y-59.731 E72.62617
;WIDTH:3.77447
G1 X-65.762 Y-59.336 E74.20807
;WIDTH:3.85797
G1 X-65.956 Y-58.661 E77.02361
G1 X-66.078 Y-58.354 E78.34796
;WIDTH:3.93408
G1 X-66.446 Y-57.514 E82.11145
G1 X-66.609 Y-57.202 E83.55604
;WIDTH:3.87943
G1 X-67.009 Y-56.554 E86.62924
;WIDTH:3.81775
G1 X-67.339 Y-56.067 E88.95806
;WIDTH:3.73272
G1 X-67.573 Y-55.741 E90.50409
;WIDTH:3.65354
G1 X-67.898 Y-55.341 E92.43881
;WIDTH:3.57716
G1 X-68.238 Y-54.943 E94.35394
;WIDTH:3.4891
G1 X-68.521 Y-54.621 E95.87527
;WIDTH:3.40666
G1 X-68.746 Y-54.374 E97.02663
;WIDTH:3.32983
G1 X-69.239 Y-53.891 E99.33882
;WIDTH:3.2524
G1 X-69.734 Y-53.44 E101.51757
;WIDTH:3.15564
G1 X-70.229 Y-52.989 E103.6155
;WIDTH:3.05886
G1 X-70.561 Y-52.698 E104.94532
;WIDTH:2.97747
G1 X-70.893 Y-52.407 E106.23032
;WIDTH:2.89607
G1 X-71.179 Y-52.164 E107.28458
;WIDTH:2.83767
G1 X-71.818 Y-51.691 E109.45999
;WIDTH:2.78379
G1 X-72.742 Y-51.013 E112.51896
;WIDTH:2.69581
G1 X-73.303 Y-50.611 E114.28535
;WIDTH:2.62744
G1 X-74.065 Y-50.096 E116.56081
G1 X-75.114 Y-49.44 E119.62184
;WIDTH:2.54357
G1 X-79.931 Y-46.494 E133.00102
;WIDTH:2.45316
G1 X-87.429 Y-41.935 E152.80426
;WIDTH:2.36058
G1 X-88.357 Y-41.333 E155.17283
;WIDTH:2.46024
G1 X-89.988 Y-40.262 E159.59339
;WIDTH:2.53613
G1 X-90.627 Y-39.791 E161.46699
;WIDTH:2.6239
G1 X-91.362 Y-39.228 E163.75354
;WIDTH:2.70194
G1 X-92.457 Y-38.353 E167.35162
;WIDTH:2.79162
G1 X-92.827 Y-38.009 E168.70501
;WIDTH:2.87505
G1 X-93.257 Y-37.589 E170.37778
;WIDTH:2.95213
G1 X-93.687 Y-37.169 E172.10834
;WIDTH:3.02949
G1 X-94.495 Y-36.333 E175.56788
;WIDTH:3.08501
G1 X-94.755 Y-36.008 E176.83513
;WIDTH:3.17618
G1 X-95.154 Y-35.504 E178.86549
;WIDTH:3.26637
G1 X-95.61 Y-34.876 E181.4041
;WIDTH:3.3214
G1 X-95.96 Y-34.318 E183.60387
;WIDTH:3.40074
G1 X-96.18 Y-33.954 E185.06637
G1 X-96.563 Y-33.229 E187.88585
;WIDTH:3.45395
G1 X-96.872 Y-32.52 E190.59662
G1 X-97.036 Y-32.088 E192.2162
G1 X-97.333 Y-31.069 E195.93637
;WIDTH:3.37159
G1 X-97.435 Y-30.609 E197.53942
;WIDTH:3.29537
G1 X-97.51 Y-30.246 E198.76528
;WIDTH:3.23675
G1 X-97.57 Y-29.751 E200.37786
;WIDTH:3.16063
G1 X-97.614 Y-29.316 E201.75034
;WIDTH:3.07745
G1 X-97.643 Y-28.941 E202.89201
;WIDTH:2.98723
G1 X-97.663 Y-28.65 E203.74456
;WIDTH:2.92203
G1 X-97.667 Y-28.267 E204.83293
;WIDTH:2.84725
G1 X-97.663 Y-27.87 E205.92404
;WIDTH:2.75338
G1 X-97.658 Y-27.473 E206.9687
;WIDTH:2.65951
G1 X-97.653 Y-27.176 E207.71549
;WIDTH:2.58545
G1 X-97.644 Y-26.97 E208.21484
;WIDTH:2.53434
G1 X-97.593 Y-26.395 E209.576
;WIDTH:2.43993
G1 X-97.542 Y-25.82 E210.86918
;WIDTH:2.34551
G1 X-97.491 Y-25.246 E212.09227
;WIDTH:2.2511
G1 X-97.441 Y-24.671 E213.24932
;WIDTH:2.15668
G1 X-97.39 Y-24.096 E214.33857
;WIDTH:2.06227
G1 X-97.233 Y-23.014 E216.27287
;WIDTH:2.0043
G1 X-96.94 Y-21.01 E219.70958
;WIDTH:1.9057
G1 X-96.473 Y-18.396 E223.8889
;WIDTH:1.97851
G1 X-95.551 Y-13.246 E232.59851
G1 X-95.136 Y-11.186 E236.09673
G1 X-95.043 Y-10.793 E236.76903
G1 X-94.592 Y-9.193 E239.53637
;WIDTH:1.90705
G1 X-94.417 Y-8.65 E240.43525
G1 X-93.897 Y-7.249 E242.78979
;WIDTH:1.85469
G1 X-93.683 Y-6.739 E243.6251
G1 X-93.055 Y-5.421 E245.83007
;WIDTH:1.78737
G1 X-92.852 Y-5.039 E246.44708
G1 X-92.315 Y-4.144 E247.93579
;WIDTH:1.73122
G1 X-91.933 Y-3.524 E248.92348
G1 X-91.595 Y-3.074 E249.6868
;WIDTH:1.6631
G1 X-90.919 Y-2.172 E251.11984
;WIDTH:1.58548
G1 X-90.461 Y-1.668 E251.9197
;WIDTH:1.51751
G1 X-89.795 Y-.954 E252.98372
;WIDTH:1.44512
G1 X-89.503 Y-.673 E253.38874
;WIDTH:1.37092
G1 X-88.542 Y.155 E254.53914
;WIDTH:1.27743
G1 X-88.152 Y.457 E254.92896
;WIDTH:1.19102
G1 X-87.501 Y.925 E255.47617
G92 E0
G1 X-67.308 Y4.136 F7800
;WIDTH:1.14858
G1 F1800
G1 X-66.849 Y4.032 E.2963
;WIDTH:1.24217
G1 X-66.418 Y3.909 E.6308
;WIDTH:1.33576
G1 X-65.987 Y3.787 E1.01739
;WIDTH:1.42935
G1 X-65.556 Y3.665 E1.45627
;WIDTH:1.499
G1 X-65.05 Y3.5 E2.02397
;WIDTH:1.55442
G1 X-64.837 Y3.417 E2.28361
;WIDTH:1.6441
G1 X-64.512 Y3.288 E2.71986
;WIDTH:1.73377
G1 X-64.187 Y3.158 E3.19572
;WIDTH:1.82345
G1 X-63.862 Y3.029 E3.71019
;WIDTH:1.90419
G1 X-63.432 Y2.837 E4.45048
;WIDTH:1.96605
G1 X-63.137 Y2.701 E4.9862
;WIDTH:2.05472
G1 X-62.881 Y2.565 E5.49633
;WIDTH:2.14339
G1 X-62.626 Y2.429 E6.03686
;WIDTH:2.23205
G1 X-62.37 Y2.293 E6.6111
;WIDTH:2.32497
G1 X-61.993 Y2.068 E7.53169
;WIDTH:2.41789
G1 X-61.616 Y1.843 E8.50316
;WIDTH:2.50195
G1 X-61.316 Y1.659 E9.31879
;WIDTH:2.59808
G1 X-61.092 Y1.503 E9.98415
;WIDTH:2.69301
G1 X-60.789 Y1.266 E10.96734
;WIDTH:2.78794
G1 X-60.486 Y1.03 E11.99443
;WIDTH:2.88287
G1 X-60.183 Y.793 E13.06872
;WIDTH:2.97892
G1 X-59.754 Y.431 E14.70357
;WIDTH:3.06194
G1 X-59.51 Y.192 E15.7337
;WIDTH:3.15332
G1 X-59.285 Y-.039 E16.74303
;WIDTH:3.2404
G1 X-58.997 Y-.357 E18.1325
;WIDTH:3.32318
G1 X-58.649 Y-.763 E19.91951
;WIDTH:3.38831
G1 X-58.475 Y-.965 E20.83214
G1 X-58.171 Y-1.387 E22.61248
;WIDTH:3.46447
G1 X-57.909 Y-1.8 E24.33316
G1 X-57.423 Y-2.705 E27.94708
G1 X-57.222 Y-3.151 E29.66813
;WIDTH:3.39664
G1 X-56.997 Y-3.739 E31.82978
G1 X-56.817 Y-4.357 E34.03985
;WIDTH:3.32013
G1 X-56.636 Y-4.974 E36.18622
;WIDTH:3.25212
G1 X-56.584 Y-5.206 E36.9597
;WIDTH:3.19217
G1 X-56.496 Y-5.735 E38.66421
;WIDTH:3.09636
G1 X-56.378 Y-6.48 E40.97155
;WIDTH:3.00582
G1 X-56.345 Y-6.823 E41.98671
;WIDTH:2.92055
G1 X-56.312 Y-7.165 E42.96239
;WIDTH:2.83528
G1 X-56.288 Y-7.455 E43.75776
;WIDTH:2.7691
G1 X-56.262 Y-8.07 E45.38945
;WIDTH:2.683
G1 X-56.249 Y-8.575 E46.67429
;WIDTH:2.59531
G1 X-56.249 Y-8.97 E47.63573
;WIDTH:2.50762
G1 X-56.249 Y-9.365 E48.55397
;WIDTH:2.45747
G1 X-56.254 Y-9.473 E48.79854
;WIDTH:2.39673
G1 X-56.287 Y-9.933 E49.80685
;WIDTH:2.3137
G1 X-56.321 Y-10.393 E50.76754
;WIDTH:2.23066
G1 X-56.356 Y-10.874 E51.72206
;WIDTH:2.13632
G1 X-56.394 Y-11.375 E52.65737
;WIDTH:2.08057
G1 X-56.45 Y-11.858 E53.52871
;WIDTH:1.98891
G1 X-56.549 Y-12.706 E54.96105
;WIDTH:1.89724
G1 X-56.648 Y-13.555 E56.29733
;WIDTH:1.81334
G1 X-56.968 Y-15.65 E59.38877
G1 X-57.416 Y-18.135 E63.07209
;WIDTH:1.89422
G1 X-58.314 Y-23.103 E70.94567
G92 E0
G1 X-303.451 Y-124.926 F7800
;TYPE:External perimeter
;WIDTH:3.07796
G1 F1800
G1 X-312.659 Y-124.926 E27.95556
G1 X-312.751 Y-124.95 E28.24422
;WIDTH:3.1766
G1 X-312.936 Y-125 E28.84961
;WIDTH:3.27525
G1 X-313.122 Y-125.049 E29.4809
;WIDTH:3.37389
G1 X-313.307 Y-125.098 E30.13257
;WIDTH:3.47254
G1 X-313.492 Y-125.148 E30.8087
;WIDTH:3.57118
G1 X-313.677 Y-125.197 E31.50746
;WIDTH:3.66983
G1 X-313.862 Y-125.246 E32.22977
;WIDTH:3.76847
G1 X-313.955 Y-125.271 E32.60508
G1 X-313.955 Y-125.429 E33.22085
;WIDTH:3.67179
G1 X-313.955 Y-125.588 E33.82134
;WIDTH:3.57511
G1 X-313.955 Y-125.746 E34.399
;WIDTH:3.47843
G1 X-313.955 Y-125.905 E34.96115
;WIDTH:3.38175
G1 X-313.955 Y-126.063 E35.50071
;WIDTH:3.28507
G1 X-313.955 Y-152.601 E122.92577
G1 X-313.04 Y-148.707 F7800
G92 E0
G1 X-313.955 Y-125.271
;WIDTH:3.76847
G1 F1800
G1 X-314.14 Y-125.222 E.74585
;WIDTH:3.66983
G1 X-314.325 Y-125.172 E1.46913
;WIDTH:3.57118
G1 X-314.511 Y-125.123 E2.17142
;WIDTH:3.47254
G1 X-314.696 Y-125.074 E2.84663
;WIDTH:3.37389
G1 X-314.881 Y-125.024 E3.49918
;WIDTH:3.27525
G1 X-315.066 Y-124.975 E4.1273
;WIDTH:3.1766
G1 X-315.252 Y-124.926 E4.73493
;WIDTH:3.07796
G1 X-324.512 Y-124.926 E32.84837
G1 X-320.512 Y-124.926 F7800
G92 E0
G1 X-294.503 Y2.75
;WIDTH:4
G1 F1800
G1 X-296.248 Y2.481 E7.39091
G1 X-297.957 Y2.079 E14.74009
G1 X-299.626 Y1.529 E22.09615
G1 X-301.243 Y.814 E29.49716
G1 X-302.724 Y-.04 E36.65353
G1 X-304.227 Y-1.132 E44.4304
G1 X-305.561 Y-2.358 E52.01466
G1 X-306.763 Y-3.74 E59.68176
G1 X-307.816 Y-5.266 E67.44285
G1 X-308.722 Y-6.912 E75.30786
G1 X-309.488 Y-8.673 E83.34665
G1 X-310.122 Y-10.547 E91.62804
G1 X-310.634 Y-12.531 E100.20522
G1 X-311.023 Y-14.584 E108.95205
G1 X-321.978 Y-76.557 E372.39491
G1 X-322.289 Y-78.63 E381.16966
G1 X-322.454 Y-80.639 E389.60771
G1 X-322.456 Y-82.575 E397.71187
G1 X-322.278 Y-84.462 E405.64598
G1 X-321.899 Y-86.266 E413.36243
G1 X-321.283 Y-88.029 E421.17992
G1 X-320.431 Y-89.663 E428.89388
G1 X-319.348 Y-91.126 E436.51344
G1 X-318.021 Y-92.419 E444.26922
G1 X-316.504 Y-93.492 E452.04738
G1 X-314.994 Y-94.28 E459.17722
G1 X-313.365 Y-94.887 E466.45428
G1 X-311.693 Y-95.317 E473.68108
G1 X-309.977 Y-95.597 E480.95931
G1 X-308.219 Y-95.749 E488.34581
G1 X-306.511 Y-95.793 E495.49792
G1 X-304.603 Y-95.748 E503.48709
G1 X-302.823 Y-95.596 E510.96534
G1 X-301.079 Y-95.326 E518.35275
G1 X-299.359 Y-94.918 E525.75252
G1 X-297.71 Y-94.369 E533.02779
G1 X-296.078 Y-93.638 E540.5134
G1 X-294.544 Y-92.741 E547.95202
G1 X-293.131 Y-91.693 E555.31619
G1 X-291.811 Y-90.47 E562.84887
G1 X-290.659 Y-89.139 E570.21755
G1 X-289.558 Y-87.548 E578.31672
G1 X-288.668 Y-85.934 E586.03208
G1 X-287.899 Y-84.185 E594.02988
G1 X-287.254 Y-82.323 E602.27866
G1 X-286.723 Y-80.342 E610.86392
G1 X-286.307 Y-78.296 E619.60378
G1 X-275.34 Y-16.254 E883.33981
G1 X-275.055 Y-14.158 E892.19447
G1 X-274.914 Y-12.156 E900.59566
G1 X-274.929 Y-10.231 E908.65401
G1 X-275.111 Y-8.406 E916.33141
G1 X-275.493 Y-6.592 E924.09141
G1 X-276.106 Y-4.83 E931.90081
G1 X-276.948 Y-3.203 E939.56947
G1 X-278.035 Y-1.722 E947.25962
G1 X-279.338 Y-.443 E954.90259
G1 X-280.784 Y.6 E962.3659
G1 X-282.375 Y1.438 E969.89322
G1 X-283.97 Y2.036 E977.02378
G1 X-285.638 Y2.468 E984.23646
G1 X-287.35 Y2.749 E991.49884
G1 X-289.106 Y2.901 E998.877
G1 X-290.91 Y2.948 E1006.43116
G1 X-292.723 Y2.9 E1014.02309
G1 X-293.905 Y2.8 E1018.98865
G1 X-297.832 Y2.042 F7800
G92 E0
G1 X-315.314 Y-10.683
G1 F1800
G1 X-315.883 Y-13.395 E11.59969
G1 X-327.845 Y-81.14 E299.56922
G1 X-328.205 Y-83.795 E310.78483
G1 X-328.285 Y-85.916 E319.66971
G1 X-328.142 Y-87.894 E327.97129
G1 X-327.762 Y-89.754 E335.91814
G1 X-327.27 Y-91.169 E342.18921
G1 X-326.583 Y-92.514 E348.51136
G1 X-325.735 Y-93.702 E354.62131
G1 X-324.708 Y-94.769 E360.82062
G1 X-323.584 Y-95.663 E366.83251
G1 X-322.172 Y-96.534 E373.77727
G1 X-320.433 Y-97.337 E381.79538
G1 X-318.714 Y-97.937 E389.4169
G1 X-316.683 Y-98.449 E398.18472
G1 X-314.468 Y-98.823 E407.58802
G1 X-312.081 Y-99.052 E417.62595
G1 X-309.508 Y-99.129 E428.40143
G1 X-308.159 Y-99.127 E434.04839
G1 X-305.167 Y-99.051 E446.57703
G1 X-302.156 Y-98.808 E459.22215
G1 X-299.505 Y-98.422 E470.43634
G1 X-297.076 Y-97.891 E480.84433
G1 X-294.869 Y-97.22 E490.50045
G1 X-292.876 Y-96.413 E499.50119
G1 X-291.082 Y-95.474 E507.97742
G1 X-289.578 Y-94.478 E515.52857
G1 X-288.028 Y-93.189 E523.96736
G1 X-286.817 Y-91.918 E531.31615
G1 X-285.637 Y-90.379 E539.43416
G1 X-284.578 Y-88.653 E547.9108
G1 X-283.578 Y-86.569 E557.58683
G1 X-282.809 Y-84.52 E566.74818
G1 X-282.111 Y-82.088 E577.33961
G1 X-281.541 Y-79.367 E588.97703
G1 X-269.596 Y-11.71 E876.57143
G1 X-269.263 Y-9.162 E887.32814
G1 X-269.19 Y-6.922 E896.70983
G1 X-269.357 Y-4.827 E905.50738
G1 X-269.72 Y-3.088 E912.94379
G1 X-270.26 Y-1.559 E919.73167
G1 X-270.9 Y-.31 E925.60645
G1 X-271.741 Y.884 E931.71994
G1 X-272.754 Y1.952 E937.88179
G1 X-273.949 Y2.906 E944.28264
G1 X-275.256 Y3.711 E950.70826
G1 X-276.964 Y4.521 E958.62126
G1 X-278.774 Y5.153 E966.64657
G1 X-280.788 Y5.66 E975.34027
G1 X-282.863 Y6.011 E984.14968
G1 X-285.364 Y6.258 E994.66988
G1 X-287.924 Y6.335 E1005.39096
G1 X-289.139 Y6.335 E1010.47699
G1 X-292.306 Y6.257 E1023.73817
G1 X-295.214 Y6.027 E1035.94916
G1 X-298.046 Y5.615 E1047.92879
G1 X-300.348 Y5.121 E1057.78442
G1 X-302.571 Y4.454 E1067.49982
G1 X-304.577 Y3.65 E1076.54635
G1 X-306.381 Y2.711 E1085.05969
G1 X-307.882 Y1.722 E1092.58421
G1 X-309.343 Y.516 E1100.51445
G1 X-310.65 Y-.849 E1108.42535
G1 X-311.829 Y-2.395 E1116.56409
G1 X-312.889 Y-4.142 E1125.11795
G1 X-313.828 Y-6.103 E1134.21931
G1 X-314.64 Y-8.285 E1143.96518
G1 X-315.157 Y-10.104 E1151.88115
G1 X-315.974 Y-14.02 F7800
G92 E0
G1 X-301.449 Y2.803
;TYPE:Gap fill
;WIDTH:1.16741
G1 F1800
G1 X-302.134 Y2.539 E.47943
;WIDTH:1.26658
G1 X-302.766 Y2.232 E1.0252
;WIDTH:1.36575
G1 X-303.398 Y1.925 E1.65787
;WIDTH:1.42513
G1 X-303.869 Y1.686 E2.17257
;WIDTH:1.52313
G1 X-304.429 Y1.339 E2.8951
;WIDTH:1.62113
G1 X-304.989 Y.992 E3.69815
;WIDTH:1.69492
G1 X-305.647 Y.556 E4.73298
;WIDTH:1.78374
G1 X-306.083 Y.216 E5.51908
;WIDTH:1.87255
G1 X-306.518 Y-.124 E6.36522
;WIDTH:1.92784
G1 X-307.25 Y-.765 E7.92348
;WIDTH:2.00044
G1 X-307.566 Y-1.073 E8.67014
;WIDTH:2.06977
G1 X-308.182 Y-1.729 E10.27062
;WIDTH:2.13904
G1 X-308.804 Y-2.428 E12.01559
;WIDTH:2.2065
G1 X-309.789 Y-3.785 E15.28381
G1 X-309.93 Y-4.006 E15.79476
;WIDTH:2.26807
G1 X-310.695 Y-5.329 E18.8908
G1 X-310.93 Y-5.786 E19.93186
G1 X-311.523 Y-7.081 E22.81734
G1 X-311.792 Y-7.748 E24.27435
G1 X-312.261 Y-9.064 E27.10465
G1 X-312.493 Y-9.81 E28.68735
G1 X-312.865 Y-11.181 E31.56525
G1 X-313.06 Y-12.016 E33.30237
G1 X-313.479 Y-14.139 E37.68626
G1 X-324.438 Y-76.166 E165.29131
;WIDTH:2.32749
G1 X-324.796 Y-78.367 E169.97413
;WIDTH:2.42702
G1 X-324.933 Y-79.43 E172.35793
;WIDTH:2.52655
G1 X-325.07 Y-80.493 E174.87477
;WIDTH:2.57977
G1 X-325.1 Y-80.816 E175.65806
;WIDTH:2.66591
G1 X-325.144 Y-81.311 E176.91141
;WIDTH:2.75773
G1 X-325.191 Y-81.923 E178.52976
;WIDTH:2.85523
G1 X-325.24 Y-82.651 E180.54228
;WIDTH:2.92366
G1 X-325.249 Y-82.973 E181.45826
;WIDTH:3.02205
G1 X-325.258 Y-83.403 E182.73404
;WIDTH:3.12043
G1 X-325.267 Y-83.834 E184.06568
;WIDTH:3.20432
G1 X-325.264 Y-84.312 E185.59226
;WIDTH:3.2737
G1 X-325.249 Y-84.837 E187.31504
;WIDTH:3.34503
G1 X-325.226 Y-85.163 E188.4161
;WIDTH:3.43104
G1 X-325.196 Y-85.513 E189.6373
;WIDTH:3.51704
G1 X-325.166 Y-85.863 E190.89618
;WIDTH:3.5965
G1 X-325.084 Y-86.446 E193.06436
;WIDTH:3.67595
G1 X-325.002 Y-87.029 E195.29089
;WIDTH:3.74572
G1 X-324.945 Y-87.337 E196.50274
;WIDTH:3.82553
G1 X-324.824 Y-87.804 E198.41719
;WIDTH:3.92428
G1 X-324.629 Y-88.513 E201.42584
;WIDTH:3.99224
G1 X-324.531 Y-88.867 E202.95988
G1 X-324.312 Y-89.471 E205.64309
;WIDTH:4.05912
G1 X-324.153 Y-89.838 E207.34684
G1 X-323.682 Y-90.751 E211.72304
G1 X-323.506 Y-91.037 E213.15354
;WIDTH:3.96596
G1 X-323.186 Y-91.539 E215.62028
;WIDTH:3.9069
G1 X-322.726 Y-92.088 E218.53532
;WIDTH:3.81901
G1 X-322.386 Y-92.472 E220.56651
;WIDTH:3.72834
G1 X-322.144 Y-92.722 E221.90512
;WIDTH:3.63768
G1 X-321.903 Y-92.972 E223.20179
;WIDTH:3.54698
G1 X-321.694 Y-93.172 E224.24926
;WIDTH:3.4771
G1 X-321.436 Y-93.379 E225.41817
;WIDTH:3.38311
G1 X-321.098 Y-93.643 E226.88349
;WIDTH:3.28912
G1 X-320.761 Y-93.906 E228.2939
;WIDTH:3.19681
G1 X-320.54 Y-94.058 E229.148
;WIDTH:3.10617
G1 X-320.319 Y-94.21 E229.97178
;WIDTH:3.01554
G1 X-320.098 Y-94.362 E230.76523
;WIDTH:2.92491
G1 X-319.878 Y-94.514 E231.52602
;WIDTH:2.83389
G1 X-319.567 Y-94.701 E232.51729
;WIDTH:2.76547
G1 X-319.248 Y-94.876 E233.48013
;WIDTH:2.66678
G1 X-318.933 Y-95.038 E234.37388
;WIDTH:2.56809
G1 X-318.619 Y-95.2 E235.22189
;WIDTH:2.4694
G1 X-318.305 Y-95.362 E236.02641
;WIDTH:2.37071
G1 X-317.99 Y-95.523 E236.78837
;WIDTH:2.29268
G1 X-317.848 Y-95.589 E237.11041
;WIDTH:2.23125
G1 X-317.556 Y-95.704 E237.73178
;WIDTH:2.13547
G1 X-317.172 Y-95.85 E238.4961
;WIDTH:2.03968
G1 X-316.789 Y-95.996 E239.20971
;WIDTH:1.94389
G1 X-316.405 Y-96.143 E239.87644
;WIDTH:1.8481
G1 X-316.075 Y-96.262 E240.40336
;WIDTH:1.75642
G1 X-315.869 Y-96.329 E240.70397
;WIDTH:1.69233
G1 X-315.392 Y-96.457 E241.34985
;WIDTH:1.59888
G1 X-314.914 Y-96.585 E241.93932
;WIDTH:1.50543
G1 X-314.436 Y-96.713 E242.47111
;WIDTH:1.41197
G1 X-314.095 Y-96.801 E242.80853
;WIDTH:1.34955
G1 X-313.624 Y-96.89 E243.23046
;WIDTH:1.25926
G1 X-312.96 Y-97.007 E243.74801
;WIDTH:1.16896
G1 X-312.295 Y-97.123 E244.19016
G92 E0
G1 X-295.07 Y-95.251 F7800
;WIDTH:1.21504
G1 F1800
G1 X-294.396 Y-94.919 E.53531
;WIDTH:1.30628
G1 X-293.721 Y-94.587 E1.15686
;WIDTH:1.37056
G1 X-293.166 Y-94.26 E1.74077
;WIDTH:1.46211
G1 X-292.667 Y-93.948 E2.34143
;WIDTH:1.55367
G1 X-292.168 Y-93.635 E3.00989
;WIDTH:1.6268
G1 X-291.532 Y-93.169 E3.97657
;WIDTH:1.71185
G1 X-291.119 Y-92.845 E4.67583
;WIDTH:1.77949
G1 X-290.561 Y-92.374 E5.71016
;WIDTH:1.85309
G1 X-289.98 Y-91.843 E6.89733
;WIDTH:1.93608
G1 X-289.618 Y-91.488 E7.71454
;WIDTH:2.00045
G1 X-288.773 Y-90.554 E9.84575
;WIDTH:2.07855
G1 X-288.127 Y-89.69 E11.77625
;WIDTH:2.14401
G1 X-287.631 Y-89.009 E13.35265
G1 X-287.108 Y-88.134 E15.26007
;WIDTH:2.19835
G1 X-286.729 Y-87.482 E16.7223
G1 X-286.503 Y-87.043 E17.67965
G1 X-285.84 Y-85.604 E20.75164
G1 X-285.615 Y-85.048 E21.9146
G1 X-285.145 Y-83.748 E24.59486
G1 X-284.914 Y-83.013 E26.08869
G1 X-284.494 Y-81.498 E29.13693
G1 X-284.346 Y-80.878 E30.37283
G1 X-283.939 Y-78.905 E34.27885
G1 X-272.938 Y-16.645 E156.86553
G1 X-272.763 Y-15.526 E159.06155
;WIDTH:2.29023
G1 X-272.533 Y-13.963 E162.30575
;WIDTH:2.37934
G1 X-272.429 Y-13.118 E164.14869
;WIDTH:2.46846
G1 X-272.325 Y-12.272 E166.08851
;WIDTH:2.51977
G1 X-272.299 Y-11.976 E166.78376
;WIDTH:2.60186
G1 X-272.262 Y-11.528 E167.88159
;WIDTH:2.68321
G1 X-272.225 Y-11.011 E169.20002
;WIDTH:2.7638
G1 X-272.189 Y-10.425 E170.75243
;WIDTH:2.82234
G1 X-272.168 Y-10.033 E171.81909
;WIDTH:2.90662
G1 X-272.162 Y-9.664 E172.86066
;WIDTH:2.9909
G1 X-272.157 Y-9.296 E173.93805
;WIDTH:3.07519
G1 X-272.151 Y-8.927 E175.05721
;WIDTH:3.15473
G1 X-272.171 Y-8.324 E176.9467
;WIDTH:3.22045
G1 X-272.189 Y-7.883 E178.36514
;WIDTH:3.30611
G1 X-272.221 Y-7.527 E179.55203
;WIDTH:3.39176
G1 X-272.252 Y-7.172 E180.77339
;WIDTH:3.48448
G1 X-272.323 Y-6.609 E182.78392
;WIDTH:3.58425
G1 X-272.434 Y-5.838 E185.64071
;WIDTH:3.66832
G1 X-272.506 Y-5.469 E187.05896
;WIDTH:3.75988
G1 X-272.635 Y-4.958 E189.10729
;WIDTH:3.84722
G1 X-272.816 Y-4.306 E191.81086
;WIDTH:3.90449
G1 X-272.906 Y-3.979 E193.19019
G1 X-273.113 Y-3.416 E195.62971
;WIDTH:3.98772
G1 X-273.342 Y-2.887 E198.03387
G1 X-273.774 Y-2.047 E201.97343
G1 X-273.921 Y-1.806 E203.1508
;WIDTH:3.91103
G1 X-274.207 Y-1.353 E205.33393
;WIDTH:3.85729
G1 X-274.737 Y-.7 E208.70476
;WIDTH:3.77271
G1 X-275.082 Y-.307 E210.74559
;WIDTH:3.67429
G1 X-275.341 Y-.037 E212.15976
;WIDTH:3.57586
G1 X-275.6 Y.233 E213.528
;WIDTH:3.48931
G1 X-275.769 Y.392 E214.35152
;WIDTH:3.43604
G1 X-276.071 Y.628 E215.68632
;WIDTH:3.3502
G1 X-276.372 Y.863 E216.97535
;WIDTH:3.26437
G1 X-276.674 Y1.099 E218.22809
;WIDTH:3.17586
G1 X-276.899 Y1.257 E219.09637
;WIDTH:3.08468
G1 X-277.124 Y1.414 E219.93163
;WIDTH:2.9935
G1 X-277.349 Y1.571 E220.73569
;WIDTH:2.90232
G1 X-277.606 Y1.742 E221.60525
;WIDTH:2.81604
G1 X-278.007 Y1.979 E222.86726
;WIDTH:2.7282
G1 X-278.287 Y2.126 E223.68942
;WIDTH:2.63726
G1 X-278.568 Y2.272 E224.47676
;WIDTH:2.54632
G1 X-278.848 Y2.418 E225.22608
;WIDTH:2.45538
G1 X-279.128 Y2.564 E225.93958
;WIDTH:2.36445
G1 X-279.408 Y2.71 E226.61727
;WIDTH:2.29691
G1 X-279.515 Y2.759 E226.85992
;WIDTH:2.24222
G1 X-279.902 Y2.908 E227.68666
;WIDTH:2.1439
G1 X-280.289 Y3.056 E228.46188
;WIDTH:2.04558
G1 X-280.677 Y3.204 E229.18792
;WIDTH:1.94727
G1 X-281.064 Y3.352 E229.86152
;WIDTH:1.84895
G1 X-281.338 Y3.454 E230.30099
;WIDTH:1.79509
G1 X-281.488 Y3.502 E230.52714
;WIDTH:1.7301
G1 X-281.96 Y3.629 E231.18939
;WIDTH:1.63674
G1 X-282.431 Y3.756 E231.79353
;WIDTH:1.54338
G1 X-282.903 Y3.883 E232.34195
;WIDTH:1.45003
G1 X-283.235 Y3.969 E232.68682
;WIDTH:1.39882
G1 X-283.37 Y4 E232.81726
;WIDTH:1.34611
G1 X-284.014 Y4.114 E233.39014
;WIDTH:1.25719
G1 X-284.657 Y4.228 E233.88974
;WIDTH:1.16827
G1 X-285.301 Y4.343 E234.31767
G92 E0
G1 X-330.677 Y-123.709 F7800
;TYPE:External perimeter
;WIDTH:3.2367
G1 F1800
G1 X-330.677 Y-148.361 E79.72463
G1 X-330.701 Y-148.428 E79.95479
;WIDTH:3.33348
G1 X-330.749 Y-148.561 E80.42913
;WIDTH:3.43025
G1 X-330.798 Y-148.695 E80.92499
;WIDTH:3.52703
G1 X-330.846 Y-148.829 E81.43685
;WIDTH:3.6238
G1 X-330.894 Y-148.963 E81.96589
;WIDTH:3.72058
G1 X-330.943 Y-149.097 E82.51342
;WIDTH:3.81735
G1 X-330.991 Y-149.231 E83.07682
;WIDTH:3.91412
G1 X-331.04 Y-149.365 E83.65879
;WIDTH:4.0109
G1 X-331.088 Y-149.499 E84.25655
;WIDTH:4.10767
G1 X-331.136 Y-149.632 E84.86743
;WIDTH:4.20445
G1 X-331.185 Y-149.766 E85.50107
;WIDTH:4.30122
G1 X-331.233 Y-149.9 E86.15038
;WIDTH:4.398
G1 X-331.282 Y-150.034 E86.81846
;WIDTH:4.49477
G1 X-331.33 Y-150.168 E87.50213
;WIDTH:4.59155
G1 X-331.374 Y-150.262 E88.01317
;WIDTH:4.6697
G1 X-331.393 Y-150.289 E88.17895
G1 X-331.139 Y-151.06 E92.25506
;WIDTH:4.57135
G1 X-330.884 Y-151.83 E96.22848
;WIDTH:4.473
G1 X-330.63 Y-152.601 E100.10544
G1 X-330.637 Y-148.601 F7800
G1 X-331.393 Y-150.289
;WIDTH:4.6697
G1 F1800
G1 X-331.473 Y-150.243 E100.56882
;WIDTH:4.59639
G1 X-331.593 Y-150.163 E101.27982
;WIDTH:4.49829
G1 X-331.714 Y-150.083 E101.97718
;WIDTH:4.4002
G1 X-331.834 Y-150.003 E102.65289
;WIDTH:4.30211
G1 X-331.954 Y-149.924 E103.30843
;WIDTH:4.20402
G1 X-332.074 Y-149.844 E103.94885
;WIDTH:4.10593
G1 X-332.194 Y-149.764 E104.57162
;WIDTH:4.00783
G1 X-332.315 Y-149.684 E105.18024
;WIDTH:3.90974
G1 X-332.435 Y-149.604 E105.76772
;WIDTH:3.81165
G1 X-332.555 Y-149.525 E106.33537
;WIDTH:3.71356
G1 X-332.675 Y-149.445 E106.88756
;WIDTH:3.61546
G1 X-332.796 Y-149.365 E107.42519
;WIDTH:3.51737
G1 X-332.916 Y-149.285 E107.94209
;WIDTH:3.41928
G1 X-333.036 Y-149.205 E108.44135
;WIDTH:3.32119
G1 X-333.096 Y-149.165 E108.68216
G1 X-349.424 Y-127.144 E200.22792
G1 X-349.543 Y-127.065 E200.7049
;WIDTH:3.41757
G1 X-349.663 Y-126.985 E201.20385
;WIDTH:3.51452
G1 X-349.782 Y-126.906 E201.71527
;WIDTH:3.61147
G1 X-349.901 Y-126.826 E202.24602
;WIDTH:3.70843
G1 X-350.02 Y-126.747 E202.79199
;WIDTH:3.80538
G1 X-350.14 Y-126.667 E203.3607
;WIDTH:3.90233
G1 X-350.259 Y-126.587 E203.94347
;WIDTH:3.99928
G1 X-350.378 Y-126.508 E204.54126
;WIDTH:4.09623
G1 X-350.498 Y-126.428 E205.16229
;WIDTH:4.19318
G1 X-350.617 Y-126.349 E205.79462
;WIDTH:4.29014
G1 X-350.736 Y-126.269 E206.44675
;WIDTH:4.38709
G1 X-350.856 Y-126.19 E207.11752
;WIDTH:4.48404
G1 X-350.975 Y-126.11 E207.80433
;WIDTH:4.58099
G1 X-351.094 Y-126.031 E208.50575
G1 X-351.423 Y-125.036 E213.65205
;WIDTH:4.49012
G1 X-351.642 Y-124.372 E217.00627
;WIDTH:4.39722
G1 X-351.861 Y-123.709 E220.27503
G1 X-349.488 Y-126.929 F7800
G1 X-351.094 Y-126.031
;WIDTH:4.62947
G1 F1800
G1 X-351.119 Y-126.066 E220.48885
;WIDTH:4.57931
G1 X-351.153 Y-126.113 E220.77359
;WIDTH:4.51104
G1 X-351.202 Y-126.249 E221.47085
;WIDTH:4.41273
G1 X-351.252 Y-126.385 E222.152
;WIDTH:4.31441
G1 X-351.301 Y-126.521 E222.81381
;WIDTH:4.2161
G1 X-351.35 Y-126.657 E223.4579
;WIDTH:4.11779
G1 X-351.399 Y-126.793 E224.08426
;WIDTH:4.01948
G1 X-351.448 Y-126.929 E224.6929
;WIDTH:3.92117
G1 X-351.497 Y-127.065 E225.28381
;WIDTH:3.82286
G1 X-351.547 Y-127.201 E225.85835
;WIDTH:3.72455
G1 X-351.596 Y-127.337 E226.41381
;WIDTH:3.62624
G1 X-351.645 Y-127.473 E226.95154
;WIDTH:3.52793
G1 X-351.694 Y-127.609 E227.47155
;WIDTH:3.42962
G1 X-351.743 Y-127.745 E227.97383
;WIDTH:3.3313
G1 X-351.792 Y-127.881 E228.45839
;WIDTH:3.23299
G1 X-351.817 Y-127.949 E228.69236
G1 X-351.817 Y-152.601 E308.30296
G1 X-351.817 Y-148.601 F7800
G92 E0
G1 X-358.908 Y-124.926
;WIDTH:3.07797
G1 F1800
G1 X-374.518 Y-124.926 E47.39225
;WIDTH:3.17145
G1 X-374.722 Y-124.972 E48.05153
;WIDTH:3.26494
G1 X-374.925 Y-125.019 E48.73274
;WIDTH:3.35843
G1 X-375.128 Y-125.066 E49.43825
;WIDTH:3.45192
G1 X-375.332 Y-125.113 E50.17146
;WIDTH:3.54772
G1 X-375.637 Y-125.183 E51.30487
G1 X-375.681 Y-125.423 E52.18862
;WIDTH:3.45887
G1 X-375.726 Y-125.663 E53.04597
;WIDTH:3.37002
G1 X-375.77 Y-125.903 E53.87564
;WIDTH:3.28434
G1 X-375.815 Y-126.143 E54.67983
G1 X-375.815 Y-136.885 E90.05775
G1 X-375.791 Y-136.986 E90.39965
;WIDTH:3.37955
G1 X-375.743 Y-137.189 E91.11142
;WIDTH:3.47477
G1 X-375.696 Y-137.392 E91.84716
;WIDTH:3.56998
G1 X-375.648 Y-137.595 E92.60848
;WIDTH:3.66519
G1 X-375.6 Y-137.798 E93.39457
;WIDTH:3.75934
G1 X-375.529 Y-138.102 E94.60766
G1 X-375.394 Y-138.102 E95.13225
;WIDTH:3.662
G1 X-375.259 Y-138.102 E95.64045
;WIDTH:3.56466
G1 X-375.125 Y-138.102 E96.12862
;WIDTH:3.46732
G1 X-374.99 Y-138.102 E96.60404
;WIDTH:3.36998
G1 X-374.855 Y-138.102 E97.06307
;WIDTH:3.27264
G1 X-374.72 Y-138.102 E97.50571
;WIDTH:3.1753
G1 X-374.586 Y-138.102 E97.92881
;WIDTH:3.07797
G1 X-360.284 Y-138.102 E141.34994
G1 X-361.065 Y-134.179 F7800
G92 E0
G1 X-358.696 Y-151.437
;WIDTH:3.07798
G1 F1800
G1 X-374.518 Y-151.437 E48.0362
G1 X-374.62 Y-151.413 E48.35433
;WIDTH:3.17147
G1 X-374.823 Y-151.367 E49.01054
;WIDTH:3.26496
G1 X-375.027 Y-151.32 E49.69494
;WIDTH:3.35844
G1 X-375.23 Y-151.273 E50.40045
;WIDTH:3.45193
G1 X-375.433 Y-151.226 E51.13025
;WIDTH:3.54542
G1 X-375.637 Y-151.18 E51.88707
G1 X-375.704 Y-150.82 E53.2123
;WIDTH:3.45887
G1 X-375.748 Y-150.58 E54.06901
;WIDTH:3.37002
G1 X-375.792 Y-150.34 E54.89868
;WIDTH:3.28116
G1 X-375.815 Y-150.22 E55.3006
G1 X-375.815 Y-139.319 E91.15896
G1 X-375.791 Y-139.217 E91.50365
;WIDTH:3.33195
G1 X-375.743 Y-139.015 E92.19977
;WIDTH:3.42716
G1 X-375.696 Y-138.812 E92.92314
;WIDTH:3.52237
G1 X-375.648 Y-138.609 E93.67207
;WIDTH:3.61759
G1 X-375.6 Y-138.406 E94.44577
;WIDTH:3.7128
G1 X-375.553 Y-138.203 E95.24337
;WIDTH:3.80801
G1 X-375.529 Y-138.102 E95.65307
G1 X-372.755 Y-140.984 F7800
G92 E0
G1 X-391.822 Y-151.384
;WIDTH:3.07797
G1 F1800
G1 X-406.427 Y-151.384 E44.34105
G1 X-406.535 Y-151.36 E44.67694
;WIDTH:3.17421
G1 X-406.752 Y-151.312 E45.37836
;WIDTH:3.27046
G1 X-406.968 Y-151.264 E46.10326
;WIDTH:3.3667
G1 X-407.185 Y-151.215 E46.85878
;WIDTH:3.46295
G1 X-407.401 Y-151.167 E47.6368
;WIDTH:3.55919
G1 X-407.509 Y-151.143 E48.03909
G1 X-407.556 Y-150.899 E48.94264
;WIDTH:3.46535
G1 X-407.603 Y-150.655 E49.81711
;WIDTH:3.3715
G1 X-407.65 Y-150.411 E50.66249
;WIDTH:3.27765
G1 X-407.697 Y-150.167 E51.47878
;WIDTH:3.18381
G1 X-407.697 Y-123.709 E135.29846
G1 X-406.12 Y-127.384 F7800
G92 E0
G1 X-385.631 Y-123.709
G1 F1800
G1 X-385.631 Y-152.601 E91.53066
G1 X-385.631 Y-148.601 F7800
G92 E0
G1 X-417.539 Y-123.709
;WIDTH:3.18377
G1 F1800
G1 X-417.539 Y-152.601 E91.52951
G1 X-417.539 Y-148.601 F7800
G92 E0
G1 X-426.165 Y-131.276
;WIDTH:3.27654
G1 F1800
G1 X-426.32 Y-129.898 E4.55345
G1 X-426.754 Y-128.631 E8.95119
G1 X-426.932 Y-128.3 E10.18528
G1 X-427.448 Y-127.48 E13.36665
G1 X-427.566 Y-127.33 E13.99334
;WIDTH:3.19138
G1 X-428.392 Y-126.462 E17.80062
G1 X-428.718 Y-126.202 E19.12558
;WIDTH:3.13603
G1 X-429.574 Y-125.609 E22.36252
G1 X-429.792 Y-125.487 E23.13906
G1 X-430.97 Y-124.952 E27.16075
G1 X-431.174 Y-124.883 E27.83016
;WIDTH:3.05356
G1 X-432.674 Y-124.51 E32.47583
G1 X-434.275 Y-124.375 E37.30484
G1 X-434.454 Y-124.378 E37.84291
G1 X-435.948 Y-124.496 E42.34723
G1 X-437.18 Y-124.778 E46.14587
G1 X-437.552 Y-124.889 E47.31266
G1 X-438.684 Y-125.369 E51.00821
;WIDTH:3.12358
G1 X-438.935 Y-125.5 E51.8839
G1 X-439.675 Y-125.976 E54.60527
G1 X-439.996 Y-126.216 E55.84491
;WIDTH:3.18399
G1 X-440.109 Y-126.307 E56.30458
G1 X-440.929 Y-127.13 E59.9854
;WIDTH:3.23438
G1 X-441.053 Y-127.28 E60.61423
G1 X-441.518 Y-127.987 E63.34843
G1 X-441.669 Y-128.249 E64.32551
G1 X-441.747 Y-128.405 E64.88906
G1 X-442.069 Y-129.289 E67.92895
;WIDTH:3.29201
G1 X-442.189 Y-129.717 E69.39714
;WIDTH:3.35118
G1 X-442.277 Y-130.334 E71.5017
G1 X-442.324 Y-130.999 E73.75287
G1 X-442.267 Y-131.889 E76.76437
;WIDTH:3.40659
G1 X-442.141 Y-132.518 E78.9749
G1 X-441.948 Y-133.095 E81.07146
G1 X-441.749 Y-133.536 E82.73865
G1 X-441.275 Y-134.244 E85.67462
G1 X-441.088 Y-134.476 E86.70143
G1 X-440.251 Y-135.287 E90.71747
G1 X-439.176 Y-135.996 E95.15492
;WIDTH:3.34202
G1 X-437.917 Y-136.61 E99.86893
G1 X-437.663 Y-136.715 E100.79389
;WIDTH:3.27791
G1 X-436.149 Y-137.264 E106.08491
G1 X-431.911 Y-138.634 E120.71788
G1 X-430.421 Y-139.175 E125.92582
;WIDTH:3.32913
G1 X-430.082 Y-139.314 E127.15297
;WIDTH:3.3803
G1 X-428.831 Y-139.927 E131.90781
;WIDTH:3.43152
G1 X-427.765 Y-140.639 E136.36501
G1 X-427.496 Y-140.878 E137.61616
;WIDTH:3.48405
G1 X-426.932 Y-141.444 E140.44674
G1 X-426.517 Y-141.993 E142.88471
G1 X-426.269 Y-142.383 E144.52196
G1 X-426.109 Y-142.714 E145.82434
G1 X-425.856 Y-143.435 E148.53117
;WIDTH:3.4309
G1 X-425.736 Y-144.047 E150.69913
G1 X-425.702 Y-144.351 E151.76249
;WIDTH:3.36458
G1 X-425.673 Y-144.82 E153.35708
G1 X-425.681 Y-145.288 E154.94547
G1 X-425.712 Y-145.648 E156.17165
G1 X-425.809 Y-146.341 E158.54627
;WIDTH:3.30023
G1 X-425.917 Y-146.796 E160.09568
G1 X-425.995 Y-147.037 E160.93495
G1 X-426.238 Y-147.661 E163.15365
;WIDTH:3.2368
G1 X-426.347 Y-147.884 E163.9564
;WIDTH:3.18107
G1 X-426.493 Y-148.142 E164.89454
G1 X-426.98 Y-148.895 E167.73244
G1 X-427.145 Y-149.098 E168.5603
;WIDTH:3.10406
G1 X-427.975 Y-149.935 E172.1774
G1 X-428.192 Y-150.108 E173.02899
;WIDTH:3.03857
G1 X-429.224 Y-150.789 E176.72209
G1 X-429.439 Y-150.901 E177.44618
G1 X-430.78 Y-151.455 E181.77993
;WIDTH:2.98186
G1 X-432.355 Y-151.827 E186.49923
G1 X-434.148 Y-151.964 E191.74312
G1 X-435.942 Y-151.816 E196.99245
G1 X-437.531 Y-151.421 E201.76723
;WIDTH:3.03902
G1 X-437.736 Y-151.352 E202.41342
G1 X-438.989 Y-150.791 E206.51474
;WIDTH:3.09676
G1 X-439.235 Y-150.655 E207.37473
G1 X-440.093 Y-150.075 E210.54325
G1 X-440.392 Y-149.841 E211.70487
;WIDTH:3.15898
G1 X-440.502 Y-149.75 E212.15272
G1 X-441.371 Y-148.855 E216.06611
;WIDTH:3.21665
G1 X-441.514 Y-148.677 E216.79881
G1 X-442.062 Y-147.826 E220.04688
G1 X-442.205 Y-147.574 E220.97667
G1 X-442.638 Y-146.419 E224.93495
;WIDTH:3.28232
G1 X-442.74 Y-146.039 E226.22976
G1 X-442.873 Y-145.927 E226.80197
;WIDTH:3.19247
G1 X-443.006 Y-145.815 E227.35469
;WIDTH:3.09552
G1 X-443.139 Y-145.703 E227.88639
;WIDTH:2.99856
G1 X-443.272 Y-145.591 E228.39706
;WIDTH:2.90161
G1 X-443.405 Y-145.479 E228.88671
;WIDTH:2.80465
G1 X-443.538 Y-145.367 E229.35533
;WIDTH:2.7077
G1 X-443.672 Y-145.255 E229.8049
;WIDTH:2.61075
G1 X-443.805 Y-145.143 E230.23147
;WIDTH:2.51379
G1 X-443.938 Y-145.031 E230.63701
;WIDTH:2.41684
G1 X-444.071 Y-144.919 E231.02152
;WIDTH:2.31988
G1 X-444.204 Y-144.807 E231.38501
G1 X-441.415 Y-141.94 F7800
G92 E0
G1 X-448.019 Y-124.926
;WIDTH:3.07797
G1 F1800
G1 X-463.63 Y-124.926 E47.39528
;WIDTH:3.17145
G1 X-463.833 Y-124.972 E48.05149
;WIDTH:3.26494
G1 X-464.037 Y-125.019 E48.73588
;WIDTH:3.35843
G1 X-464.24 Y-125.066 E49.44139
;WIDTH:3.45192
G1 X-464.443 Y-125.113 E50.17119
;WIDTH:3.54772
G1 X-464.749 Y-125.183 E51.30813
G1 X-464.793 Y-125.423 E52.19188
;WIDTH:3.45887
G1 X-464.837 Y-125.663 E53.04859
;WIDTH:3.37002
G1 X-464.882 Y-125.903 E53.87888
;WIDTH:3.28434
G1 X-464.926 Y-126.143 E54.68247
G1 X-464.926 Y-136.885 E90.06039
G1 X-464.902 Y-136.986 E90.40229
;WIDTH:3.37955
G1 X-464.855 Y-137.189 E91.11328
;WIDTH:3.47477
G1 X-464.807 Y-137.392 E91.84982
;WIDTH:3.56998
G1 X-464.76 Y-137.595 E92.6103
;WIDTH:3.66519
G1 X-464.712 Y-137.798 E93.39639
;WIDTH:3.75934
G1 X-464.641 Y-138.102 E94.60948
G1 X-464.506 Y-138.102 E95.13407
;WIDTH:3.662
G1 X-464.371 Y-138.102 E95.64227
;WIDTH:3.56466
G1 X-464.236 Y-138.102 E96.13408
;WIDTH:3.46732
G1 X-464.102 Y-138.102 E96.60598
;WIDTH:3.36998
G1 X-463.967 Y-138.102 E97.06501
;WIDTH:3.27264
G1 X-463.832 Y-138.102 E97.50765
;WIDTH:3.1753
G1 X-463.697 Y-138.102 E97.9339
;WIDTH:3.07797
G1 X-449.395 Y-138.102 E141.35503
G1 X-450.177 Y-134.179 F7800
G92 E0
G1 X-447.808 Y-151.437
;WIDTH:3.07798
G1 F1800
G1 X-463.63 Y-151.437 E48.0362
G1 X-463.732 Y-151.413 E48.35433
;WIDTH:3.17147
G1 X-463.935 Y-151.367 E49.01054
;WIDTH:3.26496
G1 X-464.138 Y-151.32 E49.69175
;WIDTH:3.35844
G1 X-464.342 Y-151.273 E50.40056
;WIDTH:3.45193
G1 X-464.545 Y-151.226 E51.13036
;WIDTH:3.54542
G1 X-464.749 Y-151.18 E51.88718
G1 X-464.815 Y-150.82 E53.21175
;WIDTH:3.45887
G1 X-464.86 Y-150.58 E54.0691
;WIDTH:3.37002
G1 X-464.904 Y-150.34 E54.89877
;WIDTH:3.28116
G1 X-464.926 Y-150.22 E55.30008
G1 X-464.926 Y-139.319 E91.15844
G1 X-464.902 Y-139.217 E91.50313
;WIDTH:3.33195
G1 X-464.855 Y-139.015 E92.19849
;WIDTH:3.42716
G1 X-464.807 Y-138.812 E92.92265
;WIDTH:3.52237
G1 X-464.76 Y-138.609 E93.67076
;WIDTH:3.61759
G1 X-464.712 Y-138.406 E94.44446
;WIDTH:3.7128
G1 X-464.664 Y-138.203 E95.24293
;WIDTH:3.80801
G1 X-464.641 Y-138.102 E95.65174
G1 X-461.867 Y-140.984 F7800
G92 E0
G1 X-471.895 Y-130.343
;WIDTH:2.55501
G1 F1800
G1 X-472.051 Y-130.374 E.37914
;WIDTH:2.65275
G1 X-472.207 Y-130.405 E.77767
;WIDTH:2.75049
G1 X-472.363 Y-130.436 E1.19559
;WIDTH:2.84822
G1 X-472.519 Y-130.468 E1.63344
;WIDTH:2.94596
G1 X-472.675 Y-130.499 E2.09013
;WIDTH:3.0437
G1 X-472.831 Y-130.53 E2.56621
;WIDTH:3.14143
G1 X-472.987 Y-130.561 E3.06168
;WIDTH:3.23917
G1 X-473.143 Y-130.592 E3.57654
;WIDTH:3.33691
G1 X-473.222 Y-130.608 E3.84729
G1 X-473.079 Y-132.069 E8.77822
G1 X-473.213 Y-133.526 E13.69291
G1 X-473.614 Y-134.878 E18.4298
;WIDTH:3.2859
G1 X-474.278 Y-136.125 E23.08537
;WIDTH:3.22381
G1 X-475.068 Y-137.096 E27.11349
G1 X-475.167 Y-137.193 E27.5595
;WIDTH:3.14902
G1 X-476.108 Y-137.967 E31.36664
G1 X-476.243 Y-138.056 E31.87189
;WIDTH:3.07083
G1 X-477.331 Y-138.637 E35.60557
G1 X-477.47 Y-138.693 E36.0592
;WIDTH:2.99971
G1 X-478.713 Y-139.07 E39.87595
G1 X-478.609 Y-139.619 E41.51783
;WIDTH:2.91924
G1 X-478.402 Y-140.716 E44.68611
;WIDTH:2.82672
G1 X-478.195 Y-141.814 E47.72825
;WIDTH:2.73421
G1 X-477.987 Y-142.911 E50.63938
;WIDTH:2.6417
G1 X-477.884 Y-143.46 E52.03129
G1 X-476.213 Y-139.826 F7800
G92 E0
G1 X-472.127 Y-134.551
;WIDTH:3.33691
G1 F1800
G1 X-473.25 Y-130.505 E14.10423
G1 X-473.619 Y-129.277 E18.41126
G1 X-474.234 Y-128.11 E22.84221
;WIDTH:3.28534
G1 X-474.389 Y-127.897 E23.71012
G1 X-475.1 Y-127.036 E27.38902
G1 X-475.303 Y-126.853 E28.28948
;WIDTH:3.20843
G1 X-476.147 Y-126.17 E31.76247
G1 X-476.402 Y-126.017 E32.71371
;WIDTH:3.15428
G1 X-477.418 Y-125.492 E36.29464
G1 X-478.762 Y-125.085 E40.69171
;WIDTH:3.10137
G1 X-478.72 Y-124.864 E41.38125
;WIDTH:3.01013
G1 X-478.678 Y-124.644 E42.04229
;WIDTH:2.91889
G1 X-478.636 Y-124.424 E42.67784
;WIDTH:2.82765
G1 X-478.595 Y-124.204 E43.2874
;WIDTH:2.73641
G1 X-478.553 Y-123.983 E43.87454
;WIDTH:2.64517
G1 X-478.532 Y-123.873 E44.15408
G1 X-476.068 Y-127.024 F7800
G92 E0
G1 X-478.762 Y-125.085
;WIDTH:3.0745
G1 F1800
G1 X-480.238 Y-124.934 E4.49814
;WIDTH:3.12608
G1 X-489.771 Y-124.926 E34.01263
G1 X-489.879 Y-124.95 E34.35516
;WIDTH:3.22233
G1 X-490.095 Y-124.998 E35.06678
;WIDTH:3.31858
G1 X-490.312 Y-125.046 E35.80822
;WIDTH:3.41483
G1 X-490.528 Y-125.094 E36.57297
;WIDTH:3.51229
G1 X-490.853 Y-125.166 E37.76392
G1 X-490.9 Y-125.41 E38.65293
;WIDTH:3.41845
G1 X-490.947 Y-125.654 E39.51286
;WIDTH:3.3246
G1 X-490.994 Y-125.899 E40.34699
;WIDTH:3.23017
G1 X-491.041 Y-126.143 E41.14857
G1 X-491.041 Y-138.102 E79.72651
G1 X-491.018 Y-138.205 E80.06696
;WIDTH:3.32282
G1 X-490.971 Y-138.412 E80.77624
;WIDTH:3.41548
G1 X-490.925 Y-138.619 E81.50929
;WIDTH:3.50813
G1 X-490.879 Y-138.826 E82.26685
;WIDTH:3.60079
G1 X-490.832 Y-139.033 E83.04972
;WIDTH:3.69344
G1 X-490.786 Y-139.24 E83.85629
G1 X-490.722 Y-139.24 E84.09973
;WIDTH:3.59667
G1 X-490.596 Y-139.24 E84.56378
;WIDTH:3.49989
G1 X-490.469 Y-139.24 E85.01619
;WIDTH:3.40312
G1 X-490.342 Y-139.24 E85.45327
;WIDTH:3.30634
G1 X-490.215 Y-139.24 E85.87502
;WIDTH:3.20957
G1 X-490.088 Y-139.24 E86.28144
;WIDTH:3.11279
G1 X-489.961 Y-139.24 E86.67253
;WIDTH:3.01602
G1 X-489.834 Y-139.24 E87.04829
;WIDTH:2.91925
G1 X-483.421 Y-139.24 E105.24873
;WIDTH:3.01227
G1 X-483.233 Y-139.286 E105.82048
;WIDTH:3.1053
G1 X-483.045 Y-139.333 E106.41542
;WIDTH:3.19833
G1 X-482.857 Y-139.379 E107.03208
;WIDTH:3.29135
G1 X-482.669 Y-139.426 E107.67199
;WIDTH:3.38438
G1 X-482.482 Y-139.472 E108.33025
;WIDTH:3.47741
G1 X-482.294 Y-139.519 E109.01513
;WIDTH:3.57643
G1 X-482.194 Y-139.568 E109.42245
;WIDTH:3.67546
G1 X-482.094 Y-139.618 E109.84521
;WIDTH:3.77449
G1 X-481.994 Y-139.667 E110.28004
;WIDTH:3.87352
G1 X-481.894 Y-139.717 E110.73041
;WIDTH:3.97255
G1 X-481.794 Y-139.766 E111.19275
G1 X-482.052 Y-135.775 F7800
G92 E0
G1 X-478.713 Y-139.07
;WIDTH:2.92405
G1 F1800
G1 X-480.35 Y-139.242 E4.68133
;WIDTH:2.97408
G1 X-480.42 Y-139.267 E4.89737
;WIDTH:3.07393
G1 X-480.558 Y-139.317 E5.34225
;WIDTH:3.17378
G1 X-480.695 Y-139.367 E5.80245
;WIDTH:3.27362
G1 X-480.832 Y-139.417 E6.28081
;WIDTH:3.37347
G1 X-480.97 Y-139.467 E6.78053
;WIDTH:3.47332
G1 X-481.107 Y-139.517 E7.29521
;WIDTH:3.57316
G1 X-481.244 Y-139.567 E7.82806
;WIDTH:3.67301
G1 X-481.382 Y-139.616 E8.38134
;WIDTH:3.77285
G1 X-481.519 Y-139.666 E8.95051
;WIDTH:3.8727
G1 X-481.656 Y-139.716 E9.53784
;WIDTH:3.92529
G1 X-481.794 Y-139.766 E10.13858
G1 X-481.73 Y-139.928 E10.85149
;WIDTH:3.83079
G1 X-481.665 Y-140.091 E11.54903
;WIDTH:3.73629
G1 X-481.601 Y-140.253 E12.22088
;WIDTH:3.64179
G1 X-481.537 Y-140.415 E12.8722
;WIDTH:3.54729
G1 X-481.473 Y-140.577 E13.50299
;WIDTH:3.45279
G1 X-481.409 Y-140.74 E14.11651
;WIDTH:3.35829
G1 X-481.344 Y-140.902 E14.70749
;WIDTH:3.26379
G1 X-481.28 Y-141.064 E15.27669
;WIDTH:3.20432
G1 X-481.248 Y-141.145 E15.55483
G1 X-472.495 Y-152.601 E61.59773
G1 X-474.885 Y-149.394 F7800
G92 E0
G1 X-491.041 Y-152.601
;WIDTH:3.23017
G1 F1800
G1 X-491.041 Y-140.377 E39.43279
G1 X-491.018 Y-140.274 E39.77324
;WIDTH:3.32282
G1 X-490.971 Y-140.067 E40.48252
;WIDTH:3.41547
G1 X-490.925 Y-139.86 E41.21557
;WIDTH:3.50813
G1 X-490.879 Y-139.653 E41.97313
;WIDTH:3.60078
G1 X-490.832 Y-139.446 E42.756
;WIDTH:3.69344
G1 X-490.786 Y-139.24 E43.55885
G1 X-490.895 Y-143.238 F7800
G92 E0
G1 X-338.735 Y1.677
;WIDTH:4
G1 F1800
G1 X-338.159 Y5.065 E14.38577
G1 X-374.977 Y5.065 E168.50704
G1 X-393.063 Y-97.859 E605.95131
G1 X-388.03 Y-97.859 E627.0196
G1 X-387.831 Y-96.73 E631.81848
G1 X-379.298 Y-48.171 E838.20246
G1 X-352.396 Y-48.171 E950.81505
G1 X-351.8 Y-44.624 E965.87105
G1 X-378.608 Y-44.624 E1078.09016
G1 X-370.576 Y1.677 E1274.80223
G1 X-339.335 Y1.677 E1405.57801
G1 X-338.624 Y5.613 F7800
G92 E0
G1 X-372.775 Y3.387
;TYPE:Gap fill
;WIDTH:2.24301
G1 F1800
G1 X-378.527 Y-29.558 E66.70653
;WIDTH:2.31507
G1 X-381.403 Y-46.03 E101.5618
G1 X-381.353 Y-46.057 E101.68025
;WIDTH:2.21826
G1 X-381.303 Y-46.084 E101.79184
;WIDTH:2.12145
G1 X-381.253 Y-46.111 E101.89657
;WIDTH:2.02464
G1 X-381.203 Y-46.139 E101.99527
;WIDTH:1.92782
G1 X-381.153 Y-46.166 E102.08627
;WIDTH:1.83101
G1 X-381.103 Y-46.193 E102.17041
;WIDTH:1.7342
G1 X-381.053 Y-46.22 E102.24769
;WIDTH:1.63739
G1 X-381.003 Y-46.247 E102.31811
;WIDTH:1.54057
G1 X-380.953 Y-46.274 E102.38167
;WIDTH:1.44376
G1 X-380.903 Y-46.301 E102.43837
;WIDTH:1.34695
G1 X-380.853 Y-46.328 E102.4882
;WIDTH:1.25014
G1 X-380.803 Y-46.355 E102.53117
;WIDTH:1.15332
G1 X-380.753 Y-46.382 E102.56728
;WIDTH:1.05651
G1 X-380.703 Y-46.409 E102.59653
;WIDTH:0.959698
G1 X-380.653 Y-46.436 E102.61892
;WIDTH:0.862886
G1 X-380.628 Y-46.45 E102.62675
G1 X-381.403 Y-46.03 F7800
;WIDTH:2.31507
G1 F1800
G1 X-381.496 Y-46.354 E103.3294
;WIDTH:2.24543
G1 X-390.252 Y-96.181 E204.39081
G92 E0
G1 X-238.643 Y-48.328 F7800
;TYPE:External perimeter
;WIDTH:4
G1 F1800
G1 X-221.087 Y-48.328 E73.48995
G1 X-219.276 Y-48.282 E81.0733
G1 X-217.559 Y-48.139 E88.2856
G1 X-215.72 Y-47.863 E96.06993
G1 X-213.997 Y-47.461 E103.47617
G1 X-212.32 Y-46.91 E110.86535
G1 X-210.697 Y-46.193 E118.29272
G1 X-209.154 Y-45.303 E125.7492
G1 X-207.698 Y-44.234 E133.3104
G1 X-206.436 Y-43.073 E140.48864
G1 X-205.177 Y-41.637 E148.48295
G1 X-204.12 Y-40.111 E156.25356
G1 X-203.191 Y-38.426 E164.30802
G1 X-202.441 Y-36.722 E172.10137
G1 X-201.812 Y-34.912 E180.12255
G1 X-201.264 Y-32.883 E188.92033
G1 X-200.846 Y-30.825 E197.71108
G1 X-197.558 Y-11.711 E278.89805
G1 X-198.133 Y-11.711 E281.30502
G1 X-198.202 Y-10.431 E286.67092
G1 X-198.443 Y-8.798 E293.58075
G1 X-198.855 Y-7.21 E300.44825
G1 X-199.449 Y-5.69 E307.27961
G1 X-200.238 Y-4.26 E314.11634
G1 X-201.224 Y-2.95 E320.97977
G1 X-202.378 Y-1.81 E327.77007
G1 X-203.657 Y-.852 E334.45935
G1 X-205.029 Y-.072 E341.06583
G1 X-206.465 Y.535 E347.59194
G1 X-207.941 Y.989 E354.0562
G1 X-209.44 Y1.312 E360.47508
G1 X-211.008 Y1.529 E367.10133
G1 X-214.133 Y1.677 E380.19734
G1 X-230.824 Y1.677 E450.06638
G1 X-239.489 Y-48.328 E662.50825
G1 X-239.243 Y-48.328 E663.53801
G1 X-235.243 Y-48.328 F7800
G92 E0
G1 X-213.428 Y-50.951
G1 F1800
G1 X-209.781 Y-49.714 E16.12072
G1 X-208.341 Y-49.179 E22.55118
G1 X-206.965 Y-48.567 E28.85518
G1 X-205.729 Y-47.911 E34.71268
G1 X-204.583 Y-47.191 E40.37809
G1 X-203.52 Y-46.405 E45.91215
G1 X-202.534 Y-45.55 E51.37523
G1 X-201.616 Y-44.62 E56.84537
G1 X-200.762 Y-43.611 E62.37885
G1 X-199.965 Y-42.514 E68.05493
G1 X-199.224 Y-41.321 E73.93378
G1 X-198.539 Y-40.022 E80.08116
G1 X-197.909 Y-38.612 E86.54583
G1 X-197.336 Y-37.086 E93.36919
G1 X-196.822 Y-35.437 E100.59952
G1 X-196.369 Y-33.663 E108.26383
G1 X-195.976 Y-31.748 E116.44714
G1 X-192.746 Y-12.844 E196.72666
G1 X-192.408 Y-10.441 E206.88471
G1 X-192.308 Y-8.317 E215.78569
G1 X-192.43 Y-6.295 E224.26524
G1 X-192.711 Y-4.718 E230.97059
G1 X-193.216 Y-3.115 E238.0059
G1 X-193.781 Y-1.897 E243.62634
G1 X-194.534 Y-.722 E249.46827
G1 X-195.438 Y.33 E255.27452
G1 X-196.514 Y1.284 E261.2941
G1 X-197.675 Y2.09 E267.21042
G1 X-199.112 Y2.872 E274.05876
G1 X-200.731 Y3.546 E281.39977
G1 X-202.664 Y4.142 E289.86726
G1 X-204.528 Y4.56 E297.86381
G1 X-206.678 Y4.88 E306.96292
G1 X-208.959 Y5.065 E316.54261
G1 X-235.065 Y5.065 E425.82312
G1 X-253.152 Y-97.859 E863.26811
G1 X-248.126 Y-97.859 E884.3071
G1 X-240.821 Y-55.808 E1062.97018
G1 X-240.083 Y-51.557 E1081.03117
G1 X-218.081 Y-51.557 E1173.13221
G1 X-210.514 Y-97.859 E1369.52508
G1 X-205.539 Y-97.859 E1390.35058
G1 X-213.788 Y-51.266 E1588.42343
G1 X-210.057 Y-49.823 F7800
G92 E0
G1 X-216.238 Y-49.638
;TYPE:Gap fill
;WIDTH:1.59718
G1 F1800
G1 X-215.628 Y-53.218 E4.31836
;WIDTH:1.69084
G1 X-214.409 Y-60.378 E13.80331
;WIDTH:1.7845
G1 X-213.19 Y-67.539 E24.1381
;WIDTH:1.87816
G1 X-211.971 Y-74.7 E35.32144
;WIDTH:1.97182
G1 X-210.753 Y-81.86 E47.35142
;WIDTH:2.06548
G1 X-209.534 Y-89.021 E60.23186
;WIDTH:2.15913
G1 X-208.315 Y-96.181 E73.95898
G92 E0
G1 X-250.345 Y-96.181 F7800
;WIDTH:2.23322
G1 F1800
G1 X-246.782 Y-75.787 E41.04154
;WIDTH:2.17535
G1 X-242.233 Y-49.751 E91.52955
G1 X-242.178 Y-49.535 E91.95532
G1 X-241.457 Y-49.856 F7800
;WIDTH:0.820424
G1 F1800
G1 X-241.505 Y-49.835 E91.96686
;WIDTH:0.917205
G1 X-241.553 Y-49.813 E91.98487
;WIDTH:1.01399
G1 X-241.601 Y-49.792 E92.00906
;WIDTH:1.11077
G1 X-241.649 Y-49.77 E92.03981
;WIDTH:1.20755
G1 X-241.697 Y-49.749 E92.07665
;WIDTH:1.30433
G1 X-241.746 Y-49.727 E92.1209
;WIDTH:1.40111
G1 X-241.794 Y-49.706 E92.17039
;WIDTH:1.49789
G1 X-241.842 Y-49.685 E92.2262
;WIDTH:1.59467
G1 X-241.89 Y-49.663 E92.28882
;WIDTH:1.69145
G1 X-241.938 Y-49.642 E92.35728
;WIDTH:1.78823
G1 X-241.986 Y-49.62 E92.43265
;WIDTH:1.88501
G1 X-242.034 Y-49.599 E92.51376
;WIDTH:1.98179
G1 X-242.082 Y-49.577 E92.60188
;WIDTH:2.07857
G1 X-242.13 Y-49.556 E92.69564
;WIDTH:2.17535
G1 X-242.178 Y-49.535 E92.79572
G1 X-239.1 Y-31.894 E127.00311
;WIDTH:2.09148
G1 X-232.943 Y3.387 E191.67009
G92 E0
G1 X-208.97 Y3.157 F7800
;WIDTH:1.209
G1 F1800
G1 X-208.209 Y3.045 E.54224
;WIDTH:1.29915
G1 X-207.42 Y2.928 E1.19421
;WIDTH:1.37396
G1 X-207.082 Y2.863 E1.50766
;WIDTH:1.45632
G1 X-206.622 Y2.764 E1.98451
;WIDTH:1.54625
G1 X-206.041 Y2.632 E2.65514
;WIDTH:1.60098
G1 X-205.703 Y2.554 E3.06926
;WIDTH:1.70044
G1 X-205.322 Y2.447 E3.5908
;WIDTH:1.7999
G1 X-204.942 Y2.34 E4.16005
;WIDTH:1.88594
G1 X-204.484 Y2.194 E4.90479
;WIDTH:1.97198
G1 X-204.027 Y2.047 E5.70005
;WIDTH:2.03217
G1 X-203.821 Y1.97 E6.08087
;WIDTH:2.11526
G1 X-203.558 Y1.868 E6.59858
;WIDTH:2.19836
G1 X-203.296 Y1.767 E7.14302
;WIDTH:2.29333
G1 X-202.895 Y1.594 E8.04153
;WIDTH:2.38829
G1 X-202.494 Y1.42 E8.99263
;WIDTH:2.46803
G1 X-202.189 Y1.285 E9.75153
;WIDTH:2.55125
G1 X-201.972 Y1.175 E10.33033
;WIDTH:2.63447
G1 X-201.756 Y1.064 E10.9333
;WIDTH:2.71957
G1 X-201.495 Y.922 E11.70257
;WIDTH:2.80656
G1 X-201.19 Y.748 E12.64978
;WIDTH:2.89355
G1 X-200.885 Y.574 E13.63509
;WIDTH:2.98054
G1 X-200.58 Y.4 E14.65849
;WIDTH:3.03216
G1 X-200.441 Y.314 E15.1454
;WIDTH:3.11524
G1 X-200.228 Y.162 E15.95201
;WIDTH:3.20863
G1 X-199.961 Y-.037 E17.01728
;WIDTH:3.30202
G1 X-199.694 Y-.235 E18.11936
;WIDTH:3.39542
G1 X-199.426 Y-.434 E19.26496
;WIDTH:3.48089
G1 X-199.12 Y-.677 E20.64765
;WIDTH:3.5457
G1 X-198.868 Y-.891 E21.84425
;WIDTH:3.61412
G1 X-198.692 Y-1.055 E22.73549
;WIDTH:3.6989
G1 X-198.499 Y-1.24 E23.75421
;WIDTH:3.78099
G1 X-198.22 Y-1.543 E25.36587
;WIDTH:3.86308
G1 X-197.94 Y-1.846 E27.02242
;WIDTH:3.9338
G1 X-197.512 Y-2.355 E29.75135
;WIDTH:4.01369
G1 X-197.238 Y-2.735 E31.72043
;WIDTH:4.07488
G1 X-196.763 Y-3.534 E35.69828
G1 X-196.446 Y-4.16 E38.7011
;WIDTH:3.9804
G1 X-196.363 Y-4.335 E39.50714
G1 X-195.948 Y-5.512 E44.70088
;WIDTH:3.89819
G1 X-195.835 Y-5.913 E46.39195
;WIDTH:3.81655
G1 X-195.733 Y-6.296 E47.96039
;WIDTH:3.7605
G1 X-195.611 Y-6.916 E50.41674
;WIDTH:3.66726
G1 X-195.536 Y-7.393 E52.23761
;WIDTH:3.57402
G1 X-195.46 Y-7.869 E53.99929
;WIDTH:3.48077
G1 X-195.403 Y-8.258 E55.39043
;WIDTH:3.42003
G1 X-195.378 Y-8.674 E56.83349
G1 X-196.574 Y-9.963 F7800
;WIDTH:3.00259
G1 F1800
G1 X-196.309 Y-9.677 E57.98057
;WIDTH:3.0988
G1 X-196.043 Y-9.39 E59.17877
;WIDTH:3.19501
G1 X-195.777 Y-9.104 E60.42159
;WIDTH:3.29122
G1 X-195.511 Y-8.817 E61.7137
;WIDTH:3.38743
G1 X-195.378 Y-8.674 E62.38198
G1 X-195.334 Y-8.793 E62.81614
;WIDTH:3.28812
G1 X-195.29 Y-8.912 E63.23459
;WIDTH:3.18881
G1 X-195.246 Y-9.031 E63.63732
;WIDTH:3.0895
G1 X-195.201 Y-9.15 E64.02541
;WIDTH:2.99019
G1 X-195.157 Y-9.269 E64.39671
;WIDTH:2.89088
G1 X-195.113 Y-9.387 E64.74967
;WIDTH:2.79157
G1 X-195.069 Y-9.506 E65.08954
;WIDTH:2.69227
G1 X-195.025 Y-9.625 E65.4137
;WIDTH:2.59296
G1 X-194.981 Y-9.744 E65.72214
;WIDTH:2.49365
G1 X-194.937 Y-9.863 E66.01487
;WIDTH:2.39434
G1 X-194.893 Y-9.982 E66.29188
;WIDTH:2.29503
G1 X-194.849 Y-10.101 E66.55318
;WIDTH:2.19572
G1 X-194.826 Y-10.16 E66.67575
G1 X-194.832 Y-10.214 E66.78092
G1 X-195.184 Y-12.464 E71.18907
G1 X-198.408 Y-31.27 E108.12168
G1 X-198.783 Y-33.107 E111.75077
G1 X-199.206 Y-34.762 E115.05723
G1 X-199.453 Y-35.611 E116.76872
G1 X-199.674 Y-36.284 E118.13984
G1 X-200.146 Y-37.591 E120.82963
G1 X-200.744 Y-38.949 E123.7018
G1 X-200.997 Y-39.474 E124.82985
G1 X-201.65 Y-40.641 E127.41832
;WIDTH:2.1259
G1 X-202.067 Y-41.34 E128.92292
;WIDTH:2.06962
G1 X-202.863 Y-42.441 E131.33901
;WIDTH:2.00712
G1 X-203.322 Y-43.039 E132.62085
;WIDTH:1.93379
G1 X-204.1 Y-43.88 E134.46417
;WIDTH:1.86364
G1 X-204.585 Y-44.362 E135.50449
;WIDTH:1.77051
G1 X-204.87 Y-44.643 E136.06693
;WIDTH:1.71917
G1 X-205.5 Y-45.166 E137.16515
;WIDTH:1.63535
G1 X-205.982 Y-45.552 E137.92883
;WIDTH:1.55166
G1 X-206.352 Y-45.835 E138.45629
;WIDTH:1.46665
G1 X-207.032 Y-46.285 E139.29315
;WIDTH:1.38218
G1 X-207.565 Y-46.62 E139.87292
;WIDTH:1.29092
G1 X-207.954 Y-46.858 E140.24099
;WIDTH:1.21507
G1 X-208.448 Y-47.119 E140.63907
;WIDTH:1.15195
G1 X-208.794 Y-47.295 E140.8851
;LAYER_CHANGE
M107
;TYPE:Custom
; Filament-specific end gcode 
;END gcode for filament
; Filament-specific end gcode 
;END gcode for filament
; Filament-specific end gcode
; Filament-specific end gcode
M104 S0 ; turn off temperature
G28 X0  ; home X axis
M84     ; disable motors
; objects_info = {"objects":[]}
; filament used [mm] = 405199.06, 510371.46, 0.00, 0.00
; filament used [cm3] = 974.62, 1227.59, 0.00, 0.00
; total filament used [g] = 0.00
; total filament cost = 0.00
; total filament used for wipe tower [g] = 0.00
; total toolchanges = 9
; estimated printing time (normal mode) = 2h 45m 6s
; estimated first layer printing time (normal mode) = 16m 15s

; prusaslicer_config = begin
; arc_fitting = disabled
; autoemit_temperature_commands = 1
; automatic_extrusion_widths = 0
; automatic_infill_combination = 0
; automatic_infill_combination_max_layer_height = 100%
; avoid_crossing_curled_overhangs = 0
; avoid_crossing_perimeters = 0
; avoid_crossing_perimeters_max_detour = 0
; bed_custom_model = 
; bed_custom_texture = 
; bed_shape = -600x-457.2,600x-457.2,600x457.2,-600x457.2
; bed_temperature = 0,0,90,90
; bed_temperature_extruder = 0
; before_layer_gcode = 
; between_objects_gcode = 
; binary_gcode = 0
; bottom_fill_pattern = monotonic
; bottom_solid_layers = 3
; bottom_solid_min_thickness = 0
; bridge_acceleration = 0
; bridge_angle = 0
; bridge_fan_speed = 100,100,50,50
; bridge_flow_ratio = 1
; bridge_speed = 60
; brim_separation = 0
; brim_type = no_brim
; brim_width = 0
; chamber_minimal_temperature = 0,0,0,0
; chamber_temperature = 0,0,0,0
; color_change_gcode = M600
; colorprint_heights = 
; compatible_printers_condition_cummulative = ;;;"printer_notes!~/.*NO_TEMPLATES.*/ and printer_notes!~/.*PRINTER_VENDOR_TRILAB.*/ and printer_notes!~/.*PRINTER_MODEL_MK4IS.*/ and ! (printer_notes=~/.*PRINTER_VENDOR_PRUSA3D.*/ and num_extruders>1)";"printer_notes!~/.*NO_TEMPLATES.*/ and printer_notes!~/.*PRINTER_VENDOR_TRILAB.*/ and printer_notes!~/.*PRINTER_MODEL_MK4IS.*/ and ! (printer_notes=~/.*PRINTER_VENDOR_PRUSA3D.*/ and num_extruders>1)"
; complete_objects = 0
; cooling = 1,1,1,1
; cooling_tube_length = 5
; cooling_tube_retraction = 91.5
; default_acceleration = 0
; default_filament_profile = 
; default_print_profile = 
; deretract_speed = 0,0,0,0
; disable_fan_first_layers = 3,3,3,3
; dont_support_bridges = 1
; draft_shield = disabled
; duplicate_distance = 6
; elefant_foot_compensation = 0
; enable_dynamic_fan_speeds = 0,0,0,0
; enable_dynamic_overhang_speeds = 0
; end_filament_gcode = "; Filament-specific end gcode \n;END gcode for filament\n";"; Filament-specific end gcode \n;END gcode for filament\n";"; Filament-specific end gcode";"; Filament-specific end gcode"
; end_gcode = M104 S0 ; turn off temperature\nG28 X0  ; home X axis\nM84     ; disable motors\n
; ensure_vertical_shell_thickness = enabled
; external_perimeter_acceleration = 0
; external_perimeter_extrusion_width = 4
; external_perimeter_speed = 50%
; external_perimeters_first = 0
; extra_loading_move = -2
; extra_perimeters = 1
; extra_perimeters_on_overhangs = 0
; extruder_clearance_height = 20
; extruder_clearance_radius = 20
; extruder_colour = ;;;
; extruder_offset = 0x0,0x0,0x0,0x0
; extrusion_axis = E
; extrusion_multiplier = 1,1,1,1
; extrusion_width = 4
; fan_always_on = 0,0,1,1
; fan_below_layer_time = 60,60,20,20
; filament_abrasive = 0,0,0,0
; filament_colour = #1F78B4;#FFFF99;#FF8000;#FF8000
; filament_cooling_final_speed = 3.4,3.4,2,2
; filament_cooling_initial_speed = 2.2,2.2,3,3
; filament_cooling_moves = 4,4,1,1
; filament_cost = 0,0,27.82,27.82
; filament_density = 0,0,1.27,1.27
; filament_deretract_speed = nil,nil,nil,nil
; filament_diameter = 1.75,1.75,1.75,1.75
; filament_infill_max_crossing_speed = 0,0,0,0
; filament_infill_max_speed = 0,0,0,0
; filament_load_time = 0,0,0,0
; filament_loading_speed = 28,28,14,14
; filament_loading_speed_start = 3,3,19,19
; filament_max_volumetric_speed = 0,0,0,0
; filament_minimal_purge_on_wipe_tower = 15,15,0,0
; filament_multitool_ramming = 0,0,0,0
; filament_multitool_ramming_flow = 10,10,10,10
; filament_multitool_ramming_volume = 10,10,10,10
; filament_notes = ;;;
; filament_purge_multiplier = 100%,100%,100%,100%
; filament_ramming_parameters = "120 100 6.6 6.8 7.2 7.6 7.9 8.2 8.7 9.4 9.9 10.0| 0.05 6.6 0.45 6.8 0.95 7.8 1.45 8.3 1.95 9.7 2.45 10 2.95 7.6 3.45 7.6 3.95 7.6 4.45 7.6 4.95 7.6";"120 100 6.6 6.8 7.2 7.6 7.9 8.2 8.7 9.4 9.9 10.0| 0.05 6.6 0.45 6.8 0.95 7.8 1.45 8.3 1.95 9.7 2.45 10 2.95 7.6 3.45 7.6 3.95 7.6 4.45 7.6 4.95 7.6";"130 120 2.70968 2.93548 3.32258 3.83871 4.58065 5.54839 6.51613 7.35484 7.93548 8.16129| 0.05 2.66451 0.45 3.05805 0.95 4.05807 1.45 5.97742 1.95 7.69999 2.45 8.1936 2.95 11.342 3.45 11.4065 3.95 7.6 4.45 7.6 4.95 7.6";"130 120 2.70968 2.93548 3.32258 3.83871 4.58065 5.54839 6.51613 7.35484 7.93548 8.16129| 0.05 2.66451 0.45 3.05805 0.95 4.05807 1.45 5.97742 1.95 7.69999 2.45 8.1936 2.95 11.342 3.45 11.4065 3.95 7.6 4.45 7.6 4.95 7.6"
; filament_retract_before_travel = nil,nil,nil,nil
; filament_retract_before_wipe = nil,nil,nil,nil
; filament_retract_layer_change = nil,nil,nil,nil
; filament_retract_length = nil,nil,nil,nil
; filament_retract_length_toolchange = nil,nil,nil,nil
; filament_retract_lift = nil,nil,nil,nil
; filament_retract_lift_above = nil,nil,nil,nil
; filament_retract_lift_below = nil,nil,nil,nil
; filament_retract_restart_extra = nil,nil,nil,nil
; filament_retract_restart_extra_toolchange = nil,nil,nil,nil
; filament_retract_speed = nil,nil,nil,nil
; filament_seam_gap_distance = nil,nil,nil,nil
; filament_settings_id = "WAAM Material 1";"WAAM Material 2";"Generic PETG @Template";"Generic PETG @Template"
; filament_shrinkage_compensation_xy = 0%,0%,0%,0%
; filament_shrinkage_compensation_z = 0%,0%,0%,0%
; filament_soluble = 0,0,0,0
; filament_spool_weight = 0,0,0,0
; filament_stamping_distance = 0,0,0,0
; filament_stamping_loading_speed = 20,20,20,20
; filament_toolchange_delay = 0,0,0,0
; filament_travel_lift_before_obstacle = nil,nil,nil,nil
; filament_travel_max_lift = nil,nil,nil,nil
; filament_travel_ramping_lift = nil,nil,nil,nil
; filament_travel_slope = nil,nil,nil,nil
; filament_type = PLA;PLA;PETG;PETG
; filament_unload_time = 0,0,0,0
; filament_unloading_speed = 90,90,20,20
; filament_unloading_speed_start = 100,100,100,100
; filament_vendor = (Unknown)
; filament_wipe = nil,nil,nil,nil
; fill_angle = 45
; fill_density = 100%
; fill_pattern = rectilinear
; first_layer_acceleration = 0
; first_layer_acceleration_over_raft = 0
; first_layer_bed_temperature = 0,0,85,85
; first_layer_extrusion_width = 4
; first_layer_height = 3
; first_layer_infill_speed = 0
; first_layer_speed = 30
; first_layer_speed_over_raft = 30
; first_layer_temperature = 200,200,230,230
; full_fan_speed_layer = 0,0,5,5
; fuzzy_skin = none
; fuzzy_skin_point_dist = 0.8
; fuzzy_skin_thickness = 0.3
; gap_fill_enabled = 1
; gap_fill_speed = 20
; gcode_comments = 0
; gcode_flavor = reprap
; gcode_label_objects = disabled
; gcode_resolution = 0.0125
; gcode_substitutions = 
; high_current_on_filament_swap = 0
; host_type = prusalink
; idle_temperature = nil,nil,nil,nil
; infill_acceleration = 0
; infill_anchor = 600%
; infill_anchor_max = 50
; infill_every_layers = 1
; infill_extruder = 1
; infill_extrusion_width = 4
; infill_first = 0
; infill_overlap = 25%
; infill_speed = 80
; interface_shells = 0
; interlocking_beam = 0
; interlocking_beam_layer_count = 2
; interlocking_beam_width = 0.8
; interlocking_boundary_avoidance = 2
; interlocking_depth = 2
; interlocking_orientation = 22.5
; ironing = 0
; ironing_flowrate = 15%
; ironing_spacing = 0.1
; ironing_speed = 15
; ironing_type = top
; layer_gcode = 
; layer_height = 3
; machine_limits_usage = time_estimate_only
; machine_max_acceleration_e = 10000,5000
; machine_max_acceleration_extruding = 1500,1250
; machine_max_acceleration_retracting = 1500,1250
; machine_max_acceleration_travel = 1500,1250
; machine_max_acceleration_x = 9000,1000
; machine_max_acceleration_y = 9000,1000
; machine_max_acceleration_z = 500,200
; machine_max_feedrate_e = 120,120
; machine_max_feedrate_x = 500,200
; machine_max_feedrate_y = 500,200
; machine_max_feedrate_z = 12,12
; machine_max_jerk_e = 2.5,2.5
; machine_max_jerk_x = 10,10
; machine_max_jerk_y = 10,10
; machine_max_jerk_z = 0.2,0.4
; machine_min_extruding_rate = 0,0
; machine_min_travel_rate = 0,0
; max_fan_speed = 100,100,50,50
; max_layer_height = 3,3,3,3
; max_print_height = 500
; max_print_speed = 80
; max_volumetric_extrusion_rate_slope_negative = 0
; max_volumetric_extrusion_rate_slope_positive = 0
; max_volumetric_speed = 0
; min_bead_width = 85%
; min_fan_speed = 35,35,30,30
; min_feature_size = 25%
; min_layer_height = 3,3,3,3
; min_print_speed = 10,10,10,10
; min_skirt_length = 0
; mmu_segmented_region_interlocking_depth = 0
; mmu_segmented_region_max_width = 0
; multimaterial_purging = 140
; notes = 
; nozzle_diameter = 4,4,4,4
; nozzle_high_flow = 0,0,0,0
; only_one_perimeter_first_layer = 0
; only_retract_when_crossing_perimeters = 0
; ooze_prevention = 0
; output_filename_format = [input_filename_base].gcode
; over_bridge_speed = 0
; overhang_fan_speed_0 = 0,0,0,0
; overhang_fan_speed_1 = 0,0,0,0
; overhang_fan_speed_2 = 0,0,0,0
; overhang_fan_speed_3 = 0,0,0,0
; overhang_speed_0 = 15
; overhang_speed_1 = 15
; overhang_speed_2 = 20
; overhang_speed_3 = 25
; overhangs = 0
; parking_pos_retraction = 92
; pause_print_gcode = M601
; perimeter_acceleration = 0
; perimeter_extruder = 1
; perimeter_extrusion_width = 4
; perimeter_generator = classic
; perimeter_speed = 60
; perimeters = 3
; physical_printer_settings_id = 
; post_process = 
; prefer_clockwise_movements = 0
; print_settings_id = Hydra
; printer_model = 
; printer_notes = 
; printer_settings_id = Hydra
; printer_technology = FFF
; printer_variant = 
; printer_vendor = 
; raft_contact_distance = 0.1
; raft_expansion = 1.5
; raft_first_layer_density = 90%
; raft_first_layer_expansion = 3
; raft_layers = 0
; remaining_times = 0
; resolution = 0
; retract_before_travel = 2,2,2,2
; retract_before_wipe = 0%,0%,0%,0%
; retract_layer_change = 0,0,0,0
; retract_length = 0,0,0,0
; retract_length_toolchange = 10,10,10,10
; retract_lift = 0,0,0,0
; retract_lift_above = 0,0,0,0
; retract_lift_below = 0,0,0,0
; retract_restart_extra = 0,0,0,0
; retract_restart_extra_toolchange = 0,0,0,0
; retract_speed = 40,40,40,40
; scarf_seam_entire_loop = 0
; scarf_seam_length = 20
; scarf_seam_max_segment_length = 1
; scarf_seam_on_inner_perimeters = 0
; scarf_seam_only_on_smooth = 1
; scarf_seam_placement = nowhere
; scarf_seam_start_height = 0%
; seam_gap_distance = 15%
; seam_position = aligned
; silent_mode = 1
; single_extruder_multi_material = 0
; single_extruder_multi_material_priming = 1
; skirt_distance = 6
; skirt_height = 1
; skirts = 0
; slice_closing_radius = 0.049
; slicing_mode = regular
; slowdown_below_layer_time = 5,5,10,10
; small_perimeter_speed = 15
; solid_infill_acceleration = 0
; solid_infill_below_area = 70
; solid_infill_every_layers = 0
; solid_infill_extruder = 1
; solid_infill_extrusion_width = 4
; solid_infill_speed = 20
; spiral_vase = 0
; staggered_inner_seams = 0
; standby_temperature_delta = -5
; start_filament_gcode = "; Filament gcode\n";"; Filament gcode\n";"; Filament gcode\n";"; Filament gcode\n"
; start_gcode = G28 ; home all axes\nG1 Z5 F5000 ; lift nozzle\n
; support_material = 0
; support_material_angle = 0
; support_material_auto = 1
; support_material_bottom_contact_distance = 0
; support_material_bottom_interface_layers = -1
; support_material_buildplate_only = 0
; support_material_closing_radius = 2
; support_material_contact_distance = 0.2
; support_material_enforce_layers = 0
; support_material_extruder = 1
; support_material_extrusion_width = 2.62
; support_material_interface_contact_loops = 0
; support_material_interface_extruder = 1
; support_material_interface_layers = 3
; support_material_interface_pattern = rectilinear
; support_material_interface_spacing = 0
; support_material_interface_speed = 100%
; support_material_pattern = rectilinear
; support_material_spacing = 2.5
; support_material_speed = 60
; support_material_style = grid
; support_material_synchronize_layers = 0
; support_material_threshold = 0
; support_material_with_sheath = 1
; support_material_xy_spacing = 50%
; support_tree_angle = 40
; support_tree_angle_slow = 25
; support_tree_branch_diameter = 2
; support_tree_branch_diameter_angle = 5
; support_tree_branch_diameter_double_wall = 3
; support_tree_branch_distance = 1
; support_tree_tip_diameter = 0.8
; support_tree_top_rate = 15%
; temperature = 200,200,240,240
; template_custom_gcode = 
; thick_bridges = 0
; thin_walls = 1
; thumbnails = 
; thumbnails_format = PNG
; toolchange_gcode = 
; top_fill_pattern = monotonic
; top_infill_extrusion_width = 4
; top_one_perimeter_type = none
; top_solid_infill_acceleration = 0
; top_solid_infill_speed = 15
; top_solid_layers = 3
; top_solid_min_thickness = 0
; travel_acceleration = 0
; travel_lift_before_obstacle = 0,0,0,0
; travel_max_lift = 0,0,0,0
; travel_ramping_lift = 0,0,0,0
; travel_slope = 0,0,0,0
; travel_speed = 130
; travel_speed_z = 0
; use_firmware_retraction = 0
; use_relative_e_distances = 0
; use_volumetric_e = 0
; variable_layer_height = 1
; wall_distribution_count = 1
; wall_transition_angle = 10
; wall_transition_filter_deviation = 25%
; wall_transition_length = 100%
; wipe = 0,0,0,0
; wipe_into_infill = 0
; wipe_into_objects = 0
; wipe_tower = 0
; wipe_tower_acceleration = 0
; wipe_tower_bridging = 10
; wipe_tower_brim_width = 2
; wipe_tower_cone_angle = 0
; wipe_tower_extra_flow = 100%
; wipe_tower_extra_spacing = 100%
; wipe_tower_extruder = 0
; wipe_tower_no_sparse_layers = 0
; wipe_tower_width = 60
; wiping_volumes_matrix = 0,140,140,140,140,0,140,140,140,140,0,140,140,140,140,0
; wiping_volumes_use_custom_matrix = 0
; xy_size_compensation = 0
; z_offset = 0
; prusaslicer_config = end
