; generated by Slic3r 1.3.0 on 2025-02-06 at 16:27:47

; external perimeters extrusion width = 4.95mm (142.06mm^3/s)
; perimeters extrusion width = 6.30mm (365.12mm^3/s)
; infill extrusion width = 5.63mm (432.83mm^3/s)
; solid infill extrusion width = 6.30mm (121.71mm^3/s)
; top infill extrusion width = 6.30mm (91.28mm^3/s)

; external perimeters extrusion width = 4.95mm (142.06mm^3/s)
; perimeters extrusion width = 6.30mm (365.12mm^3/s)
; infill extrusion width = 5.63mm (432.83mm^3/s)
; solid infill extrusion width = 6.30mm (121.71mm^3/s)
; top infill extrusion width = 6.30mm (91.28mm^3/s)

M107
M104 S205 T0 ; set temperature
M104 S205 T1 ; set temperature
G28 ; home all axes
G1 Z5 F5000 ; lift nozzle

; Filament gcode

; Filament gcode

; Filament gcode

M109 S205 T0 ; set temperature and wait for it to be reached
M109 S205 T1 ; set temperature and wait for it to be reached
G21 ; set units to millimeters
G90 ; use absolute coordinates
M82 ; use absolute distances for extrusion
G92 E0
T0
G92 E0
G1 Z2.400 F7800.000
G1 E-2.00000 F2400.00000
G92 E0
G1 X-76.215 Y141.630 F7800.000
G1 E2.00000 F2400.00000
G1 F1800
G1 X-88.962 Y134.771 E26.15184
G1 X-111.596 Y116.721 E74.45568
G1 X-130.644 Y94.919 E122.75947
G1 X-145.493 Y70.066 E171.06339
G1 X-155.666 Y42.961 E219.36719
G1 X-160.835 Y14.475 E267.67100
G1 X-160.835 Y-14.475 E315.97485
G1 X-155.666 Y-42.961 E364.27864
G1 X-145.493 Y-70.066 E412.58245
G1 X-130.644 Y-94.919 E460.88636
G1 X-111.596 Y-116.721 E509.19016
G1 X-88.962 Y-134.771 E557.49399
G1 X-63.468 Y-148.490 E605.79783
G1 X-35.934 Y-157.436 E654.10167
G1 X-7.245 Y-161.322 E702.40550
G1 X21.677 Y-160.024 E750.70935
G1 X49.902 Y-153.581 E799.01314
G1 X76.523 Y-142.203 E847.31703
G1 X100.684 Y-126.254 E895.62082
G1 X121.610 Y-106.247 E943.92465
G1 X138.627 Y-82.826 E992.22855
G1 X151.188 Y-56.742 E1040.53233
G1 X158.890 Y-28.834 E1088.83622
G1 X161.485 Y-0.000 E1137.14002
G1 X158.890 Y28.834 E1185.44385
G1 X151.188 Y56.742 E1233.74771
G1 X138.627 Y82.826 E1282.05151
G1 X121.610 Y106.247 E1330.35541
G1 X100.684 Y126.254 E1378.65925
G1 X76.523 Y142.203 E1426.96303
G1 X49.902 Y153.581 E1475.26691
G1 X21.677 Y160.024 E1523.57072
G1 X-7.245 Y161.322 E1571.87457
G1 X-35.934 Y157.436 E1620.17839
G1 X-63.468 Y148.490 E1668.48225
G1 X-75.620 Y141.950 E1691.50800
G1 X-79.945 Y144.147 F7800.000
G1 E1689.50800 F2400.00000
G92 E0
G1 X-61.874 Y-154.381 F7800.000
G1 E2.00000 F2400.00000
G1 F1800
G1 X-63.248 Y-171.246 E38.82702
G1 X-62.676 Y-179.118 E56.00381
G1 X-57.321 Y-173.320 E73.18067
G1 X-47.687 Y-158.990 E110.76053
G1 X-61.232 Y-154.589 E141.75738
G1 E139.75738 F2400.00000
G92 E0
G1 X-26.019 Y-163.936 F7800.000
G1 E2.00000 F2400.00000
G1 F1800
G1 X-23.557 Y-181.027 E39.57980
G1 X-21.247 Y-188.574 E56.75671
G1 X-17.316 Y-181.730 E73.93352
G1 X-11.237 Y-165.938 E110.76052
G1 X-25.350 Y-164.026 E141.75737
G1 E139.75737 F2400.00000
G92 E0
G1 X11.111 Y-165.613 F7800.000
G1 E2.00000 F2400.00000
G1 F1800
G1 X17.316 Y-181.730 E39.58540
G1 X21.247 Y-188.574 E56.76224
G1 X23.557 Y-181.027 E73.93917
G1 X25.969 Y-164.285 E110.75079
G1 X22.365 Y-165.108 E118.79488
G1 X11.786 Y-165.583 E141.84315
G1 E139.84315 F2400.00000
G92 E0
G1 X47.884 Y-159.283 F7800.000
G1 E2.00000 F2400.00000
G1 F1800
G1 X57.321 Y-173.320 E38.81162
G1 X62.676 Y-179.118 E55.98844
G1 X63.248 Y-171.246 E73.16522
G1 X61.846 Y-154.033 E110.75055
G1 X51.487 Y-158.461 E135.26785
G1 X48.542 Y-159.133 E141.84287
G1 E139.84287 F2400.00000
G92 E0
G1 X82.122 Y-144.630 F7800.000
G1 E2.00000 F2400.00000
G1 F1800
G1 X94.451 Y-156.220 E38.82691
G1 X100.962 Y-160.680 E56.00372
G1 X99.768 Y-152.878 E73.18061
G1 X94.572 Y-136.412 E110.76034
G1 X82.685 Y-144.258 E141.75728
G1 E139.75728 F2400.00000
G92 E0
G1 X111.948 Y-122.555 F7800.000
G1 E2.00000 F2400.00000
G1 F1800
G1 X126.845 Y-131.286 E39.57982
G1 X134.185 Y-134.185 E56.75691
G1 X131.286 Y-126.845 E73.93394
G1 X122.730 Y-112.246 E110.76089
G1 X112.435 Y-122.088 E141.75769
G1 E139.75769 F2400.00000
G92 E0
G1 X136.409 Y-94.571 F7800.000
G1 E2.00000 F2400.00000
G1 F1800
G1 X152.878 Y-99.768 E39.58517
G1 X160.680 Y-100.962 E56.76204
G1 X156.220 Y-94.451 E73.93886
G1 X144.635 Y-82.127 E110.75046
G1 X143.031 Y-85.457 E118.79465
G1 X136.806 Y-94.025 E141.84294
G1 E139.84294 F2400.00000
G92 E0
G1 X154.388 Y-61.875 F7800.000
G1 E2.00000 F2400.00000
G1 F1800
G1 X171.246 Y-63.248 E38.81171
G1 X179.118 Y-62.676 E55.98850
G1 X173.320 Y-57.321 E73.16536
G1 X158.988 Y-47.685 E110.75071
G1 X155.991 Y-58.545 E135.26802
G1 X154.681 Y-61.266 E141.84302
G1 E139.84302 F2400.00000
G92 E0
G1 X164.278 Y-25.970 F7800.000
G1 E2.00000 F2400.00000
G1 F1800
G1 X181.027 Y-23.557 E38.82691
G1 X188.574 Y-21.247 E56.00379
G1 X181.730 Y-17.316 E73.18058
G1 X165.615 Y-11.112 E110.76050
G1 X164.339 Y-25.298 E141.75736
G1 E139.75736 F2400.00000
G92 E0
G1 X165.615 Y11.112 F7800.000
G1 E2.00000 F2400.00000
G1 F1800
G1 X181.730 Y17.316 E39.57993
G1 X188.574 Y21.247 E56.75675
G1 X181.027 Y23.557 E73.93364
G1 X164.278 Y25.970 E110.76056
G1 X165.555 Y11.785 E141.75745
G1 E139.75745 F2400.00000
G92 E0
G1 X158.988 Y47.685 F7800.000
G1 E2.00000 F2400.00000
G1 F1800
G1 X173.320 Y57.321 E39.58536
G1 X179.118 Y62.676 E56.76217
G1 X171.246 Y63.248 E73.93896
G1 X154.388 Y61.875 E110.75067
G1 X155.991 Y58.545 E118.79478
G1 X158.809 Y48.336 E141.84302
G1 E139.84302 F2400.00000
G92 E0
G1 X144.635 Y82.127 F7800.000
G1 E2.00000 F2400.00000
G1 F1800
G1 X156.220 Y94.451 E38.81158
G1 X160.680 Y100.962 E55.98838
G1 X152.878 Y99.768 E73.16526
G1 X136.409 Y94.571 E110.75042
G1 X143.031 Y85.457 E135.26774
G1 X144.342 Y82.735 E141.84285
G1 E139.84285 F2400.00000
G92 E0
G1 X122.730 Y112.246 F7800.000
G1 E2.00000 F2400.00000
G1 F1800
G1 X131.286 Y126.845 E38.82691
G1 X134.186 Y134.186 E56.00402
G1 X126.845 Y131.286 E73.18113
G1 X111.948 Y122.555 E110.76096
G1 X122.242 Y112.713 E141.75772
G1 E139.75772 F2400.00000
G92 E0
G1 X94.572 Y136.412 F7800.000
G1 E2.00000 F2400.00000
G1 F1800
G1 X99.768 Y152.878 E39.57969
G1 X100.962 Y160.680 E56.75657
G1 X94.451 Y156.220 E73.93338
G1 X82.122 Y144.630 E110.76026
G1 X94.008 Y136.784 E141.75723
G1 E139.75723 F2400.00000
G92 E0
G1 X61.846 Y154.033 F7800.000
G1 E2.00000 F2400.00000
G1 F1800
G1 X63.248 Y171.246 E39.58535
G1 X62.676 Y179.118 E56.76213
G1 X57.321 Y173.320 E73.93894
G1 X47.884 Y159.283 E110.75059
G1 X51.487 Y158.461 E118.79467
G1 X61.225 Y154.299 E141.84291
G1 E139.84291 F2400.00000
G92 E0
G1 X25.969 Y164.285 F7800.000
G1 E2.00000 F2400.00000
G1 F1800
G1 X23.557 Y181.027 E38.81159
G1 X21.247 Y188.574 E55.98849
G1 X17.316 Y181.730 E73.16530
G1 X11.111 Y165.613 E110.75070
G1 X22.365 Y165.108 E135.26802
G1 X25.311 Y164.435 E141.84305
G1 E139.84305 F2400.00000
G92 E0
G1 X-11.237 Y165.938 F7800.000
G1 E2.00000 F2400.00000
G1 F1800
G1 X-17.316 Y181.730 E38.82706
G1 X-21.247 Y188.574 E56.00385
G1 X-23.557 Y181.027 E73.18073
G1 X-26.019 Y163.936 E110.76057
G1 X-11.906 Y165.848 E141.75743
G1 E139.75743 F2400.00000
G92 E0
G1 X-47.687 Y158.990 F7800.000
G1 E2.00000 F2400.00000
G1 F1800
G1 X-57.321 Y173.320 E39.57988
G1 X-62.676 Y179.118 E56.75673
G1 X-63.248 Y171.246 E73.93353
G1 X-61.874 Y154.381 E110.76058
G1 X-48.329 Y158.782 E141.75744
G1 E139.75744 F2400.00000
G92 E0
G1 X-81.868 Y144.391 F7800.000
G1 E2.00000 F2400.00000
G1 F1800
G1 X-94.451 Y156.220 E39.58541
G1 X-100.962 Y160.680 E56.76224
G1 X-99.768 Y152.878 E73.93911
G1 X-94.678 Y136.748 E110.75076
G1 X-91.788 Y139.053 E118.79492
G1 X-82.462 Y144.071 E141.84330
G1 E139.84330 F2400.00000
G92 E0
G1 X-112.252 Y122.733 F7800.000
G1 E2.00000 F2400.00000
G1 F1800
G1 X-126.845 Y131.286 E38.81168
G1 X-134.185 Y134.185 E55.98872
G1 X-131.286 Y126.845 E73.16581
G1 X-122.554 Y111.945 E110.75110
G1 X-115.142 Y120.429 E135.26829
G1 X-112.780 Y122.313 E141.84337
G1 E139.84337 F2400.00000
G92 E0
G1 X-136.742 Y94.676 F7800.000
G1 E2.00000 F2400.00000
G1 F1800
G1 X-152.878 Y99.768 E38.82683
G1 X-160.680 Y100.962 E56.00372
G1 X-156.220 Y94.451 E73.18053
G1 X-144.393 Y81.870 E110.76027
G1 X-137.088 Y94.096 E141.75718
G1 E139.75718 F2400.00000
G92 E0
G1 X-154.036 Y61.846 F7800.000
G1 E2.00000 F2400.00000
G1 F1800
G1 X-171.246 Y63.248 E39.57978
G1 X-179.118 Y62.676 E56.75655
G1 X-173.320 Y57.321 E73.93338
G1 X-159.278 Y47.880 E110.76029
G1 X-154.273 Y61.214 E141.75712
G1 E139.75712 F2400.00000
G92 E0
G1 X-163.933 Y26.020 F7800.000
G1 E2.00000 F2400.00000
G1 F1800
G1 X-181.027 Y23.557 E39.58532
G1 X-188.574 Y21.247 E56.76225
G1 X-181.730 Y17.316 E73.93908
G1 X-165.945 Y11.239 E110.75086
G1 X-165.945 Y14.935 E118.79502
G1 X-164.054 Y25.355 E141.84324
G1 E139.84324 F2400.00000
G92 E0
G1 X-165.945 Y-11.239 F7800.000
G1 E2.00000 F2400.00000
G1 F1800
G1 X-181.730 Y-17.316 E38.81178
G1 X-188.574 Y-21.247 E55.98859
G1 X-181.027 Y-23.557 E73.16550
G1 X-163.933 Y-26.019 E110.75080
G1 X-165.945 Y-14.935 E135.26801
G1 X-165.945 Y-11.914 E141.84313
G1 E139.84313 F2400.00000
G92 E0
G1 X-159.278 Y-47.880 F7800.000
G1 E2.00000 F2400.00000
G1 F1800
G1 X-173.320 Y-57.321 E38.82691
G1 X-179.118 Y-62.676 E56.00377
G1 X-171.246 Y-63.248 E73.18056
G1 X-154.036 Y-61.846 E110.76034
G1 X-159.040 Y-48.512 E141.75715
G1 E139.75715 F2400.00000
G92 E0
G1 X-144.393 Y-81.870 F7800.000
G1 E2.00000 F2400.00000
G1 F1800
G1 X-156.220 Y-94.451 E39.57976
G1 X-160.680 Y-100.962 E56.75658
G1 X-152.878 Y-99.768 E73.93347
G1 X-136.742 Y-94.676 E110.76032
G1 X-144.047 Y-82.449 E141.75728
G1 E139.75728 F2400.00000
G92 E0
G1 X-122.554 Y-111.945 F7800.000
G1 E2.00000 F2400.00000
G1 F1800
G1 X-131.286 Y-126.845 E39.58533
G1 X-134.185 Y-134.185 E56.76234
G1 X-126.845 Y-131.286 E73.93936
G1 X-112.252 Y-122.733 E110.75101
G1 X-115.142 Y-120.429 E118.79514
G1 X-122.110 Y-112.454 E141.84333
G1 E139.84333 F2400.00000
G92 E0
G1 X-94.678 Y-136.748 F7800.000
G1 E2.00000 F2400.00000
G1 F1800
G1 X-99.768 Y-152.878 E38.81168
G1 X-100.962 Y-160.680 E55.98856
G1 X-94.451 Y-156.220 E73.16538
G1 X-81.868 Y-144.391 E110.75081
G1 X-91.788 Y-139.053 E135.26820
G1 X-94.150 Y-137.169 E141.84330
G1 E139.84330 F2400.00000
G92 E0
G1 X-100.516 Y-132.210 F7800.000
G1 E2.00000 F2400.00000
G1 F1800
G1 X-99.799 Y-134.897 E6.64072
G1 X-100.203 Y-137.276 E10.66607
G1 X-104.760 Y-151.716 E35.93104
G1 X-106.954 Y-166.058 E60.13892
G1 X-103.208 Y-168.412 E67.52159
G1 X-91.238 Y-160.213 E91.72939
G1 X-80.205 Y-149.841 E116.99433
G1 X-78.237 Y-148.445 E121.01990
G1 X-75.505 Y-147.926 E125.66046
G1 X-73.077 Y-148.523 E129.83176
G1 X-70.557 Y-149.736 E134.49848
G1 X-68.577 Y-151.262 E138.66989
G1 X-67.279 Y-153.722 E143.31060
G1 X-67.144 Y-156.131 E147.33591
G1 X-68.373 Y-171.224 E172.60100
G1 X-67.321 Y-185.694 E196.80878
G1 X-63.145 Y-187.156 E204.19140
G1 X-53.300 Y-176.498 E228.39932
G1 X-44.851 Y-163.932 E253.66437
G1 X-43.243 Y-162.133 E257.68972
G1 X-40.695 Y-161.018 E262.33034
G1 X-38.195 Y-161.060 E266.50180
G1 X-35.469 Y-161.682 E271.16844
G1 X-33.198 Y-162.729 E275.33981
G1 X-31.386 Y-164.839 E279.98040
G1 X-30.718 Y-167.158 E284.00584
G1 X-28.558 Y-182.145 E309.27084
G1 X-24.312 Y-196.019 E333.47870
G1 X-19.915 Y-196.514 E340.86135
G1 X-12.689 Y-183.933 E365.06916
G1 X-7.249 Y-169.802 E390.33416
G1 X-6.081 Y-167.690 E394.35974
G1 X-3.845 Y-166.037 E399.00034
G1 X-1.398 Y-165.521 E403.17170
G1 X1.398 Y-165.521 E407.83838
G1 X3.845 Y-166.037 E412.00974
G1 X6.081 Y-167.690 E416.65036
G1 X7.249 Y-169.802 E420.67592
G1 X12.689 Y-183.933 E445.94091
G1 X19.915 Y-196.514 E470.14872
G1 X24.312 Y-196.019 E477.53140
G1 X28.558 Y-182.145 E501.73924
G1 X30.718 Y-167.158 E527.00425
G1 X31.386 Y-164.839 E531.02969
G1 X33.198 Y-162.729 E535.67027
G1 X35.468 Y-161.682 E539.84163
G1 X38.195 Y-161.060 E544.50830
G1 X40.695 Y-161.018 E548.67976
G1 X43.243 Y-162.133 E553.32038
G1 X44.851 Y-163.932 E557.34573
G1 X53.300 Y-176.498 E582.61078
G1 X63.145 Y-187.156 E606.81869
G1 X67.321 Y-185.694 E614.20128
G1 X68.373 Y-171.224 E638.40907
G1 X67.144 Y-156.131 E663.67416
G1 X67.279 Y-153.722 E667.69945
G1 X68.577 Y-151.262 E672.34015
G1 X70.557 Y-149.736 E676.51156
G1 X73.077 Y-148.523 E681.17829
G1 X75.505 Y-147.926 E685.34961
G1 X78.237 Y-148.445 E689.99010
G1 X80.205 Y-149.841 E694.01572
G1 X91.238 Y-160.213 E719.28065
G1 X103.208 Y-168.412 E743.48844
G1 X106.954 Y-166.058 E750.87112
G1 X104.760 Y-151.716 E775.07901
G1 X100.203 Y-137.276 E800.34398
G1 X99.799 Y-134.897 E804.36936
G1 X100.516 Y-132.210 E809.01009
G1 X102.107 Y-130.282 E813.18147
G1 X104.294 Y-128.538 E817.84792
G1 X106.528 Y-127.416 E822.01936
G1 X109.308 Y-127.314 E826.66008
G1 X111.537 Y-128.237 E830.68559
G1 X124.601 Y-135.894 E855.95052
G1 X138.095 Y-141.224 E880.15833
G1 X141.224 Y-138.095 E887.54117
G1 X135.894 Y-124.601 E911.74893
G1 X128.237 Y-111.537 E937.01396
G1 X127.314 Y-109.308 E941.03941
G1 X127.415 Y-106.528 E945.68005
G1 X128.538 Y-104.294 E949.85154
G1 X130.282 Y-102.107 E954.51809
G1 X132.210 Y-100.516 E958.68943
G1 X134.897 Y-99.799 E963.33019
G1 X137.276 Y-100.203 E967.35552
G1 X151.716 Y-104.760 E992.62048
G1 X166.058 Y-106.954 E1016.82841
G1 X168.412 Y-103.208 E1024.21104
G1 X160.213 Y-91.238 E1048.41885
G1 X149.841 Y-80.205 E1073.68371
G1 X148.445 Y-78.237 E1077.70935
G1 X147.926 Y-75.505 E1082.34995
G1 X148.523 Y-73.077 E1086.52124
G1 X149.736 Y-70.557 E1091.18795
G1 X151.262 Y-68.577 E1095.35930
G1 X153.722 Y-67.279 E1100.00003
G1 X156.131 Y-67.144 E1104.02533
G1 X171.224 Y-68.373 E1129.29047
G1 X185.694 Y-67.321 E1153.49824
G1 X187.156 Y-63.145 E1160.88086
G1 X176.498 Y-53.300 E1185.08878
G1 X163.932 Y-44.851 E1210.35384
G1 X162.133 Y-43.243 E1214.37920
G1 X161.018 Y-40.695 E1219.01985
G1 X161.060 Y-38.195 E1223.19130
G1 X161.682 Y-35.469 E1227.85790
G1 X162.729 Y-33.198 E1232.02929
G1 X164.839 Y-31.386 E1236.66990
G1 X167.157 Y-30.718 E1240.69531
G1 X182.145 Y-28.558 E1265.96036
G1 X196.019 Y-24.312 E1290.16815
G1 X196.514 Y-19.915 E1297.55082
G1 X183.933 Y-12.689 E1321.75859
G1 X169.802 Y-7.249 E1347.02358
G1 X167.690 Y-6.081 E1351.04921
G1 X166.037 Y-3.845 E1355.68978
G1 X165.521 Y-1.398 E1359.86114
G1 X165.521 Y1.398 E1364.52786
G1 X166.037 Y3.845 E1368.69922
G1 X167.690 Y6.081 E1373.33981
G1 X169.802 Y7.249 E1377.36543
G1 X183.933 Y12.689 E1402.63040
G1 X196.514 Y19.915 E1426.83818
G1 X196.019 Y24.312 E1434.22087
G1 X182.145 Y28.558 E1458.42865
G1 X167.157 Y30.718 E1483.69372
G1 X164.839 Y31.386 E1487.71912
G1 X162.729 Y33.198 E1492.35972
G1 X161.682 Y35.468 E1496.53109
G1 X161.060 Y38.195 E1501.19773
G1 X161.018 Y40.695 E1505.36917
G1 X162.133 Y43.243 E1510.00982
G1 X163.932 Y44.851 E1514.03518
G1 X176.498 Y53.300 E1539.30024
G1 X187.156 Y63.145 E1563.50816
G1 X185.694 Y67.321 E1570.89075
G1 X171.224 Y68.373 E1595.09853
G1 X156.131 Y67.144 E1620.36366
G1 X153.722 Y67.279 E1624.38895
G1 X151.262 Y68.577 E1629.02967
G1 X149.736 Y70.557 E1633.20102
G1 X148.523 Y73.077 E1637.86772
G1 X147.926 Y75.505 E1642.03905
G1 X148.445 Y78.237 E1646.67958
G1 X149.841 Y80.205 E1650.70525
G1 X160.213 Y91.238 E1675.97011
G1 X168.412 Y103.208 E1700.17791
G1 X166.058 Y106.954 E1707.56055
G1 X151.716 Y104.760 E1731.76849
G1 X137.276 Y100.203 E1757.03346
G1 X134.897 Y99.799 E1761.05881
G1 X132.210 Y100.516 E1765.69958
G1 X130.282 Y102.107 E1769.87089
G1 X128.538 Y104.294 E1774.53738
G1 X127.415 Y106.528 E1778.70888
G1 X127.314 Y109.308 E1783.34956
G1 X128.237 Y111.537 E1787.37502
G1 X135.894 Y124.601 E1812.64000
G1 X141.224 Y138.095 E1836.84779
G1 X138.095 Y141.224 E1844.23064
G1 X124.601 Y135.894 E1868.43843
G1 X111.537 Y128.237 E1893.70341
G1 X109.308 Y127.314 E1897.72887
G1 X106.528 Y127.415 E1902.36956
G1 X104.294 Y128.538 E1906.54105
G1 X102.107 Y130.282 E1911.20755
G1 X100.516 Y132.210 E1915.37885
G1 X99.799 Y134.897 E1920.01962
G1 X100.203 Y137.276 E1924.04497
G1 X104.760 Y151.716 E1949.30994
G1 X106.954 Y166.058 E1973.51788
G1 X103.208 Y168.412 E1980.90052
G1 X91.238 Y160.213 E2005.10832
G1 X80.205 Y149.841 E2030.37318
G1 X78.237 Y148.445 E2034.39885
G1 X75.505 Y147.926 E2039.03938
G1 X73.077 Y148.523 E2043.21071
G1 X70.557 Y149.736 E2047.87741
G1 X68.577 Y151.262 E2052.04876
G1 X67.279 Y153.722 E2056.68948
G1 X67.144 Y156.131 E2060.71477
G1 X68.373 Y171.224 E2085.97990
G1 X67.321 Y185.694 E2110.18768
G1 X63.145 Y187.156 E2117.57027
G1 X53.300 Y176.498 E2141.77819
G1 X44.851 Y163.932 E2167.04325
G1 X43.243 Y162.133 E2171.06861
G1 X40.695 Y161.018 E2175.70926
G1 X38.195 Y161.060 E2179.88070
G1 X35.468 Y161.682 E2184.54734
G1 X33.198 Y162.729 E2188.71871
G1 X31.386 Y164.839 E2193.35931
G1 X30.718 Y167.157 E2197.38471
G1 X28.558 Y182.145 E2222.64978
G1 X24.312 Y196.019 E2246.85756
G1 X19.915 Y196.514 E2254.24025
G1 X12.689 Y183.933 E2278.44803
G1 X7.249 Y169.802 E2303.71299
G1 X6.081 Y167.690 E2307.73861
G1 X3.845 Y166.037 E2312.37921
G1 X1.398 Y165.521 E2316.55056
G1 X-1.398 Y165.521 E2321.21729
G1 X-3.845 Y166.037 E2325.38864
G1 X-6.081 Y167.690 E2330.02922
G1 X-7.249 Y169.802 E2334.05485
G1 X-12.689 Y183.933 E2359.31983
G1 X-19.915 Y196.514 E2383.52761
G1 X-24.312 Y196.019 E2390.91028
G1 X-28.558 Y182.145 E2415.11807
G1 X-30.718 Y167.157 E2440.38313
G1 X-31.386 Y164.839 E2444.40853
G1 X-33.198 Y162.729 E2449.04914
G1 X-35.469 Y161.682 E2453.22053
G1 X-38.195 Y161.060 E2457.88713
G1 X-40.695 Y161.018 E2462.05859
G1 X-43.243 Y162.133 E2466.69923
G1 X-44.851 Y163.932 E2470.72459
G1 X-53.300 Y176.498 E2495.98965
G1 X-63.145 Y187.156 E2520.19757
G1 X-67.321 Y185.694 E2527.58019
G1 X-68.373 Y171.224 E2551.78796
G1 X-67.144 Y156.131 E2577.05310
G1 X-67.279 Y153.722 E2581.07839
G1 X-68.577 Y151.262 E2585.71913
G1 X-70.557 Y149.736 E2589.89048
G1 X-73.077 Y148.523 E2594.55719
G1 X-75.505 Y147.926 E2598.72848
G1 X-78.237 Y148.445 E2603.36908
G1 X-80.205 Y149.841 E2607.39471
G1 X-91.238 Y160.213 E2632.65958
G1 X-103.208 Y168.412 E2656.86739
G1 X-106.954 Y166.058 E2664.25002
G1 X-104.760 Y151.716 E2688.45794
G1 X-100.203 Y137.276 E2713.72291
G1 X-99.799 Y134.897 E2717.74824
G1 X-100.516 Y132.210 E2722.38900
G1 X-102.107 Y130.282 E2726.56034
G1 X-104.294 Y128.538 E2731.22689
G1 X-106.528 Y127.415 E2735.39838
G1 X-109.308 Y127.314 E2740.03902
G1 X-111.537 Y128.237 E2744.06447
G1 X-124.601 Y135.894 E2769.32950
G1 X-138.095 Y141.224 E2793.53726
G1 X-141.224 Y138.095 E2800.92010
G1 X-135.894 Y124.601 E2825.12790
G1 X-128.237 Y111.537 E2850.39284
G1 X-127.314 Y109.308 E2854.41835
G1 X-127.416 Y106.528 E2859.05907
G1 X-128.538 Y104.294 E2863.23051
G1 X-130.282 Y102.107 E2867.89695
G1 X-132.210 Y100.516 E2872.06834
G1 X-134.897 Y99.799 E2876.70907
G1 X-137.276 Y100.203 E2880.73445
G1 X-151.716 Y104.760 E2905.99942
G1 X-166.058 Y106.954 E2930.20731
G1 X-168.412 Y103.208 E2937.58999
G1 X-160.213 Y91.238 E2961.79778
G1 X-149.841 Y80.205 E2987.06271
G1 X-148.445 Y78.237 E2991.08832
G1 X-147.926 Y75.505 E2995.72882
G1 X-148.523 Y73.077 E2999.90014
G1 X-149.736 Y70.557 E3004.56687
G1 X-151.262 Y68.577 E3008.73828
G1 X-153.722 Y67.279 E3013.37898
G1 X-156.131 Y67.144 E3017.40427
G1 X-171.224 Y68.373 E3042.66936
G1 X-185.694 Y67.321 E3066.87715
G1 X-187.156 Y63.145 E3074.25974
G1 X-176.498 Y53.300 E3098.46766
G1 X-163.932 Y44.851 E3123.73271
G1 X-162.133 Y43.243 E3127.75806
G1 X-161.018 Y40.695 E3132.39868
G1 X-161.060 Y38.195 E3136.57013
G1 X-161.682 Y35.468 E3141.23681
G1 X-162.729 Y33.198 E3145.40816
G1 X-164.839 Y31.386 E3150.04874
G1 X-167.158 Y30.718 E3154.07418
G1 X-182.145 Y28.558 E3179.33919
G1 X-196.019 Y24.312 E3203.54703
G1 X-196.514 Y19.915 E3210.92971
G1 X-183.933 Y12.689 E3235.13752
G1 X-169.802 Y7.249 E3260.40251
G1 X-167.690 Y6.081 E3264.42807
G1 X-166.037 Y3.845 E3269.06869
G1 X-165.521 Y1.398 E3273.24005
G1 X-165.521 Y-1.398 E3277.90673
G1 X-166.037 Y-3.845 E3282.07810
G1 X-167.690 Y-6.081 E3286.71870
G1 X-169.802 Y-7.249 E3290.74427
G1 X-183.933 Y-12.689 E3316.00927
G1 X-196.514 Y-19.915 E3340.21708
G1 X-196.019 Y-24.312 E3347.59973
G1 X-182.145 Y-28.558 E3371.80759
G1 X-167.158 Y-30.718 E3397.07259
G1 X-164.839 Y-31.386 E3401.09803
G1 X-162.729 Y-33.198 E3405.73862
G1 X-161.682 Y-35.469 E3409.90999
G1 X-161.060 Y-38.195 E3414.57663
G1 X-161.018 Y-40.695 E3418.74810
G1 X-162.133 Y-43.243 E3423.38871
G1 X-163.932 Y-44.851 E3427.41406
G1 X-176.498 Y-53.300 E3452.67912
G1 X-187.156 Y-63.145 E3476.88703
G1 X-185.694 Y-67.321 E3484.26965
G1 X-171.224 Y-68.373 E3508.47743
G1 X-156.131 Y-67.144 E3533.74252
G1 X-153.722 Y-67.279 E3537.76783
G1 X-151.262 Y-68.577 E3542.40854
G1 X-149.736 Y-70.557 E3546.57995
G1 X-148.523 Y-73.077 E3551.24668
G1 X-147.926 Y-75.505 E3555.41797
G1 X-148.445 Y-78.237 E3560.05853
G1 X-149.841 Y-80.205 E3564.08410
G1 X-160.213 Y-91.238 E3589.34904
G1 X-168.412 Y-103.208 E3613.55684
G1 X-166.058 Y-106.954 E3620.93951
G1 X-151.716 Y-104.760 E3645.14739
G1 X-137.276 Y-100.203 E3670.41236
G1 X-134.897 Y-99.799 E3674.43772
G1 X-132.210 Y-100.516 E3679.07843
G1 X-130.282 Y-102.107 E3683.24986
G1 X-128.538 Y-104.294 E3687.91635
G1 X-127.416 Y-106.528 E3692.08779
G1 X-127.314 Y-109.308 E3696.72847
G1 X-128.237 Y-111.537 E3700.75396
G1 X-135.894 Y-124.601 E3726.01895
G1 X-141.224 Y-138.095 E3750.22672
G1 X-138.095 Y-141.224 E3757.60955
G1 X-124.601 Y-135.894 E3781.81732
G1 X-111.537 Y-128.237 E3807.08231
G1 X-109.308 Y-127.314 E3811.10781
G1 X-106.528 Y-127.416 E3815.74848
G1 X-104.294 Y-128.538 E3819.91992
G1 X-102.107 Y-130.282 E3824.58641
G1 X-100.946 Y-131.689 E3827.63162
G1 X-97.744 Y-132.441 F7800.000
G1 E3825.63162 F2400.00000
G92 E0
G1 X-9.700 Y89.921 F7800.000
G1 E2.00000 F2400.00000
G1 F1800
G1 X-6.660 Y89.525 E7.11361
G1 X6.660 Y89.525 E29.33928
G1 X9.700 Y89.921 E34.45294
G1 X12.686 Y91.143 E39.83651
G1 X14.756 Y92.707 E44.16550
G1 X15.260 Y93.089 E45.22021
G1 X17.250 Y95.629 E50.60375
G1 X18.459 Y98.445 E55.71733
G1 X27.047 Y128.757 E108.28259
G1 X27.496 Y131.847 E113.49275
G1 X27.103 Y135.111 E118.97793
G1 X25.873 Y138.160 E124.46329
G1 X23.890 Y140.782 E129.94853
G1 X21.293 Y142.797 E135.43386
G1 X18.259 Y144.064 E140.91924
G1 X15.163 Y144.475 E146.12934
G1 X-15.163 Y144.475 E196.72919
G1 X-18.259 Y144.064 E201.93926
G1 X-21.293 Y142.797 E207.42464
G1 X-23.890 Y140.782 E212.90999
G1 X-25.873 Y138.160 E218.39523
G1 X-27.103 Y135.111 E223.88057
G1 X-27.496 Y131.847 E229.36574
G1 X-27.047 Y128.757 E234.57590
G1 X-18.459 Y98.445 E287.14118
G1 X-17.250 Y95.629 E292.25477
G1 X-15.260 Y93.089 E297.63839
G1 X-12.686 Y91.143 E303.02198
G1 X-10.324 Y90.176 E307.27937
G1 X-9.700 Y89.921 F7800.000
G1 E305.27937 F2400.00000
G92 E0
G1 X-10.954 Y86.181 F7800.000
G1 E2.00000 F2400.00000
G1 F1800
G1 X-10.035 Y85.872 E3.61769
G1 X-6.366 Y85.475 E9.77474
G1 X6.366 Y85.475 E31.01898
G1 X10.035 Y85.872 E37.17609
G1 X13.406 Y87.003 E43.10880
G1 X16.457 Y88.830 E49.04157
G1 X19.046 Y91.267 E54.97431
G1 X21.053 Y94.202 E60.90706
G1 X22.436 Y97.624 E67.06414
G1 X30.865 Y127.373 E118.65380
G1 X31.470 Y130.831 E124.51059
G1 X31.363 Y134.211 E130.15419
G1 X30.569 Y137.499 E135.79774
G1 X29.122 Y140.556 E141.44136
G1 X27.082 Y143.255 E147.08491
G1 X24.535 Y145.480 E152.72857
G1 X21.588 Y147.141 E158.37206
G1 X18.365 Y148.165 E164.01568
G1 X14.873 Y148.525 E169.87246
G1 X-14.873 Y148.525 E219.50274
G1 X-18.365 Y148.165 E225.35950
G1 X-21.588 Y147.141 E231.00312
G1 X-24.535 Y145.480 E236.64663
G1 X-27.082 Y143.255 E242.29027
G1 X-29.122 Y140.556 E247.93383
G1 X-30.569 Y137.499 E253.57745
G1 X-31.363 Y134.211 E259.22099
G1 X-31.470 Y130.831 E264.86460
G1 X-30.865 Y127.373 E270.72139
G1 X-22.436 Y97.624 E322.31105
G1 X-21.053 Y94.202 E328.46811
G1 X-19.046 Y91.267 E334.40088
G1 X-16.457 Y88.830 E340.33362
G1 X-13.406 Y87.003 E346.26637
G1 X-11.594 Y86.395 E349.45522
G1 X-10.202 Y86.792 F7800.000
G1 E347.45522 F2400.00000
G92 E0
G1 X75.988 Y55.120 F7800.000
G1 E2.00000 F2400.00000
G1 F1800
G1 X76.614 Y55.033 E3.05463
G1 X79.817 Y55.422 E8.43822
G1 X82.663 Y56.559 E13.55183
G1 X110.194 Y71.933 E66.16274
G1 X113.063 Y74.174 E72.23738
G1 X115.227 Y77.339 E78.63418
G1 X116.330 Y81.011 E85.03110
G1 X116.269 Y84.844 E91.42783
G1 X115.050 Y88.479 E97.82463
G1 X112.901 Y91.418 E103.89930
G1 X91.418 Y112.901 E154.59053
G1 X88.479 Y115.050 E160.66520
G1 X84.844 Y116.269 E167.06201
G1 X81.011 Y116.330 E173.45874
G1 X77.339 Y115.227 E179.85565
G1 X74.174 Y113.063 E186.25245
G1 X71.933 Y110.194 E192.32710
G1 X56.559 Y82.663 E244.93801
G1 X55.422 Y79.817 E250.05161
G1 X55.033 Y76.614 E255.43519
G1 X55.477 Y73.418 E260.81885
G1 X56.725 Y70.442 E266.20246
G1 X58.594 Y68.013 E271.31613
G1 X68.013 Y58.594 E293.54170
G1 X70.442 Y56.725 E298.65537
G1 X73.418 Y55.477 E304.03898
G1 X75.319 Y55.213 E307.24177
G1 X76.197 Y54.524 F7800.000
G1 E305.24177 F2400.00000
G92 E0
G1 X75.868 Y51.132 F7800.000
G1 E2.00000 F2400.00000
G1 F1800
G1 X78.003 Y51.068 E5.56504
G1 X81.498 Y51.724 E11.49774
G1 X84.895 Y53.166 E17.65477
G1 X111.891 Y68.242 E69.24456
G1 X114.764 Y70.258 E75.10120
G1 X117.079 Y72.725 E80.74483
G1 X118.842 Y75.611 E86.38846
G1 X119.981 Y78.796 E92.03204
G1 X120.446 Y82.146 E97.67564
G1 X120.219 Y85.521 E103.31920
G1 X119.309 Y88.779 E108.96277
G1 X117.755 Y91.783 E114.60639
G1 X115.540 Y94.506 E120.46315
G1 X94.506 Y115.540 E170.09342
G1 X91.783 Y117.755 E175.95018
G1 X88.779 Y119.309 E181.59380
G1 X85.521 Y120.219 E187.23737
G1 X82.146 Y120.446 E192.88093
G1 X78.796 Y119.981 E198.52453
G1 X75.611 Y118.842 E204.16811
G1 X72.725 Y117.079 E209.81174
G1 X70.258 Y114.764 E215.45537
G1 X68.242 Y111.891 E221.31201
G1 X53.166 Y84.895 E272.90180
G1 X51.724 Y81.498 E279.05883
G1 X51.068 Y78.003 E284.99153
G1 X51.175 Y74.449 E290.92431
G1 X52.041 Y71.000 E296.85710
G1 X53.625 Y67.817 E302.78984
G1 X55.938 Y64.942 E308.94690
G1 X64.942 Y55.938 E330.19117
G1 X67.817 Y53.625 E336.34823
G1 X71.000 Y52.041 E342.28095
G1 X74.449 Y51.175 E348.21376
G1 X75.193 Y51.153 E349.45527
G1 X77.083 Y52.890 F7800.000
G1 E347.45527 F2400.00000
G92 E0
G1 X-55.477 Y73.418 F7800.000
G1 E2.00000 F2400.00000
G1 F1800
G1 X-55.033 Y76.614 E7.38366
G1 X-55.422 Y79.817 E12.76727
G1 X-56.559 Y82.663 E17.88087
G1 X-71.933 Y110.194 E70.49178
G1 X-74.174 Y113.063 E76.56644
G1 X-77.339 Y115.227 E82.96323
G1 X-81.011 Y116.330 E89.36009
G1 X-84.844 Y116.269 E95.75692
G1 X-88.479 Y115.050 E102.15366
G1 X-91.418 Y112.901 E108.22834
G1 X-112.901 Y91.418 E158.91960
G1 X-115.050 Y88.479 E164.99424
G1 X-116.269 Y84.844 E171.39105
G1 X-116.330 Y81.011 E177.78781
G1 X-115.227 Y77.339 E184.18473
G1 X-113.063 Y74.174 E190.58154
G1 X-110.194 Y71.933 E196.65619
G1 X-82.663 Y56.559 E249.26708
G1 X-79.817 Y55.422 E254.38072
G1 X-76.614 Y55.033 E259.76425
G1 X-73.418 Y55.477 E265.14790
G1 X-70.442 Y56.725 E270.53153
G1 X-68.013 Y58.594 E275.64519
G1 X-58.594 Y68.013 E297.87081
G1 X-56.725 Y70.442 E302.98445
G1 X-55.738 Y72.795 E307.24179
G1 X-55.477 Y73.418 F7800.000
G1 E305.24179 F2400.00000
G92 E0
G1 X-51.674 Y72.463 F7800.000
G1 E2.00000 F2400.00000
G1 F1800
G1 X-51.175 Y74.449 E5.41627
G1 X-51.068 Y78.003 E11.34905
G1 X-51.724 Y81.498 E17.28173
G1 X-53.166 Y84.895 E23.43877
G1 X-68.242 Y111.891 E75.02858
G1 X-70.258 Y114.764 E80.88520
G1 X-72.725 Y117.079 E86.52883
G1 X-75.611 Y118.842 E92.17246
G1 X-78.796 Y119.981 E97.81599
G1 X-82.146 Y120.446 E103.45964
G1 X-85.521 Y120.219 E109.10319
G1 X-88.779 Y119.309 E114.74678
G1 X-91.783 Y117.755 E120.39038
G1 X-94.506 Y115.540 E126.24718
G1 X-115.540 Y94.506 E175.87744
G1 X-117.755 Y91.783 E181.73420
G1 X-119.309 Y88.779 E187.37780
G1 X-120.219 Y85.521 E193.02138
G1 X-120.446 Y82.146 E198.66496
G1 X-119.981 Y78.796 E204.30852
G1 X-118.842 Y75.611 E209.95213
G1 X-117.079 Y72.725 E215.59577
G1 X-114.764 Y70.258 E221.23935
G1 X-111.891 Y68.242 E227.09605
G1 X-84.895 Y53.166 E278.68579
G1 X-81.498 Y51.724 E284.84284
G1 X-78.003 Y51.068 E290.77558
G1 X-74.449 Y51.175 E296.70837
G1 X-71.000 Y52.041 E302.64112
G1 X-67.817 Y53.625 E308.57384
G1 X-64.942 Y55.938 E314.73092
G1 X-55.938 Y64.942 E335.97519
G1 X-53.625 Y67.817 E342.13224
G1 X-52.041 Y71.000 E348.06497
G1 X-51.838 Y71.808 E349.45528
G1 X-53.070 Y73.960 F7800.000
G1 E347.45528 F2400.00000
G92 E0
G1 X-22.475 Y70.475 F7800.000
G1 E2.00000 F2400.00000
G1 F1800
G1 X-22.475 Y58.160 E22.54689
G1 X-30.813 Y54.359 E37.83678
G1 X-39.848 Y48.130 E56.14642
G1 X-47.653 Y40.416 E74.45606
G1 X-53.989 Y31.456 E92.76570
G1 X-58.660 Y21.526 E111.07534
G1 X-61.521 Y10.931 E129.38498
G1 X-62.485 Y-0.000 E147.69465
G1 X-61.521 Y-10.931 E166.00429
G1 X-58.660 Y-21.526 E184.31394
G1 X-53.989 Y-31.456 E202.62358
G1 X-47.653 Y-40.416 E220.93322
G1 X-39.848 Y-48.130 E239.24286
G1 X-30.813 Y-54.359 E257.55249
G1 X-22.475 Y-58.160 E272.84239
G1 X-22.475 Y-70.475 E293.38930
G1 X22.475 Y-70.475 E368.38746
G1 X22.475 Y-58.160 E388.93437
G1 X30.813 Y-54.359 E404.22429
G1 X39.848 Y-48.130 E422.53392
G1 X47.653 Y-40.416 E440.84356
G1 X53.989 Y-31.456 E459.15320
G1 X58.660 Y-21.526 E477.46283
G1 X61.521 Y-10.931 E495.77250
G1 X62.485 Y-0.000 E514.08212
G1 X61.521 Y10.931 E532.39178
G1 X58.660 Y21.526 E550.70144
G1 X53.989 Y31.456 E569.01108
G1 X47.653 Y40.416 E587.32072
G1 X39.848 Y48.130 E605.63036
G1 X30.813 Y54.359 E623.94000
G1 X22.475 Y58.160 E639.22990
G1 X22.475 Y70.475 E659.77680
G1 X-21.800 Y70.475 E733.64873
G1 X-26.957 Y70.876 F7800.000
G1 E731.64873 F2400.00000
G92 E0
G1 X-26.525 Y74.525 F7800.000
G1 E2.00000 F2400.00000
G1 F1800
G1 X-26.525 Y61.167 E24.28798
G1 X-37.349 Y55.041 E45.03937
G1 X-45.759 Y48.276 E63.04671
G1 X-52.964 Y40.241 E81.05403
G1 X-58.774 Y31.146 E99.06135
G1 X-63.038 Y21.231 E117.06869
G1 X-65.641 Y10.757 E135.07602
G1 X-66.517 Y-0.000 E153.08337
G1 X-65.641 Y-10.757 E171.09069
G1 X-63.038 Y-21.231 E189.09802
G1 X-58.774 Y-31.146 E207.10539
G1 X-52.964 Y-40.241 E225.11268
G1 X-45.759 Y-48.276 E243.12002
G1 X-37.349 Y-55.041 E261.12736
G1 X-26.525 Y-61.167 E281.87874
G1 X-26.525 Y-74.525 E304.16676
G1 X26.525 Y-74.525 E392.67961
G1 X26.525 Y-61.167 E414.96763
G1 X37.349 Y-55.041 E435.71903
G1 X45.759 Y-48.276 E453.72635
G1 X52.964 Y-40.241 E471.73372
G1 X58.774 Y-31.146 E489.74101
G1 X63.038 Y-21.231 E507.74837
G1 X65.641 Y-10.757 E525.75570
G1 X66.517 Y-0.000 E543.76302
G1 X65.641 Y10.757 E561.77036
G1 X63.038 Y21.231 E579.77770
G1 X58.774 Y31.146 E597.78503
G1 X52.964 Y40.241 E615.79234
G1 X45.759 Y48.276 E633.79969
G1 X37.349 Y55.041 E651.80701
G1 X26.525 Y61.167 E672.55842
G1 X26.525 Y74.525 E694.84640
G1 X-25.850 Y74.525 E782.23303
G1 X-24.603 Y70.456 F7800.000
G1 E780.23303 F2400.00000
G92 E0
G1 X93.089 Y-15.260 F7800.000
G1 E2.00000 F2400.00000
G1 F1800
G1 X95.629 Y-17.250 E7.38362
G1 X98.445 Y-18.459 E12.49721
G1 X128.757 Y-27.047 E65.06250
G1 X131.847 Y-27.496 E70.27264
G1 X135.111 Y-27.103 E75.75782
G1 X138.160 Y-25.873 E81.24317
G1 X140.782 Y-23.890 E86.72840
G1 X142.797 Y-21.293 E92.21376
G1 X144.064 Y-18.259 E97.69914
G1 X144.475 Y-15.163 E102.90921
G1 X144.475 Y15.163 E153.50905
G1 X144.064 Y18.259 E158.71916
G1 X142.797 Y21.293 E164.20454
G1 X140.782 Y23.890 E169.68987
G1 X138.160 Y25.873 E175.17511
G1 X135.111 Y27.103 E180.66047
G1 X131.847 Y27.496 E186.14565
G1 X128.757 Y27.047 E191.35581
G1 X98.445 Y18.459 E243.92107
G1 X95.629 Y17.250 E249.03464
G1 X93.089 Y15.260 E254.41828
G1 X91.143 Y12.686 E259.80187
G1 X89.921 Y9.700 E265.18550
G1 X89.525 Y6.660 E270.29912
G1 X89.525 Y-6.660 E292.52479
G1 X89.921 Y-9.700 E297.63845
G1 X91.143 Y-12.686 E303.02201
G1 X92.682 Y-14.721 E307.27938
G1 X92.227 Y-18.369 F7800.000
G1 E305.27938 F2400.00000
G92 E0
G1 X90.233 Y-17.948 F7800.000
G1 E2.00000 F2400.00000
G1 F1800
G1 X91.267 Y-19.046 E4.51655
G1 X94.202 Y-21.053 E10.44931
G1 X97.624 Y-22.436 E16.60637
G1 X127.373 Y-30.865 E68.19604
G1 X130.831 Y-31.470 E74.05283
G1 X134.211 Y-31.363 E79.69642
G1 X137.499 Y-30.569 E85.33997
G1 X140.556 Y-29.122 E90.98359
G1 X143.255 Y-27.082 E96.62716
G1 X145.480 Y-24.535 E102.27079
G1 X147.141 Y-21.588 E107.91430
G1 X148.165 Y-18.365 E113.55792
G1 X148.525 Y-14.873 E119.41468
G1 X148.525 Y14.873 E169.04496
G1 X148.165 Y18.365 E174.90175
G1 X147.141 Y21.588 E180.54536
G1 X145.480 Y24.535 E186.18886
G1 X143.255 Y27.082 E191.83251
G1 X140.556 Y29.122 E197.47606
G1 X137.499 Y30.569 E203.11968
G1 X134.211 Y31.363 E208.76323
G1 X130.831 Y31.470 E214.40683
G1 X127.373 Y30.865 E220.26363
G1 X97.624 Y22.436 E271.85328
G1 X94.202 Y21.053 E278.01034
G1 X91.267 Y19.046 E283.94312
G1 X88.830 Y16.457 E289.87585
G1 X87.003 Y13.406 E295.80862
G1 X85.872 Y10.035 E301.74139
G1 X85.475 Y6.366 E307.89843
G1 X85.475 Y-6.366 E329.14269
G1 X85.872 Y-10.035 E335.29973
G1 X87.003 Y-13.406 E341.23250
G1 X88.830 Y-16.457 E347.16525
G1 X89.771 Y-17.456 E349.45523
G1 X91.716 Y-17.669 F7800.000
G1 E347.45523 F2400.00000
G92 E0
G1 X-93.089 Y15.260 F7800.000
G1 E2.00000 F2400.00000
G1 F1800
G1 X-95.629 Y17.250 E7.38360
G1 X-98.445 Y18.459 E12.49721
G1 X-128.757 Y27.047 E65.06246
G1 X-131.847 Y27.496 E70.27263
G1 X-135.111 Y27.103 E75.75780
G1 X-138.160 Y25.873 E81.24313
G1 X-140.782 Y23.890 E86.72840
G1 X-142.797 Y21.293 E92.21368
G1 X-144.064 Y18.259 E97.69908
G1 X-144.475 Y15.163 E102.90919
G1 X-144.475 Y-15.163 E153.50905
G1 X-144.064 Y-18.259 E158.71915
G1 X-142.797 Y-21.293 E164.20452
G1 X-140.782 Y-23.890 E169.68984
G1 X-138.160 Y-25.873 E175.17510
G1 X-135.111 Y-27.103 E180.66042
G1 X-131.847 Y-27.496 E186.14554
G1 X-128.757 Y-27.047 E191.35574
G1 X-98.445 Y-18.459 E243.92102
G1 X-95.629 Y-17.250 E249.03464
G1 X-93.089 Y-15.260 E254.41823
G1 X-91.143 Y-12.686 E259.80186
G1 X-89.921 Y-9.700 E265.18545
G1 X-89.525 Y-6.660 E270.29909
G1 X-89.525 Y6.660 E292.52473
G1 X-89.921 Y9.700 E297.63836
G1 X-91.143 Y12.686 E303.02199
G1 X-92.682 Y14.721 E307.27939
G1 X-92.313 Y18.392 F7800.000
G1 E305.27939 F2400.00000
G92 E0
G1 X-90.233 Y17.948 F7800.000
G1 E2.00000 F2400.00000
G1 F1800
G1 X-91.267 Y19.046 E4.51648
G1 X-94.202 Y21.053 E10.44926
G1 X-97.624 Y22.436 E16.60630
G1 X-127.373 Y30.865 E68.19593
G1 X-130.831 Y31.470 E74.05278
G1 X-134.211 Y31.363 E79.69637
G1 X-137.499 Y30.569 E85.33993
G1 X-140.556 Y29.122 E90.98352
G1 X-143.255 Y27.082 E96.62712
G1 X-145.481 Y24.535 E102.27075
G1 X-147.141 Y21.588 E107.91425
G1 X-148.165 Y18.365 E113.55787
G1 X-148.525 Y14.873 E119.41466
G1 X-148.525 Y-14.873 E169.04492
G1 X-148.165 Y-18.365 E174.90169
G1 X-147.141 Y-21.588 E180.54531
G1 X-145.481 Y-24.535 E186.18883
G1 X-143.255 Y-27.082 E191.83244
G1 X-140.556 Y-29.122 E197.47605
G1 X-137.499 Y-30.569 E203.11964
G1 X-134.211 Y-31.363 E208.76319
G1 X-130.831 Y-31.470 E214.40679
G1 X-127.373 Y-30.864 E220.26364
G1 X-97.624 Y-22.436 E271.85327
G1 X-94.202 Y-21.053 E278.01032
G1 X-91.267 Y-19.046 E283.94307
G1 X-88.830 Y-16.457 E289.87584
G1 X-87.003 Y-13.406 E295.80860
G1 X-85.872 Y-10.035 E301.74133
G1 X-85.475 Y-6.366 E307.89839
G1 X-85.475 Y6.366 E329.14265
G1 X-85.872 Y10.035 E335.29971
G1 X-87.003 Y13.406 E341.23245
G1 X-88.830 Y16.457 E347.16520
G1 X-89.771 Y17.456 E349.45526
G1 X-91.704 Y17.612 F7800.000
G1 E347.45526 F2400.00000
G92 E0
G1 X55.033 Y-76.614 F7800.000
G1 E2.00000 F2400.00000
G1 F1800
G1 X55.422 Y-79.817 E7.38358
G1 X56.559 Y-82.663 E12.49722
G1 X71.933 Y-110.194 E65.10811
G1 X74.174 Y-113.063 E71.18276
G1 X77.339 Y-115.227 E77.57957
G1 X81.011 Y-116.330 E83.97647
G1 X84.844 Y-116.269 E90.37325
G1 X88.479 Y-115.050 E96.77006
G1 X91.418 Y-112.901 E102.84469
G1 X112.901 Y-91.418 E153.53595
G1 X115.050 Y-88.479 E159.61063
G1 X116.269 Y-84.844 E166.00737
G1 X116.330 Y-81.011 E172.40420
G1 X115.227 Y-77.339 E178.80105
G1 X113.063 Y-74.174 E185.19790
G1 X110.194 Y-71.933 E191.27251
G1 X82.663 Y-56.559 E243.88342
G1 X79.817 Y-55.422 E248.99702
G1 X76.614 Y-55.033 E254.38063
G1 X73.418 Y-55.477 E259.76430
G1 X70.442 Y-56.725 E265.14786
G1 X68.013 Y-58.594 E270.26149
G1 X58.594 Y-68.013 E292.48711
G1 X56.725 Y-70.442 E297.60078
G1 X55.477 Y-73.418 E302.98441
G1 X55.126 Y-75.945 E307.24179
G1 X52.225 Y-78.203 F7800.000
G1 E305.24179 F2400.00000
G92 E0
G1 X51.114 Y-76.496 F7800.000
G1 E2.00000 F2400.00000
G1 F1800
G1 X51.068 Y-78.003 E4.51650
G1 X51.724 Y-81.498 E10.44924
G1 X53.166 Y-84.895 E16.60630
G1 X68.242 Y-111.891 E68.19604
G1 X70.258 Y-114.764 E74.05274
G1 X72.725 Y-117.079 E79.69632
G1 X75.611 Y-118.842 E85.33996
G1 X78.796 Y-119.981 E90.98356
G1 X82.146 Y-120.446 E96.62712
G1 X85.521 Y-120.219 E102.27071
G1 X88.779 Y-119.309 E107.91429
G1 X91.783 Y-117.755 E113.55789
G1 X94.506 Y-115.540 E119.41464
G1 X115.540 Y-94.506 E169.04491
G1 X117.755 Y-91.783 E174.90168
G1 X119.309 Y-88.779 E180.54531
G1 X120.219 Y-85.521 E186.18889
G1 X120.446 Y-82.146 E191.83244
G1 X119.981 Y-78.796 E197.47604
G1 X118.842 Y-75.611 E203.11964
G1 X117.079 Y-72.725 E208.76325
G1 X114.764 Y-70.258 E214.40688
G1 X111.891 Y-68.242 E220.26350
G1 X84.895 Y-53.166 E271.85331
G1 X81.498 Y-51.724 E278.01035
G1 X78.003 Y-51.068 E283.94303
G1 X74.449 Y-51.175 E289.87582
G1 X71.000 Y-52.041 E295.80862
G1 X67.817 Y-53.625 E301.74135
G1 X64.942 Y-55.938 E307.89840
G1 X55.938 Y-64.942 E329.14266
G1 X53.625 Y-67.817 E335.29975
G1 X52.041 Y-71.000 E341.23246
G1 X51.175 Y-74.449 E347.16523
G1 X51.134 Y-75.821 E349.45528
G1 X52.359 Y-77.347 F7800.000
G1 E347.45528 F2400.00000
G92 E0
G1 X-76.614 Y-55.033 F7800.000
G1 E2.00000 F2400.00000
G1 F1800
G1 X-79.817 Y-55.422 E7.38361
G1 X-82.663 Y-56.559 E12.49724
G1 X-110.194 Y-71.933 E65.10813
G1 X-113.063 Y-74.174 E71.18280
G1 X-115.227 Y-77.339 E77.57960
G1 X-116.330 Y-81.011 E83.97647
G1 X-116.269 Y-84.844 E90.37332
G1 X-115.050 Y-88.479 E96.77006
G1 X-112.901 Y-91.418 E102.84471
G1 X-91.418 Y-112.901 E153.53601
G1 X-88.479 Y-115.050 E159.61065
G1 X-84.844 Y-116.269 E166.00740
G1 X-81.011 Y-116.330 E172.40422
G1 X-77.339 Y-115.227 E178.80112
G1 X-74.174 Y-113.063 E185.19792
G1 X-71.933 Y-110.194 E191.27259
G1 X-56.559 Y-82.663 E243.88347
G1 X-55.422 Y-79.817 E248.99711
G1 X-55.033 Y-76.614 E254.38072
G1 X-55.477 Y-73.418 E259.76432
G1 X-56.725 Y-70.442 E265.14791
G1 X-58.594 Y-68.013 E270.26155
G1 X-68.013 Y-58.594 E292.48721
G1 X-70.442 Y-56.725 E297.60084
G1 X-73.418 Y-55.477 E302.98443
G1 X-75.945 Y-55.126 E307.24181
G1 X-78.203 Y-52.225 F7800.000
G1 E305.24181 F2400.00000
G92 E0
G1 X-76.496 Y-51.114 F7800.000
G1 E2.00000 F2400.00000
G1 F1800
G1 X-78.003 Y-51.068 E4.51656
G1 X-81.498 Y-51.724 E10.44929
G1 X-84.895 Y-53.166 E16.60635
G1 X-111.891 Y-68.242 E68.19611
G1 X-114.764 Y-70.258 E74.05279
G1 X-117.079 Y-72.725 E79.69636
G1 X-118.842 Y-75.611 E85.33999
G1 X-119.981 Y-78.796 E90.98361
G1 X-120.446 Y-82.146 E96.62717
G1 X-120.219 Y-85.521 E102.27074
G1 X-119.309 Y-88.779 E107.91434
G1 X-117.755 Y-91.783 E113.55796
G1 X-115.540 Y-94.506 E119.41471
G1 X-94.506 Y-115.540 E169.04498
G1 X-91.783 Y-117.755 E174.90173
G1 X-88.779 Y-119.309 E180.54535
G1 X-85.521 Y-120.219 E186.18895
G1 X-82.146 Y-120.446 E191.83252
G1 X-78.796 Y-119.981 E197.47607
G1 X-75.611 Y-118.842 E203.11969
G1 X-72.725 Y-117.079 E208.76332
G1 X-70.258 Y-114.764 E214.40690
G1 X-68.242 Y-111.891 E220.26358
G1 X-53.166 Y-84.895 E271.85334
G1 X-51.724 Y-81.498 E278.01040
G1 X-51.068 Y-78.003 E283.94313
G1 X-51.175 Y-74.449 E289.87591
G1 X-52.041 Y-71.000 E295.80867
G1 X-53.625 Y-67.817 E301.74140
G1 X-55.938 Y-64.942 E307.89847
G1 X-64.942 Y-55.938 E329.14272
G1 X-67.817 Y-53.625 E335.29980
G1 X-71.000 Y-52.041 E341.23253
G1 X-74.449 Y-51.175 E347.16529
G1 X-75.821 Y-51.134 E349.45528
G1 X-77.347 Y-52.359 F7800.000
G1 E347.45528 F2400.00000
G92 E0
G1 X-17.250 Y-95.629 F7800.000
G1 E2.00000 F2400.00000
G1 F1800
G1 X-18.459 Y-98.445 E7.11362
G1 X-27.047 Y-128.757 E59.67890
G1 X-27.496 Y-131.847 E64.88907
G1 X-27.103 Y-135.111 E70.37422
G1 X-25.873 Y-138.160 E75.85958
G1 X-23.890 Y-140.782 E81.34480
G1 X-21.293 Y-142.797 E86.83012
G1 X-18.259 Y-144.064 E92.31551
G1 X-15.163 Y-144.475 E97.52558
G1 X15.163 Y-144.475 E148.12545
G1 X18.259 Y-144.064 E153.33557
G1 X21.293 Y-142.797 E158.82095
G1 X23.890 Y-140.782 E164.30624
G1 X25.873 Y-138.160 E169.79150
G1 X27.103 Y-135.111 E175.27684
G1 X27.496 Y-131.847 E180.76200
G1 X27.047 Y-128.757 E185.97218
G1 X18.459 Y-98.445 E238.53743
G1 X17.250 Y-95.629 E243.65104
G1 X15.260 Y-93.089 E249.03469
G1 X12.686 Y-91.143 E254.41827
G1 X9.700 Y-89.921 E259.80188
G1 X6.660 Y-89.525 E264.91553
G1 X-6.660 Y-89.525 E287.14116
G1 X-9.700 Y-89.921 E292.25481
G1 X-12.686 Y-91.143 E297.63839
G1 X-15.260 Y-93.089 E303.02205
G1 X-16.833 Y-95.097 E307.27938
G1 X-17.250 Y-95.629 F7800.000
G1 E305.27938 F2400.00000
G92 E0
G1 X-20.506 Y-93.402 F7800.000
G1 E2.00000 F2400.00000
G1 F1800
G1 X-21.053 Y-94.202 E3.61762
G1 X-22.436 Y-97.624 E9.77467
G1 X-30.864 Y-127.373 E61.36430
G1 X-31.470 Y-130.831 E67.22115
G1 X-31.363 Y-134.211 E72.86475
G1 X-30.569 Y-137.499 E78.50827
G1 X-29.122 Y-140.556 E84.15189
G1 X-27.082 Y-143.255 E89.79550
G1 X-24.535 Y-145.481 E95.43911
G1 X-21.588 Y-147.141 E101.08263
G1 X-18.365 Y-148.165 E106.72625
G1 X-14.873 Y-148.525 E112.58301
G1 X14.873 Y-148.525 E162.21328
G1 X18.365 Y-148.165 E168.07007
G1 X21.588 Y-147.141 E173.71369
G1 X24.535 Y-145.481 E179.35719
G1 X27.082 Y-143.255 E185.00082
G1 X29.122 Y-140.556 E190.64441
G1 X30.569 Y-137.499 E196.28800
G1 X31.363 Y-134.211 E201.93156
G1 X31.470 Y-130.831 E207.57516
G1 X30.865 Y-127.373 E213.43201
G1 X22.436 Y-97.624 E265.02164
G1 X21.053 Y-94.202 E271.17868
G1 X19.046 Y-91.267 E277.11145
G1 X16.457 Y-88.830 E283.04421
G1 X13.406 Y-87.003 E288.97697
G1 X10.035 Y-85.872 E294.90971
G1 X6.366 Y-85.475 E301.06677
G1 X-6.366 Y-85.475 E322.31103
G1 X-10.035 Y-85.872 E328.46810
G1 X-13.406 Y-87.003 E334.40083
G1 X-16.457 Y-88.830 E340.33358
G1 X-19.046 Y-91.267 E346.26635
G1 X-20.125 Y-92.845 E349.45526
G1 X-20.123 Y-94.293 F7800.000
G1 E347.45526 F2400.00000
G92 E0
G1 X-127.470 Y-128.299 F7800.000
G1 E2.00000 F2400.00000
G1 F1800
G1 X-129.045 Y-129.045 E2.21240
G1 E0.21240 F2400.00000
G92 E0
G1 X58.384 Y169.718 F7800.000
G1 E2.00000 F2400.00000
G1 F1800
G1 X60.249 Y172.228 E2.38100
G1 E-7.61900 F2400.00000
G92 E0
T1
G92 E0
G1 E-2.00000 F2400.00000
G92 E0
G1 X-1.279 Y153.475 F7800.000
G1 E2.00000 F2400.00000
G1 F1800
G1 X9.566 Y153.475 E20.09483
G1 X9.718 Y155.975 E24.27416
G1 X6.302 Y156.390 E30.01449
G1 X-1.331 Y156.082 E42.76115
G1 X-1.292 Y154.150 E45.98618
G1 X3.188 Y154.024 F7800.000
G1 E43.98618 F2400.00000
G92 E0
G1 X10.478 Y80.396 F7800.000
G1 E2.00000 F2400.00000
G1 F1800
G1 X7.150 Y80.035 E9.07317
G1 F1800
G1 X6.500 Y80.000 E10.43341
G1 F1800
G1 X-6.500 Y80.000 E37.25893
G1 X-6.825 Y80.018 E37.93043
G1 F1800
G1 X-7.150 Y80.035 E38.61055
G1 X-8.814 Y80.215 E42.10888
G1 F1800
G1 X-10.478 Y80.396 E45.64547
G1 E43.64547 F2400.00000
G92 E0
G1 X-103.003 Y114.044 F7800.000
G1 E2.00000 F2400.00000
G1 F1800
G1 X-104.700 Y115.920 E6.22169
G1 X-108.423 Y112.880 E14.24186
G1 X-113.142 Y107.554 E26.11476
G1 X-111.262 Y105.784 E30.42240
G1 X-103.480 Y113.566 E48.78439
G1 X-105.364 Y114.952 F7800.000
G1 E46.78439 F2400.00000
G92 E0
G1 X-153.475 Y5.944 F7800.000
G1 E2.00000 F2400.00000
G1 F1800
G1 X-156.029 Y6.047 E6.26446
G1 X-156.517 Y-0.000 E16.38583
G1 X-156.029 Y-6.047 E26.50717
G1 X-153.475 Y-5.944 E30.77163
G1 X-153.475 Y5.269 E49.47904
G1 X-155.802 Y4.886 F7800.000
G1 E47.47904 F2400.00000
G92 E0
G1 X-111.262 Y-105.784 F7800.000
G1 E2.00000 F2400.00000
G1 F1800
G1 X-113.142 Y-107.554 E6.30764
G1 X-108.423 Y-112.880 E18.18071
G1 X-104.700 Y-115.921 E26.20099
G1 X-103.003 Y-114.044 E30.42268
G1 X-110.785 Y-106.262 E48.78495
G1 X-112.153 Y-108.208 F7800.000
G1 E46.78495 F2400.00000
G92 E0
G1 X-42.057 Y97.499 F7800.000
G1 E2.00000 F2400.00000
G1 F1800
G1 X-39.204 Y98.681 E8.72091
G1 X-46.567 Y124.667 E67.50275
G1 X-47.139 Y137.322 E95.07300
G1 X-64.163 Y130.866 E134.69865
G1 X-55.226 Y121.081 E163.54153
G1 X-42.386 Y98.089 E220.85458
G1 E218.85458 F2400.00000
G92 E0
G1 X-36.585 Y84.585 F7800.000
G1 E2.00000 F2400.00000
G1 F1800
G1 X-26.830 Y84.585 E23.23114
G1 X-31.854 Y93.962 E46.38500
G1 X-40.818 Y125.599 E117.94795
G1 X-41.331 Y136.945 E142.66576
G1 X-37.135 Y146.431 E165.24063
G1 X-42.119 Y145.413 E176.31212
G1 X-64.900 Y136.774 E229.33649
G1 X-77.100 Y129.730 E259.99679
G1 X-67.609 Y126.060 E282.14383
G1 X-59.949 Y117.675 E306.86138
G1 X-43.917 Y88.966 E378.42457
G1 X-40.844 Y78.800 E401.53835
G1 X-42.422 Y67.447 E426.48280
G1 X-43.457 Y65.831 E430.66040
G1 X-41.526 Y63.857 E436.66943
G1 X-36.585 Y66.869 E449.26443
G1 X-36.585 Y83.910 E486.35127
G1 E484.35127 F2400.00000
G92 E0
G1 X-97.499 Y42.057 F7800.000
G1 E2.00000 F2400.00000
G1 F1800
G1 X-121.081 Y55.226 E60.78185
G1 X-130.530 Y63.857 E88.63428
G1 X-137.646 Y47.154 E128.14687
G1 X-124.667 Y46.567 E156.42265
G1 X-98.681 Y39.204 E215.20427
G1 X-97.758 Y41.433 E220.45613
G1 E218.45613 F2400.00000
G92 E0
G1 X-82.911 Y36.044 F7800.000
G1 E2.00000 F2400.00000
G1 F1800
G1 X-84.114 Y33.140 E8.83971
G1 X-80.751 Y31.339 E17.14294
G1 X-77.388 Y26.890 E29.28136
G1 X-74.284 Y35.631 E49.46970
G1 X-79.259 Y34.940 E60.40109
G1 X-82.265 Y35.849 E67.23521
G1 E65.23521 F2400.00000
G92 E0
G1 X-63.843 Y41.493 F7800.000
G1 E2.00000 F2400.00000
G1 F1800
G1 X-65.817 Y43.465 E8.07420
G1 X-67.447 Y42.422 E12.28642
G1 X-78.800 Y40.844 E37.23079
G1 X-88.966 Y43.917 E60.34464
G1 X-117.675 Y59.949 E131.90779
G1 X-126.060 Y67.609 E156.62546
G1 X-129.750 Y77.153 E178.89610
G1 X-134.050 Y70.355 E196.40290
G1 X-143.599 Y47.940 E249.42729
G1 X-146.242 Y37.219 E273.46031
G1 X-136.945 Y41.331 E295.58590
G1 X-125.599 Y40.818 E320.30374
G1 X-93.962 Y31.854 E391.86669
G1 X-84.601 Y26.838 E414.98059
G1 X-75.528 Y14.837 E447.72490
G1 X-68.844 Y33.665 E491.20720
G1 X-64.206 Y40.924 E509.95502
G1 E507.95502 F2400.00000
G92 E0
G1 X-77.388 Y-26.890 F7800.000
G1 E2.00000 F2400.00000
G1 F1800
G1 X-80.751 Y-31.339 E14.13845
G1 X-84.114 Y-33.140 E22.44147
G1 X-82.911 Y-36.044 E29.28120
G1 X-79.259 Y-34.940 E37.58417
G1 X-74.285 Y-35.631 E48.51557
G1 X-77.162 Y-27.526 E67.23483
G1 E65.23483 F2400.00000
G92 E0
G1 X-98.681 Y-39.204 F7800.000
G1 E2.00000 F2400.00000
G1 F1800
G1 X-124.667 Y-46.567 E60.78173
G1 X-137.646 Y-47.154 E89.05751
G1 X-130.530 Y-63.857 E128.57001
G1 X-121.081 Y-55.226 E156.42243
G1 X-97.499 Y-42.057 E215.20439
G1 X-98.423 Y-39.827 E220.45625
G1 E218.45625 F2400.00000
G92 E0
G1 X-75.528 Y-14.837 F7800.000
G1 E2.00000 F2400.00000
G1 F1800
G1 X-84.601 Y-26.838 E34.74434
G1 X-93.962 Y-31.854 E57.85823
G1 X-125.599 Y-40.818 E129.42114
G1 X-136.945 Y-41.331 E154.13902
G1 X-146.242 Y-37.219 E176.26461
G1 X-143.599 Y-47.940 E200.29764
G1 X-133.963 Y-70.557 E253.80110
G1 X-129.979 Y-77.746 E271.68780
G1 X-126.060 Y-67.609 E295.34015
G1 X-117.675 Y-59.949 E320.05778
G1 X-88.966 Y-43.917 E391.62088
G1 X-78.800 Y-40.844 E414.73476
G1 X-67.447 Y-42.422 E439.67913
G1 X-65.817 Y-43.465 E443.89133
G1 X-63.843 Y-41.493 E449.96554
G1 X-68.844 Y-33.665 E470.18235
G1 X-75.302 Y-15.473 E512.19561
G1 E510.19561 F2400.00000
G92 E0
G1 X-42.057 Y-97.499 F7800.000
G1 E2.00000 F2400.00000
G1 F1800
G1 X-55.226 Y-121.081 E60.78196
G1 X-64.163 Y-130.866 E89.62486
G1 X-47.139 Y-137.322 E129.25046
G1 X-46.567 Y-124.667 E156.82073
G1 X-39.204 Y-98.681 E215.60246
G1 X-41.433 Y-97.758 E220.85433
G1 E218.85433 F2400.00000
G92 E0
G1 X-36.585 Y-84.585 F7800.000
G1 E2.00000 F2400.00000
G1 F1800
G1 X-36.585 Y-66.869 E40.55593
G1 X-41.526 Y-63.857 E53.15096
G1 X-43.457 Y-65.831 E59.15999
G1 X-42.422 Y-67.447 E63.33763
G1 X-40.844 Y-78.800 E88.28201
G1 X-43.917 Y-88.966 E111.39588
G1 X-59.949 Y-117.675 E182.95898
G1 X-67.609 Y-126.060 E207.67661
G1 X-77.100 Y-129.730 E229.82363
G1 X-64.900 Y-136.774 E260.48393
G1 X-42.119 Y-145.413 E313.50830
G1 X-37.135 Y-146.431 E324.57979
G1 X-41.331 Y-136.945 E347.15464
G1 X-40.818 Y-125.599 E371.87250
G1 X-31.854 Y-93.962 E443.43542
G1 X-26.830 Y-84.585 E466.58923
G1 X-35.910 Y-84.585 E486.35132
G1 E484.35132 F2400.00000
G92 E0
G1 X-31.475 Y-79.475 F7800.000
G1 E2.00000 F2400.00000
G1 F1800
G1 X-31.475 Y-64.000 E27.82016
G1 X-43.899 Y-56.426 E52.09665
G1 X-55.490 Y-45.076 E79.16357
G1 X-64.224 Y-31.406 E106.23047
G1 X-69.651 Y-16.118 E133.29744
G1 X-71.491 Y-0.000 E160.36437
G1 X-69.651 Y16.118 E187.43134
G1 X-64.224 Y31.406 E214.49827
G1 X-55.490 Y45.076 E241.56519
G1 X-43.899 Y56.426 E268.63212
G1 X-31.475 Y64.000 E292.90861
G1 X-31.475 Y79.475 E318.72873
G1 X-13.067 Y79.475 E349.44155
G1 X-12.810 Y81.849 E353.42640
G1 X-15.507 Y82.441 E358.03363
G1 X-22.863 Y88.002 E373.41915
G1 X-27.089 Y95.888 E388.34683
G1 X-35.740 Y126.422 E441.29758
G1 X-36.172 Y135.976 E457.25458
G1 X-32.184 Y144.992 E473.70331
G1 X-24.597 Y151.287 E490.15206
G1 X-17.160 Y153.035 E502.89897
G1 X-17.487 Y155.431 E506.93462
G1 X-18.866 Y155.376 E509.23782
G1 X-43.546 Y150.337 E551.26474
G1 X-67.098 Y141.405 E593.29170
G1 X-88.912 Y128.811 E635.31866
G1 X-94.493 Y124.254 E647.34039
G1 X-93.045 Y122.224 E651.50023
G1 X-89.583 Y124.369 E658.29462
G1 X-79.767 Y125.282 E674.74339
G1 X-70.572 Y121.727 E691.19214
G1 X-64.122 Y114.666 E707.14894
G1 X-48.648 Y86.958 E760.09986
G1 X-46.060 Y78.393 E775.02743
G1 X-47.329 Y69.260 E790.41306
G1 X-52.154 Y61.726 E805.34071
G1 X-61.726 Y52.154 E827.92547
G1 X-69.260 Y47.329 E842.85312
G1 X-78.393 Y46.060 E858.23870
G1 X-86.958 Y48.648 E873.16634
G1 X-114.666 Y64.122 E926.11720
G1 X-121.727 Y70.572 E942.07409
G1 X-125.282 Y79.767 E958.52279
G1 X-124.369 Y89.583 E974.97149
G1 X-121.018 Y94.992 E985.58694
G1 X-122.979 Y96.451 E989.66361
G1 X-125.126 Y94.026 E995.06761
G1 X-138.589 Y72.737 E1037.09456
G1 X-148.462 Y49.564 E1079.12153
G1 X-154.490 Y25.107 E1121.14846
G1 X-154.906 Y19.955 E1129.77273
G1 X-152.468 Y19.572 E1133.89077
G1 X-151.287 Y24.597 E1142.50313
G1 X-144.992 Y32.184 E1158.95188
G1 X-135.976 Y36.172 E1175.40059
G1 X-126.422 Y35.740 E1191.35762
G1 X-95.888 Y27.089 E1244.30835
G1 X-88.002 Y22.863 E1259.23601
G1 X-82.441 Y15.507 E1274.62157
G1 X-80.525 Y6.768 E1289.54921
G1 X-80.525 Y-6.768 E1312.13399
G1 X-82.441 Y-15.507 E1327.06164
G1 X-88.002 Y-22.863 E1342.44720
G1 X-95.888 Y-27.089 E1357.37485
G1 X-126.422 Y-35.740 E1410.32558
G1 X-135.976 Y-36.172 E1426.28261
G1 X-144.992 Y-32.184 E1442.73134
G1 X-151.287 Y-24.597 E1459.18008
G1 X-152.468 Y-19.572 E1467.79244
G1 X-154.906 Y-19.955 E1471.91047
G1 X-154.490 Y-25.107 E1480.53475
G1 X-148.462 Y-49.564 E1522.56168
G1 X-138.561 Y-72.803 E1564.70849
G1 X-135.569 Y-78.201 E1575.00594
G1 X-133.981 Y-80.712 E1579.96281
G1 X-125.145 Y-94.005 E1606.59457
G1 X-122.979 Y-96.451 E1612.04575
G1 X-121.018 Y-94.992 E1616.12242
G1 X-124.369 Y-89.583 E1626.73771
G1 X-125.282 Y-79.767 E1643.18647
G1 X-121.727 Y-70.572 E1659.63521
G1 X-114.666 Y-64.122 E1675.59206
G1 X-86.958 Y-48.648 E1728.54291
G1 X-78.393 Y-46.060 E1743.47056
G1 X-69.260 Y-47.329 E1758.85613
G1 X-61.726 Y-52.154 E1773.78379
G1 X-52.154 Y-61.726 E1796.36856
G1 X-47.329 Y-69.260 E1811.29621
G1 X-46.060 Y-78.393 E1826.68179
G1 X-48.648 Y-86.958 E1841.60944
G1 X-64.122 Y-114.666 E1894.56029
G1 X-70.572 Y-121.727 E1910.51714
G1 X-79.767 Y-125.282 E1926.96588
G1 X-89.583 Y-124.369 E1943.41464
G1 X-93.045 Y-122.224 E1950.20913
G1 X-94.493 Y-124.254 E1954.36897
G1 X-88.912 Y-128.811 E1966.39078
G1 X-67.098 Y-141.405 E2008.41775
G1 X-43.546 Y-150.337 E2050.44470
G1 X-18.866 Y-155.376 E2092.47164
G1 X-17.487 Y-155.431 E2094.77484
G1 X-17.160 Y-153.035 E2098.81048
G1 X-24.597 Y-151.287 E2111.55742
G1 X-32.184 Y-144.992 E2128.00615
G1 X-36.172 Y-135.976 E2144.45489
G1 X-35.740 Y-126.422 E2160.41192
G1 X-27.089 Y-95.888 E2213.36264
G1 X-22.863 Y-88.002 E2228.29029
G1 X-15.507 Y-82.441 E2243.67585
G1 X-12.810 Y-81.849 E2248.28281
G1 X-13.067 Y-79.475 E2252.26767
G1 X-30.800 Y-79.475 E2281.85401
G1 X-35.971 Y-79.285 F7800.000
G1 E2279.85401 F2400.00000
G92 E0
G1 X-1.278 Y-153.475 F7800.000
G1 E2.00000 F2400.00000
G1 F1800
G1 X-1.330 Y-156.082 E6.35126
G1 X6.302 Y-156.390 E19.09659
G1 X9.717 Y-155.975 E24.83638
G1 X9.566 Y-153.475 E29.01572
G1 X-0.603 Y-153.475 E45.98248
G1 X-0.177 Y-155.839 F7800.000
G1 E43.98248 F2400.00000
G92 E0
G1 X42.057 Y97.499 F7800.000
G1 E2.00000 F2400.00000
G1 F1800
G1 X55.226 Y121.081 E60.78198
G1 X63.724 Y130.385 E88.20717
G1 X51.437 Y136.215 E117.80539
G1 X47.152 Y137.602 E127.60808
G1 X46.567 Y124.667 E155.78717
G1 X39.204 Y98.681 E214.56890
G1 X41.433 Y97.758 E219.82077
G1 E217.82077 F2400.00000
G92 E0
G1 X36.585 Y84.585 F7800.000
G1 E2.00000 F2400.00000
G1 F1800
G1 X36.585 Y66.869 E40.55588
G1 X41.526 Y63.857 E53.15094
G1 X43.457 Y65.831 E59.15997
G1 X42.422 Y67.447 E63.33762
G1 X40.844 Y78.800 E88.28205
G1 X43.917 Y88.966 E111.39581
G1 X59.949 Y117.675 E182.95905
G1 X67.609 Y126.060 E207.67664
G1 X77.926 Y130.049 E231.75107
G1 X53.577 Y141.603 E290.40772
G1 X36.881 Y147.006 E328.59968
G1 X41.331 Y136.945 E352.54283
G1 X40.818 Y125.599 E377.26063
G1 X31.854 Y93.962 E448.82360
G1 X26.830 Y84.585 E471.97746
G1 X35.910 Y84.585 E491.73957
G1 E489.73957 F2400.00000
G92 E0
G1 X97.499 Y42.057 F7800.000
G1 E2.00000 F2400.00000
G1 F1800
G1 X98.681 Y39.204 E8.72091
G1 X124.667 Y46.567 E67.50265
G1 X137.379 Y47.142 E95.19638
G1 X133.970 Y57.001 E117.90075
G1 X130.423 Y63.759 E134.51054
G1 X121.081 Y55.226 E162.04862
G1 X98.089 Y42.386 E219.36157
G1 E217.36157 F2400.00000
G92 E0
G1 X82.911 Y36.044 F7800.000
G1 E2.00000 F2400.00000
G1 F1800
G1 X79.260 Y34.940 E10.30287
G1 X74.285 Y35.631 E21.23435
G1 X77.388 Y26.890 E41.42263
G1 X80.751 Y31.339 E53.56097
G1 X84.114 Y33.140 E61.86412
G1 X83.170 Y35.420 E67.23479
G1 E65.23479 F2400.00000
G92 E0
G1 X63.843 Y41.493 F7800.000
G1 E2.00000 F2400.00000
G1 F1800
G1 X68.844 Y33.665 E22.21684
G1 X75.528 Y14.837 E65.69920
G1 X84.601 Y26.838 E98.44352
G1 X93.962 Y31.854 E121.55748
G1 X125.599 Y40.818 E193.12046
G1 X136.945 Y41.331 E217.83826
G1 X147.056 Y36.859 E241.90014
G1 X139.295 Y59.304 E293.58659
G1 X129.825 Y77.347 E337.93497
G1 X126.060 Y67.609 E360.65752
G1 X117.675 Y59.949 E385.37512
G1 X88.966 Y43.917 E456.93834
G1 X78.800 Y40.844 E480.05206
G1 X67.447 Y42.422 E504.99655
G1 X65.817 Y43.465 E509.20869
G1 X64.320 Y41.970 E513.81385
G1 E511.81385 F2400.00000
G92 E0
G1 X77.388 Y-26.890 F7800.000
G1 E2.00000 F2400.00000
G1 F1800
G1 X74.285 Y-35.631 E22.18827
G1 X79.260 Y-34.940 E33.11969
G1 X82.911 Y-36.044 E41.42243
G1 X84.114 Y-33.140 E48.26217
G1 X80.751 Y-31.339 E56.56509
G1 X77.795 Y-27.428 E67.23442
G1 E65.23442 F2400.00000
G92 E0
G1 X98.681 Y-39.204 F7800.000
G1 E2.00000 F2400.00000
G1 F1800
G1 X97.499 Y-42.057 E8.72091
G1 X121.081 Y-55.226 E67.50300
G1 X130.423 Y-63.759 E95.04109
G1 X133.970 Y-57.001 E111.65081
G1 X137.379 Y-47.142 E134.35517
G1 X124.667 Y-46.567 E162.04892
G1 X99.330 Y-39.388 E219.36171
G1 E217.36171 F2400.00000
G92 E0
G1 X75.528 Y-14.837 F7800.000
G1 E2.00000 F2400.00000
G1 F1800
G1 X68.844 Y-33.665 E45.48237
G1 X63.843 Y-41.493 E65.69915
G1 X65.817 Y-43.465 E71.77336
G1 X67.447 Y-42.422 E75.98548
G1 X78.800 Y-40.844 E100.92993
G1 X88.966 Y-43.917 E124.04371
G1 X117.675 Y-59.949 E195.60690
G1 X126.060 Y-67.609 E220.32446
G1 X129.825 Y-77.347 E243.04708
G1 X139.295 Y-59.304 E287.39544
G1 X147.056 Y-36.859 E339.08192
G1 X136.945 Y-41.331 E363.14382
G1 X125.599 Y-40.818 E387.86164
G1 X93.962 Y-31.854 E459.42459
G1 X84.601 Y-26.838 E482.53854
G1 X75.935 Y-15.375 E513.81384
G1 E511.81384 F2400.00000
G92 E0
G1 X42.057 Y-97.499 F7800.000
G1 E2.00000 F2400.00000
G1 F1800
G1 X39.204 Y-98.681 E8.72091
G1 X46.567 Y-124.667 E67.50254
G1 X47.144 Y-137.424 E95.29416
G1 X51.626 Y-136.126 E105.44898
G1 X63.724 Y-130.385 E134.59358
G1 X55.226 Y-121.081 E162.01883
G1 X42.386 Y-98.089 E219.33164
G1 E217.33164 F2400.00000
G92 E0
G1 X36.585 Y-84.585 F7800.000
G1 E2.00000 F2400.00000
G1 F1800
G1 X26.830 Y-84.585 E23.23115
G1 X31.854 Y-93.962 E46.38496
G1 X40.818 Y-125.599 E117.94791
G1 X41.331 Y-136.945 E142.66575
G1 X37.178 Y-146.333 E165.00874
G1 X53.684 Y-141.552 E202.40741
G1 X77.926 Y-130.049 E260.80675
G1 X67.609 Y-126.060 E284.88119
G1 X59.949 Y-117.675 E309.59885
G1 X43.917 Y-88.966 E381.16199
G1 X40.844 Y-78.800 E404.27585
G1 X42.422 Y-67.447 E429.22022
G1 X43.457 Y-65.831 E433.39790
G1 X41.526 Y-63.857 E439.40693
G1 X36.585 Y-66.869 E452.00201
G1 X36.585 Y-83.910 E489.08889
G1 E487.08889 F2400.00000
G92 E0
G1 X31.475 Y-79.475 F7800.000
G1 E2.00000 F2400.00000
G1 F1800
G1 X13.067 Y-79.475 E32.71256
G1 X12.810 Y-81.849 E36.69742
G1 X15.507 Y-82.441 E41.30437
G1 X22.863 Y-88.002 E56.68993
G1 X27.089 Y-95.888 E71.61759
G1 X35.740 Y-126.422 E124.56832
G1 X36.172 Y-135.976 E140.52535
G1 X32.184 Y-144.992 E156.97407
G1 X24.597 Y-151.287 E173.42281
G1 X21.527 Y-152.008 E178.68486
G1 X21.967 Y-154.488 E182.88684
G1 X31.307 Y-153.354 E198.58483
G1 X55.502 Y-146.346 E240.61177
G1 X78.258 Y-135.548 E282.63871
G1 X93.955 Y-124.713 E314.46102
G1 X92.534 Y-122.541 E318.79201
G1 X89.583 Y-124.369 E324.58305
G1 X79.767 Y-125.282 E341.03175
G1 X70.572 Y-121.727 E357.48046
G1 X64.122 Y-114.666 E373.43734
G1 X48.648 Y-86.958 E426.38821
G1 X46.060 Y-78.393 E441.31584
G1 X47.329 Y-69.260 E456.70142
G1 X52.154 Y-61.726 E471.62908
G1 X61.726 Y-52.154 E494.21384
G1 X69.260 Y-47.329 E509.14149
G1 X78.393 Y-46.060 E524.52711
G1 X86.958 Y-48.648 E539.45469
G1 X114.666 Y-64.122 E592.40561
G1 X121.727 Y-70.572 E608.36241
G1 X125.282 Y-79.767 E624.81115
G1 X124.369 Y-89.583 E641.25992
G1 X123.043 Y-91.724 E645.46136
G1 X125.143 Y-93.159 E649.70596
G1 X132.287 Y-83.653 E669.54611
G1 X143.999 Y-61.338 E711.59525
G1 X151.160 Y-40.625 E748.16152
G1 X151.955 Y-37.543 E753.47243
G1 X154.359 Y-22.749 E778.47884
G1 X151.839 Y-22.249 E782.76640
G1 X151.287 Y-24.597 E786.79114
G1 X144.992 Y-32.184 E803.23988
G1 X135.976 Y-36.172 E819.68862
G1 X126.422 Y-35.740 E835.64561
G1 X95.888 Y-27.089 E888.59637
G1 X88.002 Y-22.863 E903.52405
G1 X82.441 Y-15.507 E918.90957
G1 X80.525 Y-6.768 E933.83722
G1 X80.525 Y6.768 E956.42202
G1 X82.441 Y15.507 E971.34967
G1 X88.002 Y22.863 E986.73518
G1 X95.888 Y27.089 E1001.66288
G1 X126.422 Y35.740 E1054.61364
G1 X135.976 Y36.172 E1070.57063
G1 X144.992 Y32.184 E1087.01935
G1 X151.287 Y24.597 E1103.46810
G1 X151.839 Y22.249 E1107.49282
G1 X154.359 Y22.749 E1111.78038
G1 X151.955 Y37.543 E1136.78676
G1 X151.160 Y40.625 E1142.09767
G1 X143.999 Y61.338 E1178.66392
G1 X132.287 Y83.653 E1220.71306
G1 X125.143 Y93.159 E1240.55350
G1 X123.043 Y91.724 E1244.79810
G1 X124.369 Y89.583 E1248.99985
G1 X125.282 Y79.767 E1265.44856
G1 X121.727 Y70.572 E1281.89727
G1 X114.666 Y64.122 E1297.85411
G1 X86.958 Y48.648 E1350.80504
G1 X78.393 Y46.060 E1365.73260
G1 X69.260 Y47.329 E1381.11823
G1 X61.726 Y52.154 E1396.04587
G1 X52.154 Y61.726 E1418.63064
G1 X47.329 Y69.260 E1433.55828
G1 X46.060 Y78.393 E1448.94390
G1 X48.648 Y86.958 E1463.87147
G1 X64.122 Y114.666 E1516.82240
G1 X70.572 Y121.727 E1532.77924
G1 X79.767 Y125.282 E1549.22795
G1 X89.583 Y124.369 E1565.67666
G1 X92.534 Y122.541 E1571.46764
G1 X93.955 Y124.713 E1575.79863
G1 X78.258 Y135.548 E1607.62086
G1 X55.467 Y146.362 E1649.71217
G1 X40.733 Y151.130 E1675.55004
G1 X31.369 Y153.346 E1691.60628
G1 X21.967 Y154.488 E1707.40711
G1 X21.527 Y152.008 E1711.60910
G1 X24.597 Y151.287 E1716.87123
G1 X32.184 Y144.992 E1733.31998
G1 X36.172 Y135.976 E1749.76870
G1 X35.740 Y126.422 E1765.72570
G1 X27.089 Y95.888 E1818.67645
G1 X22.863 Y88.002 E1833.60415
G1 X15.507 Y82.441 E1848.98967
G1 X12.810 Y81.849 E1853.59689
G1 X13.067 Y79.475 E1857.58174
G1 X31.475 Y79.475 E1888.29455
G1 X31.475 Y64.000 E1914.11468
G1 X43.898 Y56.426 E1938.39116
G1 X55.490 Y45.076 E1965.45810
G1 X64.224 Y31.406 E1992.52505
G1 X69.651 Y16.118 E2019.59198
G1 X71.491 Y-0.000 E2046.65893
G1 X69.651 Y-16.118 E2073.72586
G1 X64.224 Y-31.406 E2100.79282
G1 X55.490 Y-45.076 E2127.85973
G1 X43.898 Y-56.426 E2154.92668
G1 X31.475 Y-64.000 E2179.20316
G1 X31.475 Y-78.800 E2203.89710
G1 X30.737 Y-83.914 F7800.000
G1 E2201.89710 F2400.00000
G92 E0
G1 X10.478 Y-80.396 F7800.000
G1 E2.00000 F2400.00000
G1 F1800
G1 X7.150 Y-80.035 E9.07357
G1 F1800
G1 X6.500 Y-80.000 E10.43378
G1 F1800
G1 X-6.500 Y-80.000 E37.25930
G1 X-6.825 Y-80.018 E37.93079
G1 F1800
G1 X-7.150 Y-80.035 E38.61089
G1 X-8.814 Y-80.215 E42.10939
G1 F1800
G1 X-10.478 Y-80.396 E45.64618
G1 E43.64618 F2400.00000
G92 E0
G1 X98.336 Y-120.277 F7800.000
G1 E2.00000 F2400.00000
G1 F1800
G1 X98.717 Y-119.930 E3.30754
G1 X100.991 Y-117.701 E11.39067
G1 F1800
G1 X105.539 Y-113.244 E27.79221
G1 F1800
G1 X110.087 Y-108.787 E44.42901
G1 E42.42901 F2400.00000
G92 E0
G1 X110.933 Y-106.113 F7800.000
G1 E2.00000 F2400.00000
G1 F1800
G1 X112.777 Y-107.995 E6.39529
G1 X117.155 Y-103.790 E16.52319
G1 X118.364 Y-102.181 E19.88196
G1 X116.491 Y-100.555 E24.01933
G1 X111.410 Y-105.636 E36.00876
G1 X113.391 Y-107.061 F7800.000
G1 E34.00876 F2400.00000
G92 E0
G1 X153.475 Y-10.882 F7800.000
G1 E2.00000 F2400.00000
G1 F1800
G1 X156.082 Y-10.934 E6.35126
G1 X156.523 Y-0.000 E24.60957
G1 X156.082 Y10.934 E42.86791
G1 X153.475 Y10.882 E47.21917
G1 X153.475 Y-10.207 E82.40475
G1 X155.799 Y-9.699 F7800.000
G1 E80.40475 F2400.00000
G92 E0
G1 X116.491 Y100.555 F7800.000
G1 E2.00000 F2400.00000
G1 F1800
G1 X118.364 Y102.180 E6.13737
G1 X117.155 Y103.790 E9.49640
G1 X112.776 Y107.996 E19.62617
G1 X110.932 Y106.114 E24.02146
G1 X116.014 Y101.032 E36.01302
G1 X117.494 Y102.823 F7800.000
G1 E34.01302 F2400.00000
G92 E0
G1 X110.086 Y108.787 F7800.000
G1 E2.00000 F2400.00000
G1 F1800
G1 X105.539 Y113.244 E18.63561
G1 F1800
G1 X100.991 Y117.702 E35.03600
G1 F1800
G1 X98.717 Y119.930 E43.11858
G1 X98.336 Y120.277 E44.42621
G1 E42.42621 F2400.00000
G92 E0
G1 X54.492 Y131.564 F7800.000
G1 E2.00000 F2400.00000
G1 F1800
G1 X51.340 Y123.945 E12.62599
G1 F1800
G1 X51.270 Y123.777 E12.85414
G1 F1800
G1 X51.151 Y123.490 E13.23428
G1 F1800
G1 X50.984 Y123.085 E13.75672
G1 F1800
G1 X50.816 Y122.680 E14.26279
G1 F1800
G1 X50.648 Y122.275 E14.75250
G1 F1800
G1 X50.480 Y121.869 E15.22586
G1 F1800
G1 X50.312 Y121.464 E15.68284
G1 F1800
G1 X50.144 Y121.059 E16.12347
G1 F1800
G1 X49.976 Y120.653 E16.54774
G1 F1800
G1 X49.808 Y120.248 E16.95564
G1 F1800
G1 X49.641 Y119.843 E17.34719
G1 F1800
G1 X49.473 Y119.438 E17.72237
G1 F1800
G1 X49.305 Y119.032 E18.08119
G1 F1800
G1 X49.137 Y118.627 E18.42364
G1 F1800
G1 X48.969 Y118.222 E18.74974
G1 F1800
G1 X48.801 Y117.816 E19.05948
G1 F1800
G1 X48.633 Y117.411 E19.35285
G1 F1800
G1 X48.465 Y117.006 E19.62986
G1 F1800
G1 X48.297 Y116.600 E19.89051
G1 F1800
G1 X48.130 Y116.195 E20.13480
G1 F1800
G1 X47.962 Y115.790 E20.36272
G1 F1800
G1 X47.794 Y115.385 E20.57429
G1 F1800
G1 X47.626 Y114.979 E20.76949
G1 F1800
G1 X47.458 Y114.574 E20.94833
G1 F1800
G1 X47.290 Y114.169 E21.11081
G1 F1800
G1 X47.122 Y113.763 E21.25693
G1 F1800
G1 X46.954 Y113.358 E21.38669
G1 F1800
G1 X46.787 Y112.953 E21.50008
G1 F1800
G1 X46.619 Y112.548 E21.59711
G1 F1800
G1 X46.451 Y112.142 E21.67778
G1 F1800
G1 X46.283 Y111.737 E21.74209
G1 F1800
G1 X46.199 Y111.534 E21.76607
G1 E19.76607 F2400.00000
G92 E0
G1 X44.455 Y63.197 F7800.000
G1 E2.00000 F2400.00000
G1 F1800
G1 X45.139 Y62.449 E3.74374
G1 F1800
G1 X46.506 Y60.952 E7.15686
G1 F1800
G1 X47.322 Y60.041 E9.17240
G1 F1800
G1 X47.588 Y59.714 E9.85062
G1 F1800
G1 X47.853 Y59.387 E10.51379
G1 F1800
G1 X48.119 Y59.061 E11.16191
G1 F1800
G1 X48.414 Y58.718 E11.84196
G1 F1800
G1 X51.915 Y55.236 E19.16254
G1 F1800
G1 X58.592 Y48.629 E32.79341
G1 X59.015 Y48.260 E33.60849
G1 F1800
G1 X61.122 Y46.376 E37.79697
G1 F1800
G1 X63.229 Y44.491 E42.07215
G1 E40.07215 F2400.00000
G92 E0
G1 X75.614 Y7.322 F7800.000
G1 E2.00000 F2400.00000
G1 F1800
G1 X75.622 Y7.045 E2.44118
G1 F1800
G1 X75.670 Y6.192 E3.76934
G1 F1800
G1 X75.719 Y5.339 E5.06629
G1 F1800
G1 X75.767 Y4.486 E6.33206
G1 F1800
G1 X75.816 Y3.634 E7.56663
G1 F1800
G1 X75.864 Y2.781 E8.77001
G1 F1800
G1 X75.913 Y1.928 E9.94220
G1 F1800
G1 X75.961 Y1.075 E11.08319
G1 F1800
G1 X76.010 Y0.222 E12.19298
G1 X75.986 Y-0.649 E13.32527
G1 F1800
G1 X75.937 Y-1.502 E14.46626
G1 F1800
G1 X75.889 Y-2.354 E15.63844
G1 F1800
G1 X75.840 Y-3.207 E16.84182
G1 F1800
G1 X75.792 Y-4.060 E18.07639
G1 F1800
G1 X75.743 Y-4.913 E19.34216
G1 F1800
G1 X75.695 Y-5.766 E20.63912
G1 F1800
G1 X75.646 Y-6.618 E21.96727
G1 F1800
G1 X75.614 Y-7.322 E23.08788
G1 E21.08788 F2400.00000
G92 E0
G1 X63.229 Y-44.491 F7800.000
G1 E2.00000 F2400.00000
G1 F1800
G1 X61.122 Y-46.376 E6.27518
G1 F1800
G1 X59.015 Y-48.260 E10.46365
G1 F1800
G1 X58.592 Y-48.629 E11.27876
G1 X51.466 Y-55.680 E25.82510
G1 F1800
G1 X48.414 Y-58.718 E32.21048
G1 F1800
G1 X48.119 Y-59.061 E32.89053
G1 F1800
G1 X47.853 Y-59.387 E33.53865
G1 F1800
G1 X47.588 Y-59.714 E34.20182
G1 F1800
G1 X47.322 Y-60.041 E34.88004
G1 F1800
G1 X46.506 Y-60.952 E36.89558
G1 F1800
G1 X45.139 Y-62.449 E40.30869
G1 F1800
G1 X44.455 Y-63.197 E42.05242
G1 E40.05242 F2400.00000
G92 E0
G1 X46.199 Y-111.534 F7800.000
G1 E2.00000 F2400.00000
G1 F1800
G1 X46.283 Y-111.737 E2.02397
G1 F1800
G1 X46.451 Y-112.142 E2.08828
G1 F1800
G1 X46.619 Y-112.548 E2.16895
G1 F1800
G1 X46.787 Y-112.953 E2.26599
G1 F1800
G1 X46.954 Y-113.358 E2.37938
G1 F1800
G1 X47.122 Y-113.763 E2.50914
G1 F1800
G1 X47.290 Y-114.169 E2.65525
G1 F1800
G1 X47.458 Y-114.574 E2.81773
G1 F1800
G1 X47.626 Y-114.979 E2.99657
G1 F1800
G1 X47.794 Y-115.385 E3.19177
G1 F1800
G1 X47.962 Y-115.790 E3.40334
G1 F1800
G1 X48.130 Y-116.195 E3.63126
G1 F1800
G1 X48.297 Y-116.600 E3.87555
G1 F1800
G1 X48.465 Y-117.006 E4.13620
G1 F1800
G1 X48.633 Y-117.411 E4.41321
G1 F1800
G1 X48.801 Y-117.816 E4.70658
G1 F1800
G1 X48.969 Y-118.222 E5.01632
G1 F1800
G1 X49.137 Y-118.627 E5.34241
G1 F1800
G1 X49.305 Y-119.032 E5.68487
G1 F1800
G1 X49.473 Y-119.438 E6.04369
G1 F1800
G1 X49.641 Y-119.843 E6.41887
G1 F1800
G1 X49.808 Y-120.248 E6.81041
G1 F1800
G1 X49.976 Y-120.653 E7.21831
G1 F1800
G1 X50.144 Y-121.059 E7.64258
G1 F1800
G1 X50.312 Y-121.464 E8.08320
G1 F1800
G1 X50.480 Y-121.869 E8.54019
G1 F1800
G1 X50.648 Y-122.275 E9.01354
G1 F1800
G1 X50.816 Y-122.680 E9.50325
G1 F1800
G1 X50.984 Y-123.085 E10.00933
G1 F1800
G1 X51.151 Y-123.490 E10.53176
G1 F1800
G1 X51.270 Y-123.777 E10.91188
G1 F1800
G1 X51.340 Y-123.945 E11.14004
G1 F1800
G1 X54.477 Y-131.571 E21.76719
G1 E19.76719 F2400.00000
G92 E0
G1 X33.094 Y-149.250 F7800.000
G1 E2.00000 F2400.00000
G1 F1800
G1 X32.254 Y-149.612 E2.21008
G1 F1800
G1 X31.414 Y-149.974 E2.38838
G1 F1800
G1 X30.573 Y-150.336 E2.53489
G1 F1800
G1 X29.733 Y-150.698 E2.64961
G1 E0.64961 F2400.00000
G92 E0
G1 X-48.885 Y-118.019 F7800.000
G1 E2.00000 F2400.00000
G1 F1800
G1 X-49.053 Y-118.424 E2.30974
G1 F1800
G1 X-49.221 Y-118.830 E2.63583
G1 F1800
G1 X-49.389 Y-119.235 E2.97829
G1 F1800
G1 X-49.557 Y-119.640 E3.33711
G1 F1800
G1 X-49.724 Y-120.045 E3.71230
G1 F1800
G1 X-49.892 Y-120.451 E4.10384
G1 F1800
G1 X-50.060 Y-120.856 E4.51175
G1 F1800
G1 X-50.228 Y-121.261 E4.93602
G1 F1800
G1 X-50.396 Y-121.667 E5.37665
G1 F1800
G1 X-50.564 Y-122.072 E5.83364
G1 F1800
G1 X-50.732 Y-122.477 E6.30699
G1 F1800
G1 X-50.900 Y-122.882 E6.79671
G1 F1800
G1 X-51.067 Y-123.288 E7.30279
G1 F1800
G1 X-51.235 Y-123.693 E7.82535
G1 F1800
G1 X-51.305 Y-123.861 E8.04777
G1 F1800
G1 X-51.374 Y-124.029 E8.27593
G1 F1800
G1 X-54.466 Y-131.450 E18.63635
G1 E16.63635 F2400.00000
G92 E0
G1 X-48.885 Y-118.019 F7800.000
G1 E2.00000 F2400.00000
G1 F1800
G1 X-48.717 Y-117.614 E2.29337
G1 F1800
G1 X-48.549 Y-117.208 E2.57039
G1 F1800
G1 X-48.381 Y-116.803 E2.83104
G1 F1800
G1 X-48.214 Y-116.398 E3.07533
G1 F1800
G1 X-48.046 Y-115.993 E3.30325
G1 F1800
G1 X-47.878 Y-115.587 E3.51482
G1 F1800
G1 X-47.710 Y-115.182 E3.71002
G1 F1800
G1 X-47.542 Y-114.777 E3.88886
G1 F1800
G1 X-47.374 Y-114.371 E4.05134
G1 F1800
G1 X-47.206 Y-113.966 E4.19746
G1 F1800
G1 X-47.038 Y-113.561 E4.32722
G1 F1800
G1 X-46.871 Y-113.155 E4.44061
G1 F1800
G1 X-46.703 Y-112.750 E4.53765
G1 F1800
G1 X-46.535 Y-112.345 E4.61832
G1 F1800
G1 X-46.367 Y-111.940 E4.68263
G1 F1800
G1 X-46.199 Y-111.534 E4.73058
G1 E2.73058 F2400.00000
G92 E0
G1 X-44.455 Y-63.197 F7800.000
G1 E2.00000 F2400.00000
G1 F1800
G1 X-45.822 Y-61.700 E5.48748
G1 F1800
G1 X-47.189 Y-60.204 E8.90061
G1 F1800
G1 X-47.455 Y-59.877 E9.59387
G1 F1800
G1 X-47.720 Y-59.551 E10.27208
G1 F1800
G1 X-47.986 Y-59.224 E10.93524
G1 F1800
G1 X-48.252 Y-58.898 E11.58335
G1 F1800
G1 X-48.576 Y-58.539 E12.31088
G1 F1800
G1 X-55.253 Y-51.932 E26.23592
G1 F1800
G1 X-58.592 Y-48.629 E33.02378
G1 X-59.015 Y-48.260 E33.83556
G1 F1800
G1 X-61.122 Y-46.376 E37.98067
G1 F1800
G1 X-63.229 Y-44.491 E42.21249
G1 E40.21249 F2400.00000
G92 E0
G1 X-75.614 Y-7.322 F7800.000
G1 E2.00000 F2400.00000
G1 F1800
G1 X-75.646 Y-6.618 E3.12072
G1 F1800
G1 X-75.695 Y-5.766 E4.44887
G1 F1800
G1 X-75.743 Y-4.913 E5.74583
G1 F1800
G1 X-75.792 Y-4.060 E7.01160
G1 F1800
G1 X-75.840 Y-3.207 E8.24617
G1 F1800
G1 X-75.889 Y-2.354 E9.44954
G1 F1800
G1 X-75.937 Y-1.502 E10.62173
G1 F1800
G1 X-75.986 Y-0.649 E11.76271
G1 F1800
G1 X-76.010 Y0.222 E12.89500
G1 X-75.961 Y1.075 E14.00480
G1 F1800
G1 X-75.913 Y1.928 E15.14578
G1 F1800
G1 X-75.864 Y2.781 E16.31797
G1 F1800
G1 X-75.816 Y3.634 E17.52135
G1 F1800
G1 X-75.767 Y4.486 E18.75592
G1 F1800
G1 X-75.719 Y5.339 E20.02168
G1 F1800
G1 X-75.670 Y6.192 E21.31864
G1 F1800
G1 X-75.622 Y7.045 E22.64679
G1 F1800
G1 X-75.614 Y7.322 E23.08809
G1 E21.08809 F2400.00000
G92 E0
G1 X-63.229 Y44.491 F7800.000
G1 E2.00000 F2400.00000
G1 F1800
G1 X-62.176 Y45.434 E4.13758
G1 F1800
G1 X-60.069 Y47.318 E8.32602
G1 F1800
G1 X-58.592 Y48.629 E11.19022
G1 X-54.356 Y52.820 E19.83133
G1 F1800
G1 X-48.576 Y58.539 E31.88595
G1 F1800
G1 X-48.252 Y58.898 E32.61348
G1 F1800
G1 X-47.986 Y59.224 E33.26159
G1 F1800
G1 X-47.720 Y59.551 E33.92475
G1 F1800
G1 X-47.455 Y59.877 E34.60297
G1 F1800
G1 X-47.189 Y60.204 E35.29623
G1 F1800
G1 X-45.822 Y61.700 E38.70936
G1 F1800
G1 X-44.455 Y63.197 E42.19686
G1 E40.19686 F2400.00000
G92 E0
G1 X-46.199 Y111.534 F7800.000
G1 E2.00000 F2400.00000
G1 F1800
G1 X-46.367 Y111.940 E2.04795
G1 F1800
G1 X-46.535 Y112.345 E2.11226
G1 F1800
G1 X-46.703 Y112.750 E2.19293
G1 F1800
G1 X-46.871 Y113.155 E2.28996
G1 F1800
G1 X-47.038 Y113.561 E2.40336
G1 F1800
G1 X-47.206 Y113.966 E2.53311
G1 F1800
G1 X-47.374 Y114.371 E2.67923
G1 F1800
G1 X-47.542 Y114.777 E2.84171
G1 F1800
G1 X-47.710 Y115.182 E3.02055
G1 F1800
G1 X-47.878 Y115.587 E3.21576
G1 F1800
G1 X-48.046 Y115.993 E3.42732
G1 F1800
G1 X-48.214 Y116.398 E3.65525
G1 F1800
G1 X-48.381 Y116.803 E3.89954
G1 F1800
G1 X-48.549 Y117.208 E4.16019
G1 F1800
G1 X-48.717 Y117.614 E4.43721
G1 F1800
G1 X-48.885 Y118.019 E4.73058
G1 F1800
G1 X-49.053 Y118.424 E5.04032
G1 F1800
G1 X-49.221 Y118.830 E5.36642
G1 F1800
G1 X-49.389 Y119.235 E5.70887
G1 F1800
G1 X-49.557 Y119.640 E6.06770
G1 F1800
G1 X-49.724 Y120.045 E6.44288
G1 F1800
G1 X-49.892 Y120.451 E6.83443
G1 F1800
G1 X-50.060 Y120.856 E7.24233
G1 F1800
G1 X-50.228 Y121.261 E7.66660
G1 F1800
G1 X-50.396 Y121.667 E8.10723
G1 F1800
G1 X-50.564 Y122.072 E8.56423
G1 F1800
G1 X-50.732 Y122.477 E9.03758
G1 F1800
G1 X-50.900 Y122.882 E9.52730
G1 F1800
G1 X-51.067 Y123.288 E10.03338
G1 F1800
G1 X-51.235 Y123.693 E10.55596
G1 F1800
G1 X-51.305 Y123.861 E10.77838
G1 F1800
G1 X-51.374 Y124.029 E11.00652
G1 F1800
G1 X-54.459 Y131.453 E21.36659
G1 E19.36659 F2400.00000
G92 E0
G1 X-111.534 Y46.199 F7800.000
G1 E2.00000 F2400.00000
G1 F1800
G1 X-111.940 Y46.367 E2.04795
G1 F1800
G1 X-112.345 Y46.535 E2.11226
G1 F1800
G1 X-112.750 Y46.703 E2.19293
G1 F1800
G1 X-113.156 Y46.871 E2.28996
G1 F1800
G1 X-113.561 Y47.038 E2.40335
G1 F1800
G1 X-113.966 Y47.206 E2.53311
G1 F1800
G1 X-114.371 Y47.374 E2.67923
G1 F1800
G1 X-114.777 Y47.542 E2.84171
G1 F1800
G1 X-115.182 Y47.710 E3.02055
G1 F1800
G1 X-115.587 Y47.878 E3.21575
G1 F1800
G1 X-115.993 Y48.046 E3.42731
G1 F1800
G1 X-116.398 Y48.214 E3.65524
G1 F1800
G1 X-116.803 Y48.381 E3.89953
G1 F1800
G1 X-117.208 Y48.549 E4.16018
G1 F1800
G1 X-117.614 Y48.717 E4.43719
G1 F1800
G1 X-118.019 Y48.885 E4.73056
G1 F1800
G1 X-118.424 Y49.053 E5.04029
G1 F1800
G1 X-118.830 Y49.221 E5.36639
G1 F1800
G1 X-119.235 Y49.389 E5.70885
G1 F1800
G1 X-119.640 Y49.557 E6.06767
G1 F1800
G1 X-120.045 Y49.724 E6.44285
G1 F1800
G1 X-120.451 Y49.892 E6.83439
G1 F1800
G1 X-120.856 Y50.060 E7.24229
G1 F1800
G1 X-121.261 Y50.228 E7.66656
G1 F1800
G1 X-121.667 Y50.396 E8.10718
G1 F1800
G1 X-122.072 Y50.564 E8.56417
G1 F1800
G1 X-122.477 Y50.732 E9.03752
G1 F1800
G1 X-122.882 Y50.900 E9.52724
G1 F1800
G1 X-123.288 Y51.067 E10.03331
G1 F1800
G1 X-123.693 Y51.235 E10.55588
G1 F1800
G1 X-123.861 Y51.305 E10.77830
G1 F1800
G1 X-124.029 Y51.374 E11.00645
G1 F1800
G1 X-131.386 Y54.468 E21.29139
G1 E19.29139 F2400.00000
G92 E0
G1 X-111.534 Y-46.199 F7800.000
G1 E2.00000 F2400.00000
G1 F1800
G1 X-111.940 Y-46.367 E2.04795
G1 F1800
G1 X-112.345 Y-46.535 E2.11226
G1 F1800
G1 X-112.750 Y-46.703 E2.19293
G1 F1800
G1 X-113.155 Y-46.871 E2.28996
G1 F1800
G1 X-113.561 Y-47.038 E2.40335
G1 F1800
G1 X-113.966 Y-47.206 E2.53311
G1 F1800
G1 X-114.371 Y-47.374 E2.67923
G1 F1800
G1 X-114.777 Y-47.542 E2.84171
G1 F1800
G1 X-115.182 Y-47.710 E3.02055
G1 F1800
G1 X-115.587 Y-47.878 E3.21575
G1 F1800
G1 X-115.993 Y-48.046 E3.42732
G1 F1800
G1 X-116.398 Y-48.214 E3.65525
G1 F1800
G1 X-116.803 Y-48.381 E3.89953
G1 F1800
G1 X-117.208 Y-48.549 E4.16018
G1 F1800
G1 X-117.614 Y-48.717 E4.43720
G1 F1800
G1 X-118.019 Y-48.885 E4.73057
G1 F1800
G1 X-118.424 Y-49.053 E5.04031
G1 F1800
G1 X-118.830 Y-49.221 E5.36640
G1 F1800
G1 X-119.235 Y-49.389 E5.70886
G1 F1800
G1 X-119.640 Y-49.557 E6.06768
G1 F1800
G1 X-120.045 Y-49.724 E6.44287
G1 F1800
G1 X-120.451 Y-49.892 E6.83441
G1 F1800
G1 X-120.856 Y-50.060 E7.24232
G1 F1800
G1 X-121.261 Y-50.228 E7.66659
G1 F1800
G1 X-121.667 Y-50.396 E8.10722
G1 F1800
G1 X-122.072 Y-50.564 E8.56421
G1 F1800
G1 X-122.477 Y-50.732 E9.03756
G1 F1800
G1 X-122.882 Y-50.900 E9.52728
G1 F1800
G1 X-123.288 Y-51.067 E10.03335
G1 F1800
G1 X-123.693 Y-51.235 E10.55592
G1 F1800
G1 X-123.861 Y-51.305 E10.77834
G1 F1800
G1 X-124.029 Y-51.374 E11.00650
G1 F1800
G1 X-131.405 Y-54.423 E21.29198
G1 E19.29198 F2400.00000
G92 E0
G1 X111.534 Y-46.199 F7800.000
G1 E2.00000 F2400.00000
G1 F1800
G1 X111.737 Y-46.283 E2.02397
G1 F1800
G1 X112.142 Y-46.451 E2.08828
G1 F1800
G1 X112.548 Y-46.619 E2.16896
G1 F1800
G1 X112.953 Y-46.787 E2.26599
G1 F1800
G1 X113.358 Y-46.954 E2.37938
G1 F1800
G1 X113.763 Y-47.122 E2.50914
G1 F1800
G1 X114.169 Y-47.290 E2.65526
G1 F1800
G1 X114.574 Y-47.458 E2.81774
G1 F1800
G1 X114.979 Y-47.626 E2.99658
G1 F1800
G1 X115.385 Y-47.794 E3.19179
G1 F1800
G1 X115.790 Y-47.962 E3.40335
G1 F1800
G1 X116.195 Y-48.130 E3.63128
G1 F1800
G1 X116.600 Y-48.297 E3.87557
G1 F1800
G1 X117.006 Y-48.465 E4.13622
G1 F1800
G1 X117.411 Y-48.633 E4.41323
G1 F1800
G1 X117.816 Y-48.801 E4.70661
G1 F1800
G1 X118.222 Y-48.969 E5.01634
G1 F1800
G1 X118.627 Y-49.137 E5.34244
G1 F1800
G1 X119.032 Y-49.305 E5.68490
G1 F1800
G1 X119.437 Y-49.473 E6.04372
G1 F1800
G1 X119.843 Y-49.641 E6.41891
G1 F1800
G1 X120.248 Y-49.808 E6.81045
G1 F1800
G1 X120.653 Y-49.976 E7.21836
G1 F1800
G1 X121.059 Y-50.144 E7.64263
G1 F1800
G1 X121.464 Y-50.312 E8.08326
G1 F1800
G1 X121.869 Y-50.480 E8.54025
G1 F1800
G1 X122.275 Y-50.648 E9.01360
G1 F1800
G1 X122.680 Y-50.816 E9.50332
G1 F1800
G1 X123.085 Y-50.984 E10.00940
G1 F1800
G1 X123.490 Y-51.151 E10.53184
G1 F1800
G1 X123.777 Y-51.270 E10.91198
G1 F1800
G1 X123.945 Y-51.340 E11.14013
G1 F1800
G1 X131.744 Y-54.589 E22.02775
G1 E20.02775 F2400.00000
G92 E0
G1 X111.534 Y46.199 F7800.000
G1 E2.00000 F2400.00000
G1 F1800
G1 X111.737 Y46.283 E2.02397
G1 F1800
G1 X112.142 Y46.451 E2.08828
G1 F1800
G1 X112.548 Y46.619 E2.16895
G1 F1800
G1 X112.953 Y46.787 E2.26599
G1 F1800
G1 X113.358 Y46.954 E2.37938
G1 F1800
G1 X113.763 Y47.122 E2.50914
G1 F1800
G1 X114.169 Y47.290 E2.65525
G1 F1800
G1 X114.574 Y47.458 E2.81773
G1 F1800
G1 X114.979 Y47.626 E2.99658
G1 F1800
G1 X115.385 Y47.794 E3.19178
G1 F1800
G1 X115.790 Y47.962 E3.40334
G1 F1800
G1 X116.195 Y48.130 E3.63127
G1 F1800
G1 X116.600 Y48.297 E3.87556
G1 F1800
G1 X117.006 Y48.465 E4.13621
G1 F1800
G1 X117.411 Y48.633 E4.41322
G1 F1800
G1 X117.816 Y48.801 E4.70659
G1 F1800
G1 X118.222 Y48.969 E5.01633
G1 F1800
G1 X118.627 Y49.137 E5.34242
G1 F1800
G1 X119.032 Y49.305 E5.68488
G1 F1800
G1 X119.438 Y49.473 E6.04370
G1 F1800
G1 X119.843 Y49.641 E6.41888
G1 F1800
G1 X120.248 Y49.808 E6.81042
G1 F1800
G1 X120.653 Y49.976 E7.21833
G1 F1800
G1 X121.059 Y50.144 E7.64260
G1 F1800
G1 X121.464 Y50.312 E8.08322
G1 F1800
G1 X121.869 Y50.480 E8.54021
G1 F1800
G1 X122.275 Y50.648 E9.01357
G1 F1800
G1 X122.680 Y50.816 E9.50328
G1 F1800
G1 X123.085 Y50.984 E10.00935
G1 F1800
G1 X123.490 Y51.151 E10.53179
G1 F1800
G1 X123.777 Y51.270 E10.91193
G1 F1800
G1 X123.945 Y51.340 E11.14008
G1 F1800
G1 X131.750 Y54.570 E22.02607
M104 S200 T0 ; set temperature
M104 S200 T1 ; set temperature
G1 Z5.400 F7800.000
G1 E20.02607 F2400.00000
G92 E0
G1 X10.169 Y153.475 F7800.000
G1 E2.00000 F2400.00000
G1 F900
G1 X10.316 Y155.903 E6.92549
G1 X6.302 Y156.390 E15.11314
G1 X-3.210 Y156.007 E34.39372
G1 X-3.159 Y153.475 E39.52182
G1 X9.494 Y153.475 E65.14707
G1 X9.175 Y155.695 F7800.000
G1 E63.14707 F2400.00000
G92 E0
G1 X9.796 Y83.718 F7800.000
G1 E2.00000 F2400.00000
G1 F1800
G1 X7.143 Y80.034 E13.58297
G1 X6.500 Y80.000 E15.22579
G1 F1800
G1 X-6.500 Y80.000 E47.97274
G1 X-6.821 Y80.017 E48.78372
G1 F1800
G1 X-7.143 Y80.034 E49.60513
G1 X-9.796 Y83.718 E61.18761
G1 E59.18761 F2400.00000
G92 E0
G1 X-102.487 Y114.560 F7800.000
G1 E2.00000 F2400.00000
G1 F900
G1 X-104.134 Y116.382 E6.97541
G1 X-108.423 Y112.880 E18.18885
G1 X-113.965 Y106.625 E35.11396
G1 X-112.140 Y104.907 E40.19066
G1 X-102.964 Y114.083 E66.47081
G1 X-104.790 Y115.415 F7800.000
G1 E64.47081 F2400.00000
G92 E0
G1 X-153.475 Y6.865 F7800.000
G1 E2.00000 F2400.00000
G1 F900
G1 X-155.955 Y6.965 E7.02581
G1 X-156.517 Y-0.000 E21.17778
G1 X-155.955 Y-6.965 E35.32975
G1 X-153.475 Y-6.865 E40.35556
G1 X-153.475 Y6.190 E66.79597
G1 X-155.723 Y5.814 F7800.000
G1 E64.79597 F2400.00000
G92 E0
G1 X-112.140 Y-104.907 F7800.000
G1 E2.00000 F2400.00000
G1 F900
G1 X-113.965 Y-106.625 E7.07670
G1 X-108.423 Y-112.880 E24.00203
G1 X-104.134 Y-116.382 E35.21562
G1 X-102.487 Y-114.560 E40.19102
G1 X-111.663 Y-105.384 E66.47153
G1 X-112.977 Y-107.269 F7800.000
G1 E64.47153 F2400.00000
G92 E0
G1 X-38.916 Y90.254 F7800.000
G1 E2.00000 F2400.00000
G1 F3600
G1 X-36.301 Y91.337 E9.05492
G1 X-45.781 Y124.795 E95.75115
G1 X-46.399 Y138.448 E129.82573
G1 X-62.752 Y132.247 E173.42720
G1 X-65.202 Y130.832 E180.48218
G1 X-55.871 Y120.615 E214.97769
G1 X-39.245 Y90.843 E299.99137
G1 X-36.279 Y84.279 F7800.000
G1 F3600
G1 X-26.318 Y84.279 E324.82409
G1 X-31.568 Y94.078 E352.54041
G1 X-40.513 Y125.648 E434.34608
G1 X-41.022 Y136.887 E462.39280
G1 X-36.615 Y146.850 E489.55316
G1 X-42.205 Y145.708 E503.77735
G1 X-65.032 Y137.051 E564.64128
G1 X-77.808 Y129.675 E601.42143
G1 X-67.786 Y125.800 E628.20825
G1 X-60.200 Y117.494 E656.25467
G1 X-44.201 Y88.845 E738.06062
G1 X-41.157 Y78.775 E764.28782
G1 X-42.716 Y67.556 E792.52741
G1 X-44.708 Y64.446 E801.73456
G1 X-42.939 Y62.637 E808.04222
G1 X-36.279 Y66.697 E827.48802
G1 X-36.279 Y83.604 E869.63693
G1 X-73.104 Y36.593 F7800.000
G1 F3600
G1 X-79.197 Y35.747 E884.97111
G1 X-90.929 Y39.293 E915.52675
G1 X-120.615 Y55.871 E1000.29643
G1 X-130.820 Y65.192 E1034.75275
G1 X-138.820 Y46.416 E1085.63383
G1 X-124.795 Y45.781 E1120.63526
G1 X-92.080 Y36.512 E1205.40472
G1 X-81.277 Y30.724 E1235.96036
G1 X-77.134 Y25.243 E1253.08985
G1 X-73.330 Y35.957 E1281.43369
G1 X-62.541 Y42.961 F7800.000
G1 F3600
G1 X-64.351 Y44.769 E1287.80976
G1 X-67.556 Y42.716 E1297.29883
G1 X-78.775 Y41.157 E1325.53830
G1 X-88.845 Y44.201 E1351.76563
G1 X-117.494 Y60.200 E1433.57151
G1 X-125.800 Y67.787 E1461.61806
G1 X-129.684 Y77.831 E1488.46723
G1 X-134.322 Y70.497 E1510.10050
G1 X-143.891 Y48.038 E1570.96445
G1 X-146.689 Y36.686 E1600.11247
G1 X-136.887 Y41.022 E1626.83428
G1 X-125.648 Y40.513 E1654.88103
G1 X-94.078 Y31.568 E1736.68671
G1 X-84.805 Y26.600 E1762.91405
G1 X-77.974 Y17.564 E1791.15350
G1 X-77.331 Y14.632 E1798.63668
G1 X-74.639 Y14.770 E1805.35675
G1 X-74.361 Y17.208 E1811.47387
G1 X-68.567 Y33.530 E1854.65297
G1 X-62.905 Y42.392 E1880.87310
G1 X-77.134 Y-25.243 F7800.000
G1 F3600
G1 X-81.277 Y-30.724 E1898.00264
G1 X-92.080 Y-36.512 E1928.55826
G1 X-124.795 Y-45.781 E2013.32765
G1 X-138.820 Y-46.416 E2048.32910
G1 X-130.820 Y-65.192 E2099.21006
G1 X-120.615 Y-55.871 E2133.66637
G1 X-90.929 Y-39.293 E2218.43600
G1 X-79.197 Y-35.747 E2248.99160
G1 X-73.104 Y-36.593 E2264.32582
G1 X-76.908 Y-25.879 E2292.66963
G1 X-74.639 Y-14.770 F7800.000
G1 F3600
G1 X-77.331 Y-14.632 E2299.38969
G1 X-77.974 Y-17.564 E2306.87289
G1 X-84.805 Y-26.600 E2335.11236
G1 X-94.078 Y-31.568 E2361.33969
G1 X-125.648 Y-40.513 E2443.14533
G1 X-136.887 Y-41.022 E2471.19211
G1 X-146.689 Y-36.686 E2497.91394
G1 X-143.891 Y-48.038 E2527.06195
G1 X-134.239 Y-70.692 E2588.45252
G1 X-132.382 Y-74.041 E2598.00013
G1 X-129.798 Y-78.128 E2610.05340
G1 X-125.800 Y-67.786 E2637.69423
G1 X-117.494 Y-60.200 E2665.74074
G1 X-88.845 Y-44.201 E2747.54659
G1 X-78.775 Y-41.157 E2773.77390
G1 X-67.556 Y-42.716 E2802.01340
G1 X-64.351 Y-44.769 E2811.50245
G1 X-62.541 Y-42.961 E2817.87852
G1 X-68.567 Y-33.530 E2845.78142
G1 X-74.361 Y-17.208 E2888.96056
G1 X-74.563 Y-15.441 E2893.39483
G1 X-38.916 Y-90.254 F7800.000
G1 F3600
G1 X-55.871 Y-120.615 E2980.09115
G1 X-65.202 Y-130.832 E3014.58669
G1 X-62.752 Y-132.247 E3021.64160
G1 X-46.399 Y-138.448 E3065.24308
G1 X-45.781 Y-124.795 E3099.31767
G1 X-36.301 Y-91.337 E3186.01375
G1 X-38.292 Y-90.512 E3191.38584
G1 X-36.279 Y-84.279 F7800.000
G1 F3600
G1 X-36.279 Y-66.697 E3235.21763
G1 X-42.939 Y-62.637 E3254.66345
G1 X-44.708 Y-64.446 E3260.97111
G1 X-42.716 Y-67.556 E3270.17829
G1 X-41.157 Y-78.775 E3298.41780
G1 X-44.201 Y-88.845 E3324.64511
G1 X-60.200 Y-117.494 E3406.45096
G1 X-67.786 Y-125.800 E3434.49746
G1 X-77.808 Y-129.675 E3461.28427
G1 X-65.032 Y-137.051 E3498.06443
G1 X-42.205 Y-145.708 E3558.92836
G1 X-36.615 Y-146.850 E3573.15254
G1 X-41.022 Y-136.887 E3600.31289
G1 X-40.513 Y-125.648 E3628.35966
G1 X-31.568 Y-94.078 E3710.16531
G1 X-26.318 Y-84.279 E3737.88157
G1 X-35.604 Y-84.279 E3761.03146
G1 X-31.475 Y-79.475 F7800.000
G1 F1800
G1 X-31.475 Y-64.000 E3792.37166
G1 X-43.899 Y-56.426 E3821.83816
G1 X-55.490 Y-45.076 E3854.69166
G1 X-64.224 Y-31.406 E3887.54515
G1 X-69.651 Y-16.118 E3920.39870
G1 X-71.491 Y-0.000 E3953.25222
G1 X-69.651 Y16.118 E3986.10577
G1 X-64.224 Y31.406 E4018.95929
G1 X-55.490 Y45.076 E4051.81279
G1 X-43.899 Y56.426 E4084.66630
G1 X-31.475 Y64.000 E4114.13280
G1 X-31.475 Y79.475 E4145.47295
G1 X-12.745 Y79.475 E4183.40408
G1 X-12.496 Y81.780 E4188.10036
G1 X-15.507 Y82.441 E4194.34483
G1 X-22.863 Y88.002 E4213.01959
G1 X-27.089 Y95.888 E4231.13863
G1 X-35.740 Y126.422 E4295.40961
G1 X-36.172 Y135.976 E4314.77802
G1 X-32.184 Y144.992 E4334.74330
G1 X-24.597 Y151.287 E4354.70858
G1 X-16.800 Y153.119 E4370.92826
G1 X-17.118 Y155.446 E4375.68441
G1 X-18.866 Y155.376 E4379.22764
G1 X-43.546 Y150.337 E4430.23941
G1 X-67.098 Y141.405 E4481.25122
G1 X-88.912 Y128.811 E4532.26304
G1 X-94.924 Y123.902 E4547.98233
G1 X-93.518 Y121.931 E4552.88485
G1 X-89.583 Y124.369 E4562.25927
G1 X-79.767 Y125.282 E4582.22459
G1 X-70.572 Y121.727 E4602.18987
G1 X-64.122 Y114.666 E4621.55805
G1 X-48.648 Y86.958 E4685.82923
G1 X-46.060 Y78.393 E4703.94814
G1 X-47.329 Y69.260 E4722.62302
G1 X-52.154 Y61.726 E4740.74202
G1 X-61.726 Y52.154 E4768.15513
G1 X-69.260 Y47.329 E4786.27414
G1 X-78.393 Y46.060 E4804.94896
G1 X-86.958 Y48.648 E4823.06795
G1 X-114.666 Y64.122 E4887.33907
G1 X-121.727 Y70.572 E4906.70734
G1 X-125.282 Y79.767 E4926.67258
G1 X-124.369 Y89.583 E4946.63781
G1 X-120.799 Y95.346 E4960.36692
G1 X-122.702 Y96.763 E4965.17141
G1 X-125.126 Y94.026 E4972.57494
G1 X-138.589 Y72.737 E5023.58674
G1 X-148.462 Y49.564 E5074.59856
G1 X-154.490 Y25.107 E5125.61034
G1 X-154.944 Y19.479 E5137.04512
G1 X-152.577 Y19.107 E5141.89837
G1 X-151.287 Y24.597 E5153.31869
G1 X-144.992 Y32.184 E5173.28397
G1 X-135.976 Y36.172 E5193.24923
G1 X-126.422 Y35.740 E5212.61767
G1 X-95.888 Y27.089 E5276.88863
G1 X-88.002 Y22.863 E5295.00765
G1 X-82.441 Y15.507 E5313.68245
G1 X-80.525 Y6.768 E5331.80144
G1 X-80.525 Y-6.768 E5359.21457
G1 X-82.441 Y-15.507 E5377.33357
G1 X-88.002 Y-22.863 E5396.00838
G1 X-95.888 Y-27.089 E5414.12738
G1 X-126.422 Y-35.740 E5478.39832
G1 X-135.976 Y-36.172 E5497.76678
G1 X-144.992 Y-32.184 E5517.73204
G1 X-151.287 Y-24.597 E5537.69732
G1 X-152.577 Y-19.107 E5549.11763
G1 X-154.944 Y-19.479 E5553.97088
G1 X-154.490 Y-25.107 E5565.40565
G1 X-148.462 Y-49.564 E5616.41743
G1 X-138.561 Y-72.803 E5667.57472
G1 X-136.517 Y-76.491 E5676.11461
G1 X-131.236 Y-84.842 E5696.12349
G1 X-125.145 Y-94.005 E5718.40632
G1 X-122.702 Y-96.763 E5725.86713
G1 X-120.799 Y-95.346 E5730.67163
G1 X-124.369 Y-89.583 E5744.40058
G1 X-125.282 Y-79.767 E5764.36588
G1 X-121.727 Y-70.572 E5784.33116
G1 X-114.666 Y-64.122 E5803.69939
G1 X-86.958 Y-48.648 E5867.97050
G1 X-78.393 Y-46.060 E5886.08949
G1 X-69.260 Y-47.329 E5904.76432
G1 X-61.726 Y-52.154 E5922.88333
G1 X-52.154 Y-61.726 E5950.29644
G1 X-47.329 Y-69.260 E5968.41545
G1 X-46.060 Y-78.393 E5987.09028
G1 X-48.648 Y-86.958 E6005.20927
G1 X-64.122 Y-114.666 E6069.48038
G1 X-70.572 Y-121.727 E6088.84861
G1 X-79.767 Y-125.282 E6108.81389
G1 X-89.583 Y-124.369 E6128.77919
G1 X-93.518 Y-121.931 E6138.15372
G1 X-94.924 Y-123.902 E6143.05623
G1 X-88.912 Y-128.811 E6158.77562
G1 X-67.098 Y-141.405 E6209.78744
G1 X-43.546 Y-150.337 E6260.79925
G1 X-18.866 Y-155.376 E6311.81103
G1 X-17.118 Y-155.446 E6315.35424
G1 X-16.800 Y-153.119 E6320.11038
G1 X-24.597 Y-151.287 E6336.33006
G1 X-32.184 Y-144.992 E6356.29534
G1 X-36.172 Y-135.976 E6376.26061
G1 X-35.740 Y-126.422 E6395.62906
G1 X-27.089 Y-95.888 E6459.90001
G1 X-22.863 Y-88.002 E6478.01901
G1 X-15.507 Y-82.441 E6496.69382
G1 X-12.496 Y-81.780 E6502.93797
G1 X-12.745 Y-79.475 E6507.63427
G1 X-30.800 Y-79.475 E6544.19809
G1 X-35.971 Y-79.294 F7800.000
G1 E6542.19809 F2400.00000
G92 E0
G1 X-3.159 Y-153.475 F7800.000
G1 E2.00000 F2400.00000
G1 F900
G1 X-3.210 Y-156.007 E7.12811
G1 X6.302 Y-156.390 E26.40721
G1 X10.315 Y-155.903 E34.59423
G1 X10.169 Y-153.475 E39.51972
G1 X-2.484 Y-153.475 E65.14287
G1 X-2.056 Y-155.754 F7800.000
G1 E63.14287 F2400.00000
G92 E0
G1 X38.916 Y90.254 F7800.000
G1 E2.00000 F2400.00000
G1 F3600
G1 X55.871 Y120.615 E88.69639
G1 X65.028 Y130.641 E122.54793
G1 X51.730 Y136.951 E159.24552
G1 X46.409 Y138.673 E173.18654
G1 X45.781 Y124.795 E207.82137
G1 X36.301 Y91.337 E294.51747
G1 X38.292 Y90.512 E299.88956
G1 X36.279 Y84.279 F7800.000
G1 F3600
G1 X36.279 Y66.697 E343.72130
G1 X42.939 Y62.637 E363.16717
G1 X44.708 Y64.446 E369.47483
G1 X42.716 Y67.556 E378.68203
G1 X41.157 Y78.775 E406.92160
G1 X44.201 Y88.845 E433.14879
G1 X60.200 Y117.494 E514.95478
G1 X67.787 Y125.800 E543.00126
G1 X78.702 Y130.020 E572.17638
G1 X53.690 Y141.889 E641.19551
G1 X36.324 Y147.508 E686.70225
G1 X41.022 Y136.887 E715.65738
G1 X40.513 Y125.648 E743.70409
G1 X31.568 Y94.078 E825.50979
G1 X26.318 Y84.279 E853.22611
G1 X35.604 Y84.279 E876.37603
G1 X73.104 Y36.593 F7800.000
G1 F3600
G1 X77.134 Y25.243 E906.40268
G1 X81.277 Y30.724 E923.53210
G1 X92.080 Y36.512 E954.08783
G1 X124.795 Y45.781 E1038.85731
G1 X138.472 Y46.400 E1072.99028
G1 X134.697 Y57.316 E1101.78474
G1 X130.647 Y65.034 E1123.51468
G1 X120.615 Y55.871 E1157.38629
G1 X90.929 Y39.293 E1242.15610
G1 X79.197 Y35.747 E1272.71158
G1 X73.773 Y36.500 E1286.36298
G1 X62.541 Y42.961 F7800.000
G1 F3600
G1 X68.567 Y33.530 E1314.26592
G1 X74.361 Y17.208 E1357.44502
G1 X74.639 Y14.770 E1363.56224
G1 X77.331 Y14.632 E1370.28229
G1 X77.974 Y17.564 E1377.76564
G1 X84.805 Y26.600 E1406.00500
G1 X94.078 Y31.568 E1432.23241
G1 X125.648 Y40.513 E1514.03812
G1 X136.887 Y41.022 E1542.08482
G1 X147.575 Y36.294 E1571.22267
G1 X139.577 Y59.426 E1632.24218
G1 X129.783 Y78.087 E1684.78444
G1 X125.800 Y67.787 E1712.31674
G1 X117.494 Y60.200 E1740.36322
G1 X88.845 Y44.201 E1822.16921
G1 X78.775 Y41.157 E1848.39641
G1 X67.556 Y42.716 E1876.63596
G1 X64.351 Y44.769 E1886.12497
G1 X63.019 Y43.438 E1890.81822
G1 X77.134 Y-25.243 F7800.000
G1 F3600
G1 X73.104 Y-36.593 E1920.84482
G1 X79.197 Y-35.747 E1936.17907
G1 X90.929 Y-39.293 E1966.73456
G1 X120.615 Y-55.871 E2051.50429
G1 X130.647 Y-65.034 E2085.37592
G1 X134.697 Y-57.316 E2107.10577
G1 X138.472 Y-46.400 E2135.90020
G1 X124.795 Y-45.781 E2170.03317
G1 X92.080 Y-36.512 E2254.80261
G1 X81.277 Y-30.724 E2285.35832
G1 X77.541 Y-25.781 E2300.80495
G1 X74.639 Y-14.770 F7800.000
G1 F3600
G1 X74.361 Y-17.208 E2306.92214
G1 X68.567 Y-33.530 E2350.10129
G1 X62.541 Y-42.961 E2378.00416
G1 X64.351 Y-44.769 E2384.38023
G1 X67.556 Y-42.716 E2393.86921
G1 X78.775 Y-41.157 E2422.10879
G1 X88.845 Y-44.201 E2448.33600
G1 X117.494 Y-60.200 E2530.14195
G1 X125.800 Y-67.786 E2558.18837
G1 X129.783 Y-78.087 E2585.72076
G1 X139.577 Y-59.426 E2638.26299
G1 X147.575 Y-36.294 E2699.28255
G1 X136.887 Y-41.022 E2728.42044
G1 X125.648 Y-40.513 E2756.46714
G1 X94.078 Y-31.568 E2838.27283
G1 X84.805 Y-26.600 E2864.50022
G1 X77.974 Y-17.564 E2892.73960
G1 X77.331 Y-14.632 E2900.22295
G1 X75.313 Y-14.736 E2905.26018
G1 X38.916 Y-90.254 F7800.000
G1 F3600
G1 X36.302 Y-91.337 E2912.31510
G1 X45.781 Y-124.795 E2999.01105
G1 X46.400 Y-138.462 E3033.12058
G1 X51.907 Y-136.867 E3047.41427
G1 X65.028 Y-130.641 E3083.62293
G1 X55.871 Y-120.615 E3117.47454
G1 X39.245 Y-90.843 E3202.48792
G1 X36.279 Y-84.279 F7800.000
G1 F3600
G1 X26.318 Y-84.279 E3227.32066
G1 X31.568 Y-94.078 E3255.03692
G1 X40.513 Y-125.648 E3336.84260
G1 X41.022 Y-136.887 E3364.88935
G1 X36.632 Y-146.810 E3391.94281
G1 X53.793 Y-141.840 E3436.48409
G1 X78.702 Y-130.020 E3505.22041
G1 X67.787 Y-125.800 E3534.39559
G1 X60.200 Y-117.494 E3562.44213
G1 X44.201 Y-88.845 E3644.24803
G1 X41.157 Y-78.775 E3670.47533
G1 X42.716 Y-67.556 E3698.71481
G1 X44.708 Y-64.446 E3707.92205
G1 X42.939 Y-62.637 E3714.22971
G1 X36.279 Y-66.697 E3733.67561
G1 X36.279 Y-83.604 E3775.82457
G1 X31.475 Y-79.475 F7800.000
G1 F1800
G1 X12.745 Y-79.475 E3813.75540
G1 X12.496 Y-81.780 E3818.45169
G1 X15.507 Y-82.441 E3824.69584
G1 X22.863 Y-88.002 E3843.37065
G1 X27.089 Y-95.888 E3861.48966
G1 X35.740 Y-126.422 E3925.76062
G1 X36.172 Y-135.976 E3945.12907
G1 X32.184 Y-144.992 E3965.09432
G1 X24.597 Y-151.287 E3985.05960
G1 X20.879 Y-152.160 E3992.79357
G1 X21.307 Y-154.568 E3997.74575
G1 X31.307 Y-153.354 E4018.14673
G1 X55.502 Y-146.346 E4069.15852
G1 X78.258 Y-135.548 E4120.17031
G1 X95.206 Y-123.850 E4161.87380
G1 X93.826 Y-121.741 E4166.97802
G1 X89.583 Y-124.369 E4177.08506
G1 X79.767 Y-125.282 E4197.05030
G1 X70.572 Y-121.727 E4217.01554
G1 X64.122 Y-114.666 E4236.38381
G1 X48.648 Y-86.958 E4300.65493
G1 X46.060 Y-78.393 E4318.77391
G1 X47.329 Y-69.260 E4337.44873
G1 X52.154 Y-61.726 E4355.56774
G1 X61.726 Y-52.154 E4382.98086
G1 X69.260 Y-47.329 E4401.09985
G1 X78.393 Y-46.060 E4419.77474
G1 X86.958 Y-48.648 E4437.89365
G1 X114.666 Y-64.122 E4502.16483
G1 X121.727 Y-70.572 E4521.53300
G1 X125.282 Y-79.767 E4541.49829
G1 X124.369 Y-89.583 E4561.46361
G1 X122.610 Y-92.423 E4568.22863
G1 X124.649 Y-93.817 E4573.23104
G1 X132.287 Y-83.653 E4598.97815
G1 X143.999 Y-61.338 E4650.01689
G1 X151.160 Y-40.625 E4694.40059
G1 X151.955 Y-37.543 E4700.84691
G1 X154.531 Y-21.693 E4733.36669
G1 X152.083 Y-21.207 E4738.41972
G1 X151.287 Y-24.597 E4745.47220
G1 X144.992 Y-32.184 E4765.43748
G1 X135.976 Y-36.172 E4785.40277
G1 X126.422 Y-35.740 E4804.77117
G1 X95.888 Y-27.089 E4869.04215
G1 X88.002 Y-22.863 E4887.16119
G1 X82.441 Y-15.507 E4905.83595
G1 X80.525 Y-6.768 E4923.95495
G1 X80.525 Y6.768 E4951.36810
G1 X82.441 Y15.507 E4969.48711
G1 X88.002 Y22.863 E4988.16186
G1 X95.888 Y27.089 E5006.28091
G1 X126.422 Y35.740 E5070.55190
G1 X135.976 Y36.172 E5089.92030
G1 X144.992 Y32.184 E5109.88557
G1 X151.287 Y24.597 E5129.85086
G1 X152.083 Y21.207 E5136.90329
G1 X154.531 Y21.693 E5141.95633
G1 X151.955 Y37.543 E5174.47607
G1 X151.160 Y40.625 E5180.92238
G1 X143.999 Y61.338 E5225.30605
G1 X132.287 Y83.653 E5276.34479
G1 X124.649 Y93.817 E5302.09225
G1 X122.610 Y92.423 E5307.09465
G1 X124.369 Y89.583 E5313.86005
G1 X125.282 Y79.767 E5333.82530
G1 X121.727 Y70.572 E5353.79055
G1 X114.666 Y64.122 E5373.15877
G1 X86.958 Y48.648 E5437.42996
G1 X78.393 Y46.060 E5455.54887
G1 X69.260 Y47.329 E5474.22374
G1 X61.726 Y52.154 E5492.34273
G1 X52.154 Y61.726 E5519.75585
G1 X47.329 Y69.260 E5537.87484
G1 X46.060 Y78.393 E5556.54972
G1 X48.648 Y86.958 E5574.66863
G1 X64.122 Y114.666 E5638.93982
G1 X70.572 Y121.727 E5658.30804
G1 X79.767 Y125.282 E5678.27328
G1 X89.583 Y124.369 E5698.23853
G1 X93.826 Y121.741 E5708.34576
G1 X95.206 Y123.850 E5713.44998
G1 X78.258 Y135.548 E5755.15363
G1 X55.467 Y146.362 E5806.24355
G1 X40.733 Y151.130 E5837.60523
G1 X31.369 Y153.346 E5857.09410
G1 X21.307 Y154.568 E5877.61993
G1 X20.879 Y152.160 E5882.57213
G1 X24.597 Y151.287 E5890.30621
G1 X32.184 Y144.992 E5910.27150
G1 X36.172 Y135.976 E5930.23676
G1 X35.740 Y126.422 E5949.60517
G1 X27.089 Y95.888 E6013.87616
G1 X22.863 Y88.002 E6031.99521
G1 X15.507 Y82.441 E6050.66996
G1 X12.496 Y81.780 E6056.91444
G1 X12.745 Y79.475 E6061.61072
G1 X31.475 Y79.475 E6099.54185
G1 X31.475 Y64.000 E6130.88200
G1 X43.898 Y56.426 E6160.34850
G1 X55.490 Y45.076 E6193.20202
G1 X64.224 Y31.406 E6226.05555
G1 X69.651 Y16.118 E6258.90907
G1 X71.491 Y-0.000 E6291.76261
G1 X69.651 Y-16.118 E6324.61611
G1 X64.224 Y-31.406 E6357.46966
G1 X55.490 Y-45.076 E6390.32316
G1 X43.898 Y-56.426 E6423.17668
G1 X31.475 Y-64.000 E6452.64318
G1 X31.475 Y-78.800 E6482.61638
G1 X30.737 Y-83.914 F7800.000
G1 E6480.61638 F2400.00000
G92 E0
G1 X96.817 Y-121.792 F7800.000
G1 E2.00000 F2400.00000
G1 F1800
G1 X100.336 Y-118.343 E17.38700
G1 F1800
G1 X107.374 Y-111.446 E48.62155
G1 X108.246 Y-108.800 F7800.000
G1 F900
G1 X110.037 Y-110.627 E53.80155
G1 X117.155 Y-103.790 E73.78910
G1 X118.671 Y-101.772 E78.90145
G1 X116.853 Y-100.193 E83.77748
G1 X108.724 Y-108.323 E107.06005
G1 X110.664 Y-109.635 F7800.000
G1 E105.06005 F2400.00000
G92 E0
G1 X9.796 Y-83.719 F7800.000
G1 E2.00000 F2400.00000
G1 F1800
G1 X7.143 Y-80.034 E13.58350
G1 X6.500 Y-80.000 E15.22667
G1 F1800
G1 X-6.500 Y-80.000 E47.97362
G1 X-6.822 Y-80.017 E48.78477
G1 F1800
G1 X-7.143 Y-80.034 E49.60636
G1 X-9.796 Y-83.719 E61.19101
G1 E59.19101 F2400.00000
G92 E0
G1 X153.475 Y-12.763 F7800.000
G1 E2.00000 F2400.00000
G1 F1800
G1 X156.007 Y-12.814 E7.12811
G1 X156.523 Y-0.000 E33.09896
G1 X156.007 Y12.814 E59.06981
G1 X153.475 Y12.763 E64.19792
G1 X153.475 Y-12.088 E114.52400
G1 X155.724 Y-11.599 F7800.000
G1 E112.52400 F2400.00000
G92 E0
G1 X116.853 Y100.193 F7800.000
G1 E2.00000 F2400.00000
G1 F900
G1 X118.671 Y101.772 E6.87603
G1 X117.155 Y103.790 E11.98869
G1 X110.036 Y110.628 E31.97852
G1 X108.246 Y108.801 E37.15853
G1 X116.376 Y100.671 E60.44369
G1 X117.741 Y102.431 F7800.000
G1 X107.373 Y111.447 F7800.000
G1 F1800
G1 X100.336 Y118.344 E91.67564
G1 F1800
G1 X96.817 Y121.792 E107.06141
G1 E105.06141 F2400.00000
G92 E0
G1 X52.104 Y119.953 F7800.000
G1 E2.00000 F2400.00000
G1 F1200
G1 X51.836 Y119.582 E2.02564
G1 F1200
G1 X51.568 Y119.210 E2.07260
G1 F1200
G1 X51.300 Y118.839 E2.14087
G1 F1200
G1 X51.032 Y118.467 E2.23047
G1 F1200
G1 X50.764 Y118.096 E2.34139
G1 F1200
G1 X50.496 Y117.724 E2.47362
G1 F1200
G1 X50.228 Y117.352 E2.62717
G1 F1200
G1 X49.961 Y116.981 E2.80204
G1 F1200
G1 X49.693 Y116.609 E2.99823
G1 F1200
G1 X49.425 Y116.238 E3.21574
G1 F1200
G1 X49.157 Y115.866 E3.45457
G1 F1200
G1 X48.889 Y115.495 E3.71472
G1 F1200
G1 X48.755 Y115.309 E3.85545
G1 X48.709 Y115.278 E3.88958
G1 F1200
G1 X48.617 Y115.215 E3.96307
G1 F1200
G1 X48.525 Y115.153 E4.04177
G1 F1200
G1 X48.433 Y115.091 E4.12568
G1 F1200
G1 X48.341 Y115.028 E4.21481
G1 F1200
G1 X48.249 Y114.966 E4.30916
G1 F1200
G1 X48.157 Y114.904 E4.40872
G1 F1200
G1 X48.065 Y114.841 E4.51350
G1 F1200
G1 X47.973 Y114.779 E4.62350
G1 F1200
G1 X47.881 Y114.717 E4.73871
G1 F1200
G1 X47.789 Y114.654 E4.85914
G1 F1200
G1 X47.697 Y114.592 E4.98479
G1 F1200
G1 X47.605 Y114.530 E5.11565
G1 F1200
G1 X47.513 Y114.467 E5.25173
G1 F1200
G1 X47.421 Y114.405 E5.39302
G1 F1200
G1 X47.375 Y114.374 E5.46627
G1 F1200
G1 X47.207 Y113.967 E6.04687
G1 F1200
G1 X47.038 Y113.560 E6.60687
G1 F1200
G1 X46.870 Y113.153 E7.14628
G1 F1200
G1 X46.701 Y112.747 E7.66511
G1 F1200
G1 X46.533 Y112.340 E8.16334
G1 F1200
G1 X46.364 Y111.933 E8.64099
G1 F1200
G1 X46.196 Y111.526 E9.09805
G1 F1200
G1 X46.027 Y111.120 E9.53451
G1 F1200
G1 X45.859 Y110.713 E9.95039
G1 F1200
G1 X45.690 Y110.306 E10.34569
G1 F1200
G1 X45.522 Y109.899 E10.72039
G1 F1200
G1 X45.353 Y109.492 E11.07450
G1 F1200
G1 X45.185 Y109.086 E11.40803
G1 F1200
G1 X45.016 Y108.679 E11.72096
G1 F1200
G1 X44.848 Y108.272 E12.01331
G1 F1200
G1 X44.679 Y107.865 E12.28507
G1 F1200
G1 X44.511 Y107.458 E12.53624
G1 F1200
G1 X44.342 Y107.052 E12.76682
G1 F1200
G1 X44.174 Y106.645 E12.97681
G1 F1200
G1 X44.005 Y106.238 E13.16621
G1 F1200
G1 X43.837 Y105.831 E13.33503
G1 F1200
G1 X43.668 Y105.425 E13.48325
G1 F1200
G1 X43.500 Y105.018 E13.61089
G1 F1200
G1 X43.331 Y104.611 E13.71794
G1 F1200
G1 X43.163 Y104.204 E13.80440
G1 F1200
G1 X42.994 Y103.797 E13.87027
G1 F1200
G1 X42.826 Y103.391 E13.91555
G1 F1200
G1 X42.742 Y103.187 E13.92789
G1 X47.375 Y114.374 F7800.000
G1 F1200
G1 X47.354 Y114.483 E14.07441
G1 F1200
G1 X47.333 Y114.592 E14.21570
G1 F1200
G1 X47.312 Y114.701 E14.35179
G1 F1200
G1 X47.291 Y114.810 E14.48265
G1 F1200
G1 X47.270 Y114.919 E14.60830
G1 F1200
G1 X47.249 Y115.028 E14.72873
G1 F1200
G1 X47.228 Y115.138 E14.84394
G1 F1200
G1 X47.207 Y115.247 E14.95394
G1 F1200
G1 X47.186 Y115.356 E15.05872
G1 F1200
G1 X47.166 Y115.465 E15.15828
G1 F1200
G1 X47.145 Y115.574 E15.25263
G1 F1200
G1 X47.124 Y115.683 E15.34176
G1 F1200
G1 X47.103 Y115.792 E15.42567
G1 F1200
G1 X47.082 Y115.901 E15.50437
G1 F1200
G1 X47.061 Y116.011 E15.57785
G1 F1200
G1 X47.134 Y116.463 E15.85928
G1 F1200
G1 X47.207 Y116.915 E16.11940
G1 F1200
G1 X47.281 Y117.367 E16.35819
G1 F1200
G1 X47.354 Y117.819 E16.57568
G1 F1200
G1 X47.427 Y118.271 E16.77184
G1 F1200
G1 X47.500 Y118.724 E16.94669
G1 F1200
G1 X47.574 Y119.176 E17.10022
G1 F1200
G1 X47.647 Y119.628 E17.23244
G1 F1200
G1 X47.720 Y120.080 E17.34334
G1 F1200
G1 X47.794 Y120.532 E17.43293
G1 F1200
G1 X47.867 Y120.984 E17.50120
G1 F1200
G1 X47.940 Y121.437 E17.54815
G1 F1200
G1 X47.977 Y121.663 E17.56097
G1 X40.592 Y87.166 F7800.000
G1 F1200
G1 X40.403 Y86.722 E17.58287
G1 X40.368 Y86.691 E17.58502
G1 F1200
G1 X40.298 Y86.627 E17.59370
G1 F1200
G1 X40.227 Y86.564 E17.60675
G1 F1200
G1 X40.157 Y86.501 E17.62418
G1 F1200
G1 X40.086 Y86.437 E17.64599
G1 F1200
G1 X40.016 Y86.374 E17.67217
G1 F1200
G1 X39.946 Y86.311 E17.70273
G1 F1200
G1 X39.875 Y86.247 E17.73767
G1 F1200
G1 X39.805 Y86.184 E17.77698
G1 F1200
G1 X39.754 Y86.145 E17.80645
G1 X39.699 Y85.774 E17.97921
G1 F1200
G1 X39.644 Y85.404 E18.13906
G1 F1200
G1 X39.590 Y85.033 E18.28154
G1 F1200
G1 X39.535 Y84.663 E18.40666
G1 F1200
G1 X39.480 Y84.292 E18.51442
G1 F1200
G1 X39.425 Y83.922 E18.60481
G1 F1200
G1 X39.371 Y83.551 E18.67783
G1 F1200
G1 X39.316 Y83.181 E18.73349
G1 F1200
G1 X39.261 Y82.810 E18.77179
G1 F1200
G1 X39.234 Y82.625 E18.78225
G1 X38.573 Y87.216 F7800.000
G1 F1200
G1 X38.243 Y87.282 E18.80101
G1 F1200
G1 X37.913 Y87.348 E18.83527
G1 F1200
G1 X37.583 Y87.413 E18.88503
G1 F1200
G1 X37.252 Y87.479 E18.95028
G1 F1200
G1 X36.922 Y87.545 E19.03104
G1 F1200
G1 X36.592 Y87.610 E19.12729
G1 F1200
G1 X36.262 Y87.676 E19.23904
G1 F1200
G1 X35.931 Y87.742 E19.36629
G1 F1200
G1 X35.601 Y87.807 E19.50904
G1 F1200
G1 X35.271 Y87.873 E19.66729
G1 F1200
G1 X34.941 Y87.939 E19.84103
G1 F1200
G1 X34.610 Y88.004 E20.03027
G1 F1200
G1 X34.280 Y88.070 E20.23502
G1 F1200
G1 X33.950 Y88.136 E20.45526
G1 F1200
G1 X33.620 Y88.202 E20.69100
G1 F1200
G1 X33.289 Y88.267 E20.94223
G1 F1200
G1 X32.959 Y88.333 E21.20897
G1 F1200
G1 X32.629 Y88.399 E21.49120
G1 F1200
G1 X32.299 Y88.464 E21.78894
G1 F1200
G1 X31.968 Y88.530 E22.10217
G1 F1200
G1 X31.638 Y88.596 E22.43090
G1 X39.261 Y70.748 F7800.000
G1 F1200
G1 X39.328 Y69.786 E22.50281
G1 F1200
G1 X39.394 Y68.824 E22.61508
G1 F1200
G1 X39.461 Y67.861 E22.76773
G1 X43.513 Y59.789 F7800.000
G1 F1200
G1 X43.708 Y59.802 E23.06700
G1 F1200
G1 X44.099 Y59.827 E23.68330
G1 F1200
G1 X44.490 Y59.852 E24.31736
G1 F1200
G1 X44.881 Y59.878 E24.96916
G1 F1200
G1 X45.272 Y59.903 E25.63872
G1 F1200
G1 X45.663 Y59.929 E26.32604
G1 F1200
G1 X46.054 Y59.954 E27.03111
G1 F1200
G1 X46.445 Y59.979 E27.75393
G1 F1200
G1 X46.836 Y60.005 E28.49450
G1 F1200
G1 X47.065 Y60.018 E28.93968
G1 F1200
G1 X47.133 Y60.018 E29.07495
G1 F1200
G1 X47.202 Y60.019 E29.21333
G1 F1200
G1 X47.270 Y60.020 E29.35480
G1 F1200
G1 X47.338 Y60.021 E29.49790
G1 X47.596 Y59.703 E30.35459
G1 F1200
G1 X47.854 Y59.386 E31.19353
G1 F1200
G1 X48.112 Y59.069 E32.01472
G1 F1200
G1 X48.415 Y58.719 E32.92416
G1 F1200
G1 X48.588 Y58.528 E33.42474
G1 X51.919 Y55.232 E42.49897
G1 F1200
G1 X58.580 Y48.641 E60.26541
G1 X59.001 Y48.271 E61.32838
G1 F1200
G1 X60.441 Y46.983 E65.06898
G1 F1200
G1 X61.881 Y45.696 E68.88875
G1 X68.411 Y39.921 F7800.000
G1 F1200
G1 X68.559 Y39.619 E68.97026
G1 F1200
G1 X68.854 Y39.016 E69.10193
G1 F1200
G1 X69.149 Y38.412 E69.20226
G1 F1200
G1 X69.444 Y37.809 E69.27125
G1 F1200
G1 X69.739 Y37.205 E69.30889
G1 X75.863 Y12.302 F7800.000
G1 F1200
G1 X75.844 Y11.939 E70.18033
G1 F1200
G1 X75.807 Y11.212 E71.89099
G1 F1200
G1 X75.770 Y10.485 E73.56944
G1 F1200
G1 X75.733 Y9.758 E75.21567
G1 F1200
G1 X75.696 Y9.031 E76.82967
G1 F1200
G1 X75.658 Y8.304 E78.41146
G1 F1200
G1 X75.621 Y7.577 E79.96103
G1 F1200
G1 X75.622 Y7.211 E80.72420
G1 F1200
G1 X75.647 Y6.604 E81.96925
G1 F1200
G1 X75.695 Y5.755 E83.67228
G1 F1200
G1 X75.743 Y4.907 E85.33671
G1 F1200
G1 X75.792 Y4.058 E86.96254
G1 F1200
G1 X75.840 Y3.210 E88.54975
G1 F1200
G1 X75.888 Y2.361 E90.09836
G1 F1200
G1 X75.937 Y1.513 E91.60837
G1 F1200
G1 X75.985 Y0.664 E93.07977
G1 F1200
G1 X76.009 Y0.240 E93.79616
G1 X76.009 Y-0.240 E94.60490
G1 F1200
G1 X75.961 Y-1.088 E96.07630
G1 F1200
G1 X75.912 Y-1.937 E97.58630
G1 F1200
G1 X75.864 Y-2.786 E99.13491
G1 F1200
G1 X75.816 Y-3.634 E100.72213
G1 F1200
G1 X75.768 Y-4.483 E102.34795
G1 F1200
G1 X75.719 Y-5.331 E104.01238
G1 F1200
G1 X75.671 Y-6.180 E105.71542
G1 F1200
G1 X75.623 Y-7.028 E107.45706
G1 F1200
G1 X75.622 Y-7.394 E108.22022
G1 F1200
G1 X75.640 Y-7.940 E109.38375
G1 F1200
G1 X75.677 Y-8.667 E110.96554
G1 F1200
G1 X75.714 Y-9.394 E112.57954
G1 F1200
G1 X75.751 Y-10.121 E114.22577
G1 F1200
G1 X75.788 Y-10.848 E115.90421
G1 F1200
G1 X75.826 Y-11.575 E117.61488
G1 F1200
G1 X75.863 Y-12.303 E119.35776
G1 X69.739 Y-37.205 F7800.000
G1 F1200
G1 X69.444 Y-37.809 E119.39540
G1 F1200
G1 X69.149 Y-38.412 E119.46438
G1 F1200
G1 X68.854 Y-39.016 E119.56471
G1 F1200
G1 X68.559 Y-39.619 E119.69639
G1 F1200
G1 X68.411 Y-39.921 E119.77789
G1 X61.881 Y-45.696 F7800.000
G1 F1200
G1 X60.441 Y-46.983 E123.59768
G1 F1200
G1 X59.001 Y-48.271 E127.33828
G1 F1200
G1 X58.580 Y-48.641 E128.40125
G1 X51.919 Y-55.232 E146.16768
G1 F1200
G1 X48.588 Y-58.528 E155.24190
G1 X48.415 Y-58.719 E155.74248
G1 F1200
G1 X48.112 Y-59.069 E156.65192
G1 F1200
G1 X47.854 Y-59.386 E157.47311
G1 F1200
G1 X47.596 Y-59.703 E158.31204
G1 F1200
G1 X47.338 Y-60.021 E159.16872
G1 X47.270 Y-60.020 E159.31182
G1 F1200
G1 X47.202 Y-60.019 E159.45330
G1 F1200
G1 X47.133 Y-60.018 E159.59168
G1 F1200
G1 X47.065 Y-60.018 E159.72696
G1 F1200
G1 X46.836 Y-60.005 E160.17213
G1 F1200
G1 X46.445 Y-59.979 E160.91270
G1 F1200
G1 X46.054 Y-59.954 E161.63552
G1 F1200
G1 X45.663 Y-59.929 E162.34058
G1 F1200
G1 X45.272 Y-59.903 E163.02788
G1 F1200
G1 X44.881 Y-59.878 E163.69744
G1 F1200
G1 X44.490 Y-59.852 E164.34924
G1 F1200
G1 X44.099 Y-59.827 E164.98329
G1 F1200
G1 X43.708 Y-59.802 E165.59958
G1 F1200
G1 X43.513 Y-59.789 E165.89885
G1 X39.461 Y-67.861 F7800.000
G1 F1200
G1 X39.394 Y-68.824 E166.05150
G1 F1200
G1 X39.328 Y-69.786 E166.16377
G1 F1200
G1 X39.261 Y-70.748 E166.23568
G1 X39.234 Y-82.625 F7800.000
G1 F1200
G1 X39.261 Y-82.810 E166.24615
G1 F1200
G1 X39.316 Y-83.181 E166.28444
G1 F1200
G1 X39.371 Y-83.551 E166.34011
G1 F1200
G1 X39.425 Y-83.922 E166.41313
G1 F1200
G1 X39.480 Y-84.292 E166.50353
G1 F1200
G1 X39.535 Y-84.663 E166.61128
G1 F1200
G1 X39.590 Y-85.033 E166.73641
G1 F1200
G1 X39.644 Y-85.404 E166.87890
G1 F1200
G1 X39.699 Y-85.775 E167.03875
G1 F1200
G1 X39.754 Y-86.145 E167.21151
G1 X39.805 Y-86.184 E167.24099
G1 F1200
G1 X39.875 Y-86.247 E167.28030
G1 F1200
G1 X39.946 Y-86.311 E167.31523
G1 F1200
G1 X40.016 Y-86.374 E167.34579
G1 F1200
G1 X40.086 Y-86.437 E167.37198
G1 F1200
G1 X40.157 Y-86.501 E167.39378
G1 F1200
G1 X40.227 Y-86.564 E167.41121
G1 F1200
G1 X40.298 Y-86.627 E167.42427
G1 F1200
G1 X40.368 Y-86.691 E167.43295
G1 F1200
G1 X40.403 Y-86.722 E167.43510
G1 X40.592 Y-87.166 E167.45699
G1 X32.910 Y-86.929 F7800.000
G1 F1200
G1 X32.901 Y-87.094 E167.53301
G1 F1200
G1 X32.884 Y-87.423 E167.66980
G1 F1200
G1 X32.866 Y-87.752 E167.79137
G1 F1200
G1 X32.849 Y-88.081 E167.89770
G1 F1200
G1 X32.831 Y-88.410 E167.98881
G1 F1200
G1 X32.814 Y-88.739 E168.06470
G1 F1200
G1 X32.796 Y-89.069 E168.12535
G1 F1200
G1 X32.779 Y-89.398 E168.17077
G1 F1200
G1 X32.761 Y-89.727 E168.20097
G1 F1200
G1 X32.752 Y-89.892 E168.20845
G1 X32.933 Y-90.339 E168.23035
G1 X42.742 Y-103.187 F7800.000
G1 F1200
G1 X42.826 Y-103.391 E168.24270
G1 F1200
G1 X42.994 Y-103.797 E168.28798
G1 F1200
G1 X43.163 Y-104.204 E168.35385
G1 F1200
G1 X43.331 Y-104.611 E168.44030
G1 F1200
G1 X43.500 Y-105.018 E168.54735
G1 F1200
G1 X43.668 Y-105.425 E168.67499
G1 F1200
G1 X43.837 Y-105.831 E168.82321
G1 F1200
G1 X44.005 Y-106.238 E168.99202
G1 F1200
G1 X44.174 Y-106.645 E169.18143
G1 F1200
G1 X44.342 Y-107.052 E169.39142
G1 F1200
G1 X44.511 Y-107.458 E169.62199
G1 F1200
G1 X44.679 Y-107.865 E169.87316
G1 F1200
G1 X44.848 Y-108.272 E170.14492
G1 F1200
G1 X45.016 Y-108.679 E170.43726
G1 F1200
G1 X45.185 Y-109.086 E170.75019
G1 F1200
G1 X45.353 Y-109.492 E171.08372
G1 F1200
G1 X45.522 Y-109.899 E171.43783
G1 F1200
G1 X45.690 Y-110.306 E171.81253
G1 F1200
G1 X45.859 Y-110.713 E172.20781
G1 F1200
G1 X46.027 Y-111.120 E172.62369
G1 F1200
G1 X46.196 Y-111.526 E173.06016
G1 F1200
G1 X46.364 Y-111.933 E173.51721
G1 F1200
G1 X46.533 Y-112.340 E173.99485
G1 F1200
G1 X46.701 Y-112.747 E174.49308
G1 F1200
G1 X46.870 Y-113.153 E175.01190
G1 F1200
G1 X47.038 Y-113.560 E175.55131
G1 F1200
G1 X47.207 Y-113.967 E176.11131
G1 F1200
G1 X47.375 Y-114.374 E176.69189
G1 F1200
G1 X47.365 Y-114.428 E176.76515
G1 F1200
G1 X47.344 Y-114.537 E176.90645
G1 F1200
G1 X47.323 Y-114.647 E177.04253
G1 F1200
G1 X47.302 Y-114.756 E177.17339
G1 F1200
G1 X47.281 Y-114.865 E177.29904
G1 F1200
G1 X47.260 Y-114.974 E177.41946
G1 F1200
G1 X47.239 Y-115.083 E177.53468
G1 F1200
G1 X47.218 Y-115.192 E177.64467
G1 F1200
G1 X47.197 Y-115.301 E177.74945
G1 F1200
G1 X47.176 Y-115.410 E177.84902
G1 F1200
G1 X47.155 Y-115.519 E177.94336
G1 F1200
G1 X47.134 Y-115.629 E178.03249
G1 F1200
G1 X47.113 Y-115.738 E178.11641
G1 F1200
G1 X47.092 Y-115.847 E178.19510
G1 F1200
G1 X47.071 Y-115.956 E178.26858
G1 F1200
G1 X47.061 Y-116.010 E178.30271
G1 X47.097 Y-116.237 E178.44343
G1 F1200
G1 X47.171 Y-116.689 E178.70355
G1 F1200
G1 X47.244 Y-117.141 E178.94235
G1 F1200
G1 X47.317 Y-117.593 E179.15984
G1 F1200
G1 X47.390 Y-118.045 E179.35601
G1 F1200
G1 X47.464 Y-118.497 E179.53086
G1 F1200
G1 X47.537 Y-118.950 E179.68440
G1 F1200
G1 X47.610 Y-119.402 E179.81662
G1 F1200
G1 X47.684 Y-119.854 E179.92752
G1 F1200
G1 X47.757 Y-120.306 E180.01711
G1 F1200
G1 X47.830 Y-120.758 E180.08538
G1 F1200
G1 X47.903 Y-121.211 E180.13233
G1 F1200
G1 X47.977 Y-121.663 E180.15797
G1 X51.568 Y-119.210 F7800.000
G1 F1200
G1 X51.300 Y-118.839 E180.22624
G1 F1200
G1 X51.032 Y-118.467 E180.31584
G1 F1200
G1 X50.764 Y-118.095 E180.42675
G1 F1200
G1 X50.496 Y-117.724 E180.55898
G1 F1200
G1 X50.228 Y-117.352 E180.71253
G1 F1200
G1 X49.960 Y-116.981 E180.88740
G1 F1200
G1 X49.693 Y-116.609 E181.08358
G1 F1200
G1 X49.425 Y-116.238 E181.30108
G1 F1200
G1 X49.157 Y-115.866 E181.53991
G1 F1200
G1 X48.889 Y-115.495 E181.80005
G1 F1200
G1 X48.755 Y-115.309 E181.94078
G1 X48.709 Y-115.278 E181.97491
G1 F1200
G1 X48.617 Y-115.215 E182.04839
G1 F1200
G1 X48.525 Y-115.153 E182.12709
G1 F1200
G1 X48.433 Y-115.091 E182.21101
G1 F1200
G1 X48.341 Y-115.028 E182.30014
G1 F1200
G1 X48.249 Y-114.966 E182.39448
G1 F1200
G1 X48.157 Y-114.904 E182.49405
G1 F1200
G1 X48.065 Y-114.841 E182.59883
G1 F1200
G1 X47.973 Y-114.779 E182.70882
G1 F1200
G1 X47.881 Y-114.717 E182.82403
G1 F1200
G1 X47.789 Y-114.654 E182.94446
G1 F1200
G1 X47.697 Y-114.592 E183.07011
G1 F1200
G1 X47.605 Y-114.530 E183.20097
G1 F1200
G1 X47.513 Y-114.467 E183.33705
G1 F1200
G1 X47.421 Y-114.405 E183.47834
G1 F1200
G1 X47.375 Y-114.374 E183.55159
G1 X51.568 Y-119.210 F7800.000
G1 F1200
G1 X51.836 Y-119.582 E183.59855
G1 F1200
G1 X52.104 Y-119.953 E183.62419
G1 E181.62419 F2400.00000
G92 E0
G1 X-31.638 Y-88.596 F7800.000
G1 E2.00000 F2400.00000
G1 F1200
G1 X-31.968 Y-88.530 E2.33647
G1 F1200
G1 X-32.299 Y-88.464 E2.65744
G1 F1200
G1 X-32.629 Y-88.399 E2.96292
G1 F1200
G1 X-32.959 Y-88.333 E3.25290
G1 F1200
G1 X-33.289 Y-88.267 E3.52737
G1 F1200
G1 X-33.620 Y-88.202 E3.78635
G1 F1200
G1 X-33.950 Y-88.136 E4.02984
G1 F1200
G1 X-34.280 Y-88.070 E4.25782
G1 F1200
G1 X-34.610 Y-88.004 E4.47031
G1 F1200
G1 X-34.941 Y-87.939 E4.66729
G1 F1200
G1 X-35.271 Y-87.873 E4.84878
G1 F1200
G1 X-35.601 Y-87.807 E5.01478
G1 F1200
G1 X-35.931 Y-87.742 E5.16527
G1 F1200
G1 X-36.262 Y-87.676 E5.30027
G1 F1200
G1 X-36.592 Y-87.610 E5.41976
G1 F1200
G1 X-36.922 Y-87.545 E5.52376
G1 F1200
G1 X-37.252 Y-87.479 E5.61226
G1 F1200
G1 X-37.582 Y-87.413 E5.68527
G1 F1200
G1 X-37.913 Y-87.348 E5.74277
G1 F1200
G1 X-38.243 Y-87.282 E5.78478
G1 F1200
G1 X-38.573 Y-87.216 E5.81129
G1 X-39.805 Y-86.184 F7800.000
G1 F1200
G1 X-39.875 Y-86.247 E5.85279
G1 F1200
G1 X-39.946 Y-86.311 E5.88992
G1 F1200
G1 X-40.016 Y-86.374 E5.92266
G1 F1200
G1 X-40.086 Y-86.437 E5.95104
G1 F1200
G1 X-40.157 Y-86.501 E5.97503
G1 F1200
G1 X-40.227 Y-86.564 E5.99465
G1 F1200
G1 X-40.298 Y-86.627 E6.00990
G1 F1200
G1 X-40.368 Y-86.691 E6.02076
G1 F1200
G1 X-40.403 Y-86.722 E6.02401
G1 X-40.592 Y-87.166 E6.05705
G1 X-39.805 Y-86.184 F7800.000
G1 F1200
G1 X-39.754 Y-86.145 E6.08727
G1 X-39.727 Y-85.960 E6.17588
G1 F1200
G1 X-39.672 Y-85.589 E6.33572
G1 F1200
G1 X-39.617 Y-85.219 E6.47821
G1 F1200
G1 X-39.562 Y-84.848 E6.60332
G1 F1200
G1 X-39.508 Y-84.478 E6.71108
G1 F1200
G1 X-39.453 Y-84.107 E6.80146
G1 F1200
G1 X-39.398 Y-83.736 E6.87449
G1 F1200
G1 X-39.343 Y-83.366 E6.93015
G1 F1200
G1 X-39.288 Y-82.995 E6.96844
G1 F1200
G1 X-39.234 Y-82.625 E6.98937
G1 X-39.261 Y-70.748 F7800.000
G1 F1200
G1 X-39.328 Y-69.786 E7.06128
G1 F1200
G1 X-39.394 Y-68.824 E7.17355
G1 F1200
G1 X-39.461 Y-67.861 E7.32618
G1 X-43.513 Y-59.789 F7800.000
G1 F1200
G1 X-43.904 Y-59.814 E7.92474
G1 F1200
G1 X-44.294 Y-59.840 E8.54106
G1 F1200
G1 X-44.685 Y-59.865 E9.17512
G1 F1200
G1 X-45.076 Y-59.890 E9.82695
G1 F1200
G1 X-45.467 Y-59.916 E10.49652
G1 F1200
G1 X-45.858 Y-59.941 E11.18385
G1 F1200
G1 X-46.249 Y-59.967 E11.88893
G1 F1200
G1 X-46.640 Y-59.992 E12.61177
G1 F1200
G1 X-47.031 Y-60.017 E13.35236
G1 F1200
G1 X-47.099 Y-60.018 E13.48452
G1 F1200
G1 X-47.168 Y-60.019 E13.61977
G1 F1200
G1 X-47.236 Y-60.019 E13.75813
G1 F1200
G1 X-47.304 Y-60.020 E13.89958
G1 F1200
G1 X-47.338 Y-60.021 E13.97186
G1 X-47.596 Y-59.703 E14.83743
G1 F1200
G1 X-47.854 Y-59.386 E15.68525
G1 F1200
G1 X-48.112 Y-59.069 E16.51532
G1 F1200
G1 X-48.415 Y-58.719 E17.43481
G1 F1200
G1 X-48.588 Y-58.528 E17.93911
G1 X-51.919 Y-55.232 E27.08092
G1 F1200
G1 X-58.580 Y-48.641 E45.01201
G1 X-60.441 Y-46.983 E49.78013
G1 F1200
G1 X-61.881 Y-45.696 E53.56030
G1 X-68.411 Y-39.921 F7800.000
G1 F1200
G1 X-68.706 Y-39.318 E53.72331
G1 F1200
G1 X-69.001 Y-38.714 E53.85498
G1 F1200
G1 X-69.296 Y-38.111 E53.95531
G1 F1200
G1 X-69.591 Y-37.507 E54.02429
G1 F1200
G1 X-69.739 Y-37.205 E54.04311
G1 X-75.863 Y-12.303 F7800.000
G1 F1200
G1 X-75.826 Y-11.575 E55.78603
G1 F1200
G1 X-75.788 Y-10.848 E57.49672
G1 F1200
G1 X-75.751 Y-10.121 E59.17520
G1 F1200
G1 X-75.714 Y-9.394 E60.82145
G1 F1200
G1 X-75.677 Y-8.667 E62.43549
G1 F1200
G1 X-75.640 Y-7.940 E64.01730
G1 F1200
G1 X-75.622 Y-7.394 E65.18083
G1 F1200
G1 X-75.623 Y-7.028 E65.94398
G1 F1200
G1 X-75.671 Y-6.180 E67.68562
G1 F1200
G1 X-75.719 Y-5.331 E69.38866
G1 F1200
G1 X-75.768 Y-4.483 E71.05309
G1 F1200
G1 X-75.816 Y-3.634 E72.67891
G1 F1200
G1 X-75.864 Y-2.786 E74.26612
G1 F1200
G1 X-75.912 Y-1.937 E75.81473
G1 F1200
G1 X-75.961 Y-1.088 E77.32473
G1 F1200
G1 X-76.009 Y-0.240 E78.79612
G1 F1200
G1 X-76.009 Y0.240 E79.60487
G1 X-75.985 Y0.664 E80.32127
G1 F1200
G1 X-75.937 Y1.513 E81.79266
G1 F1200
G1 X-75.888 Y2.361 E83.30266
G1 F1200
G1 X-75.840 Y3.210 E84.85127
G1 F1200
G1 X-75.792 Y4.058 E86.43848
G1 F1200
G1 X-75.743 Y4.907 E88.06430
G1 F1200
G1 X-75.695 Y5.755 E89.72873
G1 F1200
G1 X-75.647 Y6.604 E91.43177
G1 F1200
G1 X-75.622 Y7.211 E92.67681
G1 F1200
G1 X-75.621 Y7.577 E93.43996
G1 F1200
G1 X-75.658 Y8.304 E94.98955
G1 F1200
G1 X-75.696 Y9.031 E96.57137
G1 F1200
G1 X-75.733 Y9.758 E98.18541
G1 F1200
G1 X-75.770 Y10.485 E99.83166
G1 F1200
G1 X-75.807 Y11.212 E101.51014
G1 F1200
G1 X-75.844 Y11.939 E103.22084
G1 F1200
G1 X-75.863 Y12.303 E104.09230
G1 X-69.739 Y37.205 F7800.000
G1 F1200
G1 X-69.591 Y37.507 E104.11112
G1 F1200
G1 X-69.296 Y38.111 E104.18010
G1 F1200
G1 X-69.001 Y38.714 E104.28043
G1 F1200
G1 X-68.706 Y39.318 E104.41210
G1 F1200
G1 X-68.411 Y39.921 E104.57512
G1 X-61.881 Y45.696 F7800.000
G1 F1200
G1 X-60.441 Y46.983 E108.35527
G1 F1200
G1 X-58.580 Y48.641 E113.12339
G1 X-51.919 Y55.232 E131.05449
G1 F1200
G1 X-48.588 Y58.528 E140.19630
G1 X-48.415 Y58.719 E140.70060
G1 F1200
G1 X-48.112 Y59.069 E141.62009
G1 F1200
G1 X-47.854 Y59.386 E142.45017
G1 F1200
G1 X-47.596 Y59.703 E143.29799
G1 F1200
G1 X-47.338 Y60.021 E144.16357
G1 X-47.304 Y60.020 E144.23584
G1 F1200
G1 X-47.236 Y60.019 E144.37729
G1 F1200
G1 X-47.168 Y60.019 E144.51564
G1 F1200
G1 X-47.099 Y60.018 E144.65089
G1 F1200
G1 X-47.031 Y60.017 E144.78305
G1 F1200
G1 X-46.640 Y59.992 E145.52364
G1 F1200
G1 X-46.249 Y59.967 E146.24649
G1 F1200
G1 X-45.858 Y59.941 E146.95158
G1 F1200
G1 X-45.467 Y59.916 E147.63891
G1 F1200
G1 X-45.076 Y59.891 E148.30849
G1 F1200
G1 X-44.685 Y59.865 E148.96032
G1 F1200
G1 X-44.294 Y59.840 E149.59439
G1 F1200
G1 X-43.904 Y59.814 E150.21071
G1 F1200
G1 X-43.513 Y59.789 E150.80927
G1 X-39.461 Y67.861 F7800.000
G1 F1200
G1 X-39.394 Y68.824 E150.94173
G1 F1200
G1 X-39.328 Y69.786 E151.03381
G1 F1200
G1 X-39.261 Y70.748 E151.08553
G1 X-39.234 Y82.625 F7800.000
G1 F1200
G1 X-39.288 Y82.995 E151.10646
G1 F1200
G1 X-39.343 Y83.366 E151.14476
G1 F1200
G1 X-39.398 Y83.736 E151.20042
G1 F1200
G1 X-39.453 Y84.107 E151.27344
G1 F1200
G1 X-39.508 Y84.478 E151.36382
G1 F1200
G1 X-39.562 Y84.848 E151.47158
G1 F1200
G1 X-39.617 Y85.219 E151.59669
G1 F1200
G1 X-39.672 Y85.589 E151.73917
G1 F1200
G1 X-39.727 Y85.960 E151.89901
G1 F1200
G1 X-39.754 Y86.145 E151.98761
G1 X-39.805 Y86.184 E152.01784
G1 F1200
G1 X-39.875 Y86.247 E152.05934
G1 F1200
G1 X-39.946 Y86.311 E152.09646
G1 F1200
G1 X-40.016 Y86.374 E152.12921
G1 F1200
G1 X-40.086 Y86.437 E152.15758
G1 F1200
G1 X-40.157 Y86.501 E152.18158
G1 F1200
G1 X-40.227 Y86.564 E152.20120
G1 F1200
G1 X-40.298 Y86.627 E152.21644
G1 F1200
G1 X-40.368 Y86.691 E152.22731
G1 F1200
G1 X-40.403 Y86.722 E152.23055
G1 X-40.592 Y87.166 E152.26359
G1 X-38.573 Y87.216 F7800.000
G1 F1200
G1 X-38.243 Y87.282 E152.29010
G1 F1200
G1 X-37.913 Y87.348 E152.33211
G1 F1200
G1 X-37.582 Y87.413 E152.38961
G1 F1200
G1 X-37.252 Y87.479 E152.46261
G1 F1200
G1 X-36.922 Y87.545 E152.55111
G1 F1200
G1 X-36.592 Y87.610 E152.65511
G1 F1200
G1 X-36.261 Y87.676 E152.77460
G1 F1200
G1 X-35.931 Y87.742 E152.90960
G1 F1200
G1 X-35.601 Y87.807 E153.06009
G1 F1200
G1 X-35.271 Y87.873 E153.22608
G1 F1200
G1 X-34.940 Y87.939 E153.40756
G1 F1200
G1 X-34.610 Y88.004 E153.60455
G1 F1200
G1 X-34.280 Y88.070 E153.81703
G1 F1200
G1 X-33.950 Y88.136 E154.04501
G1 F1200
G1 X-33.619 Y88.202 E154.28849
G1 F1200
G1 X-33.289 Y88.267 E154.54746
G1 F1200
G1 X-32.959 Y88.333 E154.82194
G1 F1200
G1 X-32.629 Y88.399 E155.11191
G1 F1200
G1 X-32.299 Y88.464 E155.41738
G1 F1200
G1 X-31.968 Y88.530 E155.73834
G1 F1200
G1 X-31.638 Y88.596 E156.07481
G1 X-42.742 Y103.187 F7800.000
G1 F1200
G1 X-42.910 Y103.594 E156.09950
G1 F1200
G1 X-43.079 Y104.001 E156.14478
G1 F1200
G1 X-43.247 Y104.408 E156.21065
G1 F1200
G1 X-43.416 Y104.814 E156.29711
G1 F1200
G1 X-43.584 Y105.221 E156.40416
G1 F1200
G1 X-43.753 Y105.628 E156.53179
G1 F1200
G1 X-43.921 Y106.035 E156.68002
G1 F1200
G1 X-44.090 Y106.441 E156.84883
G1 F1200
G1 X-44.258 Y106.848 E157.03824
G1 F1200
G1 X-44.426 Y107.255 E157.24823
G1 F1200
G1 X-44.595 Y107.662 E157.47881
G1 F1200
G1 X-44.763 Y108.069 E157.72998
G1 F1200
G1 X-44.932 Y108.475 E158.00173
G1 F1200
G1 X-45.100 Y108.882 E158.29408
G1 F1200
G1 X-45.269 Y109.289 E158.60701
G1 F1200
G1 X-45.437 Y109.696 E158.94054
G1 F1200
G1 X-45.606 Y110.102 E159.29465
G1 F1200
G1 X-45.774 Y110.509 E159.66935
G1 F1200
G1 X-45.943 Y110.916 E160.06464
G1 F1200
G1 X-46.111 Y111.323 E160.48052
G1 F1200
G1 X-46.280 Y111.730 E160.91699
G1 F1200
G1 X-46.448 Y112.136 E161.37405
G1 F1200
G1 X-46.617 Y112.543 E161.85169
G1 F1200
G1 X-46.785 Y112.950 E162.34993
G1 F1200
G1 X-46.954 Y113.357 E162.86875
G1 F1200
G1 X-47.122 Y113.764 E163.40816
G1 F1200
G1 X-47.291 Y114.170 E163.96816
G1 F1200
G1 X-47.375 Y114.374 E164.25845
G1 F1200
G1 X-47.467 Y114.436 E164.40496
G1 F1200
G1 X-47.559 Y114.498 E164.54626
G1 F1200
G1 X-47.651 Y114.561 E164.68234
G1 F1200
G1 X-47.743 Y114.623 E164.81320
G1 F1200
G1 X-47.835 Y114.685 E164.93884
G1 F1200
G1 X-47.927 Y114.748 E165.05927
G1 F1200
G1 X-48.019 Y114.810 E165.17448
G1 F1200
G1 X-48.111 Y114.872 E165.28448
G1 F1200
G1 X-48.203 Y114.935 E165.38926
G1 F1200
G1 X-48.295 Y114.997 E165.48882
G1 F1200
G1 X-48.387 Y115.059 E165.58317
G1 F1200
G1 X-48.479 Y115.122 E165.67230
G1 F1200
G1 X-48.571 Y115.184 E165.75622
G1 F1200
G1 X-48.663 Y115.246 E165.83492
G1 F1200
G1 X-48.755 Y115.309 E165.90840
G1 F1200
G1 X-49.023 Y115.680 E166.18986
G1 F1200
G1 X-49.291 Y116.052 E166.45001
G1 F1200
G1 X-49.559 Y116.423 E166.68884
G1 F1200
G1 X-49.827 Y116.795 E166.90634
G1 F1200
G1 X-50.094 Y117.167 E167.10253
G1 F1200
G1 X-50.362 Y117.538 E167.27740
G1 F1200
G1 X-50.630 Y117.910 E167.43096
G1 F1200
G1 X-50.898 Y118.281 E167.56319
G1 F1200
G1 X-51.166 Y118.653 E167.67410
G1 F1200
G1 X-51.434 Y119.024 E167.76370
G1 F1200
G1 X-51.702 Y119.396 E167.83198
G1 F1200
G1 X-51.970 Y119.768 E167.87894
G1 F1200
G1 X-52.104 Y119.953 E167.89176
G1 X-47.794 Y120.532 F7800.000
G1 F1200
G1 X-47.867 Y120.984 E167.96003
G1 F1200
G1 X-47.940 Y121.437 E168.00698
G1 F1200
G1 X-47.977 Y121.663 E168.01980
G1 X-47.794 Y120.532 F7800.000
G1 F1200
G1 X-47.720 Y120.080 E168.10938
G1 F1200
G1 X-47.647 Y119.628 E168.22029
G1 F1200
G1 X-47.574 Y119.176 E168.35251
G1 F1200
G1 X-47.500 Y118.724 E168.50604
G1 F1200
G1 X-47.427 Y118.271 E168.68089
G1 F1200
G1 X-47.354 Y117.819 E168.87706
G1 F1200
G1 X-47.281 Y117.367 E169.09455
G1 F1200
G1 X-47.207 Y116.915 E169.33335
G1 F1200
G1 X-47.134 Y116.463 E169.59347
G1 F1200
G1 X-47.061 Y116.010 E169.87490
G1 F1200
G1 X-47.082 Y115.901 E169.94838
G1 F1200
G1 X-47.103 Y115.792 E170.02708
G1 F1200
G1 X-47.124 Y115.683 E170.11099
G1 F1200
G1 X-47.145 Y115.574 E170.20012
G1 F1200
G1 X-47.166 Y115.465 E170.29447
G1 F1200
G1 X-47.186 Y115.356 E170.39403
G1 F1200
G1 X-47.207 Y115.247 E170.49881
G1 F1200
G1 X-47.228 Y115.138 E170.60881
G1 F1200
G1 X-47.249 Y115.028 E170.72402
G1 F1200
G1 X-47.270 Y114.919 E170.84445
G1 F1200
G1 X-47.291 Y114.810 E170.97010
G1 F1200
G1 X-47.312 Y114.701 E171.10096
G1 F1200
G1 X-47.333 Y114.592 E171.23704
G1 F1200
G1 X-47.354 Y114.483 E171.37834
G1 F1200
G1 X-47.375 Y114.374 E171.52485
G1 E169.52485 F2400.00000
G92 E0
G1 X-103.187 Y42.742 F7800.000
G1 E2.00000 F2400.00000
G1 F1200
G1 X-103.594 Y42.910 E2.02469
G1 F1200
G1 X-104.001 Y43.079 E2.06997
G1 F1200
G1 X-104.408 Y43.247 E2.13584
G1 F1200
G1 X-104.814 Y43.416 E2.22230
G1 F1200
G1 X-105.221 Y43.584 E2.32935
G1 F1200
G1 X-105.628 Y43.753 E2.45698
G1 F1200
G1 X-106.035 Y43.921 E2.60521
G1 F1200
G1 X-106.442 Y44.090 E2.77402
G1 F1200
G1 X-106.848 Y44.258 E2.96342
G1 F1200
G1 X-107.255 Y44.427 E3.17341
G1 F1200
G1 X-107.662 Y44.595 E3.40399
G1 F1200
G1 X-108.069 Y44.763 E3.65516
G1 F1200
G1 X-108.475 Y44.932 E3.92691
G1 F1200
G1 X-108.882 Y45.100 E4.21926
G1 F1200
G1 X-109.289 Y45.269 E4.53219
G1 F1200
G1 X-109.696 Y45.437 E4.86571
G1 F1200
G1 X-110.103 Y45.606 E5.21982
G1 F1200
G1 X-110.509 Y45.774 E5.59452
G1 F1200
G1 X-110.916 Y45.943 E5.98981
G1 F1200
G1 X-111.323 Y46.111 E6.40569
G1 F1200
G1 X-111.730 Y46.280 E6.84215
G1 F1200
G1 X-112.136 Y46.448 E7.29921
G1 F1200
G1 X-112.543 Y46.617 E7.77685
G1 F1200
G1 X-112.950 Y46.785 E8.27508
G1 F1200
G1 X-113.357 Y46.954 E8.79390
G1 F1200
G1 X-113.764 Y47.122 E9.33331
G1 F1200
G1 X-114.170 Y47.291 E9.89330
G1 F1200
G1 X-114.374 Y47.375 E10.18360
G1 F1200
G1 X-114.483 Y47.354 E10.33011
G1 F1200
G1 X-114.592 Y47.333 E10.47141
G1 F1200
G1 X-114.701 Y47.312 E10.60748
G1 F1200
G1 X-114.810 Y47.291 E10.73835
G1 F1200
G1 X-114.919 Y47.270 E10.86399
G1 F1200
G1 X-115.028 Y47.249 E10.98442
G1 F1200
G1 X-115.138 Y47.228 E11.09964
G1 F1200
G1 X-115.247 Y47.207 E11.20963
G1 F1200
G1 X-115.356 Y47.186 E11.31441
G1 F1200
G1 X-115.465 Y47.166 E11.41397
G1 F1200
G1 X-115.574 Y47.145 E11.50832
G1 F1200
G1 X-115.683 Y47.124 E11.59745
G1 F1200
G1 X-115.792 Y47.103 E11.68137
G1 F1200
G1 X-115.901 Y47.082 E11.76006
G1 F1200
G1 X-116.010 Y47.061 E11.83354
G1 F1200
G1 X-116.463 Y47.134 E12.11498
G1 F1200
G1 X-116.915 Y47.207 E12.37510
G1 F1200
G1 X-117.367 Y47.281 E12.61390
G1 F1200
G1 X-117.819 Y47.354 E12.83138
G1 F1200
G1 X-118.271 Y47.427 E13.02755
G1 F1200
G1 X-118.724 Y47.500 E13.20241
G1 F1200
G1 X-119.176 Y47.574 E13.35594
G1 F1200
G1 X-119.628 Y47.647 E13.48816
G1 F1200
G1 X-120.080 Y47.720 E13.59906
G1 F1200
G1 X-120.532 Y47.794 E13.68865
G1 F1200
G1 X-120.984 Y47.867 E13.75692
G1 F1200
G1 X-121.437 Y47.940 E13.80388
G1 F1200
G1 X-121.663 Y47.977 E13.81670
G1 X-119.024 Y51.434 F7800.000
G1 F1200
G1 X-119.396 Y51.702 E13.88497
G1 F1200
G1 X-119.768 Y51.970 E13.93193
G1 F1200
G1 X-119.953 Y52.104 E13.94475
G1 X-119.024 Y51.434 F7800.000
G1 F1200
G1 X-118.653 Y51.166 E14.03434
G1 F1200
G1 X-118.281 Y50.898 E14.14525
G1 F1200
G1 X-117.910 Y50.630 E14.27748
G1 F1200
G1 X-117.538 Y50.362 E14.43103
G1 F1200
G1 X-117.167 Y50.094 E14.60590
G1 F1200
G1 X-116.795 Y49.827 E14.80209
G1 F1200
G1 X-116.423 Y49.559 E15.01959
G1 F1200
G1 X-116.052 Y49.291 E15.25841
G1 F1200
G1 X-115.680 Y49.023 E15.51855
G1 F1200
G1 X-115.309 Y48.755 E15.80001
G1 F1200
G1 X-115.246 Y48.663 E15.87349
G1 F1200
G1 X-115.184 Y48.571 E15.95219
G1 F1200
G1 X-115.122 Y48.479 E16.03611
G1 F1200
G1 X-115.059 Y48.387 E16.12524
G1 F1200
G1 X-114.997 Y48.295 E16.21958
G1 F1200
G1 X-114.935 Y48.203 E16.31915
G1 F1200
G1 X-114.872 Y48.111 E16.42393
G1 F1200
G1 X-114.810 Y48.019 E16.53392
G1 F1200
G1 X-114.748 Y47.927 E16.64914
G1 F1200
G1 X-114.685 Y47.835 E16.76956
G1 F1200
G1 X-114.623 Y47.743 E16.89521
G1 F1200
G1 X-114.561 Y47.651 E17.02607
G1 F1200
G1 X-114.498 Y47.559 E17.16215
G1 F1200
G1 X-114.436 Y47.467 E17.30344
G1 F1200
G1 X-114.374 Y47.375 E17.44995
G1 E15.44995 F2400.00000
G92 E0
G1 X-103.187 Y-42.742 F7800.000
G1 E2.00000 F2400.00000
G1 F1200
G1 X-103.594 Y-42.910 E2.02469
G1 F1200
G1 X-104.001 Y-43.079 E2.06997
G1 F1200
G1 X-104.408 Y-43.247 E2.13584
G1 F1200
G1 X-104.814 Y-43.416 E2.22230
G1 F1200
G1 X-105.221 Y-43.584 E2.32934
G1 F1200
G1 X-105.628 Y-43.753 E2.45698
G1 F1200
G1 X-106.035 Y-43.921 E2.60520
G1 F1200
G1 X-106.441 Y-44.090 E2.77401
G1 F1200
G1 X-106.848 Y-44.258 E2.96341
G1 F1200
G1 X-107.255 Y-44.426 E3.17340
G1 F1200
G1 X-107.662 Y-44.595 E3.40398
G1 F1200
G1 X-108.069 Y-44.763 E3.65514
G1 F1200
G1 X-108.475 Y-44.932 E3.92690
G1 F1200
G1 X-108.882 Y-45.100 E4.21924
G1 F1200
G1 X-109.289 Y-45.269 E4.53217
G1 F1200
G1 X-109.696 Y-45.437 E4.86569
G1 F1200
G1 X-110.102 Y-45.606 E5.21980
G1 F1200
G1 X-110.509 Y-45.774 E5.59450
G1 F1200
G1 X-110.916 Y-45.943 E5.98979
G1 F1200
G1 X-111.323 Y-46.111 E6.40566
G1 F1200
G1 X-111.730 Y-46.280 E6.84212
G1 F1200
G1 X-112.136 Y-46.448 E7.29917
G1 F1200
G1 X-112.543 Y-46.617 E7.77681
G1 F1200
G1 X-112.950 Y-46.785 E8.27504
G1 F1200
G1 X-113.357 Y-46.954 E8.79386
G1 F1200
G1 X-113.763 Y-47.122 E9.33327
G1 F1200
G1 X-114.170 Y-47.291 E9.89326
G1 F1200
G1 X-114.374 Y-47.375 E10.18355
G1 F1200
G1 X-114.483 Y-47.354 E10.33007
G1 F1200
G1 X-114.592 Y-47.333 E10.47136
G1 F1200
G1 X-114.701 Y-47.312 E10.60744
G1 F1200
G1 X-114.810 Y-47.291 E10.73830
G1 F1200
G1 X-114.919 Y-47.270 E10.86395
G1 F1200
G1 X-115.028 Y-47.249 E10.98438
G1 F1200
G1 X-115.137 Y-47.228 E11.09959
G1 F1200
G1 X-115.247 Y-47.207 E11.20959
G1 F1200
G1 X-115.356 Y-47.186 E11.31437
G1 F1200
G1 X-115.465 Y-47.165 E11.41393
G1 F1200
G1 X-115.574 Y-47.145 E11.50828
G1 F1200
G1 X-115.683 Y-47.124 E11.59740
G1 F1200
G1 X-115.792 Y-47.103 E11.68132
G1 F1200
G1 X-115.901 Y-47.082 E11.76001
G1 F1200
G1 X-116.010 Y-47.061 E11.83349
G1 F1200
G1 X-116.463 Y-47.134 E12.11493
G1 F1200
G1 X-116.915 Y-47.207 E12.37505
G1 F1200
G1 X-117.367 Y-47.281 E12.61386
G1 F1200
G1 X-117.819 Y-47.354 E12.83135
G1 F1200
G1 X-118.271 Y-47.427 E13.02752
G1 F1200
G1 X-118.723 Y-47.500 E13.20237
G1 F1200
G1 X-119.176 Y-47.574 E13.35591
G1 F1200
G1 X-119.628 Y-47.647 E13.48813
G1 F1200
G1 X-120.080 Y-47.720 E13.59903
G1 F1200
G1 X-120.532 Y-47.794 E13.68862
G1 F1200
G1 X-120.984 Y-47.867 E13.75689
G1 F1200
G1 X-121.437 Y-47.940 E13.80385
G1 F1200
G1 X-121.663 Y-47.977 E13.81667
G1 X-119.024 Y-51.434 F7800.000
G1 F1200
G1 X-119.396 Y-51.702 E13.88494
G1 F1200
G1 X-119.768 Y-51.970 E13.93190
G1 F1200
G1 X-119.953 Y-52.104 E13.94472
G1 X-119.024 Y-51.434 F7800.000
G1 F1200
G1 X-118.653 Y-51.166 E14.03431
G1 F1200
G1 X-118.281 Y-50.898 E14.14523
G1 F1200
G1 X-117.910 Y-50.630 E14.27746
G1 F1200
G1 X-117.538 Y-50.362 E14.43100
G1 F1200
G1 X-117.166 Y-50.094 E14.60587
G1 F1200
G1 X-116.795 Y-49.827 E14.80206
G1 F1200
G1 X-116.423 Y-49.559 E15.01956
G1 F1200
G1 X-116.052 Y-49.291 E15.25838
G1 F1200
G1 X-115.680 Y-49.023 E15.51852
G1 F1200
G1 X-115.309 Y-48.755 E15.79998
G1 F1200
G1 X-115.246 Y-48.663 E15.87346
G1 F1200
G1 X-115.184 Y-48.571 E15.95216
G1 F1200
G1 X-115.122 Y-48.479 E16.03608
G1 F1200
G1 X-115.059 Y-48.387 E16.12521
G1 F1200
G1 X-114.997 Y-48.295 E16.21956
G1 F1200
G1 X-114.935 Y-48.203 E16.31912
G1 F1200
G1 X-114.872 Y-48.111 E16.42390
G1 F1200
G1 X-114.810 Y-48.019 E16.53389
G1 F1200
G1 X-114.748 Y-47.927 E16.64911
G1 F1200
G1 X-114.685 Y-47.835 E16.76953
G1 F1200
G1 X-114.623 Y-47.743 E16.89518
G1 F1200
G1 X-114.561 Y-47.651 E17.02604
G1 F1200
G1 X-114.498 Y-47.559 E17.16212
G1 F1200
G1 X-114.436 Y-47.467 E17.30341
G1 F1200
G1 X-114.374 Y-47.375 E17.44992
G1 E15.44992 F2400.00000
G92 E0
G1 X-42.742 Y-103.187 F7800.000
G1 E2.00000 F2400.00000
G1 F1200
G1 X-42.910 Y-103.594 E2.02469
G1 F1200
G1 X-43.079 Y-104.001 E2.06997
G1 F1200
G1 X-43.247 Y-104.408 E2.13584
G1 F1200
G1 X-43.416 Y-104.814 E2.22230
G1 F1200
G1 X-43.584 Y-105.221 E2.32935
G1 F1200
G1 X-43.753 Y-105.628 E2.45698
G1 F1200
G1 X-43.921 Y-106.035 E2.60521
G1 F1200
G1 X-44.090 Y-106.441 E2.77402
G1 F1200
G1 X-44.258 Y-106.848 E2.96342
G1 F1200
G1 X-44.426 Y-107.255 E3.17341
G1 F1200
G1 X-44.595 Y-107.662 E3.40399
G1 F1200
G1 X-44.763 Y-108.069 E3.65515
G1 F1200
G1 X-44.932 Y-108.475 E3.92691
G1 F1200
G1 X-45.100 Y-108.882 E4.21925
G1 F1200
G1 X-45.269 Y-109.289 E4.53218
G1 F1200
G1 X-45.437 Y-109.696 E4.86570
G1 F1200
G1 X-45.606 Y-110.102 E5.21981
G1 F1200
G1 X-45.774 Y-110.509 E5.59451
G1 F1200
G1 X-45.943 Y-110.916 E5.98980
G1 F1200
G1 X-46.111 Y-111.323 E6.40567
G1 F1200
G1 X-46.280 Y-111.730 E6.84214
G1 F1200
G1 X-46.448 Y-112.136 E7.29919
G1 F1200
G1 X-46.617 Y-112.543 E7.77683
G1 F1200
G1 X-46.785 Y-112.950 E8.27506
G1 F1200
G1 X-46.954 Y-113.357 E8.79388
G1 F1200
G1 X-47.122 Y-113.764 E9.33328
G1 F1200
G1 X-47.291 Y-114.170 E9.89328
G1 F1200
G1 X-47.375 Y-114.374 E10.18357
G1 F1200
G1 X-47.467 Y-114.436 E10.33008
G1 F1200
G1 X-47.559 Y-114.498 E10.47137
G1 F1200
G1 X-47.651 Y-114.561 E10.60745
G1 F1200
G1 X-47.743 Y-114.623 E10.73831
G1 F1200
G1 X-47.835 Y-114.685 E10.86396
G1 F1200
G1 X-47.927 Y-114.748 E10.98438
G1 F1200
G1 X-48.019 Y-114.810 E11.09960
G1 F1200
G1 X-48.111 Y-114.872 E11.20959
G1 F1200
G1 X-48.203 Y-114.935 E11.31437
G1 F1200
G1 X-48.295 Y-114.997 E11.41393
G1 F1200
G1 X-48.387 Y-115.059 E11.50828
G1 F1200
G1 X-48.479 Y-115.122 E11.59741
G1 F1200
G1 X-48.571 Y-115.184 E11.68133
G1 F1200
G1 X-48.663 Y-115.246 E11.76002
G1 F1200
G1 X-48.755 Y-115.309 E11.83350
G1 F1200
G1 X-49.023 Y-115.680 E12.11496
G1 F1200
G1 X-49.291 Y-116.052 E12.37510
G1 F1200
G1 X-49.559 Y-116.423 E12.61393
G1 F1200
G1 X-49.827 Y-116.795 E12.83143
G1 F1200
G1 X-50.094 Y-117.167 E13.02761
G1 F1200
G1 X-50.362 Y-117.538 E13.20248
G1 F1200
G1 X-50.630 Y-117.910 E13.35603
G1 F1200
G1 X-50.898 Y-118.281 E13.48826
G1 F1200
G1 X-51.166 Y-118.653 E13.59917
G1 F1200
G1 X-51.434 Y-119.024 E13.68877
G1 F1200
G1 X-51.702 Y-119.396 E13.75704
G1 F1200
G1 X-51.970 Y-119.768 E13.80400
G1 F1200
G1 X-52.104 Y-119.953 E13.81682
G1 X-47.794 Y-120.532 F7800.000
G1 F1200
G1 X-47.867 Y-120.984 E13.88509
G1 F1200
G1 X-47.940 Y-121.437 E13.93204
G1 F1200
G1 X-47.977 Y-121.663 E13.94486
G1 X-47.794 Y-120.532 F7800.000
G1 F1200
G1 X-47.720 Y-120.080 E14.03445
G1 F1200
G1 X-47.647 Y-119.628 E14.14536
G1 F1200
G1 X-47.574 Y-119.176 E14.27758
G1 F1200
G1 X-47.500 Y-118.723 E14.43111
G1 F1200
G1 X-47.427 Y-118.271 E14.60597
G1 F1200
G1 X-47.354 Y-117.819 E14.80214
G1 F1200
G1 X-47.281 Y-117.367 E15.01963
G1 F1200
G1 X-47.207 Y-116.915 E15.25843
G1 F1200
G1 X-47.134 Y-116.463 E15.51855
G1 F1200
G1 X-47.061 Y-116.010 E15.79999
G1 F1200
G1 X-47.082 Y-115.901 E15.87347
G1 F1200
G1 X-47.103 Y-115.792 E15.95217
G1 F1200
G1 X-47.124 Y-115.683 E16.03608
G1 F1200
G1 X-47.145 Y-115.574 E16.12521
G1 F1200
G1 X-47.165 Y-115.465 E16.21955
G1 F1200
G1 X-47.186 Y-115.356 E16.31912
G1 F1200
G1 X-47.207 Y-115.247 E16.42390
G1 F1200
G1 X-47.228 Y-115.137 E16.53389
G1 F1200
G1 X-47.249 Y-115.028 E16.64911
G1 F1200
G1 X-47.270 Y-114.919 E16.76953
G1 F1200
G1 X-47.291 Y-114.810 E16.89518
G1 F1200
G1 X-47.312 Y-114.701 E17.02604
G1 F1200
G1 X-47.333 Y-114.592 E17.16212
G1 F1200
G1 X-47.354 Y-114.483 E17.30342
G1 F1200
G1 X-47.375 Y-114.374 E17.44993
G1 E15.44993 F2400.00000
G92 E0
G1 X103.187 Y-42.742 F7800.000
G1 E2.00000 F2400.00000
G1 F1200
G1 X103.391 Y-42.826 E2.01235
G1 F1200
G1 X103.797 Y-42.994 E2.05763
G1 F1200
G1 X104.204 Y-43.163 E2.12350
G1 F1200
G1 X104.611 Y-43.331 E2.20996
G1 F1200
G1 X105.018 Y-43.500 E2.31700
G1 F1200
G1 X105.425 Y-43.668 E2.44464
G1 F1200
G1 X105.831 Y-43.837 E2.59287
G1 F1200
G1 X106.238 Y-44.005 E2.76168
G1 F1200
G1 X106.645 Y-44.174 E2.95108
G1 F1200
G1 X107.052 Y-44.342 E3.16107
G1 F1200
G1 X107.458 Y-44.511 E3.39166
G1 F1200
G1 X107.865 Y-44.679 E3.64282
G1 F1200
G1 X108.272 Y-44.848 E3.91458
G1 F1200
G1 X108.679 Y-45.016 E4.20693
G1 F1200
G1 X109.086 Y-45.185 E4.51987
G1 F1200
G1 X109.492 Y-45.353 E4.85339
G1 F1200
G1 X109.899 Y-45.522 E5.20750
G1 F1200
G1 X110.306 Y-45.690 E5.58221
G1 F1200
G1 X110.713 Y-45.859 E5.97750
G1 F1200
G1 X111.119 Y-46.027 E6.39338
G1 F1200
G1 X111.526 Y-46.196 E6.82985
G1 F1200
G1 X111.933 Y-46.364 E7.28691
G1 F1200
G1 X112.340 Y-46.533 E7.76455
G1 F1200
G1 X112.747 Y-46.701 E8.26279
G1 F1200
G1 X113.153 Y-46.870 E8.78161
G1 F1200
G1 X113.560 Y-47.038 E9.32103
G1 F1200
G1 X113.967 Y-47.207 E9.88103
G1 F1200
G1 X114.374 Y-47.375 E10.46162
G1 F1200
G1 X114.405 Y-47.421 E10.53487
G1 F1200
G1 X114.467 Y-47.513 E10.67617
G1 F1200
G1 X114.530 Y-47.605 E10.81225
G1 F1200
G1 X114.592 Y-47.697 E10.94311
G1 F1200
G1 X114.654 Y-47.789 E11.06875
G1 F1200
G1 X114.717 Y-47.881 E11.18918
G1 F1200
G1 X114.779 Y-47.973 E11.30439
G1 F1200
G1 X114.841 Y-48.065 E11.41439
G1 F1200
G1 X114.904 Y-48.157 E11.51917
G1 F1200
G1 X114.966 Y-48.249 E11.61874
G1 F1200
G1 X115.028 Y-48.341 E11.71308
G1 F1200
G1 X115.091 Y-48.433 E11.80221
G1 F1200
G1 X115.153 Y-48.525 E11.88613
G1 F1200
G1 X115.215 Y-48.617 E11.96483
G1 F1200
G1 X115.278 Y-48.709 E12.03831
G1 F1200
G1 X115.309 Y-48.755 E12.07244
G1 X115.494 Y-48.889 E12.21318
G1 F1200
G1 X115.866 Y-49.157 E12.47332
G1 F1200
G1 X116.238 Y-49.425 E12.71215
G1 F1200
G1 X116.609 Y-49.693 E12.92965
G1 F1200
G1 X116.981 Y-49.960 E13.12584
G1 F1200
G1 X117.352 Y-50.228 E13.30071
G1 F1200
G1 X117.724 Y-50.496 E13.45426
G1 F1200
G1 X118.095 Y-50.764 E13.58649
G1 F1200
G1 X118.467 Y-51.032 E13.69741
G1 F1200
G1 X118.839 Y-51.300 E13.78700
G1 F1200
G1 X119.210 Y-51.568 E13.85528
G1 F1200
G1 X119.582 Y-51.836 E13.90224
G1 F1200
G1 X119.953 Y-52.104 E13.92788
G1 X120.758 Y-47.830 F7800.000
G1 F1200
G1 X120.306 Y-47.757 E13.99615
G1 F1200
G1 X119.854 Y-47.684 E14.08573
G1 F1200
G1 X119.402 Y-47.610 E14.19664
G1 F1200
G1 X118.950 Y-47.537 E14.32886
G1 F1200
G1 X118.497 Y-47.464 E14.48239
G1 F1200
G1 X118.045 Y-47.390 E14.65725
G1 F1200
G1 X117.593 Y-47.317 E14.85342
G1 F1200
G1 X117.141 Y-47.244 E15.07090
G1 F1200
G1 X116.689 Y-47.171 E15.30970
G1 F1200
G1 X116.237 Y-47.097 E15.56982
G1 F1200
G1 X116.010 Y-47.061 E15.71054
G1 X115.956 Y-47.071 E15.74467
G1 F1200
G1 X115.847 Y-47.092 E15.81815
G1 F1200
G1 X115.738 Y-47.113 E15.89685
G1 F1200
G1 X115.629 Y-47.134 E15.98077
G1 F1200
G1 X115.519 Y-47.155 E16.06990
G1 F1200
G1 X115.410 Y-47.176 E16.16424
G1 F1200
G1 X115.301 Y-47.197 E16.26381
G1 F1200
G1 X115.192 Y-47.218 E16.36859
G1 F1200
G1 X115.083 Y-47.239 E16.47858
G1 F1200
G1 X114.974 Y-47.260 E16.59380
G1 F1200
G1 X114.865 Y-47.281 E16.71423
G1 F1200
G1 X114.756 Y-47.302 E16.83988
G1 F1200
G1 X114.647 Y-47.323 E16.97074
G1 F1200
G1 X114.537 Y-47.344 E17.10682
G1 F1200
G1 X114.428 Y-47.365 E17.24812
G1 F1200
G1 X114.374 Y-47.375 E17.32137
G1 X120.758 Y-47.830 F7800.000
G1 F1200
G1 X121.211 Y-47.903 E17.36833
G1 F1200
G1 X121.663 Y-47.977 E17.39396
G1 E15.39396 F2400.00000
G92 E0
G1 X103.187 Y42.742 F7800.000
G1 E2.00000 F2400.00000
G1 F1200
G1 X103.391 Y42.826 E2.01235
G1 F1200
G1 X103.797 Y42.994 E2.05763
G1 F1200
G1 X104.204 Y43.163 E2.12350
G1 F1200
G1 X104.611 Y43.331 E2.20996
G1 F1200
G1 X105.018 Y43.500 E2.31700
G1 F1200
G1 X105.425 Y43.668 E2.44464
G1 F1200
G1 X105.831 Y43.837 E2.59287
G1 F1200
G1 X106.238 Y44.005 E2.76168
G1 F1200
G1 X106.645 Y44.174 E2.95108
G1 F1200
G1 X107.052 Y44.342 E3.16108
G1 F1200
G1 X107.458 Y44.511 E3.39166
G1 F1200
G1 X107.865 Y44.679 E3.64283
G1 F1200
G1 X108.272 Y44.848 E3.91458
G1 F1200
G1 X108.679 Y45.016 E4.20693
G1 F1200
G1 X109.086 Y45.185 E4.51987
G1 F1200
G1 X109.492 Y45.353 E4.85339
G1 F1200
G1 X109.899 Y45.522 E5.20751
G1 F1200
G1 X110.306 Y45.690 E5.58221
G1 F1200
G1 X110.713 Y45.859 E5.97750
G1 F1200
G1 X111.120 Y46.027 E6.39338
G1 F1200
G1 X111.526 Y46.196 E6.82985
G1 F1200
G1 X111.933 Y46.364 E7.28691
G1 F1200
G1 X112.340 Y46.533 E7.76456
G1 F1200
G1 X112.747 Y46.701 E8.26279
G1 F1200
G1 X113.153 Y46.870 E8.78162
G1 F1200
G1 X113.560 Y47.038 E9.32103
G1 F1200
G1 X113.967 Y47.207 E9.88103
G1 F1200
G1 X114.374 Y47.375 E10.46162
G1 F1200
G1 X114.436 Y47.467 E10.60813
G1 F1200
G1 X114.498 Y47.559 E10.74943
G1 F1200
G1 X114.561 Y47.651 E10.88550
G1 F1200
G1 X114.623 Y47.743 E11.01636
G1 F1200
G1 X114.685 Y47.835 E11.14201
G1 F1200
G1 X114.748 Y47.927 E11.26244
G1 F1200
G1 X114.810 Y48.019 E11.37765
G1 F1200
G1 X114.872 Y48.111 E11.48765
G1 F1200
G1 X114.935 Y48.203 E11.59243
G1 F1200
G1 X114.997 Y48.295 E11.69199
G1 F1200
G1 X115.059 Y48.387 E11.78634
G1 F1200
G1 X115.122 Y48.479 E11.87547
G1 F1200
G1 X115.184 Y48.571 E11.95939
G1 F1200
G1 X115.246 Y48.663 E12.03809
G1 F1200
G1 X115.309 Y48.755 E12.11157
G1 F1200
G1 X115.680 Y49.023 E12.39303
G1 F1200
G1 X116.052 Y49.291 E12.65318
G1 F1200
G1 X116.423 Y49.559 E12.89201
G1 F1200
G1 X116.795 Y49.827 E13.10952
G1 F1200
G1 X117.167 Y50.094 E13.30571
G1 F1200
G1 X117.538 Y50.362 E13.48058
G1 F1200
G1 X117.910 Y50.630 E13.63413
G1 F1200
G1 X118.281 Y50.898 E13.76636
G1 F1200
G1 X118.653 Y51.166 E13.87728
G1 F1200
G1 X119.024 Y51.434 E13.96687
G1 F1200
G1 X119.396 Y51.702 E14.03515
G1 F1200
G1 X119.768 Y51.970 E14.08211
G1 F1200
G1 X119.953 Y52.104 E14.09493
G1 X120.758 Y47.830 F7800.000
G1 F1200
G1 X120.306 Y47.757 E14.16320
G1 F1200
G1 X119.854 Y47.684 E14.25278
G1 F1200
G1 X119.402 Y47.610 E14.36369
G1 F1200
G1 X118.950 Y47.537 E14.49590
G1 F1200
G1 X118.497 Y47.464 E14.64944
G1 F1200
G1 X118.045 Y47.390 E14.82429
G1 F1200
G1 X117.593 Y47.317 E15.02045
G1 F1200
G1 X117.141 Y47.244 E15.23794
G1 F1200
G1 X116.689 Y47.171 E15.47674
G1 F1200
G1 X116.237 Y47.097 E15.73685
G1 F1200
G1 X116.011 Y47.061 E15.87757
G1 X115.956 Y47.071 E15.91170
G1 F1200
G1 X115.847 Y47.092 E15.98518
G1 F1200
G1 X115.738 Y47.113 E16.06387
G1 F1200
G1 X115.629 Y47.134 E16.14779
G1 F1200
G1 X115.519 Y47.155 E16.23692
G1 F1200
G1 X115.410 Y47.176 E16.33127
G1 F1200
G1 X115.301 Y47.197 E16.43083
G1 F1200
G1 X115.192 Y47.218 E16.53561
G1 F1200
G1 X115.083 Y47.239 E16.64561
G1 F1200
G1 X114.974 Y47.260 E16.76082
G1 F1200
G1 X114.865 Y47.281 E16.88125
G1 F1200
G1 X114.756 Y47.302 E17.00690
G1 F1200
G1 X114.647 Y47.323 E17.13776
G1 F1200
G1 X114.537 Y47.344 E17.27384
G1 F1200
G1 X114.428 Y47.365 E17.41514
G1 F1200
G1 X114.374 Y47.375 E17.48840
G1 X120.758 Y47.830 F7800.000
G1 F1200
G1 X121.211 Y47.903 E17.53535
G1 F1200
G1 X121.663 Y47.977 E17.56099
G1 E7.56099 F2400.00000
G92 E0
T0
G92 E0
G1 X122.845 Y104.547 F7800.000
G1 E10.00000 F2400.00000
G1 F1800
G1 X121.610 Y106.247 E14.25650
G1 X100.684 Y126.254 E72.88711
G1 X76.523 Y142.203 E131.51767
G1 X49.902 Y153.581 E190.14832
G1 X21.677 Y160.024 E248.77889
G1 X-7.245 Y161.322 E307.40952
G1 X-35.934 Y157.436 E366.04011
G1 X-63.468 Y148.490 E424.67075
G1 X-88.962 Y134.771 E483.30135
G1 X-111.596 Y116.721 E541.93195
G1 X-130.644 Y94.919 E600.56251
G1 X-145.493 Y70.066 E659.19323
G1 X-155.666 Y42.961 E717.82379
G1 X-160.835 Y14.475 E776.45436
G1 X-160.835 Y-14.475 E835.08499
G1 X-155.666 Y-42.961 E893.71554
G1 X-145.493 Y-70.066 E952.34612
G1 X-130.644 Y-94.919 E1010.97682
G1 X-111.596 Y-116.721 E1069.60740
G1 X-88.962 Y-134.771 E1128.23799
G1 X-63.468 Y-148.490 E1186.86860
G1 X-35.934 Y-157.436 E1245.49922
G1 X-7.245 Y-161.322 E1304.12982
G1 X21.677 Y-160.024 E1362.76046
G1 X49.902 Y-153.581 E1421.39101
G1 X76.523 Y-142.203 E1480.02168
G1 X100.684 Y-126.254 E1538.65223
G1 X121.610 Y-106.247 E1597.28284
G1 X138.627 Y-82.826 E1655.91353
G1 X151.188 Y-56.742 E1714.54407
G1 X158.890 Y-28.834 E1773.17474
G1 X161.485 Y-0.000 E1831.80531
G1 X158.890 Y28.834 E1890.43591
G1 X151.188 Y56.742 E1949.06656
G1 X138.627 Y82.826 E2007.69711
G1 X123.242 Y104.001 E2060.70431
G1 X123.700 Y106.467 F7800.000
G1 E2058.70431 F2400.00000
G92 E0
G1 X-46.836 Y-158.945 F7800.000
G1 E2.00000 F2400.00000
G1 F3600
G1 X-62.460 Y-153.868 E42.95525
G1 X-62.329 Y-156.191 E48.75664
G1 X-63.556 Y-171.245 E86.40990
G1 X-62.930 Y-179.845 E107.90645
G1 X-57.079 Y-173.511 E129.40308
G1 X-48.653 Y-160.977 E167.05627
G1 X-47.286 Y-159.448 E172.16962
G1 X-26.765 Y-163.526 F7800.000
G1 F3600
G1 X-26.010 Y-166.145 E178.96583
G1 X-23.857 Y-181.094 E216.61889
G1 X-21.333 Y-189.339 E238.11557
G1 X-17.039 Y-181.862 E259.61214
G1 X-11.613 Y-167.767 E297.26511
G1 X-10.487 Y-165.731 E303.06674
G1 X-26.097 Y-163.616 E342.33898
G1 X10.273 Y-165.344 F7800.000
G1 F3600
G1 X11.613 Y-167.767 E349.24214
G1 X17.039 Y-181.862 E386.89502
G1 X21.333 Y-189.339 E408.39162
G1 X23.857 Y-181.094 E429.88833
G1 X26.336 Y-163.887 E473.22826
G1 X22.324 Y-164.803 E483.48669
G1 X10.947 Y-165.314 E511.87882
G1 X47.380 Y-159.084 F7800.000
G1 F3600
G1 X57.079 Y-173.511 E555.21875
G1 X62.930 Y-179.845 E576.71534
G1 X63.556 Y-171.245 E598.21187
G1 X62.329 Y-156.191 E635.86513
G1 X62.485 Y-153.427 E642.76792
G1 X51.392 Y-158.168 E672.84304
G1 X48.038 Y-158.934 E681.41862
G1 X81.356 Y-144.768 F7800.000
G1 F3600
G1 X83.254 Y-146.115 E687.22028
G1 X94.258 Y-156.459 E724.87311
G1 X101.372 Y-161.332 E746.36969
G1 X100.068 Y-152.809 E767.86636
G1 X95.522 Y-138.406 E805.51947
G1 X95.066 Y-135.718 E812.31556
G1 X81.919 Y-144.396 E851.58789
G1 X111.162 Y-122.883 F7800.000
G1 F3600
G1 X113.680 Y-123.926 E858.38430
G1 X126.710 Y-131.562 E896.03713
G1 X134.730 Y-134.730 E917.53403
G1 X131.562 Y-126.710 E939.03086
G1 X123.926 Y-113.680 E976.68387
G1 X123.035 Y-111.530 E982.48539
G1 X111.649 Y-122.416 E1021.75745
G1 X135.676 Y-95.059 F7800.000
G1 F3600
G1 X138.406 Y-95.522 E1028.66023
G1 X152.809 Y-100.068 E1066.31328
G1 X161.332 Y-101.372 E1087.80994
G1 X156.459 Y-94.258 E1109.30653
G1 X144.552 Y-81.592 E1152.64643
G1 X142.767 Y-85.299 E1162.90497
G1 X136.073 Y-94.513 E1191.29725
G1 X153.918 Y-62.144 F7800.000
G1 F3600
G1 X171.245 Y-63.556 E1234.63727
G1 X179.845 Y-62.930 E1256.13382
G1 X173.511 Y-57.079 E1277.63044
G1 X160.977 Y-48.653 E1315.28361
G1 X158.913 Y-46.808 E1322.18651
G1 X155.703 Y-58.436 E1352.26164
G1 X154.211 Y-61.536 E1360.83720
G1 X163.909 Y-26.655 F7800.000
G1 F3600
G1 X166.145 Y-26.010 E1366.63856
G1 X181.094 Y-23.857 E1404.29171
G1 X189.339 Y-21.333 E1425.78836
G1 X181.862 Y-17.039 E1447.28491
G1 X167.767 Y-11.613 E1484.93779
G1 X165.382 Y-10.294 E1491.73427
G1 X163.970 Y-25.983 E1531.00646
G1 X165.382 Y10.294 F7800.000
G1 F3600
G1 X167.767 Y11.613 E1537.80299
G1 X181.862 Y17.039 E1575.45580
G1 X189.339 Y21.333 E1596.95238
G1 X181.094 Y23.857 E1618.44905
G1 X166.145 Y26.010 E1656.10223
G1 X163.909 Y26.655 E1661.90357
G1 X165.321 Y10.966 E1701.17574
G1 X158.913 Y46.808 F7800.000
G1 F3600
G1 X160.977 Y48.653 E1708.07865
G1 X173.511 Y57.079 E1745.73181
G1 X179.845 Y62.930 E1767.22839
G1 X171.245 Y63.556 E1788.72494
G1 X153.918 Y62.144 E1832.06497
G1 X155.703 Y58.436 E1842.32343
G1 X158.733 Y47.458 E1870.71569
G1 X144.552 Y81.592 F7800.000
G1 F3600
G1 X156.459 Y94.258 E1914.05558
G1 X161.332 Y101.372 E1935.55216
G1 X152.809 Y100.068 E1957.04882
G1 X138.406 Y95.522 E1994.70190
G1 X135.676 Y95.059 E2001.60462
G1 X142.767 Y85.299 E2031.67973
G1 X144.259 Y82.200 E2040.25539
G1 X123.035 Y111.530 F7800.000
G1 F3600
G1 X123.926 Y113.680 E2046.05694
G1 X131.562 Y126.710 E2083.70988
G1 X134.730 Y134.730 E2105.20680
G1 X126.710 Y131.562 E2126.70372
G1 X113.680 Y123.926 E2164.35665
G1 X111.162 Y122.883 E2171.15300
G1 X122.547 Y111.997 E2210.42508
G1 X95.066 Y135.718 F7800.000
G1 F3600
G1 X95.522 Y138.406 E2217.22114
G1 X100.068 Y152.809 E2254.87423
G1 X101.372 Y161.332 E2276.37089
G1 X94.258 Y156.459 E2297.86747
G1 X83.254 Y146.115 E2335.52006
G1 X81.356 Y144.768 E2341.32188
G1 X94.503 Y136.090 E2380.59413
G1 X62.485 Y153.427 F7800.000
G1 F3600
G1 X62.329 Y156.191 E2387.49688
G1 X63.556 Y171.245 E2425.15020
G1 X62.930 Y179.845 E2446.64673
G1 X57.079 Y173.511 E2468.14331
G1 X47.380 Y159.084 E2511.48326
G1 X51.392 Y158.168 E2521.74168
G1 X61.864 Y153.692 E2550.13396
G1 X26.336 Y163.887 F7800.000
G1 F3600
G1 X23.857 Y181.094 E2593.47384
G1 X21.333 Y189.339 E2614.97051
G1 X17.039 Y181.862 E2636.46709
G1 X11.613 Y167.767 E2674.11989
G1 X10.273 Y165.344 E2681.02311
G1 X22.324 Y164.803 E2711.09802
G1 X25.678 Y164.037 E2719.67361
G1 X-10.487 Y165.731 F7800.000
G1 F3600
G1 X-11.613 Y167.767 E2725.47538
G1 X-17.039 Y181.862 E2763.12826
G1 X-21.333 Y189.339 E2784.62481
G1 X-23.857 Y181.094 E2806.12146
G1 X-26.010 Y166.145 E2843.77461
G1 X-26.765 Y163.526 E2850.57076
G1 X-11.155 Y165.640 E2889.84299
G1 X-46.836 Y158.945 F7800.000
G1 F3600
G1 X-48.653 Y160.977 E2896.63920
G1 X-57.079 Y173.511 E2934.29236
G1 X-62.930 Y179.845 E2955.78898
G1 X-63.556 Y171.245 E2977.28554
G1 X-62.329 Y156.191 E3014.93886
G1 X-62.460 Y153.868 E3020.74025
G1 X-47.478 Y158.736 E3060.01266
G1 X-80.996 Y144.513 F7800.000
G1 F3600
G1 X-83.254 Y146.115 E3066.91610
G1 X-94.258 Y156.459 E3104.56865
G1 X-101.372 Y161.332 E3126.06524
G1 X-100.068 Y152.809 E3147.56189
G1 X-94.836 Y136.231 E3190.90184
G1 X-91.619 Y138.796 E3201.16036
G1 X-81.590 Y144.193 E3229.55246
G1 X-111.712 Y122.772 F7800.000
G1 F3600
G1 X-126.710 Y131.562 E3272.89245
G1 X-134.730 Y134.730 E3294.38929
G1 X-131.562 Y126.710 E3315.88618
G1 X-123.926 Y113.680 E3353.53901
G1 X-122.866 Y111.122 E3360.44210
G1 X-114.929 Y120.207 E3390.51693
G1 X-112.240 Y122.351 E3399.09257
G1 X-136.112 Y95.133 F7800.000
G1 F3600
G1 X-138.406 Y95.522 E3404.89390
G1 X-152.809 Y100.068 E3442.54700
G1 X-161.332 Y101.372 E3464.04367
G1 X-156.459 Y94.258 E3485.54025
G1 X-146.115 Y83.254 E3523.19308
G1 X-144.537 Y81.031 E3529.98940
G1 X-136.458 Y94.553 E3569.26167
G1 X-153.470 Y62.482 F7800.000
G1 F3600
G1 X-156.191 Y62.329 E3576.05766
G1 X-171.245 Y63.556 E3613.71092
G1 X-179.845 Y62.930 E3635.20745
G1 X-173.511 Y57.079 E3656.70403
G1 X-160.977 Y48.653 E3694.35722
G1 X-159.242 Y47.102 E3700.15858
G1 X-153.707 Y61.850 E3739.43094
G1 X-163.484 Y26.777 F7800.000
G1 F3600
G1 X-166.145 Y26.010 E3746.33388
G1 X-181.094 Y23.857 E3783.98694
G1 X-189.339 Y21.333 E3805.48365
G1 X-181.862 Y17.039 E3826.98025
G1 X-165.638 Y10.793 E3870.32035
G1 X-165.638 Y14.908 E3880.57888
G1 X-163.605 Y26.113 E3908.97106
G1 X-165.638 Y-10.793 F7800.000
G1 F3600
G1 X-181.862 Y-17.039 E3952.31116
G1 X-189.339 Y-21.333 E3973.80774
G1 X-181.094 Y-23.857 E3995.30443
G1 X-166.145 Y-26.010 E4032.95748
G1 X-163.484 Y-26.777 E4039.86042
G1 X-165.638 Y-14.908 E4069.93539
G1 X-165.638 Y-11.468 E4078.51108
G1 X-159.242 Y-47.102 F7800.000
G1 F3600
G1 X-160.977 Y-48.653 E4084.31244
G1 X-173.511 Y-57.079 E4121.96562
G1 X-179.845 Y-62.930 E4143.46225
G1 X-171.245 Y-63.556 E4164.95880
G1 X-156.191 Y-62.329 E4202.61207
G1 X-153.470 Y-62.482 E4209.40806
G1 X-159.005 Y-47.734 E4248.68039
G1 X-144.537 Y-81.031 F7800.000
G1 F3600
G1 X-146.115 Y-83.254 E4255.47675
G1 X-156.459 Y-94.258 E4293.12953
G1 X-161.332 Y-101.372 E4314.62612
G1 X-152.809 Y-100.068 E4336.12279
G1 X-138.406 Y-95.522 E4373.77584
G1 X-136.112 Y-95.133 E4379.57724
G1 X-144.191 Y-81.610 E4418.84946
G1 X-122.866 Y-111.122 F7800.000
G1 F3600
G1 X-123.926 Y-113.680 E4425.75251
G1 X-131.562 Y-126.710 E4463.40541
G1 X-134.730 Y-134.730 E4484.90222
G1 X-126.710 Y-131.562 E4506.39903
G1 X-111.712 Y-122.772 E4549.73899
G1 X-114.929 Y-120.207 E4559.99747
G1 X-122.422 Y-111.630 E4588.38949
G1 X-94.836 Y-136.231 F7800.000
G1 F3600
G1 X-100.068 Y-152.809 E4631.72947
G1 X-101.372 Y-161.332 E4653.22614
G1 X-94.258 Y-156.459 E4674.72274
G1 X-83.254 Y-146.115 E4712.37551
G1 X-80.996 Y-144.513 E4719.27879
G1 X-91.619 Y-138.796 E4749.35379
G1 X-94.308 Y-136.651 E4757.92948
G1 X-100.516 Y-132.210 F7800.000
G1 F1800
G1 X-99.799 Y-134.897 E4763.56232
G1 X-100.203 Y-137.276 E4768.44825
G1 X-104.760 Y-151.716 E4799.11456
G1 X-106.954 Y-166.058 E4828.49779
G1 X-103.208 Y-168.412 E4837.45879
G1 X-91.238 Y-160.213 E4866.84192
G1 X-80.205 Y-149.841 E4897.50820
G1 X-78.237 Y-148.445 E4902.39439
G1 X-75.505 Y-147.926 E4908.02705
G1 X-73.077 Y-148.523 E4913.09011
G1 X-70.557 Y-149.736 E4918.75452
G1 X-68.577 Y-151.262 E4923.81774
G1 X-67.279 Y-153.722 E4929.45058
G1 X-67.144 Y-156.131 E4934.33644
G1 X-68.373 Y-171.224 E4965.00290
G1 X-67.321 Y-185.694 E4994.38602
G1 X-63.145 Y-187.156 E5003.34695
G1 X-53.300 Y-176.498 E5032.73022
G1 X-44.851 Y-163.932 E5063.39664
G1 X-43.243 Y-162.133 E5068.28255
G1 X-40.695 Y-161.018 E5073.91528
G1 X-38.195 Y-161.060 E5078.97855
G1 X-35.469 Y-161.682 E5084.64286
G1 X-33.198 Y-162.729 E5089.70603
G1 X-31.386 Y-164.839 E5095.33872
G1 X-30.718 Y-167.158 E5100.22475
G1 X-28.558 Y-182.145 E5130.89110
G1 X-24.312 Y-196.019 E5160.27430
G1 X-19.915 Y-196.514 E5169.23528
G1 X-12.689 Y-183.933 E5198.61842
G1 X-7.249 Y-169.802 E5229.28477
G1 X-6.081 Y-167.690 E5234.17097
G1 X-3.845 Y-166.037 E5239.80367
G1 X-1.398 Y-165.521 E5244.86682
G1 X1.398 Y-165.521 E5250.53118
G1 X3.845 Y-166.037 E5255.59433
G1 X6.081 Y-167.690 E5261.22706
G1 X7.249 Y-169.802 E5266.11324
G1 X12.689 Y-183.933 E5296.77957
G1 X19.915 Y-196.514 E5326.16271
G1 X24.312 Y-196.019 E5335.12372
G1 X28.558 Y-182.145 E5364.50691
G1 X30.718 Y-167.158 E5395.17326
G1 X31.386 Y-164.839 E5400.05929
G1 X33.198 Y-162.729 E5405.69198
G1 X35.468 Y-161.682 E5410.75512
G1 X38.195 Y-161.060 E5416.41947
G1 X40.695 Y-161.018 E5421.48273
G1 X43.243 Y-162.133 E5427.11546
G1 X44.851 Y-163.932 E5432.00138
G1 X53.300 Y-176.498 E5462.66780
G1 X63.145 Y-187.156 E5492.05107
G1 X67.321 Y-185.694 E5501.01197
G1 X68.373 Y-171.224 E5530.39509
G1 X67.144 Y-156.131 E5561.06155
G1 X67.279 Y-153.722 E5565.94740
G1 X68.577 Y-151.262 E5571.58022
G1 X70.557 Y-149.736 E5576.64343
G1 X73.077 Y-148.523 E5582.30784
G1 X75.505 Y-147.926 E5587.37095
G1 X78.237 Y-148.445 E5593.00352
G1 X80.205 Y-149.841 E5597.88976
G1 X91.238 Y-160.213 E5628.55603
G1 X103.208 Y-168.412 E5657.93915
G1 X106.954 Y-166.058 E5666.90016
G1 X104.760 Y-151.716 E5696.28340
G1 X100.203 Y-137.276 E5726.94972
G1 X99.799 Y-134.897 E5731.83568
G1 X100.516 Y-132.210 E5737.46853
G1 X102.107 Y-130.282 E5742.53171
G1 X104.294 Y-128.538 E5748.19579
G1 X106.528 Y-127.416 E5753.25903
G1 X109.308 Y-127.314 E5758.89188
G1 X111.537 Y-128.237 E5763.77799
G1 X124.601 Y-135.894 E5794.44426
G1 X138.095 Y-141.224 E5823.82740
G1 X141.224 Y-138.095 E5832.78861
G1 X135.894 Y-124.601 E5862.17169
G1 X128.237 Y-111.537 E5892.83807
G1 X127.314 Y-109.308 E5897.72412
G1 X127.415 Y-106.528 E5903.35687
G1 X128.538 Y-104.294 E5908.42018
G1 X130.282 Y-102.107 E5914.08438
G1 X132.210 Y-100.516 E5919.14750
G1 X134.897 Y-99.799 E5924.78040
G1 X137.276 Y-100.203 E5929.66629
G1 X151.716 Y-104.760 E5960.33260
G1 X166.058 Y-106.954 E5989.71589
G1 X168.412 Y-103.208 E5998.67684
G1 X160.213 Y-91.238 E6028.05999
G1 X149.841 Y-80.205 E6058.72617
G1 X148.445 Y-78.237 E6063.61244
G1 X147.926 Y-75.505 E6069.24515
G1 X148.523 Y-73.077 E6074.30821
G1 X149.736 Y-70.557 E6079.97260
G1 X151.262 Y-68.577 E6085.03573
G1 X153.722 Y-67.279 E6090.66860
G1 X156.131 Y-67.144 E6095.55446
G1 X171.224 Y-68.373 E6126.22097
G1 X185.694 Y-67.321 E6155.60408
G1 X187.156 Y-63.145 E6164.56500
G1 X176.498 Y-53.300 E6193.94829
G1 X163.932 Y-44.851 E6224.61471
G1 X162.133 Y-43.243 E6229.50064
G1 X161.018 Y-40.695 E6235.13340
G1 X161.060 Y-38.195 E6240.19666
G1 X161.682 Y-35.469 E6245.86092
G1 X162.729 Y-33.198 E6250.92411
G1 X164.839 Y-31.386 E6256.55683
G1 X167.157 Y-30.718 E6261.44281
G1 X182.145 Y-28.558 E6292.10923
G1 X196.019 Y-24.312 E6321.49235
G1 X196.514 Y-19.915 E6330.45334
G1 X183.933 Y-12.689 E6359.83645
G1 X169.802 Y-7.249 E6390.50278
G1 X167.690 Y-6.081 E6395.38904
G1 X166.037 Y-3.845 E6401.02172
G1 X165.521 Y-1.398 E6406.08485
G1 X165.521 Y1.398 E6411.74927
G1 X166.037 Y3.845 E6416.81241
G1 X167.690 Y6.081 E6422.44510
G1 X169.802 Y7.249 E6427.33135
G1 X183.933 Y12.689 E6457.99766
G1 X196.514 Y19.915 E6487.38077
G1 X196.019 Y24.312 E6496.34179
G1 X182.145 Y28.558 E6525.72491
G1 X167.157 Y30.718 E6556.39134
G1 X164.839 Y31.386 E6561.27732
G1 X162.729 Y33.198 E6566.91003
G1 X161.682 Y35.468 E6571.97318
G1 X161.060 Y38.195 E6577.63749
G1 X161.018 Y40.695 E6582.70074
G1 X162.133 Y43.243 E6588.33350
G1 X163.932 Y44.851 E6593.21943
G1 X176.498 Y53.300 E6623.88585
G1 X187.156 Y63.145 E6653.26914
G1 X185.694 Y67.321 E6662.23003
G1 X171.224 Y68.373 E6691.61315
G1 X156.131 Y67.144 E6722.27965
G1 X153.722 Y67.279 E6727.16550
G1 X151.262 Y68.577 E6732.79835
G1 X149.736 Y70.557 E6737.86148
G1 X148.523 Y73.077 E6743.52587
G1 X147.926 Y75.505 E6748.58897
G1 X148.445 Y78.237 E6754.22159
G1 X149.841 Y80.205 E6759.10791
G1 X160.213 Y91.238 E6789.77409
G1 X168.412 Y103.208 E6819.15722
G1 X166.058 Y106.954 E6828.11818
G1 X151.716 Y104.760 E6857.50148
G1 X137.276 Y100.203 E6888.16780
G1 X134.897 Y99.799 E6893.05372
G1 X132.210 Y100.516 E6898.68663
G1 X130.282 Y102.107 E6903.74971
G1 X128.538 Y104.294 E6909.41385
G1 X127.415 Y106.528 E6914.47716
G1 X127.314 Y109.308 E6920.10996
G1 X128.237 Y111.537 E6924.99602
G1 X135.894 Y124.601 E6955.66234
G1 X141.224 Y138.095 E6985.04546
G1 X138.095 Y141.224 E6994.00668
G1 X124.601 Y135.894 E7023.38980
G1 X111.537 Y128.237 E7054.05612
G1 X109.308 Y127.314 E7058.94218
G1 X106.528 Y127.415 E7064.57499
G1 X104.294 Y128.538 E7069.63830
G1 X102.107 Y130.282 E7075.30244
G1 X100.516 Y132.210 E7080.36552
G1 X99.799 Y134.897 E7085.99842
G1 X100.203 Y137.276 E7090.88435
G1 X104.760 Y151.716 E7121.55066
G1 X106.954 Y166.058 E7150.93396
G1 X103.208 Y168.412 E7159.89492
G1 X91.238 Y160.213 E7189.27806
G1 X80.205 Y149.841 E7219.94423
G1 X78.237 Y148.445 E7224.83055
G1 X75.505 Y147.926 E7230.46318
G1 X73.077 Y148.523 E7235.52628
G1 X70.557 Y149.736 E7241.19066
G1 X68.577 Y151.262 E7246.25379
G1 X67.279 Y153.722 E7251.88665
G1 X67.144 Y156.131 E7256.77249
G1 X68.373 Y171.224 E7287.43900
G1 X67.321 Y185.694 E7316.82211
G1 X63.145 Y187.156 E7325.78301
G1 X53.300 Y176.498 E7355.16629
G1 X44.851 Y163.932 E7385.83271
G1 X43.243 Y162.133 E7390.71865
G1 X40.695 Y161.018 E7396.35140
G1 X38.195 Y161.060 E7401.41466
G1 X35.468 Y161.682 E7407.07896
G1 X33.198 Y162.729 E7412.14212
G1 X31.386 Y164.839 E7417.77483
G1 X30.718 Y167.157 E7422.66081
G1 X28.558 Y182.145 E7453.32724
G1 X24.312 Y196.019 E7482.71035
G1 X19.915 Y196.514 E7491.67137
G1 X12.689 Y183.933 E7521.05448
G1 X7.249 Y169.802 E7551.72079
G1 X6.081 Y167.690 E7556.60703
G1 X3.845 Y166.037 E7562.23973
G1 X1.398 Y165.521 E7567.30287
G1 X-1.398 Y165.521 E7572.96729
G1 X-3.845 Y166.037 E7578.03042
G1 X-6.081 Y167.690 E7583.66310
G1 X-7.249 Y169.802 E7588.54936
G1 X-12.689 Y183.933 E7619.21569
G1 X-19.915 Y196.514 E7648.59880
G1 X-24.312 Y196.019 E7657.55979
G1 X-28.558 Y182.145 E7686.94291
G1 X-30.718 Y167.157 E7717.60933
G1 X-31.386 Y164.839 E7722.49532
G1 X-33.198 Y162.729 E7728.12804
G1 X-35.469 Y161.682 E7733.19122
G1 X-38.195 Y161.060 E7738.85548
G1 X-40.695 Y161.018 E7743.91874
G1 X-43.243 Y162.133 E7749.55150
G1 X-44.851 Y163.932 E7754.43743
G1 X-53.300 Y176.498 E7785.10385
G1 X-63.145 Y187.156 E7814.48714
G1 X-67.321 Y185.694 E7823.44806
G1 X-68.373 Y171.224 E7852.83117
G1 X-67.144 Y156.131 E7883.49768
G1 X-67.279 Y153.722 E7888.38354
G1 X-68.577 Y151.262 E7894.01641
G1 X-70.557 Y149.736 E7899.07955
G1 X-73.077 Y148.523 E7904.74394
G1 X-75.505 Y147.926 E7909.80700
G1 X-78.237 Y148.445 E7915.43971
G1 X-80.205 Y149.841 E7920.32597
G1 X-91.238 Y160.213 E7950.99216
G1 X-103.208 Y168.412 E7980.37530
G1 X-106.954 Y166.058 E7989.33625
G1 X-104.760 Y151.716 E8018.71954
G1 X-100.203 Y137.276 E8049.38585
G1 X-99.799 Y134.897 E8054.27174
G1 X-100.516 Y132.210 E8059.90464
G1 X-102.107 Y130.282 E8064.96777
G1 X-104.294 Y128.538 E8070.63196
G1 X-106.528 Y127.415 E8075.69527
G1 X-109.308 Y127.314 E8081.32802
G1 X-111.537 Y128.237 E8086.21407
G1 X-124.601 Y135.894 E8116.88045
G1 X-138.095 Y141.224 E8146.26353
G1 X-141.224 Y138.095 E8155.22474
G1 X-135.894 Y124.601 E8184.60788
G1 X-128.237 Y111.537 E8215.27415
G1 X-127.314 Y109.308 E8220.16026
G1 X-127.416 Y106.528 E8225.79312
G1 X-128.538 Y104.294 E8230.85636
G1 X-130.282 Y102.107 E8236.52043
G1 X-132.210 Y100.516 E8241.58361
G1 X-134.897 Y99.799 E8247.21646
G1 X-137.276 Y100.203 E8252.10242
G1 X-151.716 Y104.760 E8282.76874
G1 X-166.058 Y106.954 E8312.15198
G1 X-168.412 Y103.208 E8321.11299
G1 X-160.213 Y91.238 E8350.49611
G1 X-149.841 Y80.205 E8381.16237
G1 X-148.445 Y78.237 E8386.04862
G1 X-147.926 Y75.505 E8391.68119
G1 X-148.523 Y73.077 E8396.74430
G1 X-149.736 Y70.557 E8402.40871
G1 X-151.262 Y68.577 E8407.47191
G1 X-153.722 Y67.279 E8413.10474
G1 X-156.131 Y67.144 E8417.99059
G1 X-171.224 Y68.373 E8448.65705
G1 X-185.694 Y67.321 E8478.04017
G1 X-187.156 Y63.145 E8487.00107
G1 X-176.498 Y53.300 E8516.38434
G1 X-163.932 Y44.851 E8547.05076
G1 X-162.133 Y43.243 E8551.93667
G1 X-161.018 Y40.695 E8557.56940
G1 X-161.060 Y38.195 E8562.63267
G1 X-161.682 Y35.468 E8568.29702
G1 X-162.729 Y33.198 E8573.36016
G1 X-164.839 Y31.386 E8578.99284
G1 X-167.158 Y30.718 E8583.87887
G1 X-182.145 Y28.558 E8614.54523
G1 X-196.019 Y24.312 E8643.92842
G1 X-196.514 Y19.915 E8652.88943
G1 X-183.933 Y12.689 E8682.27257
G1 X-169.802 Y7.249 E8712.93890
G1 X-167.690 Y6.081 E8717.82508
G1 X-166.037 Y3.845 E8723.45781
G1 X-165.521 Y1.398 E8728.52096
G1 X-165.521 Y-1.398 E8734.18532
G1 X-166.037 Y-3.845 E8739.24847
G1 X-167.690 Y-6.081 E8744.88117
G1 X-169.802 Y-7.249 E8749.76737
G1 X-183.933 Y-12.689 E8780.43372
G1 X-196.514 Y-19.915 E8809.81686
G1 X-196.019 Y-24.312 E8818.77784
G1 X-182.145 Y-28.558 E8848.16104
G1 X-167.158 Y-30.718 E8878.82739
G1 X-164.839 Y-31.386 E8883.71342
G1 X-162.729 Y-33.198 E8889.34611
G1 X-161.682 Y-35.469 E8894.40928
G1 X-161.060 Y-38.195 E8900.07359
G1 X-161.018 Y-40.695 E8905.13685
G1 X-162.133 Y-43.243 E8910.76958
G1 X-163.932 Y-44.851 E8915.65550
G1 X-176.498 Y-53.300 E8946.32192
G1 X-187.156 Y-63.145 E8975.70519
G1 X-185.694 Y-67.321 E8984.66612
G1 X-171.224 Y-68.373 E9014.04924
G1 X-156.131 Y-67.144 E9044.71570
G1 X-153.722 Y-67.279 E9049.60156
G1 X-151.262 Y-68.577 E9055.23440
G1 X-149.736 Y-70.557 E9060.29761
G1 X-148.523 Y-73.077 E9065.96203
G1 X-147.926 Y-75.505 E9071.02509
G1 X-148.445 Y-78.237 E9076.65775
G1 X-149.841 Y-80.205 E9081.54394
G1 X-160.213 Y-91.238 E9112.21022
G1 X-168.412 Y-103.208 E9141.59334
G1 X-166.058 Y-106.954 E9150.55434
G1 X-151.716 Y-104.760 E9179.93757
G1 X-137.276 Y-100.203 E9210.60388
G1 X-134.897 Y-99.799 E9215.48981
G1 X-132.210 Y-100.516 E9221.12266
G1 X-130.282 Y-102.107 E9226.18588
G1 X-128.538 Y-104.294 E9231.85002
G1 X-127.416 Y-106.528 E9236.91326
G1 X-127.314 Y-109.308 E9242.54606
G1 X-128.237 Y-111.537 E9247.43215
G1 X-135.894 Y-124.601 E9278.09849
G1 X-141.224 Y-138.095 E9307.48159
G1 X-138.095 Y-141.224 E9316.44278
G1 X-124.601 Y-135.894 E9345.82588
G1 X-111.537 Y-128.237 E9376.49222
G1 X-109.308 Y-127.314 E9381.37831
G1 X-106.528 Y-127.416 E9387.01111
G1 X-104.294 Y-128.538 E9392.07435
G1 X-102.107 Y-130.282 E9397.73849
G1 X-100.946 Y-131.689 E9401.43472
G1 X-97.744 Y-132.441 F7800.000
G1 E9399.43472 F2400.00000
G92 E0
G1 X-9.700 Y89.921 F7800.000
G1 E2.00000 F2400.00000
G1 F1800
G1 X-6.660 Y89.525 E8.20690
G1 X6.660 Y89.525 E35.18415
G1 X9.700 Y89.921 E41.39105
G1 X12.686 Y91.143 E47.92558
G1 X15.260 Y93.089 E54.46012
G1 X17.250 Y95.629 E60.99472
G1 X18.459 Y98.445 E67.20151
G1 X27.047 Y128.757 E131.00459
G1 X27.496 Y131.847 E137.32861
G1 X27.103 Y135.111 E143.98646
G1 X25.873 Y138.160 E150.64452
G1 X23.890 Y140.782 E157.30244
G1 X21.293 Y142.797 E163.96047
G1 X18.259 Y144.064 E170.61856
G1 X15.163 Y144.475 E176.94251
G1 X-15.163 Y144.475 E238.35999
G1 X-18.259 Y144.064 E244.68392
G1 X-21.293 Y142.797 E251.34200
G1 X-23.890 Y140.782 E258.00006
G1 X-25.873 Y138.160 E264.65797
G1 X-27.103 Y135.111 E271.31601
G1 X-27.496 Y131.847 E277.97385
G1 X-27.047 Y128.757 E284.29787
G1 X-18.459 Y98.445 E348.10098
G1 X-17.250 Y95.629 E354.30779
G1 X-15.260 Y93.089 E360.84236
G1 X-12.686 Y91.143 E367.37690
G1 X-10.324 Y90.176 E372.54440
G1 X-9.700 Y89.921 F7800.000
G1 X-10.954 Y86.181 F7800.000
G1 F1800
G1 X-10.035 Y85.872 E374.50799
G1 X-6.366 Y85.475 E381.98134
G1 X6.366 Y85.475 E407.76735
G1 X10.035 Y85.872 E415.24073
G1 X13.406 Y87.003 E422.44183
G1 X16.457 Y88.830 E429.64295
G1 X19.046 Y91.267 E436.84403
G1 X21.053 Y94.202 E444.04516
G1 X22.436 Y97.624 E451.51853
G1 X30.865 Y127.373 E514.13742
G1 X31.470 Y130.831 E521.24633
G1 X31.363 Y134.211 E528.09647
G1 X30.569 Y137.499 E534.94654
G1 X29.122 Y140.556 E541.79669
G1 X27.082 Y143.255 E548.64677
G1 X24.535 Y145.480 E555.49697
G1 X21.588 Y147.141 E562.34697
G1 X18.365 Y148.165 E569.19713
G1 X14.873 Y148.525 E576.30602
G1 X-14.873 Y148.525 E636.54665
G1 X-18.365 Y148.165 E643.65552
G1 X-21.588 Y147.141 E650.50568
G1 X-24.535 Y145.480 E657.35570
G1 X-27.082 Y143.255 E664.20587
G1 X-29.122 Y140.556 E671.05596
G1 X-30.569 Y137.499 E677.90612
G1 X-31.363 Y134.211 E684.75618
G1 X-31.470 Y130.831 E691.60632
G1 X-30.865 Y127.373 E698.71522
G1 X-22.436 Y97.624 E761.33413
G1 X-21.053 Y94.202 E768.80750
G1 X-19.046 Y91.267 E776.00861
G1 X-16.457 Y88.830 E783.20972
G1 X-13.406 Y87.003 E790.41081
G1 X-11.594 Y86.395 E794.28134
G1 X-10.202 Y86.792 F7800.000
G1 E792.28134 F2400.00000
G92 E0
G1 X-55.033 Y76.614 F7800.000
G1 E2.00000 F2400.00000
G1 F1800
G1 X-55.422 Y79.817 E8.53456
G1 X-56.559 Y82.663 E14.74139
G1 X-71.933 Y110.194 E78.59987
G1 X-74.174 Y113.063 E85.97322
G1 X-77.339 Y115.227 E93.73757
G1 X-81.011 Y116.330 E101.50201
G1 X-84.844 Y116.269 E109.26640
G1 X-88.479 Y115.050 E117.03068
G1 X-91.418 Y112.901 E124.40405
G1 X-112.901 Y91.418 E185.93249
G1 X-115.050 Y88.479 E193.30581
G1 X-116.269 Y84.844 E201.07018
G1 X-116.330 Y81.011 E208.83449
G1 X-115.227 Y77.339 E216.59900
G1 X-113.063 Y74.174 E224.36336
G1 X-110.194 Y71.933 E231.73670
G1 X-82.663 Y56.559 E295.59516
G1 X-79.817 Y55.422 E301.80204
G1 X-76.614 Y55.033 E308.33655
G1 X-73.418 Y55.477 E314.87111
G1 X-70.442 Y56.725 E321.40569
G1 X-68.013 Y58.594 E327.61260
G1 X-58.594 Y68.013 E354.58978
G1 X-56.725 Y70.442 E360.79666
G1 X-55.477 Y73.418 E367.33116
G1 X-55.126 Y75.945 E372.49878
G1 X-52.225 Y78.203 F7800.000
G1 X-51.114 Y76.496 F7800.000
G1 F1800
G1 X-51.068 Y78.003 E375.55339
G1 X-51.724 Y81.498 E382.75440
G1 X-53.166 Y84.895 E390.22775
G1 X-68.242 Y111.891 E452.84683
G1 X-70.258 Y114.764 E459.95553
G1 X-72.725 Y117.079 E466.80569
G1 X-75.611 Y118.842 E473.65585
G1 X-78.796 Y119.981 E480.50597
G1 X-82.146 Y120.446 E487.35610
G1 X-85.521 Y120.219 E494.20618
G1 X-88.779 Y119.309 E501.05629
G1 X-91.783 Y117.755 E507.90646
G1 X-94.506 Y115.540 E515.01534
G1 X-115.540 Y94.506 E575.25595
G1 X-117.755 Y91.783 E582.36481
G1 X-119.309 Y88.779 E589.21495
G1 X-120.219 Y85.521 E596.06506
G1 X-120.446 Y82.146 E602.91517
G1 X-119.981 Y78.796 E609.76525
G1 X-118.842 Y75.611 E616.61539
G1 X-117.079 Y72.725 E623.46557
G1 X-114.764 Y70.258 E630.31568
G1 X-111.891 Y68.242 E637.42447
G1 X-84.895 Y53.166 E700.04347
G1 X-81.498 Y51.724 E707.51683
G1 X-78.003 Y51.068 E714.71792
G1 X-74.449 Y51.175 E721.91906
G1 X-71.000 Y52.041 E729.12017
G1 X-67.817 Y53.625 E736.32123
G1 X-64.942 Y55.938 E743.79462
G1 X-55.938 Y64.942 E769.58065
G1 X-53.625 Y67.817 E777.05400
G1 X-52.041 Y71.000 E784.25508
G1 X-51.175 Y74.449 E791.45625
G1 X-51.134 Y75.821 E794.23578
G1 X-52.359 Y77.347 F7800.000
G1 E792.23578 F2400.00000
G92 E0
G1 X75.297 Y55.216 F7800.000
G1 E2.00000 F2400.00000
G1 F1800
G1 X76.614 Y55.033 E4.69210
G1 X79.817 Y55.422 E11.22663
G1 X82.663 Y56.559 E17.43345
G1 X110.194 Y71.933 E81.29194
G1 X113.063 Y74.174 E88.66527
G1 X115.227 Y77.339 E96.42963
G1 X116.330 Y81.011 E104.19413
G1 X116.269 Y84.844 E111.95840
G1 X115.050 Y88.479 E119.72277
G1 X112.901 Y91.418 E127.09613
G1 X91.418 Y112.901 E188.62453
G1 X88.479 Y115.050 E195.99788
G1 X84.844 Y116.269 E203.76225
G1 X81.011 Y116.330 E211.52653
G1 X77.339 Y115.227 E219.29102
G1 X74.174 Y113.063 E227.05538
G1 X71.933 Y110.194 E234.42871
G1 X56.559 Y82.663 E298.28720
G1 X55.422 Y79.817 E304.49402
G1 X55.033 Y76.614 E311.02855
G1 X55.477 Y73.418 E317.56317
G1 X56.725 Y70.442 E324.09773
G1 X58.594 Y68.013 E330.30464
G1 X68.013 Y58.594 E357.28177
G1 X70.442 Y56.725 E363.48868
G1 X73.418 Y55.477 E370.02324
G1 X74.629 Y55.309 E372.49876
G1 X75.729 Y53.959 F7800.000
G1 X75.175 Y51.153 F7800.000
G1 F1800
G1 X78.003 Y51.068 E378.22973
G1 X81.498 Y51.724 E385.43077
G1 X84.895 Y53.166 E392.90410
G1 X111.891 Y68.242 E455.52316
G1 X114.764 Y70.258 E462.63188
G1 X117.079 Y72.725 E469.48205
G1 X118.842 Y75.611 E476.33223
G1 X119.981 Y78.796 E483.18234
G1 X120.446 Y82.146 E490.03246
G1 X120.219 Y85.521 E496.88255
G1 X119.309 Y88.779 E503.73265
G1 X117.755 Y91.783 E510.58280
G1 X115.540 Y94.506 E517.69167
G1 X94.506 Y115.540 E577.93229
G1 X91.783 Y117.755 E585.04116
G1 X88.779 Y119.309 E591.89131
G1 X85.521 Y120.219 E598.74140
G1 X82.146 Y120.446 E605.59150
G1 X78.796 Y119.981 E612.44162
G1 X75.611 Y118.842 E619.29173
G1 X72.725 Y117.079 E626.14191
G1 X70.258 Y114.764 E632.99208
G1 X68.242 Y111.891 E640.10080
G1 X53.166 Y84.895 E702.71986
G1 X51.724 Y81.498 E710.19319
G1 X51.068 Y78.003 E717.39423
G1 X51.175 Y74.449 E724.59535
G1 X52.041 Y71.000 E731.79652
G1 X53.625 Y67.817 E738.99759
G1 X55.938 Y64.942 E746.47096
G1 X64.942 Y55.938 E772.25699
G1 X67.817 Y53.625 E779.73036
G1 X71.000 Y52.041 E786.93143
G1 X74.500 Y51.174 E794.23339
G1 X76.804 Y53.467 F7800.000
G1 E792.23339 F2400.00000
G92 E0
G1 X22.475 Y70.475 F7800.000
G1 E2.00000 F2400.00000
G1 F1800
G1 X-22.475 Y70.475 E93.03185
G1 X-22.475 Y58.160 E117.97143
G1 X-30.813 Y54.359 E136.53010
G1 X-39.848 Y48.130 E158.75412
G1 X-47.653 Y40.416 E180.97814
G1 X-53.989 Y31.456 E203.20216
G1 X-58.660 Y21.526 E225.42617
G1 X-61.521 Y10.931 E247.65020
G1 X-62.485 Y-0.000 E269.87425
G1 X-61.521 Y-10.931 E292.09827
G1 X-58.660 Y-21.526 E314.32230
G1 X-53.989 Y-31.456 E336.54631
G1 X-47.653 Y-40.416 E358.77034
G1 X-39.848 Y-48.130 E380.99436
G1 X-30.813 Y-54.359 E403.21837
G1 X-22.475 Y-58.160 E421.77706
G1 X-22.475 Y-70.475 E446.71665
G1 X22.475 Y-70.475 E537.74850
G1 X22.475 Y-58.160 E562.68809
G1 X30.813 Y-54.359 E581.24681
G1 X39.848 Y-48.130 E603.47082
G1 X47.653 Y-40.416 E625.69485
G1 X53.989 Y-31.456 E647.91886
G1 X58.660 Y-21.526 E670.14287
G1 X61.521 Y-10.931 E692.36692
G1 X62.485 Y-0.000 E714.59093
G1 X61.521 Y10.931 E736.81496
G1 X58.660 Y21.526 E759.03901
G1 X53.989 Y31.456 E781.26302
G1 X47.653 Y40.416 E803.48705
G1 X39.848 Y48.130 E825.71106
G1 X30.813 Y54.359 E847.93507
G1 X22.475 Y58.160 E866.49378
G1 X22.475 Y69.800 E890.06635
G1 X21.762 Y74.918 F7800.000
G1 X26.525 Y74.525 F7800.000
G1 F1800
G1 X-26.525 Y74.525 E997.50218
G1 X-26.525 Y61.167 E1024.55506
G1 X-37.349 Y55.041 E1049.74284
G1 X-45.759 Y48.276 E1071.59994
G1 X-52.964 Y40.241 E1093.45701
G1 X-58.774 Y31.146 E1115.31406
G1 X-63.038 Y21.231 E1137.17116
G1 X-65.641 Y10.757 E1159.02824
G1 X-66.517 Y-0.000 E1180.88534
G1 X-65.641 Y-10.757 E1202.74240
G1 X-63.038 Y-21.231 E1224.59949
G1 X-58.774 Y-31.146 E1246.45661
G1 X-52.964 Y-40.241 E1268.31364
G1 X-45.759 Y-48.276 E1290.17073
G1 X-37.349 Y-55.041 E1312.02782
G1 X-26.525 Y-61.167 E1337.21559
G1 X-26.525 Y-74.525 E1364.26852
G1 X26.525 Y-74.525 E1471.70435
G1 X26.525 Y-61.167 E1498.75728
G1 X37.349 Y-55.041 E1523.94507
G1 X45.759 Y-48.276 E1545.80214
G1 X52.964 Y-40.241 E1567.65926
G1 X58.774 Y-31.146 E1589.51630
G1 X63.038 Y-21.231 E1611.37341
G1 X65.641 Y-10.757 E1633.23049
G1 X66.517 Y-0.000 E1655.08755
G1 X65.641 Y10.757 E1676.94465
G1 X63.038 Y21.231 E1698.80173
G1 X58.774 Y31.146 E1720.65881
G1 X52.964 Y40.241 E1742.51588
G1 X45.759 Y48.276 E1764.37298
G1 X37.349 Y55.041 E1786.23005
G1 X26.525 Y61.167 E1811.41786
G1 X26.525 Y73.850 E1837.10374
G1 X23.062 Y71.651 F7800.000
G1 E1835.10374 F2400.00000
G92 E0
G1 X93.089 Y-15.260 F7800.000
G1 E2.00000 F2400.00000
G1 F1800
G1 X95.629 Y-17.250 E8.53457
G1 X98.445 Y-18.459 E14.74138
G1 X128.757 Y-27.047 E78.54449
G1 X131.847 Y-27.496 E84.86850
G1 X135.111 Y-27.103 E91.52634
G1 X138.160 Y-25.873 E98.18439
G1 X140.782 Y-23.890 E104.84230
G1 X142.797 Y-21.293 E111.50036
G1 X144.064 Y-18.259 E118.15844
G1 X144.475 Y-15.163 E124.48237
G1 X144.475 Y15.163 E185.89985
G1 X144.064 Y18.259 E192.22378
G1 X142.797 Y21.293 E198.88193
G1 X140.782 Y23.890 E205.53992
G1 X138.160 Y25.873 E212.19783
G1 X135.111 Y27.103 E218.85589
G1 X131.847 Y27.496 E225.51375
G1 X128.757 Y27.047 E231.83777
G1 X98.445 Y18.459 E295.64085
G1 X95.629 Y17.250 E301.84764
G1 X93.089 Y15.260 E308.38223
G1 X91.143 Y12.686 E314.91678
G1 X89.921 Y9.700 E321.45131
G1 X89.525 Y6.660 E327.65820
G1 X89.525 Y-6.660 E354.63545
G1 X89.921 Y-9.700 E360.84234
G1 X91.143 Y-12.686 E367.37687
G1 X92.682 Y-14.721 E372.54440
G1 X92.283 Y-18.384 F7800.000
G1 X90.233 Y-17.948 F7800.000
G1 F1800
G1 X91.267 Y-19.046 E375.59895
G1 X94.202 Y-21.053 E382.80006
G1 X97.624 Y-22.436 E390.27343
G1 X127.373 Y-30.865 E452.89234
G1 X130.830 Y-31.470 E460.00123
G1 X134.211 Y-31.363 E466.85139
G1 X137.499 Y-30.569 E473.70144
G1 X140.556 Y-29.122 E480.55160
G1 X143.255 Y-27.082 E487.40169
G1 X145.480 Y-24.535 E494.25187
G1 X147.141 Y-21.588 E501.10189
G1 X148.165 Y-18.365 E507.95205
G1 X148.525 Y-14.873 E515.06091
G1 X148.525 Y14.873 E575.30154
G1 X148.165 Y18.365 E582.41044
G1 X147.141 Y21.588 E589.26059
G1 X145.480 Y24.535 E596.11059
G1 X143.255 Y27.082 E602.96079
G1 X140.556 Y29.122 E609.81087
G1 X137.499 Y30.569 E616.66103
G1 X135.439 Y31.067 E620.95305
G1 X134.211 Y31.363 E623.51109
G1 X130.831 Y31.470 E630.36123
G1 X127.373 Y30.865 E637.47014
G1 X97.624 Y22.436 E700.08904
G1 X94.202 Y21.053 E707.56240
G1 X91.267 Y19.046 E714.76353
G1 X88.830 Y16.457 E721.96461
G1 X87.003 Y13.406 E729.16573
G1 X85.872 Y10.035 E736.36686
G1 X85.475 Y6.366 E743.84020
G1 X85.475 Y-6.366 E769.62622
G1 X85.872 Y-10.035 E777.09957
G1 X87.003 Y-13.406 E784.30069
G1 X88.830 Y-16.457 E791.50178
G1 X89.771 Y-17.456 E794.28134
G1 X91.716 Y-17.669 F7800.000
G1 E792.28134 F2400.00000
G92 E0
G1 X-93.089 Y15.260 F7800.000
G1 E2.00000 F2400.00000
G1 F1800
G1 X-95.629 Y17.250 E8.53455
G1 X-98.445 Y18.459 E14.74138
G1 X-128.757 Y27.047 E78.54445
G1 X-131.847 Y27.496 E84.86850
G1 X-135.111 Y27.103 E91.52633
G1 X-138.160 Y25.873 E98.18435
G1 X-140.782 Y23.890 E104.84231
G1 X-142.797 Y21.293 E111.50028
G1 X-144.064 Y18.259 E118.15837
G1 X-144.475 Y15.163 E124.48235
G1 X-144.475 Y-15.163 E185.89985
G1 X-144.064 Y-18.259 E192.22380
G1 X-142.797 Y-21.293 E198.88189
G1 X-140.782 Y-23.890 E205.53989
G1 X-138.160 Y-25.873 E212.19784
G1 X-135.111 Y-27.103 E218.85585
G1 X-131.847 Y-27.496 E225.51366
G1 X-128.757 Y-27.047 E231.83770
G1 X-98.445 Y-18.459 E295.64080
G1 X-95.629 Y-17.250 E301.84765
G1 X-93.089 Y-15.260 E308.38218
G1 X-91.143 Y-12.686 E314.91677
G1 X-89.921 Y-9.700 E321.45130
G1 X-89.525 Y-6.660 E327.65818
G1 X-89.525 Y6.660 E354.63539
G1 X-89.921 Y9.700 E360.84226
G1 X-91.143 Y12.686 E367.37682
G1 X-92.682 Y14.721 E372.54442
G1 X-92.227 Y18.369 F7800.000
G1 X-90.233 Y17.948 F7800.000
G1 F1800
G1 X-91.267 Y19.046 E375.59890
G1 X-94.202 Y21.053 E382.80004
G1 X-97.624 Y22.436 E390.27338
G1 X-127.373 Y30.865 E452.89224
G1 X-130.831 Y31.470 E460.00121
G1 X-134.211 Y31.363 E466.85134
G1 X-137.499 Y30.569 E473.70143
G1 X-140.556 Y29.122 E480.55155
G1 X-143.255 Y27.082 E487.40168
G1 X-145.481 Y24.535 E494.25185
G1 X-147.141 Y21.588 E501.10186
G1 X-148.165 Y18.365 E507.95202
G1 X-148.525 Y14.873 E515.06092
G1 X-148.525 Y-14.873 E575.30153
G1 X-148.165 Y-18.365 E582.41040
G1 X-147.141 Y-21.588 E589.26056
G1 X-145.481 Y-24.535 E596.11060
G1 X-143.255 Y-27.082 E602.96074
G1 X-140.556 Y-29.122 E609.81088
G1 X-137.499 Y-30.569 E616.66101
G1 X-134.211 Y-31.363 E623.51109
G1 X-130.831 Y-31.470 E630.36122
G1 X-127.373 Y-30.865 E637.47018
G1 X-97.624 Y-22.436 E700.08905
G1 X-94.202 Y-21.053 E707.56241
G1 X-91.267 Y-19.046 E714.76351
G1 X-88.830 Y-16.457 E721.96464
G1 X-87.003 Y-13.406 E729.16573
G1 X-85.872 Y-10.035 E736.36682
G1 X-85.475 Y-6.366 E743.84018
G1 X-85.475 Y6.366 E769.62621
G1 X-85.872 Y10.035 E777.09957
G1 X-87.003 Y13.406 E784.30066
G1 X-88.830 Y16.457 E791.50179
G1 X-89.771 Y17.456 E794.28140
G1 X-90.411 Y17.915 F7800.000
G1 E792.28140 F2400.00000
G92 E0
G1 X55.033 Y-76.614 F7800.000
G1 E2.00000 F2400.00000
G1 F1800
G1 X55.422 Y-79.817 E8.53452
G1 X56.559 Y-82.663 E14.74140
G1 X71.933 Y-110.194 E78.59986
G1 X74.174 Y-113.063 E85.97320
G1 X77.339 Y-115.227 E93.73756
G1 X81.011 Y-116.330 E101.50207
G1 X84.844 Y-116.269 E109.26637
G1 X88.479 Y-115.050 E117.03074
G1 X91.418 Y-112.901 E124.40406
G1 X112.901 Y-91.418 E185.93250
G1 X115.050 Y-88.479 E193.30588
G1 X116.269 Y-84.844 E201.07016
G1 X116.330 Y-81.011 E208.83455
G1 X115.227 Y-77.339 E216.59898
G1 X113.063 Y-74.174 E224.36334
G1 X110.194 Y-71.933 E231.73669
G1 X82.663 Y-56.559 E295.59517
G1 X79.817 Y-55.422 E301.80199
G1 X76.614 Y-55.033 E308.33655
G1 X73.418 Y-55.477 E314.87117
G1 X70.442 Y-56.725 E321.40568
G1 X68.013 Y-58.594 E327.61255
G1 X58.594 Y-68.013 E354.58974
G1 X56.725 Y-70.442 E360.79665
G1 X55.477 Y-73.418 E367.33124
G1 X55.126 Y-75.945 E372.49878
G1 X52.225 Y-78.203 F7800.000
G1 X51.114 Y-76.496 F7800.000
G1 F1800
G1 X51.068 Y-78.003 E375.55328
G1 X51.724 Y-81.498 E382.75437
G1 X53.166 Y-84.895 E390.22773
G1 X68.242 Y-111.891 E452.84673
G1 X70.258 Y-114.764 E459.95552
G1 X72.725 Y-117.079 E466.80563
G1 X75.611 Y-118.842 E473.65581
G1 X78.796 Y-119.981 E480.50595
G1 X82.146 Y-120.446 E487.35604
G1 X85.521 Y-120.219 E494.20615
G1 X88.779 Y-119.309 E501.05626
G1 X91.783 Y-117.755 E507.90640
G1 X94.506 Y-115.540 E515.01525
G1 X115.540 Y-94.506 E575.25587
G1 X117.755 Y-91.783 E582.36474
G1 X119.309 Y-88.779 E589.21491
G1 X120.219 Y-85.521 E596.06503
G1 X120.446 Y-82.146 E602.91510
G1 X119.981 Y-78.796 E609.76523
G1 X118.842 Y-75.611 E616.61536
G1 X117.079 Y-72.725 E623.46551
G1 X114.764 Y-70.258 E630.31568
G1 X111.891 Y-68.242 E637.42438
G1 X84.895 Y-53.166 E700.04346
G1 X81.498 Y-51.724 E707.51680
G1 X78.003 Y-51.068 E714.71782
G1 X74.449 Y-51.175 E721.91895
G1 X71.000 Y-52.041 E729.12012
G1 X67.817 Y-53.625 E736.32120
G1 X64.942 Y-55.938 E743.79455
G1 X55.938 Y-64.942 E769.58058
G1 X53.625 Y-67.817 E777.05397
G1 X52.041 Y-71.000 E784.25504
G1 X51.175 Y-74.449 E791.45615
G1 X51.134 Y-75.821 E794.23579
G1 X52.359 Y-77.347 F7800.000
G1 E792.23579 F2400.00000
G92 E0
G1 X-76.614 Y-55.033 F7800.000
G1 E2.00000 F2400.00000
G1 F1800
G1 X-79.817 Y-55.422 E8.53455
G1 X-82.663 Y-56.559 E14.74143
G1 X-110.194 Y-71.933 E78.59989
G1 X-113.063 Y-74.174 E85.97324
G1 X-115.227 Y-77.339 E93.73760
G1 X-116.330 Y-81.011 E101.50205
G1 X-116.269 Y-84.844 E109.26647
G1 X-115.050 Y-88.479 E117.03076
G1 X-112.901 Y-91.418 E124.40409
G1 X-91.418 Y-112.901 E185.93257
G1 X-88.479 Y-115.050 E193.30590
G1 X-84.844 Y-116.269 E201.07019
G1 X-81.011 Y-116.330 E208.83462
G1 X-77.339 Y-115.227 E216.59906
G1 X-74.174 Y-113.063 E224.36342
G1 X-71.933 Y-110.194 E231.73677
G1 X-56.559 Y-82.663 E295.59523
G1 X-55.422 Y-79.817 E301.80210
G1 X-55.033 Y-76.614 E308.33666
G1 X-55.477 Y-73.418 E314.87121
G1 X-56.725 Y-70.442 E321.40574
G1 X-58.594 Y-68.013 E327.61261
G1 X-68.013 Y-58.594 E354.58984
G1 X-70.442 Y-56.725 E360.79671
G1 X-73.418 Y-55.477 E367.33127
G1 X-75.945 Y-55.126 E372.49881
G1 X-78.256 Y-52.256 F7800.000
G1 X-76.496 Y-51.114 F7800.000
G1 F1800
G1 X-78.003 Y-51.068 E375.55338
G1 X-81.498 Y-51.724 E382.75445
G1 X-84.895 Y-53.166 E390.22782
G1 X-111.891 Y-68.242 E452.84684
G1 X-114.764 Y-70.258 E459.95561
G1 X-117.079 Y-72.725 E466.80572
G1 X-118.842 Y-75.611 E473.65588
G1 X-119.981 Y-78.796 E480.50604
G1 X-120.446 Y-82.146 E487.35612
G1 X-120.219 Y-85.521 E494.20622
G1 X-119.309 Y-88.779 E501.05635
G1 X-117.755 Y-91.783 E507.90650
G1 X-115.540 Y-94.506 E515.01537
G1 X-94.506 Y-115.540 E575.25597
G1 X-91.783 Y-117.755 E582.36484
G1 X-88.779 Y-119.309 E589.21499
G1 X-85.521 Y-120.219 E596.06512
G1 X-82.146 Y-120.446 E602.91522
G1 X-78.796 Y-119.981 E609.76530
G1 X-75.611 Y-118.842 E616.61546
G1 X-72.725 Y-117.079 E623.46562
G1 X-70.258 Y-114.764 E630.31573
G1 X-68.242 Y-111.891 E637.42450
G1 X-53.166 Y-84.895 E700.04352
G1 X-51.724 Y-81.498 E707.51689
G1 X-51.068 Y-78.003 E714.71796
G1 X-51.175 Y-74.449 E721.91910
G1 X-52.041 Y-71.000 E729.12021
G1 X-53.625 Y-67.817 E736.32129
G1 X-55.938 Y-64.942 E743.79467
G1 X-64.942 Y-55.938 E769.58068
G1 X-67.817 Y-53.625 E777.05406
G1 X-71.000 Y-52.041 E784.25514
G1 X-74.449 Y-51.175 E791.45625
G1 X-75.821 Y-51.134 E794.23582
G1 X-77.347 Y-52.359 F7800.000
G1 E792.23582 F2400.00000
G92 E0
G1 X-17.250 Y-95.629 F7800.000
G1 E2.00000 F2400.00000
G1 F1800
G1 X-18.459 Y-98.445 E8.20685
G1 X-27.047 Y-128.757 E72.00995
G1 X-27.496 Y-131.847 E78.33399
G1 X-27.103 Y-135.111 E84.99180
G1 X-25.873 Y-138.160 E91.64982
G1 X-23.890 Y-140.782 E98.30776
G1 X-21.293 Y-142.797 E104.96577
G1 X-18.259 Y-144.064 E111.62385
G1 X-15.163 Y-144.475 E117.94780
G1 X15.163 Y-144.475 E179.36530
G1 X18.259 Y-144.064 E185.68929
G1 X21.293 Y-142.797 E192.34737
G1 X23.890 Y-140.782 E199.00535
G1 X25.873 Y-138.160 E205.66330
G1 X27.103 Y-135.111 E212.32133
G1 X27.496 Y-131.847 E218.97916
G1 X27.047 Y-128.757 E225.30320
G1 X18.459 Y-98.445 E289.10627
G1 X17.250 Y-95.629 E295.31311
G1 X15.260 Y-93.089 E301.84765
G1 X12.686 Y-91.143 E308.38224
G1 X9.700 Y-89.921 E314.91680
G1 X6.660 Y-89.525 E321.12368
G1 X-6.660 Y-89.525 E348.10088
G1 X-9.700 Y-89.921 E354.30777
G1 X-12.686 Y-91.143 E360.84230
G1 X-15.260 Y-93.089 E367.37689
G1 X-16.833 Y-95.097 E372.54442
G1 X-17.250 Y-95.629 F7800.000
G1 X-20.506 Y-93.402 F7800.000
G1 F1800
G1 X-21.053 Y-94.202 E374.50787
G1 X-22.436 Y-97.624 E381.98122
G1 X-30.864 Y-127.373 E444.60009
G1 X-31.470 Y-130.831 E451.70906
G1 X-31.363 Y-134.211 E458.55919
G1 X-30.569 Y-137.499 E465.40927
G1 X-29.122 Y-140.556 E472.25939
G1 X-27.082 Y-143.255 E479.10954
G1 X-24.535 Y-145.481 E485.95968
G1 X-21.588 Y-147.141 E492.80971
G1 X-18.365 Y-148.165 E499.65987
G1 X-14.873 Y-148.525 E506.76874
G1 X14.873 Y-148.525 E567.00935
G1 X18.365 Y-148.165 E574.11826
G1 X21.588 Y-147.141 E580.96841
G1 X24.535 Y-145.481 E587.81843
G1 X27.082 Y-143.255 E594.66859
G1 X29.122 Y-140.556 E601.51873
G1 X30.569 Y-137.499 E608.36884
G1 X31.363 Y-134.211 E615.21893
G1 X31.470 Y-130.831 E622.06906
G1 X30.865 Y-127.373 E629.17803
G1 X22.436 Y-97.624 E691.79689
G1 X21.053 Y-94.202 E699.27023
G1 X19.046 Y-91.267 E706.47136
G1 X16.457 Y-88.830 E713.67247
G1 X13.406 Y-87.003 E720.87359
G1 X10.035 Y-85.872 E728.07468
G1 X6.366 Y-85.475 E735.54804
G1 X-6.366 Y-85.475 E761.33407
G1 X-10.035 Y-85.872 E768.80743
G1 X-13.406 Y-87.003 E776.00851
G1 X-16.457 Y-88.830 E783.20961
G1 X-19.046 Y-91.267 E790.41074
G1 X-20.125 Y-92.845 E794.28140
G1 X-20.123 Y-94.293 F7800.000
G1 E792.28140 F2400.00000
G92 E0
G1 X23.155 Y-167.376 F7800.000
G1 E2.00000 F2400.00000
G1 F1200
G1 X16.742 Y-173.715 E2.34759
G1 E0.34759 F2400.00000
G92 E0
G1 X51.760 Y-160.847 F7800.000
G1 E2.00000 F2400.00000
G1 F1200
G1 X60.288 Y-163.776 E2.55593
G1 E0.55593 F2400.00000
G92 E0
G1 X146.255 Y-95.220 F7800.000
G1 E2.00000 F2400.00000
G1 F1200
G1 X145.297 Y-86.254 E2.55619
G1 E0.55619 F2400.00000
G92 E0
G1 X158.027 Y-59.819 F7800.000
G1 E2.00000 F2400.00000
G1 F1200
G1 X165.634 Y-54.978 E2.55589
G1 E0.55589 F2400.00000
G92 E0
G1 X165.634 Y54.978 F7800.000
G1 E2.00000 F2400.00000
G1 F1200
G1 X158.027 Y59.819 E2.55607
G1 E0.55607 F2400.00000
G92 E0
G1 X145.297 Y86.254 F7800.000
G1 E2.00000 F2400.00000
G1 F1200
G1 X146.255 Y95.220 E2.55608
G1 E0.55608 F2400.00000
G92 E0
G1 X60.288 Y163.776 F7800.000
G1 E2.00000 F2400.00000
G1 F1200
G1 X51.760 Y160.847 E2.55601
G1 E0.55601 F2400.00000
G92 E0
G1 X23.155 Y167.376 F7800.000
G1 E2.00000 F2400.00000
G1 F1200
G1 X16.742 Y173.715 E2.34753
G1 E0.34753 F2400.00000
G92 E0
G1 X-90.457 Y149.248 F7800.000
G1 E2.00000 F2400.00000
G1 F1200
G1 X-93.484 Y140.754 E2.55616
G1 E0.55616 F2400.00000
G92 E0
G1 X-116.423 Y122.461 F7800.000
G1 E2.00000 F2400.00000
G1 F1200
G1 X-125.377 Y121.400 E2.34771
G1 E0.34771 F2400.00000
G92 E0
G1 X-173.085 Y22.333 F7800.000
G1 E2.00000 F2400.00000
G1 F1200
G1 X-168.332 Y14.670 E2.55624
G1 E0.55624 F2400.00000
G92 E0
G1 X-168.332 Y-14.670 F7800.000
G1 E2.00000 F2400.00000
G1 F1200
G1 X-173.085 Y-22.333 E2.55624
G1 E0.55624 F2400.00000
G92 E0
G1 X-125.377 Y-121.399 F7800.000
G1 E2.00000 F2400.00000
G1 F1200
G1 X-116.423 Y-122.461 E2.34770
G1 E0.34770 F2400.00000
G92 E0
G1 X-93.484 Y-140.754 F7800.000
G1 E2.00000 F2400.00000
G1 F1200
G1 X-90.457 Y-149.248 E2.55613
G1 Z8.400 F7800.000
G1 E0.55613 F2400.00000
G92 E0
G1 X-29.302 Y-158.335 F7800.000
G1 E2.00000 F2400.00000
G1 F1800
G1 X-7.245 Y-161.322 E47.06495
G1 X21.677 Y-160.024 E105.68021
G1 X49.902 Y-153.581 E164.29540
G1 X76.523 Y-142.203 E222.91069
G1 X100.684 Y-126.254 E281.52587
G1 X121.610 Y-106.247 E340.14111
G1 X138.627 Y-82.826 E398.75642
G1 X151.188 Y-56.742 E457.37159
G1 X158.890 Y-28.834 E515.98689
G1 X161.485 Y-0.000 E574.60208
G1 X158.890 Y28.834 E633.21731
G1 X151.188 Y56.742 E691.83258
G1 X138.627 Y82.826 E750.44777
G1 X121.610 Y106.247 E809.06309
G1 X100.684 Y126.254 E867.67833
G1 X76.523 Y142.203 E926.29351
G1 X49.902 Y153.581 E984.90879
G1 X21.677 Y160.024 E1043.52399
G1 X-7.245 Y161.322 E1102.13925
G1 X-35.934 Y157.436 E1160.75447
G1 X-63.468 Y148.490 E1219.36973
G1 X-71.446 Y144.197 E1237.71249
G1 X-88.962 Y134.771 E1277.98495
G1 X-111.596 Y116.721 E1336.60018
G1 X-130.644 Y94.919 E1395.21537
G1 X-145.493 Y70.066 E1453.83072
G1 X-155.666 Y42.961 E1512.44590
G1 X-160.835 Y14.475 E1571.06111
G1 X-160.835 Y-14.475 E1629.67636
G1 X-155.666 Y-42.961 E1688.29154
G1 X-145.493 Y-70.066 E1746.90674
G1 X-130.644 Y-94.919 E1805.52207
G1 X-111.596 Y-116.721 E1864.13727
G1 X-88.962 Y-134.771 E1922.75249
G1 X-63.468 Y-148.490 E1981.36774
G1 X-35.934 Y-157.436 E2039.98298
G1 X-29.971 Y-158.244 E2052.16662
G1 X-28.512 Y-160.566 F7800.000
G1 X-26.764 Y-163.527 F7800.000
G1 F3600
G1 X-26.009 Y-166.145 E2058.95948
G1 X-23.856 Y-181.094 E2096.61252
G1 X-21.333 Y-189.337 E2118.10376
G1 X-17.039 Y-181.862 E2139.59488
G1 X-11.613 Y-167.767 E2177.24782
G1 X-10.488 Y-165.731 E2183.04627
G1 X-26.095 Y-163.617 E2222.31166
G1 X-46.838 Y-158.945 F7800.000
G1 F3600
G1 X-62.459 Y-153.869 E2263.26007
G1 X-62.328 Y-156.192 E2269.05829
G1 X-63.555 Y-171.245 E2306.71153
G1 X-62.930 Y-179.842 E2328.20263
G1 X-57.080 Y-173.510 E2349.69381
G1 X-48.654 Y-160.976 E2387.34698
G1 X-47.288 Y-159.448 E2392.45698
G1 X-80.997 Y-144.513 F7800.000
G1 F3600
G1 X-91.619 Y-138.797 E2422.52851
G1 X-94.835 Y-136.232 E2432.78390
G1 X-100.067 Y-152.809 E2476.12038
G1 X-101.370 Y-161.330 E2497.61160
G1 X-94.259 Y-156.458 E2519.10275
G1 X-83.255 Y-146.114 E2556.75551
G1 X-81.548 Y-144.903 E2561.97243
G1 X-111.714 Y-122.772 F7800.000
G1 F3600
G1 X-114.930 Y-120.207 E2572.22779
G1 X-122.866 Y-111.124 E2602.29916
G1 X-123.925 Y-113.681 E2609.19868
G1 X-131.561 Y-126.711 E2646.85157
G1 X-134.728 Y-134.728 E2668.34293
G1 X-126.711 Y-131.561 E2689.83429
G1 X-112.296 Y-123.113 E2731.48792
G1 X-136.113 Y-95.132 F7800.000
G1 F3600
G1 X-144.538 Y-81.032 E2772.43613
G1 X-146.114 Y-83.255 E2779.22914
G1 X-156.458 Y-94.259 E2816.88190
G1 X-161.330 Y-101.370 E2838.37305
G1 X-152.809 Y-100.067 E2859.86427
G1 X-138.406 Y-95.521 E2897.51731
G1 X-136.779 Y-95.245 E2901.63270
G1 X-153.471 Y-62.481 F7800.000
G1 F3600
G1 X-159.242 Y-47.104 E2942.58101
G1 X-160.976 Y-48.654 E2948.37919
G1 X-173.510 Y-57.080 E2986.03235
G1 X-179.842 Y-62.930 E3007.52353
G1 X-171.245 Y-63.555 E3029.01463
G1 X-156.192 Y-62.328 E3066.66788
G1 X-154.145 Y-62.443 E3071.77769
G1 X-163.486 Y-26.776 F7800.000
G1 F3600
G1 X-165.639 Y-14.908 E3101.84919
G1 X-165.639 Y-10.794 E3112.10459
G1 X-181.862 Y-17.039 E3155.44119
G1 X-189.337 Y-21.333 E3176.93231
G1 X-181.094 Y-23.856 E3198.42355
G1 X-166.145 Y-26.009 E3236.07659
G1 X-164.134 Y-26.589 E3241.29317
G1 X-165.639 Y10.794 F7800.000
G1 F3600
G1 X-165.639 Y14.908 E3251.54857
G1 X-163.486 Y26.776 E3281.62010
G1 X-166.145 Y26.009 E3288.51951
G1 X-181.094 Y23.856 E3326.17256
G1 X-189.337 Y21.333 E3347.66382
G1 X-181.862 Y17.039 E3369.15497
G1 X-166.269 Y11.037 E3410.80875
G1 X-159.242 Y47.104 F7800.000
G1 F3600
G1 X-153.471 Y62.481 E3451.75708
G1 X-156.192 Y62.328 E3458.54973
G1 X-171.245 Y63.555 E3496.20296
G1 X-179.842 Y62.930 E3517.69405
G1 X-173.510 Y57.080 E3539.18519
G1 X-160.976 Y48.654 E3576.83835
G1 X-159.746 Y47.554 E3580.95371
G1 X-144.538 Y81.032 F7800.000
G1 F3600
G1 X-136.113 Y95.132 E3621.90195
G1 X-138.406 Y95.521 E3627.70010
G1 X-152.809 Y100.067 E3665.35319
G1 X-161.330 Y101.370 E3686.84441
G1 X-156.458 Y94.259 E3708.33554
G1 X-146.114 Y83.255 E3745.98836
G1 X-144.928 Y81.583 E3751.09850
G1 X-122.866 Y111.124 F7800.000
G1 F3600
G1 X-114.930 Y120.207 E3781.16985
G1 X-111.714 Y122.772 E3791.42520
G1 X-126.711 Y131.561 E3834.76168
G1 X-134.728 Y134.728 E3856.25307
G1 X-131.561 Y126.711 E3877.74452
G1 X-123.925 Y113.681 E3915.39733
G1 X-123.124 Y111.747 E3920.61407
G1 X-94.835 Y136.232 F7800.000
G1 F3600
G1 X-91.619 Y138.797 E3930.86947
G1 X-80.997 Y144.513 E3960.94091
G1 X-83.255 Y146.114 E3967.84081
G1 X-94.259 Y156.458 E4005.49333
G1 X-101.370 Y161.330 E4026.98448
G1 X-100.067 Y152.809 E4048.47569
G1 X-95.038 Y136.876 E4090.12931
G1 X-62.459 Y153.869 F7800.000
G1 F3600
G1 X-46.838 Y158.945 E4131.07771
G1 X-48.654 Y160.976 E4137.87056
G1 X-57.080 Y173.510 E4175.52371
G1 X-62.930 Y179.842 E4197.01489
G1 X-63.555 Y171.245 E4218.50600
G1 X-62.328 Y156.191 E4256.15931
G1 X-62.421 Y154.543 E4260.27468
G1 X-26.764 Y163.527 F7800.000
G1 F3600
G1 X-10.488 Y165.731 E4301.22289
G1 X-11.613 Y167.767 E4307.02148
G1 X-17.039 Y181.862 E4344.67434
G1 X-21.333 Y189.337 E4366.16545
G1 X-23.856 Y181.094 E4387.65665
G1 X-26.009 Y166.145 E4425.30979
G1 X-26.577 Y164.175 E4430.41976
G1 X10.274 Y165.345 F7800.000
G1 F3600
G1 X22.324 Y164.804 E4460.49119
G1 X26.335 Y163.888 E4470.74649
G1 X23.856 Y181.094 E4514.08287
G1 X21.333 Y189.337 E4535.57410
G1 X17.039 Y181.862 E4557.06524
G1 X11.613 Y167.767 E4594.71802
G1 X10.601 Y165.936 E4599.93489
G1 X47.382 Y159.085 F7800.000
G1 F3600
G1 X51.392 Y158.169 E4610.19018
G1 X62.484 Y153.429 E4640.26181
G1 X62.328 Y156.191 E4647.16103
G1 X63.555 Y171.245 E4684.81433
G1 X62.930 Y179.842 E4706.30542
G1 X57.080 Y173.510 E4727.79655
G1 X47.758 Y159.645 E4769.45017
G1 X81.358 Y144.768 F7800.000
G1 F3600
G1 X95.065 Y135.720 E4810.39842
G1 X95.521 Y138.406 E4817.19113
G1 X100.067 Y152.809 E4854.84420
G1 X101.370 Y161.330 E4876.33541
G1 X94.259 Y156.458 E4897.82655
G1 X83.255 Y146.114 E4935.47913
G1 X81.908 Y145.159 E4939.59493
G1 X111.163 Y122.882 F7800.000
G1 F3600
G1 X123.035 Y111.532 E4980.54299
G1 X123.925 Y113.681 E4986.34136
G1 X131.561 Y126.711 E5023.99428
G1 X134.728 Y134.728 E5045.48575
G1 X126.711 Y131.561 E5066.97722
G1 X113.681 Y123.925 E5104.63014
G1 X111.787 Y123.141 E5109.74031
G1 X135.678 Y95.058 F7800.000
G1 F3600
G1 X142.768 Y85.300 E5139.81194
G1 X144.553 Y81.594 E5150.06731
G1 X156.458 Y94.259 E5193.40369
G1 X161.330 Y101.370 E5214.89482
G1 X152.809 Y100.067 E5236.38603
G1 X138.406 Y95.521 E5274.03910
G1 X136.343 Y95.171 E5279.25549
G1 X153.919 Y62.143 F7800.000
G1 F3600
G1 X155.704 Y58.437 E5289.51082
G1 X158.913 Y46.809 E5319.58244
G1 X160.976 Y48.654 E5326.48182
G1 X173.510 Y57.080 E5364.13497
G1 X179.842 Y62.930 E5385.62609
G1 X171.245 Y63.555 E5407.11719
G1 X154.592 Y62.198 E5448.77089
G1 X163.910 Y26.654 F7800.000
G1 F3600
G1 X165.382 Y10.295 E5489.71904
G1 X167.767 Y11.613 E5496.51223
G1 X181.862 Y17.039 E5534.16501
G1 X189.337 Y21.333 E5555.65615
G1 X181.094 Y23.856 E5577.14738
G1 X166.145 Y26.010 E5614.80053
G1 X164.559 Y26.467 E5618.91587
G1 X165.382 Y-10.295 F7800.000
G1 F3600
G1 X163.910 Y-26.654 E5659.86403
G1 X166.145 Y-26.009 E5665.66221
G1 X181.094 Y-23.856 E5703.31535
G1 X189.337 Y-21.333 E5724.80655
G1 X181.862 Y-17.039 E5746.29766
G1 X167.767 Y-11.613 E5783.95052
G1 X165.973 Y-10.622 E5789.06083
G1 X158.913 Y-46.809 F7800.000
G1 F3600
G1 X155.704 Y-58.437 E5819.13248
G1 X153.919 Y-62.143 E5829.38774
G1 X171.245 Y-63.555 E5872.72426
G1 X179.842 Y-62.930 E5894.21537
G1 X173.510 Y-57.080 E5915.70654
G1 X160.976 Y-48.654 E5953.35970
G1 X159.416 Y-47.259 E5958.57624
G1 X144.553 Y-81.594 F7800.000
G1 F3600
G1 X142.768 Y-85.300 E5968.83167
G1 X135.678 Y-95.058 E5998.90328
G1 X138.406 Y-95.521 E6005.80253
G1 X152.809 Y-100.067 E6043.45557
G1 X161.330 Y-101.370 E6064.94677
G1 X156.458 Y-94.259 E6086.43792
G1 X145.015 Y-82.085 E6128.09150
G1 X123.035 Y-111.532 F7800.000
G1 F3600
G1 X111.163 Y-122.882 E6169.03953
G1 X113.681 Y-123.925 E6175.83260
G1 X126.711 Y-131.561 E6213.48540
G1 X134.728 Y-134.728 E6234.97685
G1 X131.561 Y-126.711 E6256.46824
G1 X123.925 Y-113.681 E6294.12122
G1 X123.293 Y-112.155 E6298.23674
G1 X95.065 Y-135.720 F7800.000
G1 F3600
G1 X81.358 Y-144.768 E6339.18505
G1 X83.255 Y-146.114 E6344.98352
G1 X94.259 Y-156.458 E6382.63634
G1 X101.370 Y-161.330 E6404.12747
G1 X100.067 Y-152.809 E6425.61869
G1 X95.521 Y-138.406 E6463.27178
G1 X95.178 Y-136.385 E6468.38170
G1 X62.484 Y-153.429 F7800.000
G1 F3600
G1 X51.392 Y-158.169 E6498.45334
G1 X47.382 Y-159.085 E6508.70862
G1 X57.080 Y-173.510 E6552.04504
G1 X62.930 Y-179.842 E6573.53618
G1 X63.555 Y-171.245 E6595.02727
G1 X62.328 Y-156.192 E6632.68051
G1 X62.446 Y-154.102 E6637.89695
G1 X26.335 Y-163.888 F7800.000
G1 F3600
G1 X22.324 Y-164.804 E6648.15227
G1 X10.274 Y-165.345 E6678.22375
G1 X11.613 Y-167.767 E6685.12337
G1 X17.039 Y-181.862 E6722.77625
G1 X21.333 Y-189.337 E6744.26741
G1 X23.856 Y-181.094 E6765.75867
G1 X26.238 Y-164.557 E6807.41227
G1 X33.198 Y-162.729 F7800.000
G1 F1800
G1 X35.468 Y-161.682 E6812.47408
G1 X38.195 Y-161.060 E6818.13694
G1 X40.695 Y-161.018 E6823.19888
G1 X43.243 Y-162.133 E6828.83013
G1 X44.851 Y-163.932 E6833.71477
G1 X53.300 Y-176.498 E6864.37314
G1 X63.145 Y-187.156 E6893.74871
G1 X67.321 Y-185.694 E6902.70726
G1 X68.373 Y-171.224 E6932.08268
G1 X67.144 Y-156.131 E6962.74110
G1 X67.279 Y-153.722 E6967.62567
G1 X68.577 Y-151.262 E6973.25701
G1 X70.557 Y-149.736 E6978.31889
G1 X73.077 Y-148.523 E6983.98182
G1 X75.505 Y-147.926 E6989.04360
G1 X78.237 Y-148.445 E6994.67469
G1 X80.205 Y-149.841 E6999.55965
G1 X91.238 Y-160.213 E7030.21788
G1 X103.208 Y-168.412 E7059.59330
G1 X106.954 Y-166.058 E7068.55195
G1 X104.760 Y-151.716 E7097.92749
G1 X100.203 Y-137.276 E7128.58577
G1 X99.799 Y-134.897 E7133.47045
G1 X100.516 Y-132.210 E7139.10182
G1 X102.107 Y-130.282 E7144.16368
G1 X104.294 Y-128.538 E7149.82626
G1 X106.528 Y-127.416 E7154.88818
G1 X109.308 Y-127.314 E7160.51956
G1 X111.537 Y-128.237 E7165.40439
G1 X124.601 Y-135.894 E7196.06262
G1 X138.095 Y-141.224 E7225.43806
G1 X141.224 Y-138.095 E7234.39691
G1 X135.894 Y-124.601 E7263.77229
G1 X128.237 Y-111.537 E7294.43063
G1 X127.314 Y-109.308 E7299.31540
G1 X127.415 Y-106.528 E7304.94667
G1 X128.538 Y-104.294 E7310.00865
G1 X130.282 Y-102.107 E7315.67137
G1 X132.210 Y-100.516 E7320.73316
G1 X134.897 Y-99.799 E7326.36458
G1 X137.276 Y-100.203 E7331.24919
G1 X151.716 Y-104.760 E7361.90746
G1 X166.058 Y-106.954 E7391.28305
G1 X168.412 Y-103.208 E7400.24165
G1 X160.213 Y-91.238 E7429.61709
G1 X149.841 Y-80.205 E7460.27523
G1 X148.445 Y-78.237 E7465.16022
G1 X147.926 Y-75.505 E7470.79145
G1 X148.523 Y-73.077 E7475.85318
G1 X149.736 Y-70.557 E7481.51608
G1 X151.262 Y-68.577 E7486.57790
G1 X153.722 Y-67.279 E7492.20929
G1 X156.131 Y-67.144 E7497.09386
G1 X171.224 Y-68.373 E7527.75234
G1 X185.694 Y-67.321 E7557.12774
G1 X187.156 Y-63.145 E7566.08631
G1 X176.498 Y-53.300 E7595.46190
G1 X163.932 Y-44.851 E7626.12028
G1 X162.133 Y-43.243 E7631.00493
G1 X161.018 Y-40.695 E7636.63621
G1 X161.060 Y-38.195 E7641.69814
G1 X161.682 Y-35.469 E7647.36092
G1 X162.729 Y-33.198 E7652.42277
G1 X164.839 Y-31.386 E7658.05402
G1 X167.157 Y-30.718 E7662.93872
G1 X182.145 Y-28.558 E7693.59710
G1 X196.019 Y-24.312 E7722.97252
G1 X196.514 Y-19.915 E7731.93116
G1 X183.933 Y-12.689 E7761.30656
G1 X169.802 Y-7.249 E7791.96485
G1 X167.690 Y-6.081 E7796.84983
G1 X166.037 Y-3.845 E7802.48103
G1 X165.521 Y-1.398 E7807.54284
G1 X165.521 Y1.398 E7813.20577
G1 X166.037 Y3.845 E7818.26758
G1 X167.690 Y6.081 E7823.89881
G1 X169.802 Y7.249 E7828.78377
G1 X183.933 Y12.689 E7859.44204
G1 X196.514 Y19.915 E7888.81744
G1 X196.019 Y24.312 E7897.77611
G1 X182.145 Y28.558 E7927.15152
G1 X167.157 Y30.718 E7957.80991
G1 X164.839 Y31.386 E7962.69461
G1 X162.729 Y33.198 E7968.32585
G1 X161.682 Y35.468 E7973.38767
G1 X161.060 Y38.195 E7979.05049
G1 X161.018 Y40.695 E7984.11242
G1 X162.133 Y43.243 E7989.74370
G1 X163.932 Y44.851 E7994.62835
G1 X176.498 Y53.300 E8025.28673
G1 X187.156 Y63.145 E8054.66232
G1 X185.694 Y67.321 E8063.62086
G1 X171.224 Y68.373 E8092.99627
G1 X156.131 Y67.144 E8123.65474
G1 X153.722 Y67.279 E8128.53930
G1 X151.262 Y68.577 E8134.17067
G1 X149.736 Y70.557 E8139.23248
G1 X148.523 Y73.077 E8144.89538
G1 X147.926 Y75.505 E8149.95716
G1 X148.445 Y78.237 E8155.58830
G1 X149.841 Y80.205 E8160.47334
G1 X160.213 Y91.238 E8191.13147
G1 X168.412 Y103.208 E8220.50691
G1 X166.058 Y106.954 E8229.46552
G1 X151.716 Y104.760 E8258.84111
G1 X137.276 Y100.203 E8289.49938
G1 X134.897 Y99.799 E8294.38403
G1 X132.210 Y100.516 E8300.01546
G1 X130.282 Y102.107 E8305.07721
G1 X128.538 Y104.294 E8310.73986
G1 X127.415 Y106.528 E8315.80184
G1 X127.314 Y109.308 E8321.43317
G1 X128.237 Y111.537 E8326.31795
G1 X135.894 Y124.601 E8356.97623
G1 X141.224 Y138.095 E8386.35165
G1 X138.095 Y141.224 E8395.31052
G1 X124.601 Y135.894 E8424.68593
G1 X111.537 Y128.237 E8455.34421
G1 X109.308 Y127.314 E8460.22900
G1 X106.528 Y127.415 E8465.86032
G1 X104.294 Y128.538 E8470.92230
G1 X102.107 Y130.282 E8476.58495
G1 X100.516 Y132.210 E8481.64671
G1 X99.799 Y134.897 E8487.27814
G1 X100.203 Y137.276 E8492.16278
G1 X104.760 Y151.716 E8522.82105
G1 X106.954 Y166.058 E8552.19665
G1 X103.208 Y168.412 E8561.15525
G1 X91.238 Y160.213 E8590.53069
G1 X80.205 Y149.841 E8621.18883
G1 X78.237 Y148.445 E8626.07386
G1 X75.505 Y147.926 E8631.70501
G1 X73.077 Y148.523 E8636.76678
G1 X70.557 Y149.736 E8642.42968
G1 X68.577 Y151.262 E8647.49148
G1 X67.279 Y153.722 E8653.12286
G1 X67.144 Y156.131 E8658.00743
G1 X68.373 Y171.224 E8688.66589
G1 X67.321 Y185.694 E8718.04130
G1 X63.145 Y187.156 E8726.99984
G1 X53.300 Y176.498 E8756.37543
G1 X44.851 Y163.932 E8787.03381
G1 X43.243 Y162.133 E8791.91846
G1 X40.695 Y161.018 E8797.54974
G1 X38.195 Y161.060 E8802.61167
G1 X35.469 Y161.682 E8808.27449
G1 X33.198 Y162.729 E8813.33631
G1 X31.386 Y164.839 E8818.96755
G1 X30.718 Y167.157 E8823.85225
G1 X28.558 Y182.145 E8854.51064
G1 X24.312 Y196.019 E8883.88604
G1 X19.915 Y196.514 E8892.84472
G1 X12.689 Y183.933 E8922.22012
G1 X7.249 Y169.802 E8952.87839
G1 X6.081 Y167.690 E8957.76336
G1 X3.845 Y166.037 E8963.39458
G1 X1.398 Y165.521 E8968.45639
G1 X-1.398 Y165.521 E8974.11932
G1 X-3.845 Y166.037 E8979.18113
G1 X-6.081 Y167.690 E8984.81233
G1 X-7.249 Y169.802 E8989.69731
G1 X-12.689 Y183.933 E9020.35560
G1 X-19.915 Y196.514 E9049.73100
G1 X-24.312 Y196.019 E9058.68964
G1 X-28.558 Y182.145 E9088.06506
G1 X-30.718 Y167.157 E9118.72344
G1 X-31.386 Y164.839 E9123.60814
G1 X-33.198 Y162.729 E9129.23939
G1 X-35.469 Y161.682 E9134.30124
G1 X-38.195 Y161.060 E9139.96402
G1 X-40.695 Y161.018 E9145.02595
G1 X-43.243 Y162.133 E9150.65723
G1 X-44.851 Y163.932 E9155.54188
G1 X-53.300 Y176.498 E9186.20026
G1 X-63.145 Y187.156 E9215.57585
G1 X-67.321 Y185.694 E9224.53442
G1 X-68.373 Y171.224 E9253.90982
G1 X-67.144 Y156.131 E9284.56829
G1 X-67.279 Y153.722 E9289.45287
G1 X-68.577 Y151.262 E9295.08426
G1 X-70.557 Y149.736 E9300.14607
G1 X-73.077 Y148.523 E9305.80898
G1 X-75.505 Y147.926 E9310.87071
G1 X-78.237 Y148.445 E9316.50194
G1 X-80.205 Y149.841 E9321.38693
G1 X-91.238 Y160.213 E9352.04507
G1 X-103.208 Y168.412 E9381.42051
G1 X-106.954 Y166.058 E9390.37911
G1 X-104.760 Y151.716 E9419.75469
G1 X-100.203 Y137.276 E9450.41296
G1 X-99.799 Y134.897 E9455.29757
G1 X-100.516 Y132.210 E9460.92899
G1 X-102.107 Y130.282 E9465.99079
G1 X-104.294 Y128.538 E9471.65351
G1 X-106.528 Y127.415 E9476.71548
G1 X-109.308 Y127.314 E9482.34676
G1 X-111.537 Y128.237 E9487.23153
G1 X-124.601 Y135.894 E9517.88987
G1 X-138.095 Y141.224 E9547.26525
G1 X-141.224 Y138.095 E9556.22410
G1 X-135.894 Y124.601 E9585.59954
G1 X-128.237 Y111.537 E9616.25777
G1 X-127.314 Y109.308 E9621.14260
G1 X-127.416 Y106.528 E9626.77397
G1 X-128.538 Y104.294 E9631.83589
G1 X-130.282 Y102.107 E9637.49848
G1 X-132.210 Y100.516 E9642.56033
G1 X-134.897 Y99.799 E9648.19170
G1 X-137.276 Y100.203 E9653.07638
G1 X-151.716 Y104.760 E9683.73466
G1 X-166.058 Y106.954 E9713.11020
G1 X-168.412 Y103.208 E9722.06885
G1 X-160.213 Y91.238 E9751.44427
G1 X-149.841 Y80.205 E9782.10250
G1 X-148.445 Y78.237 E9786.98745
G1 X-147.926 Y75.505 E9792.61855
G1 X-148.523 Y73.077 E9797.68033
G1 X-149.736 Y70.557 E9803.34326
G1 X-151.262 Y68.577 E9808.40514
G1 X-153.722 Y67.279 E9814.03649
G1 X-156.131 Y67.144 E9818.92105
G1 X-171.224 Y68.373 E9849.57947
G1 X-185.694 Y67.321 E9878.95489
G1 X-187.156 Y63.145 E9887.91344
G1 X-176.498 Y53.300 E9917.28901
G1 X-163.932 Y44.851 E9947.94738
G1 X-162.133 Y43.243 E9952.83202
G1 X-161.018 Y40.695 E9958.46327
G1 X-161.060 Y38.195 E9963.52521
G1 X-161.682 Y35.468 E9969.18808
G1 X-162.729 Y33.198 E9974.24989
G1 X-164.839 Y31.386 E9979.88109
G1 X-167.158 Y30.718 E9984.76584
G1 X-182.145 Y28.558 E10015.42416
G1 X-196.019 Y24.312 E10044.79964
G1 X-196.514 Y19.915 E10053.75830
G1 X-183.933 Y12.689 E10083.13374
G1 X-169.802 Y7.249 E10113.79203
G1 X-167.690 Y6.081 E10118.67693
G1 X-166.037 Y3.845 E10124.30818
G1 X-165.521 Y1.398 E10129.37000
G1 X-165.521 Y-1.398 E10135.03288
G1 X-166.037 Y-3.845 E10140.09470
G1 X-167.690 Y-6.081 E10145.72593
G1 X-169.802 Y-7.249 E10150.61084
G1 X-183.933 Y-12.689 E10181.26915
G1 X-196.514 Y-19.915 E10210.64459
G1 X-196.019 Y-24.312 E10219.60321
G1 X-182.145 Y-28.558 E10248.97871
G1 X-167.158 Y-30.718 E10279.63702
G1 X-164.839 Y-31.386 E10284.52177
G1 X-162.729 Y-33.198 E10290.15299
G1 X-161.682 Y-35.469 E10295.21482
G1 X-161.060 Y-38.195 E10300.87765
G1 X-161.018 Y-40.695 E10305.93959
G1 X-162.133 Y-43.243 E10311.57084
G1 X-163.932 Y-44.851 E10316.45548
G1 X-176.498 Y-53.300 E10347.11385
G1 X-187.156 Y-63.145 E10376.48942
G1 X-185.694 Y-67.321 E10385.44800
G1 X-171.224 Y-68.373 E10414.82341
G1 X-156.131 Y-67.144 E10445.48183
G1 X-153.722 Y-67.279 E10450.36642
G1 X-151.262 Y-68.577 E10455.99778
G1 X-149.736 Y-70.557 E10461.05966
G1 X-148.523 Y-73.077 E10466.72259
G1 X-147.926 Y-75.505 E10471.78433
G1 X-148.445 Y-78.237 E10477.41551
G1 X-149.841 Y-80.205 E10482.30042
G1 X-160.213 Y-91.238 E10512.95866
G1 X-168.412 Y-103.208 E10542.33408
G1 X-166.058 Y-106.954 E10551.29273
G1 X-151.716 Y-104.760 E10580.66826
G1 X-137.276 Y-100.203 E10611.32653
G1 X-134.897 Y-99.799 E10616.21117
G1 X-132.210 Y-100.516 E10621.84254
G1 X-130.282 Y-102.107 E10626.90444
G1 X-128.538 Y-104.294 E10632.56710
G1 X-127.416 Y-106.528 E10637.62900
G1 X-127.314 Y-109.308 E10643.26033
G1 X-128.237 Y-111.537 E10648.14514
G1 X-135.894 Y-124.601 E10678.80344
G1 X-141.224 Y-138.095 E10708.17883
G1 X-138.095 Y-141.224 E10717.13767
G1 X-124.601 Y-135.894 E10746.51306
G1 X-111.537 Y-128.237 E10777.17136
G1 X-109.308 Y-127.314 E10782.05618
G1 X-106.528 Y-127.416 E10787.68750
G1 X-104.294 Y-128.538 E10792.74941
G1 X-102.107 Y-130.282 E10798.41206
G1 X-100.516 Y-132.210 E10803.47396
G1 X-99.799 Y-134.897 E10809.10533
G1 X-100.203 Y-137.276 E10813.98998
G1 X-104.760 Y-151.716 E10844.64825
G1 X-106.954 Y-166.058 E10874.02377
G1 X-103.208 Y-168.412 E10882.98242
G1 X-91.238 Y-160.213 E10912.35785
G1 X-80.205 Y-149.841 E10943.01608
G1 X-78.237 Y-148.445 E10947.90100
G1 X-75.505 Y-147.926 E10953.53217
G1 X-73.077 Y-148.523 E10958.59391
G1 X-70.557 Y-149.736 E10964.25684
G1 X-68.577 Y-151.262 E10969.31873
G1 X-67.279 Y-153.722 E10974.95008
G1 X-67.144 Y-156.131 E10979.83467
G1 X-68.373 Y-171.224 E11010.49309
G1 X-67.321 Y-185.694 E11039.86850
G1 X-63.145 Y-187.156 E11048.82708
G1 X-53.300 Y-176.498 E11078.20265
G1 X-44.851 Y-163.932 E11108.86102
G1 X-43.243 Y-162.133 E11113.74566
G1 X-40.695 Y-161.018 E11119.37691
G1 X-38.195 Y-161.060 E11124.43885
G1 X-35.469 Y-161.682 E11130.10168
G1 X-33.198 Y-162.729 E11135.16352
G1 X-31.386 Y-164.839 E11140.79473
G1 X-30.718 Y-167.158 E11145.67948
G1 X-28.558 Y-182.145 E11176.33780
G1 X-24.312 Y-196.019 E11205.71329
G1 X-19.915 Y-196.514 E11214.67191
G1 X-12.689 Y-183.933 E11244.04735
G1 X-7.249 Y-169.802 E11274.70566
G1 X-6.081 Y-167.690 E11279.59057
G1 X-3.845 Y-166.037 E11285.22180
G1 X-1.398 Y-165.521 E11290.28362
G1 X1.398 Y-165.521 E11295.94650
G1 X3.845 Y-166.037 E11301.00832
G1 X6.081 Y-167.690 E11306.63958
G1 X7.249 Y-169.802 E11311.52447
G1 X12.689 Y-183.933 E11342.18276
G1 X19.915 Y-196.514 E11371.55820
G1 X24.312 Y-196.019 E11380.51686
G1 X28.558 Y-182.145 E11409.89234
G1 X30.718 Y-167.158 E11440.55066
G1 X31.386 Y-164.839 E11445.43541
G1 X32.758 Y-163.241 E11449.69998
G1 X32.904 Y-160.247 F7800.000
G1 E11447.69998 F2400.00000
G92 E0
G1 X6.660 Y89.525 F7800.000
G1 E2.00000 F2400.00000
G1 F1800
G1 X9.700 Y89.921 E8.20527
G1 X12.686 Y91.143 E14.73808
G1 X15.260 Y93.089 E21.27092
G1 X17.250 Y95.629 E27.80380
G1 X18.459 Y98.445 E34.00896
G1 X27.047 Y128.757 E97.79531
G1 X27.496 Y131.847 E104.11768
G1 X27.103 Y135.111 E110.77378
G1 X25.873 Y138.160 E117.43009
G1 X23.890 Y140.782 E124.08627
G1 X21.293 Y142.797 E130.74255
G1 X18.259 Y144.064 E137.39889
G1 X15.163 Y144.475 E143.72119
G1 X-15.163 Y144.475 E205.12257
G1 X-18.259 Y144.064 E211.44483
G1 X-21.293 Y142.797 E218.10117
G1 X-23.890 Y140.782 E224.75749
G1 X-25.873 Y138.160 E231.41365
G1 X-27.103 Y135.111 E238.06995
G1 X-27.496 Y131.847 E244.72604
G1 X-27.047 Y128.757 E251.04840
G1 X-18.459 Y98.445 E314.83478
G1 X-17.250 Y95.629 E321.03996
G1 X-15.260 Y93.089 E327.57282
G1 X-12.686 Y91.143 E334.10565
G1 X-9.700 Y89.921 E340.63843
G1 X-6.660 Y89.525 E346.84371
G1 X5.985 Y89.525 E372.44724
G1 X6.660 Y89.525 F7800.000
G1 X7.091 Y85.553 F7800.000
G1 F1800
G1 X10.035 Y85.872 E378.44362
G1 X13.406 Y87.003 E385.64285
G1 X16.457 Y88.830 E392.84209
G1 X19.046 Y91.267 E400.04127
G1 X21.053 Y94.202 E407.24053
G1 X22.436 Y97.624 E414.71193
G1 X30.865 Y127.373 E477.31441
G1 X31.470 Y130.831 E484.42145
G1 X31.363 Y134.211 E491.26979
G1 X30.569 Y137.499 E498.11807
G1 X29.122 Y140.556 E504.96642
G1 X27.082 Y143.255 E511.81470
G1 X24.535 Y145.480 E518.66311
G1 X21.588 Y147.141 E525.51131
G1 X18.365 Y148.165 E532.35967
G1 X14.873 Y148.525 E539.46670
G1 X-14.873 Y148.525 E599.69153
G1 X-18.365 Y148.165 E606.79854
G1 X-21.588 Y147.141 E613.64690
G1 X-24.535 Y145.480 E620.49513
G1 X-27.082 Y143.255 E627.34350
G1 X-29.122 Y140.556 E634.19180
G1 X-30.569 Y137.499 E641.04016
G1 X-31.363 Y134.211 E647.88843
G1 X-31.470 Y130.831 E654.73677
G1 X-30.865 Y127.373 E661.84381
G1 X-22.436 Y97.624 E724.44630
G1 X-21.053 Y94.202 E731.91771
G1 X-19.046 Y91.267 E739.11693
G1 X-16.457 Y88.830 E746.31614
G1 X-13.406 Y87.003 E753.51535
G1 X-10.035 Y85.872 E760.71458
G1 X-6.366 Y85.475 E768.18597
G1 X6.420 Y85.481 E794.07297
G1 X7.267 Y85.919 F7800.000
G1 E792.07297 F2400.00000
G92 E0
G1 X55.406 Y79.684 F7800.000
G1 E2.00000 F2400.00000
G1 F1800
G1 X55.033 Y76.614 E8.26109
G1 X55.477 Y73.418 E14.79399
G1 X56.725 Y70.442 E21.32684
G1 X58.594 Y68.013 E27.53212
G1 X68.013 Y58.594 E54.50218
G1 X70.442 Y56.725 E60.70746
G1 X73.418 Y55.477 E67.24033
G1 X76.614 Y55.033 E73.77321
G1 X79.817 Y55.422 E80.30603
G1 X82.663 Y56.559 E86.51123
G1 X110.194 Y71.933 E150.35297
G1 X113.063 Y74.174 E157.72437
G1 X115.227 Y77.339 E165.48669
G1 X116.330 Y81.011 E173.24915
G1 X116.269 Y84.844 E181.01139
G1 X115.050 Y88.479 E188.77372
G1 X112.901 Y91.418 E196.14515
G1 X91.418 Y112.901 E257.65741
G1 X88.479 Y115.050 E265.02884
G1 X84.844 Y116.269 E272.79117
G1 X81.011 Y116.330 E280.55341
G1 X77.339 Y115.227 E288.31587
G1 X74.174 Y113.063 E296.07819
G1 X71.933 Y110.194 E303.44959
G1 X56.559 Y82.663 E367.29133
G1 X55.623 Y80.319 E372.40162
G1 X52.432 Y78.837 F7800.000
G1 X51.521 Y80.413 F7800.000
G1 F1800
G1 X51.068 Y78.003 E377.36669
G1 X51.175 Y74.449 E384.56595
G1 X52.041 Y71.000 E391.76521
G1 X53.625 Y67.817 E398.96440
G1 X55.938 Y64.942 E406.43580
G1 X64.942 Y55.938 E432.21508
G1 X67.817 Y53.625 E439.68649
G1 X71.000 Y52.041 E446.88566
G1 X74.449 Y51.175 E454.08495
G1 X78.003 Y51.068 E461.28418
G1 X81.498 Y51.724 E468.48333
G1 X84.895 Y53.166 E475.95470
G1 X111.891 Y68.242 E538.55735
G1 X114.764 Y70.258 E545.66420
G1 X117.079 Y72.725 E552.51258
G1 X118.842 Y75.611 E559.36095
G1 X119.981 Y78.796 E566.20927
G1 X120.446 Y82.146 E573.05760
G1 X120.219 Y85.521 E579.90589
G1 X119.309 Y88.779 E586.75419
G1 X117.755 Y91.783 E593.60255
G1 X115.540 Y94.506 E600.70956
G1 X94.506 Y115.540 E660.93438
G1 X91.783 Y117.755 E668.04138
G1 X88.779 Y119.309 E674.88974
G1 X85.521 Y120.219 E681.73804
G1 X82.146 Y120.446 E688.58633
G1 X78.796 Y119.981 E695.43466
G1 X75.611 Y118.842 E702.28298
G1 X72.725 Y117.079 E709.13135
G1 X70.258 Y114.764 E715.97973
G1 X68.242 Y111.891 E723.08659
G1 X53.166 Y84.895 E785.68923
G1 X51.724 Y81.498 E793.16060
G1 X51.645 Y81.077 E794.02803
G1 X53.290 Y78.716 F7800.000
G1 E792.02803 F2400.00000
G92 E0
G1 X-55.033 Y76.614 F7800.000
G1 E2.00000 F2400.00000
G1 F1800
G1 X-55.422 Y79.817 E8.53284
G1 X-56.559 Y82.663 E14.73805
G1 X-71.933 Y110.194 E78.57978
G1 X-74.174 Y113.063 E85.95120
G1 X-77.339 Y115.227 E93.71351
G1 X-81.011 Y116.330 E101.47591
G1 X-84.844 Y116.269 E109.23827
G1 X-88.479 Y115.050 E117.00051
G1 X-91.418 Y112.901 E124.37195
G1 X-112.901 Y91.418 E185.88426
G1 X-115.050 Y88.479 E193.25564
G1 X-116.269 Y84.844 E201.01798
G1 X-116.330 Y81.011 E208.78025
G1 X-115.227 Y77.339 E216.54272
G1 X-113.063 Y74.174 E224.30505
G1 X-110.194 Y71.933 E231.67646
G1 X-82.663 Y56.559 E295.51818
G1 X-79.817 Y55.422 E301.72341
G1 X-76.614 Y55.033 E308.25623
G1 X-73.418 Y55.477 E314.78906
G1 X-70.442 Y56.725 E321.32194
G1 X-68.013 Y58.594 E327.52722
G1 X-58.594 Y68.013 E354.49733
G1 X-56.725 Y70.442 E360.70257
G1 X-55.477 Y73.418 E367.23536
G1 X-55.126 Y75.945 E372.40164
G1 X-52.225 Y78.203 F7800.000
G1 X-51.114 Y76.496 F7800.000
G1 F1800
G1 X-51.068 Y78.003 E375.45543
G1 X-51.724 Y81.498 E382.65456
G1 X-53.166 Y84.895 E390.12594
G1 X-68.242 Y111.891 E452.72860
G1 X-70.258 Y114.764 E459.83544
G1 X-72.725 Y117.079 E466.68383
G1 X-75.611 Y118.842 E473.53216
G1 X-78.796 Y119.981 E480.38050
G1 X-82.146 Y120.446 E487.22883
G1 X-85.521 Y120.219 E494.07711
G1 X-88.779 Y119.309 E500.92543
G1 X-91.783 Y117.755 E507.77380
G1 X-94.506 Y115.540 E514.88082
G1 X-115.540 Y94.506 E575.10563
G1 X-117.755 Y91.783 E582.21263
G1 X-119.309 Y88.779 E589.06097
G1 X-120.219 Y85.521 E595.90928
G1 X-120.446 Y82.146 E602.75760
G1 X-119.981 Y78.796 E609.60589
G1 X-118.842 Y75.611 E616.45423
G1 X-117.079 Y72.725 E623.30262
G1 X-114.764 Y70.258 E630.15093
G1 X-111.891 Y68.242 E637.25786
G1 X-84.895 Y53.166 E699.86044
G1 X-81.498 Y51.724 E707.33184
G1 X-78.003 Y51.068 E714.53105
G1 X-74.449 Y51.175 E721.73027
G1 X-71.000 Y52.041 E728.92951
G1 X-67.817 Y53.625 E736.12868
G1 X-64.942 Y55.938 E743.60011
G1 X-55.938 Y64.942 E769.37938
G1 X-53.625 Y67.817 E776.85078
G1 X-52.041 Y71.000 E784.04997
G1 X-51.175 Y74.449 E791.24924
G1 X-51.134 Y75.821 E794.02806
G1 X-52.359 Y77.347 F7800.000
G1 E792.02806 F2400.00000
G92 E0
G1 X-22.475 Y70.475 F7800.000
G1 E2.00000 F2400.00000
G1 F1800
G1 X-22.475 Y58.160 E26.93303
G1 X-30.813 Y54.359 E45.48684
G1 X-39.848 Y48.130 E67.70503
G1 X-47.653 Y40.416 E89.92322
G1 X-53.989 Y31.456 E112.14142
G1 X-58.660 Y21.526 E134.35961
G1 X-61.521 Y10.931 E156.57781
G1 X-62.485 Y-0.000 E178.79603
G1 X-61.521 Y-10.931 E201.01422
G1 X-58.660 Y-21.526 E223.23242
G1 X-53.989 Y-31.456 E245.45061
G1 X-47.653 Y-40.416 E267.66881
G1 X-39.848 Y-48.130 E289.88700
G1 X-30.813 Y-54.359 E312.10518
G1 X-22.475 Y-58.160 E330.65901
G1 X-22.475 Y-70.475 E355.59206
G1 X22.475 Y-70.475 E446.60005
G1 X22.475 Y-58.160 E471.53310
G1 X30.813 Y-54.359 E490.08695
G1 X39.848 Y-48.130 E512.30513
G1 X47.653 Y-40.416 E534.52333
G1 X53.989 Y-31.456 E556.74152
G1 X58.660 Y-21.526 E578.95970
G1 X61.521 Y-10.931 E601.17792
G1 X62.485 Y-0.000 E623.39610
G1 X61.521 Y10.931 E645.61431
G1 X58.660 Y21.526 E667.83253
G1 X53.989 Y31.456 E690.05072
G1 X47.653 Y40.416 E712.26890
G1 X39.848 Y48.130 E734.48710
G1 X30.813 Y54.359 E756.70529
G1 X22.475 Y58.160 E775.25913
G1 X22.475 Y70.475 E800.19216
G1 X-21.800 Y70.475 E889.83350
G1 X-26.957 Y70.876 F7800.000
G1 X-26.525 Y74.525 F7800.000
G1 F1800
G1 X-26.525 Y61.167 E916.87929
G1 X-37.349 Y55.041 E942.06047
G1 X-45.759 Y48.276 E963.91184
G1 X-52.964 Y40.241 E985.76318
G1 X-58.774 Y31.146 E1007.61450
G1 X-63.038 Y21.231 E1029.46587
G1 X-65.641 Y10.757 E1051.31721
G1 X-66.517 Y-0.000 E1073.16858
G1 X-65.641 Y-10.757 E1095.01992
G1 X-63.038 Y-21.231 E1116.87127
G1 X-58.774 Y-31.146 E1138.72266
G1 X-52.964 Y-40.241 E1160.57396
G1 X-45.759 Y-48.276 E1182.42532
G1 X-37.349 Y-55.041 E1204.27668
G1 X-26.525 Y-61.167 E1229.45785
G1 X-26.525 Y-74.525 E1256.50368
G1 X26.525 Y-74.525 E1363.91134
G1 X26.525 Y-61.167 E1390.95718
G1 X37.349 Y-55.041 E1416.13837
G1 X45.759 Y-48.276 E1437.98970
G1 X52.964 Y-40.241 E1459.84109
G1 X58.774 Y-31.146 E1481.69240
G1 X63.038 Y-21.231 E1503.54378
G1 X65.641 Y-10.757 E1525.39513
G1 X66.517 Y-0.000 E1547.24646
G1 X65.641 Y10.757 E1569.09783
G1 X63.038 Y21.231 E1590.94918
G1 X58.774 Y31.146 E1612.80052
G1 X52.964 Y40.241 E1634.65186
G1 X45.759 Y48.276 E1656.50323
G1 X37.349 Y55.041 E1678.35457
G1 X26.525 Y61.167 E1703.53577
G1 X26.525 Y74.525 E1730.58156
G1 X-25.850 Y74.525 E1836.62258
G1 X-24.603 Y70.456 F7800.000
G1 E1834.62258 F2400.00000
G92 E0
G1 X93.089 Y-15.260 F7800.000
G1 E2.00000 F2400.00000
G1 F1800
G1 X95.629 Y-17.250 E8.53286
G1 X98.445 Y-18.459 E14.73804
G1 X128.757 Y-27.047 E78.52440
G1 X131.847 Y-27.496 E84.84679
G1 X135.111 Y-27.103 E91.50287
G1 X138.160 Y-25.873 E98.15917
G1 X140.782 Y-23.890 E104.81534
G1 X142.797 Y-21.293 E111.47165
G1 X144.064 Y-18.259 E118.12799
G1 X144.475 Y-15.163 E124.45025
G1 X144.475 Y15.163 E185.85163
G1 X144.064 Y18.259 E192.17392
G1 X142.797 Y21.293 E198.83027
G1 X140.782 Y23.890 E205.48655
G1 X138.160 Y25.873 E212.14272
G1 X135.111 Y27.103 E218.79904
G1 X131.847 Y27.496 E225.45514
G1 X128.757 Y27.047 E231.77751
G1 X98.445 Y18.459 E295.56385
G1 X95.629 Y17.250 E301.76903
G1 X93.089 Y15.260 E308.30190
G1 X91.143 Y12.686 E314.83474
G1 X89.921 Y9.700 E321.36755
G1 X89.525 Y6.660 E327.57282
G1 X89.525 Y-6.660 E354.54299
G1 X89.921 Y-9.700 E360.74827
G1 X91.143 Y-12.686 E367.28105
G1 X92.682 Y-14.721 E372.44724
G1 X92.227 Y-18.369 F7800.000
G1 X90.233 Y-17.948 F7800.000
G1 F1800
G1 X91.267 Y-19.046 E375.50099
G1 X94.202 Y-21.053 E382.70021
G1 X97.624 Y-22.436 E390.17163
G1 X127.373 Y-30.865 E452.77412
G1 X130.831 Y-31.470 E459.88116
G1 X134.211 Y-31.363 E466.72950
G1 X137.499 Y-30.569 E473.57776
G1 X140.556 Y-29.122 E480.42612
G1 X143.255 Y-27.082 E487.27442
G1 X145.480 Y-24.535 E494.12280
G1 X147.141 Y-21.588 E500.97102
G1 X148.165 Y-18.365 E507.81939
G1 X148.525 Y-14.873 E514.92639
G1 X148.525 Y14.873 E575.15122
G1 X148.165 Y18.365 E582.25826
G1 X147.141 Y21.588 E589.10661
G1 X145.480 Y24.535 E595.95481
G1 X143.255 Y27.082 E602.80322
G1 X140.556 Y29.122 E609.65151
G1 X137.499 Y30.569 E616.49987
G1 X136.574 Y30.793 E618.42686
G1 X134.211 Y31.363 E623.34813
G1 X130.831 Y31.470 E630.19647
G1 X127.373 Y30.865 E637.30352
G1 X97.624 Y22.436 E699.90600
G1 X94.202 Y21.053 E707.37740
G1 X91.267 Y19.046 E714.57665
G1 X88.830 Y16.457 E721.77584
G1 X87.003 Y13.406 E728.97507
G1 X85.872 Y10.035 E736.17431
G1 X85.475 Y6.366 E743.64569
G1 X85.475 Y-6.366 E769.42495
G1 X85.872 Y-10.035 E776.89634
G1 X87.003 Y-13.406 E784.09557
G1 X88.830 Y-16.457 E791.29478
G1 X89.771 Y-17.456 E794.07360
G1 X91.716 Y-17.669 F7800.000
G1 E792.07360 F2400.00000
G92 E0
G1 X-93.089 Y-15.260 F7800.000
G1 E2.00000 F2400.00000
G1 F1800
G1 X-91.143 Y-12.686 E8.53287
G1 X-89.921 Y-9.700 E15.06569
G1 X-89.525 Y-6.660 E21.27095
G1 X-89.525 Y6.660 E48.24107
G1 X-89.921 Y9.700 E54.44632
G1 X-91.143 Y12.686 E60.97917
G1 X-93.089 Y15.260 E67.51205
G1 X-95.629 Y17.250 E74.04489
G1 X-98.445 Y18.459 E80.25009
G1 X-128.757 Y27.047 E144.03644
G1 X-131.847 Y27.496 E150.35882
G1 X-135.111 Y27.103 E157.01490
G1 X-138.160 Y25.873 E163.67118
G1 X-140.782 Y23.890 E170.32739
G1 X-142.797 Y21.293 E176.98362
G1 X-144.064 Y18.259 E183.63996
G1 X-144.475 Y15.163 E189.96229
G1 X-144.475 Y-15.163 E251.36368
G1 X-144.064 Y-18.259 E257.68598
G1 X-142.797 Y-21.293 E264.34231
G1 X-140.782 Y-23.890 E270.99858
G1 X-138.160 Y-25.873 E277.65477
G1 X-135.111 Y-27.103 E284.31102
G1 X-131.847 Y-27.496 E290.96712
G1 X-128.757 Y-27.047 E297.28949
G1 X-98.445 Y-18.459 E361.07586
G1 X-95.629 Y-17.250 E367.28108
G1 X-93.620 Y-15.676 E372.44726
G1 X-89.964 Y-16.065 F7800.000
G1 X-90.233 Y-17.948 F7800.000
G1 F1800
G1 X-88.830 Y-16.457 E376.59277
G1 X-87.003 Y-13.406 E383.79199
G1 X-85.872 Y-10.035 E390.99118
G1 X-85.475 Y-6.366 E398.46258
G1 X-85.475 Y6.366 E424.24185
G1 X-85.872 Y10.035 E431.71326
G1 X-87.003 Y13.406 E438.91246
G1 X-88.830 Y16.457 E446.11168
G1 X-91.267 Y19.046 E453.31090
G1 X-94.202 Y21.053 E460.51015
G1 X-97.624 Y22.436 E467.98153
G1 X-127.373 Y30.865 E530.58398
G1 X-130.831 Y31.470 E537.69108
G1 X-134.211 Y31.363 E544.53941
G1 X-137.499 Y30.569 E551.38770
G1 X-140.556 Y29.122 E558.23603
G1 X-143.255 Y27.082 E565.08436
G1 X-145.481 Y24.535 E571.93273
G1 X-147.141 Y21.588 E578.78095
G1 X-148.165 Y18.365 E585.62931
G1 X-148.525 Y14.873 E592.73635
G1 X-148.525 Y-14.873 E652.96117
G1 X-148.165 Y-18.365 E660.06817
G1 X-147.141 Y-21.588 E666.91653
G1 X-145.481 Y-24.535 E673.76478
G1 X-143.255 Y-27.082 E680.61312
G1 X-140.556 Y-29.122 E687.46147
G1 X-137.499 Y-30.569 E694.30980
G1 X-134.211 Y-31.363 E701.15808
G1 X-130.831 Y-31.470 E708.00643
G1 X-127.373 Y-30.865 E715.11351
G1 X-97.624 Y-22.436 E777.71597
G1 X-94.202 Y-21.053 E785.18736
G1 X-91.267 Y-19.046 E792.38658
G1 X-90.696 Y-18.439 E794.07366
G1 X-90.723 Y-15.960 F7800.000
G1 E792.07366 F2400.00000
G92 E0
G1 X-79.817 Y-55.422 F7800.000
G1 E2.00000 F2400.00000
G1 F1800
G1 X-82.663 Y-56.559 E8.20524
G1 X-110.194 Y-71.933 E72.04696
G1 X-113.063 Y-74.174 E79.41838
G1 X-115.227 Y-77.339 E87.18071
G1 X-116.330 Y-81.011 E94.94311
G1 X-116.269 Y-84.844 E102.70550
G1 X-115.050 Y-88.479 E110.46775
G1 X-112.901 Y-91.418 E117.83915
G1 X-91.418 Y-112.901 E179.35150
G1 X-88.479 Y-115.050 E186.72289
G1 X-84.844 Y-116.269 E194.48515
G1 X-81.011 Y-116.330 E202.24754
G1 X-77.339 Y-115.227 E210.00994
G1 X-74.174 Y-113.063 E217.77227
G1 X-71.933 Y-110.194 E225.14369
G1 X-56.559 Y-82.663 E288.98540
G1 X-55.422 Y-79.817 E295.19065
G1 X-55.033 Y-76.614 E301.72349
G1 X-55.477 Y-73.418 E308.25633
G1 X-56.725 Y-70.442 E314.78915
G1 X-58.594 Y-68.013 E320.99440
G1 X-68.013 Y-58.594 E347.96456
G1 X-70.442 Y-56.725 E354.16980
G1 X-73.418 Y-55.477 E360.70262
G1 X-76.614 Y-55.033 E367.23546
G1 X-79.147 Y-55.341 E372.40166
G1 X-79.817 Y-55.422 F7800.000
G1 X-80.545 Y-51.545 F7800.000
G1 F1800
G1 X-81.498 Y-51.724 E374.36461
G1 X-84.895 Y-53.166 E381.83602
G1 X-111.891 Y-68.242 E444.43862
G1 X-114.764 Y-70.258 E451.54553
G1 X-117.079 Y-72.725 E458.39384
G1 X-118.842 Y-75.611 E465.24221
G1 X-119.981 Y-78.796 E472.09057
G1 X-120.446 Y-82.146 E478.93885
G1 X-120.219 Y-85.521 E485.78716
G1 X-119.309 Y-88.779 E492.63549
G1 X-117.755 Y-91.783 E499.48385
G1 X-115.540 Y-94.506 E506.59085
G1 X-94.506 Y-115.540 E566.81566
G1 X-91.783 Y-117.755 E573.92266
G1 X-88.779 Y-119.309 E580.77102
G1 X-85.521 Y-120.219 E587.61935
G1 X-82.146 Y-120.446 E594.46765
G1 X-78.796 Y-119.981 E601.31594
G1 X-75.611 Y-118.842 E608.16430
G1 X-72.725 Y-117.079 E615.01267
G1 X-70.258 Y-114.764 E621.86098
G1 X-68.242 Y-111.891 E628.96788
G1 X-53.166 Y-84.895 E691.57048
G1 X-51.724 Y-81.498 E699.04189
G1 X-51.068 Y-78.003 E706.24108
G1 X-51.175 Y-74.449 E713.44033
G1 X-52.041 Y-71.000 E720.63955
G1 X-53.625 Y-67.817 E727.83874
G1 X-55.938 Y-64.942 E735.31016
G1 X-64.942 Y-55.938 E761.08941
G1 X-67.817 Y-53.625 E768.56083
G1 X-71.000 Y-52.041 E775.76002
G1 X-74.449 Y-51.175 E782.95925
G1 X-78.003 Y-51.068 E790.15849
G1 X-79.882 Y-51.421 E794.02809
G1 X-80.904 Y-52.446 F7800.000
G1 E792.02809 F2400.00000
G92 E0
G1 X55.033 Y-76.614 F7800.000
G1 E2.00000 F2400.00000
G1 F1800
G1 X55.422 Y-79.817 E8.53281
G1 X56.559 Y-82.663 E14.73805
G1 X71.933 Y-110.194 E78.57977
G1 X74.174 Y-113.063 E85.95118
G1 X77.339 Y-115.227 E93.71350
G1 X81.011 Y-116.330 E101.47598
G1 X84.844 Y-116.269 E109.23825
G1 X88.479 Y-115.050 E117.00059
G1 X91.418 Y-112.901 E124.37197
G1 X112.901 Y-91.418 E185.88428
G1 X115.050 Y-88.479 E193.25572
G1 X116.269 Y-84.844 E201.01796
G1 X116.330 Y-81.011 E208.78032
G1 X115.227 Y-77.339 E216.54272
G1 X113.063 Y-74.174 E224.30503
G1 X110.194 Y-71.933 E231.67645
G1 X82.663 Y-56.559 E295.51819
G1 X79.817 Y-55.422 E301.72339
G1 X76.614 Y-55.033 E308.25623
G1 X73.418 Y-55.477 E314.78914
G1 X70.442 Y-56.725 E321.32194
G1 X68.013 Y-58.594 E327.52718
G1 X58.594 Y-68.013 E354.49729
G1 X56.725 Y-70.442 E360.70257
G1 X55.477 Y-73.418 E367.23545
G1 X55.126 Y-75.945 E372.40164
G1 X52.225 Y-78.203 F7800.000
G1 X51.114 Y-76.496 F7800.000
G1 F1800
G1 X51.068 Y-78.003 E375.45534
G1 X51.724 Y-81.498 E382.65454
G1 X53.166 Y-84.895 E390.12594
G1 X68.242 Y-111.891 E452.72852
G1 X70.258 Y-114.764 E459.83545
G1 X72.725 Y-117.079 E466.68376
G1 X75.611 Y-118.842 E473.53215
G1 X78.796 Y-119.981 E480.38049
G1 X82.146 Y-120.446 E487.22878
G1 X85.521 Y-120.219 E494.07710
G1 X88.779 Y-119.309 E500.92541
G1 X91.783 Y-117.755 E507.77375
G1 X94.506 Y-115.540 E514.88074
G1 X115.540 Y-94.506 E575.10556
G1 X117.755 Y-91.783 E582.21257
G1 X119.309 Y-88.779 E589.06095
G1 X120.219 Y-85.521 E595.90927
G1 X120.446 Y-82.146 E602.75755
G1 X119.981 Y-78.796 E609.60588
G1 X118.842 Y-75.611 E616.45421
G1 X117.079 Y-72.725 E623.30257
G1 X114.764 Y-70.258 E630.15094
G1 X111.891 Y-68.242 E637.25777
G1 X84.895 Y-53.166 E699.86043
G1 X81.498 Y-51.724 E707.33182
G1 X78.003 Y-51.068 E714.53095
G1 X74.449 Y-51.175 E721.73019
G1 X71.000 Y-52.041 E728.92947
G1 X67.817 Y-53.625 E736.12867
G1 X64.942 Y-55.938 E743.60006
G1 X55.938 Y-64.942 E769.37932
G1 X53.625 Y-67.817 E776.85075
G1 X52.041 Y-71.000 E784.04993
G1 X51.175 Y-74.449 E791.24916
G1 X51.134 Y-75.821 E794.02806
G1 X52.359 Y-77.347 F7800.000
G1 E792.02806 F2400.00000
G92 E0
G1 X17.250 Y-95.629 F7800.000
G1 E2.00000 F2400.00000
G1 F1800
G1 X15.260 Y-93.089 E8.53283
G1 X12.686 Y-91.143 E15.06571
G1 X9.700 Y-89.921 E21.59856
G1 X6.660 Y-89.525 E27.80381
G1 X-6.660 Y-89.525 E54.77394
G1 X-9.700 Y-89.921 E60.97919
G1 X-12.686 Y-91.143 E67.51201
G1 X-15.260 Y-93.089 E74.04488
G1 X-17.250 Y-95.629 E80.57770
G1 X-18.459 Y-98.445 E86.78292
G1 X-27.047 Y-128.757 E150.56930
G1 X-27.496 Y-131.847 E156.89167
G1 X-27.103 Y-135.111 E163.54774
G1 X-25.873 Y-138.160 E170.20401
G1 X-23.890 Y-140.782 E176.86021
G1 X-21.293 Y-142.797 E183.51648
G1 X-18.259 Y-144.064 E190.17280
G1 X-15.163 Y-144.475 E196.49509
G1 X15.163 Y-144.475 E257.89650
G1 X18.259 Y-144.064 E264.21882
G1 X21.293 Y-142.797 E270.87516
G1 X23.890 Y-140.782 E277.53139
G1 X25.873 Y-138.160 E284.18759
G1 X27.103 Y-135.111 E290.84388
G1 X27.496 Y-131.847 E297.49996
G1 X27.047 Y-128.757 E303.82235
G1 X18.459 Y-98.445 E367.60869
G1 X17.516 Y-96.249 E372.44726
G1 X17.250 Y-95.629 F7800.000
G1 X20.506 Y-93.402 F7800.000
G1 F1800
G1 X19.046 Y-91.267 E377.68355
G1 X16.457 Y-88.830 E384.88277
G1 X13.406 Y-87.003 E392.08201
G1 X10.035 Y-85.872 E399.28120
G1 X6.366 Y-85.475 E406.75261
G1 X-6.366 Y-85.475 E432.53187
G1 X-10.035 Y-85.872 E440.00328
G1 X-13.406 Y-87.003 E447.20247
G1 X-16.457 Y-88.830 E454.40168
G1 X-19.046 Y-91.267 E461.60092
G1 X-21.053 Y-94.202 E468.80014
G1 X-22.436 Y-97.624 E476.27153
G1 X-30.865 Y-127.373 E538.87399
G1 X-31.470 Y-130.831 E545.98108
G1 X-31.363 Y-134.211 E552.82942
G1 X-30.569 Y-137.499 E559.67770
G1 X-29.122 Y-140.556 E566.52603
G1 X-27.082 Y-143.255 E573.37438
G1 X-24.535 Y-145.481 E580.22272
G1 X-21.588 Y-147.141 E587.07096
G1 X-18.365 Y-148.165 E593.91933
G1 X-14.873 Y-148.525 E601.02633
G1 X14.873 Y-148.525 E661.25116
G1 X18.365 Y-148.165 E668.35818
G1 X21.588 Y-147.141 E675.20655
G1 X24.535 Y-145.481 E682.05476
G1 X27.082 Y-143.255 E688.90314
G1 X29.122 Y-140.556 E695.75147
G1 X30.569 Y-137.499 E702.59980
G1 X31.363 Y-134.211 E709.44808
G1 X31.470 Y-130.831 E716.29642
G1 X30.865 Y-127.373 E723.40352
G1 X22.436 Y-97.624 E786.00597
G1 X21.053 Y-94.202 E793.47735
G1 X20.887 Y-93.959 E794.07366
G1 X17.920 Y-93.452 F7800.000
G1 E792.07366 F2400.00000
G92 E0
G1 X23.153 Y-167.378 F7800.000
G1 E2.00000 F2400.00000
G1 F1200
G1 X16.744 Y-173.714 E2.33334
G1 E0.33334 F2400.00000
G92 E0
G1 X51.762 Y-160.848 F7800.000
G1 E2.00000 F2400.00000
G1 F1200
G1 X60.286 Y-163.776 E2.54053
G1 E0.54053 F2400.00000
G92 E0
G1 X146.255 Y-95.218 F7800.000
G1 E2.00000 F2400.00000
G1 F1200
G1 X145.297 Y-86.257 E2.54077
G1 E0.54077 F2400.00000
G92 E0
G1 X158.029 Y-59.818 F7800.000
G1 E2.00000 F2400.00000
G1 F1200
G1 X165.633 Y-54.979 E2.54048
G1 E0.54048 F2400.00000
G92 E0
G1 X165.633 Y54.979 F7800.000
G1 E2.00000 F2400.00000
G1 F1200
G1 X158.029 Y59.818 E2.54064
G1 E0.54064 F2400.00000
G92 E0
G1 X145.297 Y86.257 F7800.000
G1 E2.00000 F2400.00000
G1 F1200
G1 X146.255 Y95.218 E2.54068
G1 E0.54068 F2400.00000
G92 E0
G1 X60.286 Y163.776 F7800.000
G1 E2.00000 F2400.00000
G1 F1200
G1 X51.762 Y160.848 E2.54057
G1 E0.54057 F2400.00000
G92 E0
G1 X23.153 Y167.378 F7800.000
G1 E2.00000 F2400.00000
G1 F1200
G1 X16.744 Y173.714 E2.33331
G1 E0.33331 F2400.00000
G92 E0
G1 X-90.457 Y149.246 F7800.000
G1 E2.00000 F2400.00000
G1 F1200
G1 X-93.483 Y140.756 E2.54074
G1 E0.54074 F2400.00000
G92 E0
G1 X-116.426 Y122.460 F7800.000
G1 E2.00000 F2400.00000
G1 F1200
G1 X-125.375 Y121.400 E2.33347
G1 E0.33347 F2400.00000
G92 E0
G1 X-173.084 Y22.331 F7800.000
G1 E2.00000 F2400.00000
G1 F1200
G1 X-168.333 Y14.672 E2.54083
G1 E0.54083 F2400.00000
G92 E0
G1 X-168.333 Y-14.672 F7800.000
G1 E2.00000 F2400.00000
G1 F1200
G1 X-173.084 Y-22.331 E2.54082
G1 E0.54082 F2400.00000
G92 E0
G1 X-125.375 Y-121.400 F7800.000
G1 E2.00000 F2400.00000
G1 F1200
G1 X-116.426 Y-122.460 E2.33347
G1 E0.33347 F2400.00000
G92 E0
G1 X-93.483 Y-140.756 F7800.000
G1 E2.00000 F2400.00000
G1 F1200
G1 X-90.457 Y-149.246 E2.54071
G1 E-7.45929 F2400.00000
G92 E0
T1
G92 E0
G1 X10.168 Y153.475 F7800.000
G1 E10.00000 F2400.00000
G1 F900
G1 X10.315 Y155.903 E14.92442
G1 X6.302 Y156.390 E23.10806
G1 X-3.208 Y156.007 E42.37778
G1 X-3.157 Y153.475 E47.50477
G1 X9.493 Y153.475 E73.11562
G1 X9.174 Y155.695 F7800.000
G1 E71.11562 F2400.00000
G92 E0
G1 X9.797 Y83.718 F7800.000
G1 E2.00000 F2400.00000
G1 F1800
G1 X7.143 Y80.034 E13.57954
G1 X6.500 Y80.000 E15.22307
G1 F1800
G1 X-6.500 Y80.000 E47.96113
G1 X-6.822 Y80.017 E48.77245
G1 F1800
G1 X-7.143 Y80.034 E49.59422
G1 X-9.797 Y83.719 E61.17492
G1 E59.17492 F2400.00000
G92 E0
G1 X-104.135 Y116.381 F7800.000
G1 E2.00000 F2400.00000
G1 F900
G1 X-108.423 Y112.880 E13.20807
G1 X-113.964 Y106.626 E30.12473
G1 X-112.138 Y104.908 E35.20034
G1 X-102.487 Y114.559 E62.83380
G1 X-103.682 Y115.881 E66.44149
G1 X-106.756 Y112.724 F7800.000
G1 E64.44149 F2400.00000
G92 E0
G1 X-153.475 Y6.864 F7800.000
G1 E2.00000 F2400.00000
G1 F900
G1 X-155.955 Y6.964 E7.02473
G1 X-156.517 Y-0.000 E21.17013
G1 X-155.955 Y-6.964 E35.31554
G1 X-153.475 Y-6.864 E40.34027
G1 X-153.475 Y6.189 E66.76806
G1 X-155.723 Y5.812 F7800.000
G1 E64.76806 F2400.00000
G92 E0
G1 X-112.138 Y-104.908 F7800.000
G1 E2.00000 F2400.00000
G1 F900
G1 X-113.964 Y-106.626 E7.07560
G1 X-108.423 Y-112.880 E23.99265
G1 X-104.135 Y-116.382 E35.20105
G1 X-102.487 Y-114.559 E40.17537
G1 X-111.661 Y-105.385 E66.44290
G1 X-112.976 Y-107.271 F7800.000
G1 E64.44290 F2400.00000
G92 E0
G1 X-38.926 Y90.277 F7800.000
G1 E2.00000 F2400.00000
G1 F3600
G1 X-36.311 Y91.361 E9.05709
G1 X-45.784 Y124.794 E95.69038
G1 X-46.402 Y138.445 E129.75692
G1 X-62.751 Y132.244 E173.34909
G1 X-65.198 Y130.831 E180.39564
G1 X-55.869 Y120.617 E214.88397
G1 X-39.255 Y90.867 E299.83471
G1 X-36.280 Y84.279 F7800.000
G1 F3600
G1 X-26.319 Y84.279 E324.66591
G1 X-31.569 Y94.078 E352.37865
G1 X-40.514 Y125.648 E434.18484
G1 X-41.023 Y136.887 E462.23237
G1 X-36.616 Y146.848 E489.38884
G1 X-42.205 Y145.708 E503.60842
G1 X-65.031 Y137.051 E564.47198
G1 X-77.806 Y129.675 E601.24717
G1 X-67.786 Y125.801 E628.02975
G1 X-60.199 Y117.495 E656.07698
G1 X-44.200 Y88.846 E737.88344
G1 X-41.156 Y78.775 E764.11140
G1 X-42.715 Y67.555 E792.35199
G1 X-44.704 Y64.450 E801.54541
G1 X-42.934 Y62.641 E807.85501
G1 X-36.280 Y66.698 E827.28530
G1 X-36.280 Y83.604 E869.43522
G1 X-73.108 Y36.590 F7800.000
G1 F3600
G1 X-79.197 Y35.744 E884.76036
G1 X-90.930 Y39.290 E915.31798
G1 X-120.617 Y55.869 E1000.08915
G1 X-130.819 Y65.188 E1034.53724
G1 X-138.816 Y46.418 E1085.40018
G1 X-124.794 Y45.784 E1120.39318
G1 X-92.079 Y36.515 E1205.16407
G1 X-81.276 Y30.726 E1235.72180
G1 X-77.134 Y25.248 E1252.84088
G1 X-73.334 Y35.954 E1281.16245
G1 X-62.545 Y42.957 F7800.000
G1 F3600
G1 X-64.355 Y44.765 E1287.54048
G1 X-67.555 Y42.715 E1297.01506
G1 X-78.775 Y41.156 E1325.25557
G1 X-88.846 Y44.200 E1351.48358
G1 X-117.495 Y60.199 E1433.29002
G1 X-125.801 Y67.786 E1461.33737
G1 X-129.684 Y77.829 E1488.18254
G1 X-134.321 Y70.497 E1509.81108
G1 X-143.890 Y48.038 E1570.67467
G1 X-146.687 Y36.688 E1599.81784
G1 X-136.887 Y41.023 E1626.53553
G1 X-125.648 Y40.514 E1654.58309
G1 X-94.078 Y31.569 E1736.38929
G1 X-84.804 Y26.601 E1762.61738
G1 X-77.973 Y17.565 E1790.85783
G1 X-77.332 Y14.641 E1798.32145
G1 X-74.639 Y14.778 E1805.04359
G1 X-74.362 Y17.208 E1811.14090
G1 X-68.568 Y33.530 E1854.32052
G1 X-62.909 Y42.388 E1880.52593
G1 X-77.134 Y-25.248 F7800.000
G1 F3600
G1 X-81.276 Y-30.726 E1897.64505
G1 X-92.079 Y-36.515 E1928.20276
G1 X-124.794 Y-45.784 E2012.97359
G1 X-138.816 Y-46.418 E2047.96660
G1 X-130.819 Y-65.188 E2098.82942
G1 X-120.617 Y-55.869 E2133.27750
G1 X-90.930 Y-39.290 E2218.04856
G1 X-79.197 Y-35.744 E2248.60624
G1 X-73.108 Y-36.590 E2263.93139
G1 X-76.909 Y-25.884 E2292.25291
G1 X-74.639 Y-14.778 F7800.000
G1 F3600
G1 X-77.332 Y-14.641 E2298.97505
G1 X-77.973 Y-17.565 E2306.43868
G1 X-84.804 Y-26.601 E2334.67915
G1 X-94.078 Y-31.569 E2360.90723
G1 X-125.648 Y-40.514 E2442.71339
G1 X-136.887 Y-41.023 E2470.76096
G1 X-146.687 Y-36.688 E2497.47867
G1 X-143.890 Y-48.038 E2526.62182
G1 X-134.238 Y-70.691 E2588.01210
G1 X-133.434 Y-72.141 E2592.14491
G1 X-129.742 Y-77.980 E2609.36728
G1 X-125.801 Y-67.786 E2636.61482
G1 X-117.495 Y-60.199 E2664.66212
G1 X-88.846 Y-44.200 E2746.46850
G1 X-78.775 Y-41.156 E2772.69656
G1 X-67.555 Y-42.715 E2800.93707
G1 X-64.355 Y-44.765 E2810.41163
G1 X-62.545 Y-42.957 E2816.78967
G1 X-68.568 Y-33.530 E2844.67785
G1 X-74.362 Y-17.208 E2887.85751
G1 X-74.563 Y-15.449 E2892.27196
G1 X-38.926 Y-90.277 F7800.000
G1 F3600
G1 X-55.869 Y-120.617 E2978.90535
G1 X-65.198 Y-130.831 E3013.39371
G1 X-62.751 Y-132.244 E3020.44019
G1 X-46.402 Y-138.445 E3064.03236
G1 X-45.784 Y-124.794 E3098.09892
G1 X-36.311 Y-91.361 E3184.73205
G1 X-38.302 Y-90.536 E3190.10631
G1 X-36.280 Y-84.279 F7800.000
G1 F3600
G1 X-36.280 Y-66.698 E3233.93911
G1 X-42.934 Y-62.641 E3253.36942
G1 X-44.704 Y-64.450 E3259.67902
G1 X-42.715 Y-67.555 E3268.87248
G1 X-41.156 Y-78.775 E3297.11299
G1 X-44.200 Y-88.846 E3323.34105
G1 X-60.199 Y-117.495 E3405.14742
G1 X-67.786 Y-125.801 E3433.19473
G1 X-77.806 Y-129.675 E3459.97729
G1 X-65.031 Y-137.051 E3496.75249
G1 X-42.205 Y-145.708 E3557.61606
G1 X-36.616 Y-146.848 E3571.83563
G1 X-41.023 Y-136.887 E3598.99209
G1 X-40.514 Y-125.648 E3627.03966
G1 X-31.569 Y-94.078 E3708.84583
G1 X-26.319 Y-84.279 E3736.55851
G1 X-35.605 Y-84.279 E3759.70688
G1 X-31.475 Y-79.475 F7800.000
G1 F1800
G1 X-31.475 Y-64.000 E3791.03886
G1 X-43.899 Y-56.426 E3820.49763
G1 X-55.490 Y-45.076 E3853.34252
G1 X-64.224 Y-31.406 E3886.18739
G1 X-69.651 Y-16.118 E3919.03233
G1 X-71.491 Y-0.000 E3951.87723
G1 X-69.651 Y16.118 E3984.72217
G1 X-64.224 Y31.406 E4017.56707
G1 X-55.490 Y45.076 E4050.41196
G1 X-43.899 Y56.426 E4083.25686
G1 X-31.475 Y64.000 E4112.71563
G1 X-31.475 Y79.475 E4144.04757
G1 X-12.746 Y79.475 E4181.96774
G1 X-12.496 Y81.781 E4186.66301
G1 X-15.507 Y82.441 E4192.90484
G1 X-22.863 Y88.002 E4211.57471
G1 X-27.089 Y95.888 E4229.68899
G1 X-35.740 Y126.422 E4293.94312
G1 X-36.172 Y135.976 E4313.30645
G1 X-32.184 Y144.992 E4333.26649
G1 X-24.597 Y151.287 E4353.22655
G1 X-16.801 Y153.119 E4369.44083
G1 X-17.118 Y155.446 E4374.19594
G1 X-18.866 Y155.376 E4377.73710
G1 X-43.546 Y150.337 E4428.73549
G1 X-67.098 Y141.405 E4479.73393
G1 X-88.912 Y128.811 E4530.73237
G1 X-94.924 Y123.902 E4546.44582
G1 X-93.518 Y121.932 E4551.34727
G1 X-89.583 Y124.369 E4560.71751
G1 X-79.767 Y125.282 E4580.67759
G1 X-70.572 Y121.727 E4600.63764
G1 X-64.122 Y114.666 E4620.00074
G1 X-48.648 Y86.958 E4684.25506
G1 X-46.060 Y78.393 E4702.36923
G1 X-47.329 Y69.260 E4721.03922
G1 X-52.154 Y61.726 E4739.15346
G1 X-61.726 Y52.154 E4766.55939
G1 X-69.260 Y47.329 E4784.67364
G1 X-78.393 Y46.060 E4803.34357
G1 X-86.958 Y48.648 E4821.45780
G1 X-114.666 Y64.122 E4885.71207
G1 X-121.727 Y70.572 E4905.07526
G1 X-125.282 Y79.767 E4925.03527
G1 X-124.369 Y89.583 E4944.99527
G1 X-120.799 Y95.346 E4958.71949
G1 X-122.703 Y96.762 E4963.52294
G1 X-125.126 Y94.026 E4970.92324
G1 X-138.589 Y72.737 E5021.92167
G1 X-148.462 Y49.564 E5072.92011
G1 X-154.490 Y25.107 E5123.91852
G1 X-154.944 Y19.480 E5135.34883
G1 X-152.577 Y19.108 E5140.20103
G1 X-151.287 Y24.597 E5151.61689
G1 X-144.992 Y32.184 E5171.57693
G1 X-135.976 Y36.172 E5191.53695
G1 X-126.422 Y35.740 E5210.90032
G1 X-95.888 Y27.089 E5275.15443
G1 X-88.002 Y22.863 E5293.26869
G1 X-82.441 Y15.507 E5311.93860
G1 X-80.525 Y6.768 E5330.05284
G1 X-80.525 Y-6.768 E5357.45878
G1 X-82.441 Y-15.507 E5375.57302
G1 X-88.002 Y-22.863 E5394.24294
G1 X-95.888 Y-27.089 E5412.35719
G1 X-126.422 Y-35.740 E5476.61129
G1 X-135.976 Y-36.172 E5495.97465
G1 X-144.992 Y-32.184 E5515.93470
G1 X-151.287 Y-24.597 E5535.89473
G1 X-152.577 Y-19.108 E5547.31058
G1 X-154.944 Y-19.480 E5552.16278
G1 X-154.490 Y-25.107 E5563.59308
G1 X-148.462 Y-49.564 E5614.59149
G1 X-138.561 Y-72.803 E5665.73536
G1 X-137.569 Y-74.592 E5669.87577
G1 X-128.186 Y-89.430 E5705.42046
G1 X-125.145 Y-94.005 E5716.54341
G1 X-122.703 Y-96.762 E5724.00097
G1 X-120.799 Y-95.346 E5728.80442
G1 X-124.369 Y-89.583 E5742.52848
G1 X-125.282 Y-79.767 E5762.48855
G1 X-121.727 Y-70.572 E5782.44859
G1 X-114.666 Y-64.122 E5801.81174
G1 X-86.958 Y-48.648 E5866.06600
G1 X-78.393 Y-46.060 E5884.18024
G1 X-69.260 Y-47.329 E5902.85017
G1 X-61.726 Y-52.154 E5920.96443
G1 X-52.154 Y-61.726 E5948.37036
G1 X-47.329 Y-69.260 E5966.48461
G1 X-46.060 Y-78.393 E5985.15455
G1 X-48.648 Y-86.958 E6003.26879
G1 X-64.122 Y-114.666 E6067.52304
G1 X-70.572 Y-121.727 E6086.88619
G1 X-79.767 Y-125.282 E6106.84623
G1 X-89.583 Y-124.369 E6126.80630
G1 X-93.518 Y-121.932 E6136.17666
G1 X-94.924 Y-123.902 E6141.07811
G1 X-88.912 Y-128.811 E6156.79166
G1 X-67.098 Y-141.405 E6207.79010
G1 X-43.546 Y-150.337 E6258.78854
G1 X-18.866 Y-155.376 E6309.78694
G1 X-17.118 Y-155.446 E6313.32809
G1 X-16.801 Y-153.119 E6318.08319
G1 X-24.597 Y-151.287 E6334.29748
G1 X-32.184 Y-144.992 E6354.25752
G1 X-36.172 Y-135.976 E6374.21756
G1 X-35.740 Y-126.422 E6393.58093
G1 X-27.089 Y-95.888 E6457.83503
G1 X-22.863 Y-88.002 E6475.94928
G1 X-15.507 Y-82.441 E6494.61919
G1 X-12.496 Y-81.781 E6500.86071
G1 X-12.746 Y-79.475 E6505.55599
G1 X-30.800 Y-79.475 E6542.10923
G1 X-35.971 Y-79.294 F7800.000
G1 X-9.797 Y-83.719 F7800.000
G1 F1800
G1 X-7.144 Y-80.035 E6553.69124
G1 X-6.822 Y-80.017 E6554.51318
G1 F1800
G1 X-6.500 Y-80.000 E6555.32467
G1 X6.500 Y-80.000 E6588.06273
G1 F1800
G1 X7.144 Y-80.035 E6589.70661
G1 X9.797 Y-83.719 E6601.28792
G1 E6599.28792 F2400.00000
G92 E0
G1 X-3.156 Y-153.475 F7800.000
G1 E2.00000 F2400.00000
G1 F900
G1 X-3.207 Y-156.007 E7.12699
G1 X6.302 Y-156.390 E26.39526
G1 X10.315 Y-155.903 E34.57826
G1 X10.168 Y-153.475 E39.50268
G1 X-2.481 Y-153.475 E65.11146
G1 X-2.053 Y-155.754 F7800.000
G1 E63.11146 F2400.00000
G92 E0
G1 X38.926 Y90.277 F7800.000
G1 E2.00000 F2400.00000
G1 F3600
G1 X55.869 Y120.617 E88.63346
G1 X65.024 Y130.640 E122.47714
G1 X51.729 Y136.949 E159.16572
G1 X46.412 Y138.669 E173.09799
G1 X45.784 Y124.794 E207.72520
G1 X36.311 Y91.361 E294.35838
G1 X38.303 Y90.536 E299.73265
G1 X36.279 Y84.279 F7800.000
G1 F3600
G1 X36.279 Y66.698 E343.56540
G1 X42.934 Y62.641 E362.99576
G1 X44.704 Y64.450 E369.30536
G1 X42.715 Y67.555 E378.49883
G1 X41.156 Y78.775 E406.73940
G1 X44.200 Y88.846 E432.96734
G1 X60.199 Y117.495 E514.77385
G1 X67.786 Y125.801 E542.82113
G1 X78.699 Y130.020 E571.99148
G1 X53.690 Y141.888 E641.00514
G1 X36.325 Y147.507 E686.50663
G1 X41.023 Y136.887 E715.45719
G1 X40.514 Y125.648 E743.50469
G1 X31.569 Y94.078 E825.31092
G1 X26.319 Y84.279 E853.02367
G1 X35.604 Y84.279 E876.17205
G1 X73.108 Y36.590 F7800.000
G1 F3600
G1 X77.134 Y25.248 E906.17641
G1 X81.275 Y30.726 E923.29542
G1 X92.079 Y36.515 E953.85324
G1 X124.794 Y45.784 E1038.62415
G1 X138.468 Y46.403 E1072.74934
G1 X134.695 Y57.315 E1101.53481
G1 X130.646 Y65.030 E1123.25602
G1 X120.617 Y55.869 E1157.12011
G1 X90.930 Y39.290 E1241.89135
G1 X79.197 Y35.744 E1272.44891
G1 X73.777 Y36.497 E1286.09124
G1 X62.545 Y42.957 F7800.000
G1 F3600
G1 X68.568 Y33.530 E1313.97944
G1 X74.362 Y17.208 E1357.15907
G1 X74.639 Y14.778 E1363.25647
G1 X77.332 Y14.640 E1369.97860
G1 X77.973 Y17.565 E1377.44236
G1 X84.804 Y26.601 E1405.68273
G1 X94.078 Y31.569 E1431.91089
G1 X125.648 Y40.514 E1513.71712
G1 X136.887 Y41.023 E1541.76462
G1 X147.574 Y36.296 E1570.89777
G1 X139.576 Y59.425 E1631.91186
G1 X129.783 Y78.085 E1684.44892
G1 X125.801 Y67.786 E1711.97672
G1 X117.495 Y60.199 E1740.02400
G1 X88.846 Y44.200 E1821.83051
G1 X78.775 Y41.156 E1848.05845
G1 X67.555 Y42.715 E1876.29904
G1 X64.355 Y44.765 E1885.77353
G1 X63.023 Y43.434 E1890.46875
G1 X77.134 Y-25.248 F7800.000
G1 F3600
G1 X73.108 Y-36.590 E1920.47308
G1 X79.197 Y-35.744 E1935.79825
G1 X90.930 Y-39.290 E1966.35582
G1 X120.617 Y-55.869 E2051.12698
G1 X130.646 Y-65.030 E2084.99110
G1 X134.695 Y-57.315 E2106.71223
G1 X138.468 Y-46.403 E2135.49768
G1 X124.794 Y-45.784 E2169.62294
G1 X92.079 Y-36.515 E2254.39375
G1 X81.275 Y-30.726 E2284.95155
G1 X77.541 Y-25.787 E2300.38777
G1 X74.639 Y-14.778 F7800.000
G1 F3600
G1 X74.362 Y-17.208 E2306.48514
G1 X68.568 Y-33.530 E2349.66482
G1 X62.545 Y-42.957 E2377.55296
G1 X64.355 Y-44.765 E2383.93101
G1 X67.555 Y-42.715 E2393.40550
G1 X78.775 Y-41.156 E2421.64609
G1 X88.846 Y-44.200 E2447.87404
G1 X117.495 Y-60.199 E2529.68051
G1 X125.801 Y-67.786 E2557.72774
G1 X129.783 Y-78.085 E2585.25563
G1 X139.576 Y-59.425 E2637.79266
G1 X147.574 Y-36.296 E2698.80680
G1 X136.887 Y-41.023 E2727.93996
G1 X125.648 Y-40.514 E2755.98752
G1 X94.078 Y-31.569 E2837.79368
G1 X84.804 Y-26.601 E2864.02182
G1 X77.973 Y-17.565 E2892.26221
G1 X77.332 Y-14.640 E2899.72599
G1 X75.313 Y-14.744 E2904.76530
G1 X38.926 Y-90.278 F7800.000
G1 F3600
G1 X36.311 Y-91.361 E2911.82239
G1 X45.784 Y-124.794 E2998.45540
G1 X46.402 Y-138.459 E3032.55760
G1 X51.906 Y-136.865 E3046.84270
G1 X65.024 Y-130.640 E3083.04225
G1 X55.869 Y-120.617 E3116.88599
G1 X39.255 Y-90.867 E3201.83643
G1 X36.279 Y-84.279 F7800.000
G1 F3600
G1 X26.319 Y-84.279 E3226.66764
G1 X31.569 Y-94.078 E3254.38034
G1 X40.514 Y-125.648 E3336.18653
G1 X41.023 Y-136.887 E3364.23409
G1 X36.634 Y-146.809 E3391.28318
G1 X53.792 Y-141.839 E3435.81938
G1 X78.699 Y-130.020 E3504.55019
G1 X67.786 Y-125.801 E3533.72056
G1 X60.199 Y-117.495 E3561.76793
G1 X44.200 Y-88.846 E3643.57434
G1 X41.156 Y-78.775 E3669.80239
G1 X42.715 Y-67.555 E3698.04289
G1 X44.704 Y-64.450 E3707.23639
G1 X42.934 Y-62.641 E3713.54599
G1 X36.279 Y-66.698 E3732.97637
G1 X36.279 Y-83.604 E3775.12634
G1 X31.475 Y-79.475 F7800.000
G1 F1800
G1 X12.746 Y-79.475 E3813.04623
G1 X12.496 Y-81.781 E3817.74150
G1 X15.507 Y-82.441 E3823.98302
G1 X22.863 Y-88.002 E3842.65293
G1 X27.089 Y-95.888 E3860.76720
G1 X35.740 Y-126.422 E3925.02130
G1 X36.172 Y-135.976 E3944.38467
G1 X32.184 Y-144.992 E3964.34468
G1 X24.597 Y-151.287 E3984.30473
G1 X20.880 Y-152.160 E3992.03456
G1 X21.308 Y-154.568 E3996.98568
G1 X31.307 Y-153.354 E4017.37919
G1 X55.502 Y-146.346 E4068.37762
G1 X78.258 Y-135.548 E4119.37603
G1 X95.204 Y-123.851 E4161.06389
G1 X93.824 Y-121.742 E4166.16700
G1 X89.583 Y-124.369 E4176.26671
G1 X79.767 Y-125.282 E4196.22671
G1 X70.572 Y-121.727 E4216.18671
G1 X64.122 Y-114.666 E4235.54990
G1 X48.648 Y-86.958 E4299.80417
G1 X46.060 Y-78.393 E4317.91840
G1 X47.329 Y-69.260 E4336.58833
G1 X52.154 Y-61.726 E4354.70259
G1 X61.726 Y-52.154 E4382.10852
G1 X69.260 Y-47.329 E4400.22276
G1 X78.393 Y-46.060 E4418.89275
G1 X86.958 Y-48.648 E4437.00691
G1 X114.666 Y-64.122 E4501.26124
G1 X121.727 Y-70.572 E4520.62434
G1 X125.282 Y-79.767 E4540.58438
G1 X124.369 Y-89.583 E4560.54447
G1 X122.610 Y-92.422 E4567.30516
G1 X124.650 Y-93.816 E4572.30648
G1 X132.287 Y-83.653 E4598.04429
G1 X143.999 Y-61.338 E4649.06965
G1 X151.160 Y-40.625 E4693.44171
G1 X151.955 Y-37.543 E4699.88633
G1 X154.531 Y-21.694 E4732.39425
G1 X152.083 Y-21.209 E4737.44619
G1 X151.287 Y-24.597 E4744.49349
G1 X144.992 Y-32.184 E4764.45354
G1 X135.976 Y-36.172 E4784.41358
G1 X126.422 Y-35.740 E4803.77692
G1 X95.888 Y-27.089 E4868.03104
G1 X88.002 Y-22.863 E4886.14533
G1 X82.441 Y-15.507 E4904.81519
G1 X80.525 Y-6.768 E4922.92944
G1 X80.525 Y6.768 E4950.33541
G1 X82.441 Y15.507 E4968.44966
G1 X88.002 Y22.863 E4987.11952
G1 X95.888 Y27.089 E5005.23382
G1 X126.422 Y35.740 E5069.48796
G1 X135.976 Y36.172 E5088.85128
G1 X144.992 Y32.184 E5108.81130
G1 X151.287 Y24.597 E5128.77136
G1 X152.083 Y21.209 E5135.81866
G1 X154.531 Y21.694 E5140.87060
G1 X151.955 Y37.543 E5173.37852
G1 X151.160 Y40.625 E5179.82314
G1 X143.999 Y61.338 E5224.19518
G1 X132.287 Y83.653 E5275.22054
G1 X124.650 Y93.816 E5300.95868
G1 X122.610 Y92.422 E5305.96000
G1 X124.369 Y89.583 E5312.72106
G1 X125.282 Y79.767 E5332.68108
G1 X121.727 Y70.572 E5352.64109
G1 X114.666 Y64.122 E5372.00423
G1 X86.958 Y48.648 E5436.25857
G1 X78.393 Y46.060 E5454.37272
G1 X69.260 Y47.329 E5473.04271
G1 X61.726 Y52.154 E5491.15695
G1 X52.154 Y61.726 E5518.56287
G1 X47.329 Y69.260 E5536.67712
G1 X46.060 Y78.393 E5555.34710
G1 X48.648 Y86.958 E5573.46125
G1 X64.122 Y114.666 E5637.71559
G1 X70.572 Y121.727 E5657.07873
G1 X79.767 Y125.282 E5677.03874
G1 X89.583 Y124.369 E5696.99876
G1 X93.824 Y121.742 E5707.09863
G1 X95.204 Y123.851 E5712.20176
G1 X78.258 Y135.548 E5753.88977
G1 X55.467 Y146.362 E5804.96629
G1 X40.733 Y151.130 E5836.31975
G1 X31.369 Y153.346 E5855.80351
G1 X21.308 Y154.568 E5876.32188
G1 X20.880 Y152.160 E5881.27301
G1 X24.597 Y151.287 E5889.00298
G1 X32.184 Y144.992 E5908.96304
G1 X36.172 Y135.976 E5928.92307
G1 X35.740 Y126.422 E5948.28639
G1 X27.089 Y95.888 E6012.54053
G1 X22.863 Y88.002 E6030.65483
G1 X15.507 Y82.441 E6049.32469
G1 X12.496 Y81.781 E6055.56653
G1 X12.746 Y79.475 E6060.26180
G1 X31.475 Y79.475 E6098.18198
G1 X31.475 Y64.000 E6129.51392
G1 X43.898 Y56.426 E6158.97269
G1 X55.490 Y45.076 E6191.81760
G1 X64.224 Y31.406 E6224.66251
G1 X69.651 Y16.118 E6257.50742
G1 X71.491 Y-0.000 E6290.35234
G1 X69.651 Y-16.118 E6323.19723
G1 X64.224 Y-31.406 E6356.04216
G1 X55.490 Y-45.076 E6388.88705
G1 X43.898 Y-56.426 E6421.73196
G1 X31.475 Y-64.000 E6451.19073
G1 X31.475 Y-78.800 E6481.15608
G1 X30.737 Y-83.914 F7800.000
G1 E6479.15608 F2400.00000
G92 E0
G1 X96.815 Y-121.794 F7800.000
G1 E2.00000 F2400.00000
G1 F1800
G1 X100.336 Y-118.343 E17.39123
G1 F1800
G1 X107.378 Y-111.442 E48.63484
G1 X108.250 Y-108.796 F7800.000
G1 F900
G1 X110.041 Y-110.623 E53.81372
G1 X117.155 Y-103.790 E73.78428
G1 X118.671 Y-101.772 E78.89371
G1 X116.852 Y-100.194 E83.76868
G1 X108.728 Y-108.319 E107.03183
G1 X110.668 Y-109.631 F7800.000
G1 E105.03183 F2400.00000
G92 E0
G1 X153.475 Y-12.760 F7800.000
G1 E2.00000 F2400.00000
G1 F1800
G1 X156.007 Y-12.811 E7.12700
G1 X156.523 Y-0.000 E33.08523
G1 X156.007 Y12.811 E59.04346
G1 X153.475 Y12.760 E64.17046
G1 X153.475 Y-12.085 E114.47171
G1 X155.724 Y-11.596 F7800.000
G1 E112.47171 F2400.00000
G92 E0
G1 X116.852 Y100.194 F7800.000
G1 E2.00000 F2400.00000
G1 F900
G1 X118.671 Y101.772 E6.87497
G1 X117.155 Y103.790 E11.98471
G1 X110.040 Y110.624 E31.95750
G1 X108.250 Y108.797 E37.13638
G1 X116.375 Y100.671 E60.40206
G1 X117.740 Y102.432 F7800.000
G1 X107.377 Y111.443 F7800.000
G1 F1800
G1 X100.336 Y118.343 E91.64314
G1 F1800
G1 X96.816 Y121.794 E107.03317
G1 E105.03317 F2400.00000
G92 E0
G1 X52.101 Y119.955 F7800.000
G1 E2.00000 F2400.00000
G1 F1200
G1 X51.833 Y119.584 E2.02564
G1 F1200
G1 X51.566 Y119.213 E2.07252
G1 F1200
G1 X51.299 Y118.842 E2.14063
G1 F1200
G1 X51.031 Y118.471 E2.22997
G1 F1200
G1 X50.764 Y118.100 E2.34054
G1 F1200
G1 X50.496 Y117.729 E2.47234
G1 F1200
G1 X50.229 Y117.359 E2.62537
G1 F1200
G1 X49.961 Y116.988 E2.79964
G1 F1200
G1 X49.694 Y116.617 E2.99514
G1 F1200
G1 X49.426 Y116.246 E3.21187
G1 F1200
G1 X49.159 Y115.875 E3.44983
G1 F1200
G1 X48.891 Y115.504 E3.70903
G1 F1200
G1 X48.758 Y115.319 E3.84924
G1 X48.712 Y115.288 E3.88327
G1 F1200
G1 X48.620 Y115.225 E3.95653
G1 F1200
G1 X48.528 Y115.163 E4.03500
G1 F1200
G1 X48.436 Y115.101 E4.11867
G1 F1200
G1 X48.344 Y115.038 E4.20754
G1 F1200
G1 X48.252 Y114.976 E4.30161
G1 F1200
G1 X48.161 Y114.914 E4.40088
G1 F1200
G1 X48.069 Y114.852 E4.50536
G1 F1200
G1 X47.977 Y114.789 E4.61504
G1 F1200
G1 X47.885 Y114.727 E4.72993
G1 F1200
G1 X47.793 Y114.665 E4.85001
G1 F1200
G1 X47.701 Y114.603 E4.97530
G1 F1200
G1 X47.609 Y114.540 E5.10579
G1 F1200
G1 X47.518 Y114.478 E5.24149
G1 F1200
G1 X47.426 Y114.416 E5.38238
G1 F1200
G1 X47.380 Y114.385 E5.45543
G1 F1200
G1 X47.211 Y113.979 E6.03421
G1 F1200
G1 X47.043 Y113.572 E6.59247
G1 F1200
G1 X46.875 Y113.166 E7.13021
G1 F1200
G1 X46.707 Y112.760 E7.64743
G1 F1200
G1 X46.538 Y112.354 E8.14413
G1 F1200
G1 X46.370 Y111.948 E8.62031
G1 F1200
G1 X46.202 Y111.541 E9.07596
G1 F1200
G1 X46.034 Y111.135 E9.51109
G1 F1200
G1 X45.865 Y110.729 E9.92571
G1 F1200
G1 X45.697 Y110.323 E10.31980
G1 F1200
G1 X45.529 Y109.917 E10.69337
G1 F1200
G1 X45.361 Y109.511 E11.04642
G1 F1200
G1 X45.192 Y109.104 E11.37894
G1 F1200
G1 X45.024 Y108.698 E11.69095
G1 F1200
G1 X44.856 Y108.292 E11.98243
G1 F1200
G1 X44.688 Y107.886 E12.25340
G1 F1200
G1 X44.520 Y107.480 E12.50384
G1 F1200
G1 X44.351 Y107.073 E12.73376
G1 F1200
G1 X44.183 Y106.667 E12.94316
G1 F1200
G1 X44.015 Y106.261 E13.13204
G1 F1200
G1 X43.847 Y105.855 E13.30040
G1 F1200
G1 X43.678 Y105.449 E13.44824
G1 F1200
G1 X43.510 Y105.042 E13.57555
G1 F1200
G1 X43.342 Y104.636 E13.68235
G1 F1200
G1 X43.174 Y104.230 E13.76862
G1 F1200
G1 X43.005 Y103.824 E13.83437
G1 F1200
G1 X42.837 Y103.418 E13.87960
G1 F1200
G1 X42.753 Y103.215 E13.89196
G1 X47.380 Y114.385 F7800.000
G1 F1200
G1 X47.359 Y114.494 E14.03806
G1 F1200
G1 X47.338 Y114.603 E14.17896
G1 F1200
G1 X47.317 Y114.712 E14.31466
G1 F1200
G1 X47.296 Y114.821 E14.44515
G1 F1200
G1 X47.275 Y114.930 E14.57044
G1 F1200
G1 X47.254 Y115.039 E14.69053
G1 F1200
G1 X47.233 Y115.148 E14.80542
G1 F1200
G1 X47.212 Y115.257 E14.91510
G1 F1200
G1 X47.191 Y115.366 E15.01958
G1 F1200
G1 X47.170 Y115.475 E15.11885
G1 F1200
G1 X47.149 Y115.584 E15.21292
G1 F1200
G1 X47.128 Y115.693 E15.30179
G1 F1200
G1 X47.107 Y115.802 E15.38546
G1 F1200
G1 X47.087 Y115.911 E15.46392
G1 F1200
G1 X47.066 Y116.020 E15.53718
G1 F1200
G1 X47.139 Y116.471 E15.81757
G1 F1200
G1 X47.212 Y116.922 E16.07674
G1 F1200
G1 X47.285 Y117.374 E16.31467
G1 F1200
G1 X47.358 Y117.825 E16.53137
G1 F1200
G1 X47.431 Y118.276 E16.72685
G1 F1200
G1 X47.504 Y118.728 E16.90109
G1 F1200
G1 X47.578 Y119.179 E17.05411
G1 F1200
G1 X47.651 Y119.630 E17.18590
G1 F1200
G1 X47.724 Y120.082 E17.29645
G1 F1200
G1 X47.797 Y120.533 E17.38578
G1 F1200
G1 X47.870 Y120.984 E17.45388
G1 F1200
G1 X47.943 Y121.436 E17.50075
G1 F1200
G1 X47.980 Y121.662 E17.51358
G1 X40.590 Y87.166 F7800.000
G1 F1200
G1 X40.412 Y86.746 E17.53317
G1 X40.377 Y86.715 E17.53519
G1 F1200
G1 X40.307 Y86.652 E17.54354
G1 F1200
G1 X40.237 Y86.589 E17.55620
G1 F1200
G1 X40.167 Y86.526 E17.57317
G1 F1200
G1 X40.097 Y86.463 E17.59445
G1 F1200
G1 X40.027 Y86.400 E17.62005
G1 F1200
G1 X39.957 Y86.337 E17.64995
G1 F1200
G1 X39.887 Y86.275 E17.68417
G1 F1200
G1 X39.817 Y86.212 E17.72270
G1 F1200
G1 X39.757 Y86.169 E17.75629
G1 X39.703 Y85.797 E17.92748
G1 F1200
G1 X39.648 Y85.425 E18.08839
G1 F1200
G1 X39.593 Y85.053 E18.23182
G1 F1200
G1 X39.538 Y84.682 E18.35777
G1 F1200
G1 X39.483 Y84.310 E18.46624
G1 F1200
G1 X39.428 Y83.938 E18.55724
G1 F1200
G1 X39.373 Y83.566 E18.63076
G1 F1200
G1 X39.318 Y83.195 E18.68680
G1 F1200
G1 X39.263 Y82.823 E18.72537
G1 F1200
G1 X39.235 Y82.637 E18.73591
G1 X38.634 Y87.218 F7800.000
G1 F1200
G1 X38.301 Y87.284 E18.75493
G1 F1200
G1 X37.968 Y87.350 E18.78969
G1 F1200
G1 X37.636 Y87.417 E18.84018
G1 F1200
G1 X37.303 Y87.483 E18.90642
G1 F1200
G1 X36.970 Y87.549 E18.98840
G1 F1200
G1 X36.637 Y87.615 E19.08612
G1 F1200
G1 X36.305 Y87.681 E19.19957
G1 F1200
G1 X35.972 Y87.747 E19.32877
G1 F1200
G1 X35.639 Y87.814 E19.47370
G1 F1200
G1 X35.306 Y87.880 E19.63438
G1 F1200
G1 X34.974 Y87.946 E19.81079
G1 F1200
G1 X34.641 Y88.012 E20.00295
G1 F1200
G1 X34.308 Y88.078 E20.21084
G1 F1200
G1 X33.976 Y88.145 E20.43447
G1 F1200
G1 X33.643 Y88.211 E20.67385
G1 F1200
G1 X33.310 Y88.277 E20.92896
G1 F1200
G1 X32.977 Y88.343 E21.19981
G1 F1200
G1 X32.645 Y88.409 E21.48640
G1 F1200
G1 X32.312 Y88.475 E21.78873
G1 F1200
G1 X31.979 Y88.542 E22.10680
G1 F1200
G1 X31.647 Y88.608 E22.44061
G1 X39.263 Y70.722 F7800.000
G1 F1200
G1 X39.329 Y69.769 E22.51141
G1 F1200
G1 X39.395 Y68.816 E22.62163
G1 F1200
G1 X39.461 Y67.864 E22.77126
G1 X43.509 Y59.793 F7800.000
G1 F1200
G1 X43.901 Y59.818 E23.38151
G1 F1200
G1 X44.292 Y59.844 E24.00959
G1 F1200
G1 X44.684 Y59.869 E24.65550
G1 F1200
G1 X45.076 Y59.894 E25.31924
G1 F1200
G1 X45.468 Y59.920 E26.00080
G1 F1200
G1 X45.860 Y59.945 E26.70019
G1 F1200
G1 X46.251 Y59.971 E27.41741
G1 F1200
G1 X46.643 Y59.996 E28.15246
G1 F1200
G1 X47.035 Y60.021 E28.90533
G1 F1200
G1 X47.102 Y60.022 E29.03612
G1 F1200
G1 X47.168 Y60.023 E29.16986
G1 F1200
G1 X47.235 Y60.024 E29.30656
G1 F1200
G1 X47.335 Y60.025 E29.51609
G1 X47.594 Y59.706 E30.37572
G1 F1200
G1 X47.853 Y59.388 E31.21748
G1 F1200
G1 X48.112 Y59.070 E32.04136
G1 F1200
G1 X48.415 Y58.719 E32.95174
G1 F1200
G1 X48.588 Y58.528 E33.45199
G1 X51.919 Y55.232 E42.52190
G1 F1200
G1 X58.580 Y48.640 E60.27985
G1 X59.001 Y48.271 E61.34231
G1 F1200
G1 X60.443 Y46.982 E65.08649
G1 F1200
G1 X61.885 Y45.692 E68.90991
G1 X68.414 Y39.919 F7800.000
G1 F1200
G1 X68.561 Y39.618 E68.99122
G1 F1200
G1 X68.856 Y39.015 E69.12259
G1 F1200
G1 X69.151 Y38.412 E69.22273
G1 F1200
G1 X69.446 Y37.809 E69.29164
G1 F1200
G1 X69.740 Y37.207 E69.32931
G1 X75.863 Y12.310 F7800.000
G1 F1200
G1 X75.844 Y11.946 E70.20216
G1 F1200
G1 X75.807 Y11.218 E71.91549
G1 F1200
G1 X75.770 Y10.490 E73.59644
G1 F1200
G1 X75.733 Y9.761 E75.24501
G1 F1200
G1 X75.696 Y9.033 E76.86119
G1 F1200
G1 X75.658 Y8.305 E78.44499
G1 F1200
G1 X75.621 Y7.577 E79.99641
G1 F1200
G1 X75.622 Y7.211 E80.75907
G1 F1200
G1 X75.647 Y6.604 E82.00348
G1 F1200
G1 X75.695 Y5.755 E83.70573
G1 F1200
G1 X75.743 Y4.907 E85.36938
G1 F1200
G1 X75.792 Y4.058 E86.99444
G1 F1200
G1 X75.840 Y3.210 E88.58091
G1 F1200
G1 X75.888 Y2.361 E90.12878
G1 F1200
G1 X75.937 Y1.513 E91.63805
G1 F1200
G1 X75.985 Y0.664 E93.10872
G1 F1200
G1 X76.009 Y0.240 E93.82476
G1 X76.009 Y-0.240 E94.63291
G1 F1200
G1 X75.961 Y-1.088 E96.10359
G1 F1200
G1 X75.912 Y-1.937 E97.61286
G1 F1200
G1 X75.864 Y-2.785 E99.16073
G1 F1200
G1 X75.816 Y-3.634 E100.74720
G1 F1200
G1 X75.768 Y-4.483 E102.37226
G1 F1200
G1 X75.719 Y-5.331 E104.03591
G1 F1200
G1 X75.671 Y-6.180 E105.73816
G1 F1200
G1 X75.623 Y-7.028 E107.47901
G1 F1200
G1 X75.622 Y-7.394 E108.24168
G1 F1200
G1 X75.640 Y-7.941 E109.40589
G1 F1200
G1 X75.677 Y-8.669 E110.98968
G1 F1200
G1 X75.714 Y-9.397 E112.60586
G1 F1200
G1 X75.751 Y-10.125 E114.25443
G1 F1200
G1 X75.789 Y-10.854 E115.93537
G1 F1200
G1 X75.826 Y-11.582 E117.64870
G1 F1200
G1 X75.863 Y-12.310 E119.39440
G1 X69.740 Y-37.207 F7800.000
G1 F1200
G1 X69.446 Y-37.809 E119.43207
G1 F1200
G1 X69.151 Y-38.412 E119.50098
G1 F1200
G1 X68.856 Y-39.015 E119.60112
G1 F1200
G1 X68.561 Y-39.618 E119.73249
G1 F1200
G1 X68.414 Y-39.919 E119.81380
G1 X61.885 Y-45.692 F7800.000
G1 F1200
G1 X60.443 Y-46.982 E123.63723
G1 F1200
G1 X59.001 Y-48.271 E127.38141
G1 F1200
G1 X58.580 Y-48.640 E128.44387
G1 X51.919 Y-55.232 E146.20183
G1 F1200
G1 X48.588 Y-58.528 E155.27174
G1 X48.415 Y-58.719 E155.77198
G1 F1200
G1 X48.112 Y-59.070 E156.68236
G1 F1200
G1 X47.853 Y-59.388 E157.50624
G1 F1200
G1 X47.594 Y-59.706 E158.34799
G1 F1200
G1 X47.335 Y-60.025 E159.20761
G1 X47.235 Y-60.024 E159.41714
G1 F1200
G1 X47.168 Y-60.023 E159.55385
G1 F1200
G1 X47.102 Y-60.022 E159.68760
G1 F1200
G1 X47.035 Y-60.021 E159.81839
G1 F1200
G1 X46.643 Y-59.996 E160.57126
G1 F1200
G1 X46.251 Y-59.971 E161.30630
G1 F1200
G1 X45.860 Y-59.945 E162.02351
G1 F1200
G1 X45.468 Y-59.920 E162.72290
G1 F1200
G1 X45.076 Y-59.894 E163.40445
G1 F1200
G1 X44.684 Y-59.869 E164.06818
G1 F1200
G1 X44.292 Y-59.843 E164.71409
G1 F1200
G1 X43.901 Y-59.818 E165.34216
G1 F1200
G1 X43.509 Y-59.793 E165.95241
G1 X39.461 Y-67.864 F7800.000
G1 F1200
G1 X39.395 Y-68.816 E166.10204
G1 F1200
G1 X39.329 Y-69.769 E166.21226
G1 F1200
G1 X39.263 Y-70.722 E166.28306
G1 X39.235 Y-82.637 F7800.000
G1 F1200
G1 X39.263 Y-82.823 E166.29360
G1 F1200
G1 X39.318 Y-83.195 E166.33217
G1 F1200
G1 X39.373 Y-83.566 E166.38821
G1 F1200
G1 X39.428 Y-83.938 E166.46173
G1 F1200
G1 X39.483 Y-84.310 E166.55273
G1 F1200
G1 X39.538 Y-84.682 E166.66121
G1 F1200
G1 X39.593 Y-85.053 E166.78717
G1 F1200
G1 X39.648 Y-85.425 E166.93060
G1 F1200
G1 X39.703 Y-85.797 E167.09151
G1 F1200
G1 X39.757 Y-86.169 E167.26270
G1 X39.817 Y-86.212 E167.29630
G1 F1200
G1 X39.887 Y-86.275 E167.33482
G1 F1200
G1 X39.957 Y-86.338 E167.36904
G1 F1200
G1 X40.027 Y-86.400 E167.39895
G1 F1200
G1 X40.097 Y-86.463 E167.42454
G1 F1200
G1 X40.167 Y-86.526 E167.44582
G1 F1200
G1 X40.237 Y-86.589 E167.46280
G1 F1200
G1 X40.307 Y-86.652 E167.47546
G1 F1200
G1 X40.377 Y-86.715 E167.48380
G1 F1200
G1 X40.412 Y-86.746 E167.48582
G1 X40.590 Y-87.166 E167.50542
G1 X38.634 Y-87.218 F7800.000
G1 F1200
G1 X38.301 Y-87.284 E167.52444
G1 F1200
G1 X37.968 Y-87.350 E167.55920
G1 F1200
G1 X37.636 Y-87.417 E167.60970
G1 F1200
G1 X37.303 Y-87.483 E167.67594
G1 F1200
G1 X36.970 Y-87.549 E167.75792
G1 F1200
G1 X36.637 Y-87.615 E167.85563
G1 F1200
G1 X36.305 Y-87.681 E167.96909
G1 F1200
G1 X35.972 Y-87.747 E168.09829
G1 F1200
G1 X35.639 Y-87.814 E168.24323
G1 F1200
G1 X35.307 Y-87.880 E168.40391
G1 F1200
G1 X34.974 Y-87.946 E168.58033
G1 F1200
G1 X34.641 Y-88.012 E168.77249
G1 F1200
G1 X34.308 Y-88.078 E168.98038
G1 F1200
G1 X33.976 Y-88.145 E169.20402
G1 F1200
G1 X33.643 Y-88.211 E169.44340
G1 F1200
G1 X33.310 Y-88.277 E169.69852
G1 F1200
G1 X32.977 Y-88.343 E169.96938
G1 F1200
G1 X32.645 Y-88.409 E170.25598
G1 F1200
G1 X32.312 Y-88.475 E170.55831
G1 F1200
G1 X31.979 Y-88.542 E170.87639
G1 F1200
G1 X31.647 Y-88.608 E171.21021
G1 X42.753 Y-103.215 F7800.000
G1 F1200
G1 X42.837 Y-103.418 E171.22256
G1 F1200
G1 X43.005 Y-103.824 E171.26779
G1 F1200
G1 X43.174 Y-104.230 E171.33355
G1 F1200
G1 X43.342 Y-104.636 E171.41982
G1 F1200
G1 X43.510 Y-105.042 E171.52661
G1 F1200
G1 X43.678 Y-105.449 E171.65392
G1 F1200
G1 X43.847 Y-105.855 E171.80176
G1 F1200
G1 X44.015 Y-106.261 E171.97012
G1 F1200
G1 X44.183 Y-106.667 E172.15899
G1 F1200
G1 X44.351 Y-107.073 E172.36839
G1 F1200
G1 X44.520 Y-107.480 E172.59831
G1 F1200
G1 X44.688 Y-107.886 E172.84875
G1 F1200
G1 X44.856 Y-108.292 E173.11971
G1 F1200
G1 X45.024 Y-108.698 E173.41119
G1 F1200
G1 X45.192 Y-109.104 E173.72320
G1 F1200
G1 X45.361 Y-109.511 E174.05572
G1 F1200
G1 X45.529 Y-109.917 E174.40877
G1 F1200
G1 X45.697 Y-110.323 E174.78233
G1 F1200
G1 X45.865 Y-110.729 E175.17642
G1 F1200
G1 X46.034 Y-111.135 E175.59103
G1 F1200
G1 X46.202 Y-111.541 E176.02615
G1 F1200
G1 X46.370 Y-111.948 E176.48180
G1 F1200
G1 X46.538 Y-112.354 E176.95797
G1 F1200
G1 X46.707 Y-112.760 E177.45467
G1 F1200
G1 X46.875 Y-113.166 E177.97188
G1 F1200
G1 X47.043 Y-113.572 E178.50961
G1 F1200
G1 X47.211 Y-113.979 E179.06787
G1 F1200
G1 X47.380 Y-114.385 E179.64664
G1 F1200
G1 X47.369 Y-114.439 E179.71969
G1 F1200
G1 X47.348 Y-114.548 E179.86059
G1 F1200
G1 X47.327 Y-114.657 E179.99629
G1 F1200
G1 X47.306 Y-114.766 E180.12678
G1 F1200
G1 X47.285 Y-114.875 E180.25207
G1 F1200
G1 X47.265 Y-114.984 E180.37216
G1 F1200
G1 X47.244 Y-115.093 E180.48704
G1 F1200
G1 X47.223 Y-115.202 E180.59672
G1 F1200
G1 X47.202 Y-115.311 E180.70120
G1 F1200
G1 X47.181 Y-115.420 E180.80048
G1 F1200
G1 X47.160 Y-115.529 E180.89455
G1 F1200
G1 X47.139 Y-115.638 E180.98342
G1 F1200
G1 X47.118 Y-115.747 E181.06708
G1 F1200
G1 X47.097 Y-115.856 E181.14554
G1 F1200
G1 X47.076 Y-115.965 E181.21880
G1 F1200
G1 X47.066 Y-116.020 E181.25283
G1 X47.102 Y-116.245 E181.39303
G1 F1200
G1 X47.175 Y-116.697 E181.65220
G1 F1200
G1 X47.248 Y-117.148 E181.89013
G1 F1200
G1 X47.322 Y-117.599 E182.10684
G1 F1200
G1 X47.395 Y-118.051 E182.30232
G1 F1200
G1 X47.468 Y-118.502 E182.47657
G1 F1200
G1 X47.541 Y-118.953 E182.62958
G1 F1200
G1 X47.614 Y-119.405 E182.76137
G1 F1200
G1 X47.687 Y-119.856 E182.87193
G1 F1200
G1 X47.761 Y-120.307 E182.96126
G1 F1200
G1 X47.834 Y-120.759 E183.02936
G1 F1200
G1 X47.907 Y-121.210 E183.07623
G1 F1200
G1 X47.980 Y-121.662 E183.10188
G1 X51.566 Y-119.213 F7800.000
G1 F1200
G1 X51.298 Y-118.842 E183.16998
G1 F1200
G1 X51.031 Y-118.471 E183.25932
G1 F1200
G1 X50.764 Y-118.100 E183.36989
G1 F1200
G1 X50.496 Y-117.729 E183.50169
G1 F1200
G1 X50.229 Y-117.359 E183.65472
G1 F1200
G1 X49.961 Y-116.988 E183.82898
G1 F1200
G1 X49.694 Y-116.617 E184.02448
G1 F1200
G1 X49.426 Y-116.246 E184.24120
G1 F1200
G1 X49.159 Y-115.875 E184.47916
G1 F1200
G1 X48.891 Y-115.504 E184.73835
G1 F1200
G1 X48.758 Y-115.319 E184.87856
G1 X48.712 Y-115.287 E184.91259
G1 F1200
G1 X48.620 Y-115.225 E184.98585
G1 F1200
G1 X48.528 Y-115.163 E185.06432
G1 F1200
G1 X48.436 Y-115.101 E185.14798
G1 F1200
G1 X48.344 Y-115.038 E185.23685
G1 F1200
G1 X48.252 Y-114.976 E185.33092
G1 F1200
G1 X48.161 Y-114.914 E185.43020
G1 F1200
G1 X48.069 Y-114.852 E185.53468
G1 F1200
G1 X47.977 Y-114.789 E185.64436
G1 F1200
G1 X47.885 Y-114.727 E185.75924
G1 F1200
G1 X47.793 Y-114.665 E185.87932
G1 F1200
G1 X47.701 Y-114.603 E186.00461
G1 F1200
G1 X47.609 Y-114.540 E186.13510
G1 F1200
G1 X47.518 Y-114.478 E186.27080
G1 F1200
G1 X47.426 Y-114.416 E186.41169
G1 F1200
G1 X47.380 Y-114.385 E186.48474
G1 X51.566 Y-119.213 F7800.000
G1 F1200
G1 X51.833 Y-119.584 E186.53162
G1 F1200
G1 X52.101 Y-119.955 E186.55726
G1 E184.55726 F2400.00000
G92 E0
G1 X-31.647 Y-88.608 F7800.000
G1 E2.00000 F2400.00000
G1 F1200
G1 X-31.979 Y-88.542 E2.34167
G1 F1200
G1 X-32.312 Y-88.475 E2.66761
G1 F1200
G1 X-32.645 Y-88.409 E2.97780
G1 F1200
G1 X-32.977 Y-88.343 E3.27226
G1 F1200
G1 X-33.310 Y-88.277 E3.55097
G1 F1200
G1 X-33.643 Y-88.211 E3.81395
G1 F1200
G1 X-33.976 Y-88.145 E4.06119
G1 F1200
G1 X-34.308 Y-88.078 E4.29269
G1 F1200
G1 X-34.641 Y-88.012 E4.50844
G1 F1200
G1 X-34.974 Y-87.946 E4.70846
G1 F1200
G1 X-35.306 Y-87.880 E4.89274
G1 F1200
G1 X-35.639 Y-87.814 E5.06129
G1 F1200
G1 X-35.972 Y-87.747 E5.21409
G1 F1200
G1 X-36.305 Y-87.681 E5.35115
G1 F1200
G1 X-36.637 Y-87.615 E5.47247
G1 F1200
G1 X-36.970 Y-87.549 E5.57806
G1 F1200
G1 X-37.303 Y-87.483 E5.66790
G1 F1200
G1 X-37.635 Y-87.417 E5.74201
G1 F1200
G1 X-37.968 Y-87.350 E5.80038
G1 F1200
G1 X-38.301 Y-87.284 E5.84300
G1 F1200
G1 X-38.634 Y-87.218 E5.86989
G1 X-39.817 Y-86.212 F7800.000
G1 F1200
G1 X-39.887 Y-86.275 E5.91058
G1 F1200
G1 X-39.957 Y-86.337 E5.94695
G1 F1200
G1 X-40.027 Y-86.400 E5.97901
G1 F1200
G1 X-40.097 Y-86.463 E6.00676
G1 F1200
G1 X-40.167 Y-86.526 E6.03020
G1 F1200
G1 X-40.237 Y-86.589 E6.04933
G1 F1200
G1 X-40.307 Y-86.652 E6.06415
G1 F1200
G1 X-40.377 Y-86.715 E6.07465
G1 F1200
G1 X-40.412 Y-86.746 E6.07775
G1 X-40.590 Y-87.166 E6.10781
G1 X-39.817 Y-86.212 F7800.000
G1 F1200
G1 X-39.757 Y-86.169 E6.14280
G1 X-39.730 Y-85.983 E6.23199
G1 F1200
G1 X-39.675 Y-85.611 E6.39290
G1 F1200
G1 X-39.620 Y-85.239 E6.53632
G1 F1200
G1 X-39.565 Y-84.867 E6.66227
G1 F1200
G1 X-39.510 Y-84.496 E6.77074
G1 F1200
G1 X-39.455 Y-84.124 E6.86174
G1 F1200
G1 X-39.400 Y-83.752 E6.93526
G1 F1200
G1 X-39.345 Y-83.381 E6.99130
G1 F1200
G1 X-39.290 Y-83.009 E7.02987
G1 F1200
G1 X-39.235 Y-82.637 E7.05095
G1 X-39.263 Y-70.721 F7800.000
G1 F1200
G1 X-39.329 Y-69.769 E7.12175
G1 F1200
G1 X-39.395 Y-68.816 E7.23196
G1 F1200
G1 X-39.461 Y-67.864 E7.38158
G1 X-43.509 Y-59.793 F7800.000
G1 F1200
G1 X-43.901 Y-59.818 E7.98293
G1 F1200
G1 X-44.292 Y-59.844 E8.60211
G1 F1200
G1 X-44.684 Y-59.869 E9.23912
G1 F1200
G1 X-45.076 Y-59.894 E9.89396
G1 F1200
G1 X-45.468 Y-59.920 E10.56662
G1 F1200
G1 X-45.860 Y-59.945 E11.25711
G1 F1200
G1 X-46.251 Y-59.971 E11.96543
G1 F1200
G1 X-46.643 Y-59.996 E12.69158
G1 F1200
G1 X-47.035 Y-60.021 E13.43555
G1 F1200
G1 X-47.102 Y-60.022 E13.56484
G1 F1200
G1 X-47.168 Y-60.023 E13.69709
G1 F1200
G1 X-47.235 Y-60.024 E13.83230
G1 F1200
G1 X-47.302 Y-60.024 E13.97046
G1 F1200
G1 X-47.335 Y-60.025 E14.04102
G1 X-47.594 Y-59.706 E14.90959
G1 F1200
G1 X-47.853 Y-59.388 E15.76029
G1 F1200
G1 X-48.112 Y-59.070 E16.59312
G1 F1200
G1 X-48.415 Y-58.719 E17.51359
G1 F1200
G1 X-48.588 Y-58.528 E18.01756
G1 X-51.919 Y-55.232 E27.15502
G1 F1200
G1 X-58.580 Y-48.640 E45.07755
G1 X-60.443 Y-46.982 E49.84869
G1 F1200
G1 X-61.885 Y-45.692 E53.63247
G1 X-68.414 Y-39.919 F7800.000
G1 F1200
G1 X-68.709 Y-39.316 E53.79508
G1 F1200
G1 X-69.003 Y-38.713 E53.92645
G1 F1200
G1 X-69.298 Y-38.111 E54.02659
G1 F1200
G1 X-69.593 Y-37.508 E54.09549
G1 F1200
G1 X-69.740 Y-37.207 E54.11433
G1 X-75.863 Y-12.310 F7800.000
G1 F1200
G1 X-75.826 Y-11.582 E55.86007
G1 F1200
G1 X-75.789 Y-10.854 E57.57343
G1 F1200
G1 X-75.751 Y-10.125 E59.25440
G1 F1200
G1 X-75.714 Y-9.397 E60.90300
G1 F1200
G1 X-75.677 Y-8.669 E62.51920
G1 F1200
G1 X-75.640 Y-7.941 E64.10303
G1 F1200
G1 X-75.622 Y-7.394 E65.26724
G1 F1200
G1 X-75.623 Y-7.028 E66.02990
G1 F1200
G1 X-75.671 Y-6.180 E67.77074
G1 F1200
G1 X-75.719 Y-5.331 E69.47299
G1 F1200
G1 X-75.768 Y-4.483 E71.13665
G1 F1200
G1 X-75.816 Y-3.634 E72.76170
G1 F1200
G1 X-75.864 Y-2.785 E74.34816
G1 F1200
G1 X-75.912 Y-1.937 E75.89603
G1 F1200
G1 X-75.961 Y-1.088 E77.40530
G1 F1200
G1 X-76.009 Y-0.240 E78.87597
G1 F1200
G1 X-76.009 Y0.240 E79.68413
G1 X-75.985 Y0.664 E80.40017
G1 F1200
G1 X-75.937 Y1.513 E81.87084
G1 F1200
G1 X-75.888 Y2.361 E83.38011
G1 F1200
G1 X-75.840 Y3.210 E84.92798
G1 F1200
G1 X-75.792 Y4.058 E86.51444
G1 F1200
G1 X-75.743 Y4.907 E88.13950
G1 F1200
G1 X-75.695 Y5.755 E89.80315
G1 F1200
G1 X-75.647 Y6.604 E91.50540
G1 F1200
G1 X-75.622 Y7.211 E92.74980
G1 F1200
G1 X-75.621 Y7.577 E93.51245
G1 F1200
G1 X-75.658 Y8.305 E95.06389
G1 F1200
G1 X-75.696 Y9.033 E96.64771
G1 F1200
G1 X-75.733 Y9.761 E98.26392
G1 F1200
G1 X-75.770 Y10.490 E99.91251
G1 F1200
G1 X-75.807 Y11.218 E101.59349
G1 F1200
G1 X-75.844 Y11.946 E103.30685
G1 F1200
G1 X-75.863 Y12.310 E104.17972
G1 X-69.740 Y37.207 F7800.000
G1 F1200
G1 X-69.593 Y37.508 E104.19856
G1 F1200
G1 X-69.298 Y38.111 E104.26746
G1 F1200
G1 X-69.003 Y38.713 E104.36760
G1 F1200
G1 X-68.709 Y39.316 E104.49897
G1 F1200
G1 X-68.414 Y39.919 E104.66158
G1 X-61.885 Y45.692 F7800.000
G1 F1200
G1 X-60.443 Y46.982 E108.44535
G1 F1200
G1 X-59.001 Y48.271 E112.14987
G1 F1200
G1 X-58.580 Y48.640 E113.20618
G1 X-56.021 Y51.173 E119.98884
G1 F1200
G1 X-50.903 Y56.237 E133.81065
G1 X-50.903 Y56.237 F7800.000
G1 F1200
G1 X-48.588 Y58.528 E140.16053
G1 X-48.415 Y58.719 E140.66449
G1 F1200
G1 X-48.112 Y59.070 E141.58496
G1 F1200
G1 X-47.853 Y59.388 E142.41780
G1 F1200
G1 X-47.594 Y59.706 E143.26851
G1 F1200
G1 X-47.335 Y60.025 E144.13709
G1 X-47.302 Y60.024 E144.20765
G1 F1200
G1 X-47.235 Y60.024 E144.34580
G1 F1200
G1 X-47.168 Y60.023 E144.48101
G1 F1200
G1 X-47.102 Y60.022 E144.61325
G1 F1200
G1 X-47.035 Y60.021 E144.74255
G1 F1200
G1 X-46.643 Y59.996 E145.48653
G1 F1200
G1 X-46.251 Y59.971 E146.21268
G1 F1200
G1 X-45.860 Y59.945 E146.92100
G1 F1200
G1 X-45.468 Y59.920 E147.61150
G1 F1200
G1 X-45.076 Y59.894 E148.28417
G1 F1200
G1 X-44.684 Y59.869 E148.93901
G1 F1200
G1 X-44.292 Y59.844 E149.57602
G1 F1200
G1 X-43.900 Y59.818 E150.19520
G1 F1200
G1 X-43.509 Y59.793 E150.79656
G1 X-39.461 Y67.864 F7800.000
G1 F1200
G1 X-39.395 Y68.816 E150.92648
G1 F1200
G1 X-39.329 Y69.769 E151.01698
G1 F1200
G1 X-39.263 Y70.721 E151.06807
G1 X-39.235 Y82.637 F7800.000
G1 F1200
G1 X-39.290 Y83.009 E151.08916
G1 F1200
G1 X-39.345 Y83.381 E151.12772
G1 F1200
G1 X-39.400 Y83.752 E151.18376
G1 F1200
G1 X-39.455 Y84.124 E151.25728
G1 F1200
G1 X-39.510 Y84.496 E151.34827
G1 F1200
G1 X-39.565 Y84.867 E151.45674
G1 F1200
G1 X-39.620 Y85.239 E151.58269
G1 F1200
G1 X-39.675 Y85.611 E151.72611
G1 F1200
G1 X-39.730 Y85.983 E151.88701
G1 F1200
G1 X-39.757 Y86.169 E151.97620
G1 X-39.817 Y86.212 E152.01119
G1 F1200
G1 X-39.887 Y86.275 E152.05187
G1 F1200
G1 X-39.957 Y86.337 E152.08824
G1 F1200
G1 X-40.027 Y86.400 E152.12031
G1 F1200
G1 X-40.097 Y86.463 E152.14806
G1 F1200
G1 X-40.167 Y86.526 E152.17150
G1 F1200
G1 X-40.237 Y86.589 E152.19062
G1 F1200
G1 X-40.307 Y86.652 E152.20544
G1 F1200
G1 X-40.377 Y86.715 E152.21595
G1 F1200
G1 X-40.412 Y86.746 E152.21904
G1 X-40.590 Y87.166 E152.24910
G1 X-38.634 Y87.218 F7800.000
G1 F1200
G1 X-38.301 Y87.284 E152.27599
G1 F1200
G1 X-37.968 Y87.350 E152.31862
G1 F1200
G1 X-37.635 Y87.417 E152.37698
G1 F1200
G1 X-37.303 Y87.483 E152.45109
G1 F1200
G1 X-36.970 Y87.549 E152.54093
G1 F1200
G1 X-36.637 Y87.615 E152.64651
G1 F1200
G1 X-36.305 Y87.681 E152.76783
G1 F1200
G1 X-35.972 Y87.747 E152.90489
G1 F1200
G1 X-35.639 Y87.814 E153.05769
G1 F1200
G1 X-35.306 Y87.880 E153.22623
G1 F1200
G1 X-34.974 Y87.946 E153.41051
G1 F1200
G1 X-34.641 Y88.012 E153.61053
G1 F1200
G1 X-34.308 Y88.078 E153.82628
G1 F1200
G1 X-33.976 Y88.145 E154.05777
G1 F1200
G1 X-33.643 Y88.211 E154.30501
G1 F1200
G1 X-33.310 Y88.277 E154.56798
G1 F1200
G1 X-32.977 Y88.343 E154.84669
G1 F1200
G1 X-32.645 Y88.409 E155.14114
G1 F1200
G1 X-32.312 Y88.475 E155.45133
G1 F1200
G1 X-31.979 Y88.542 E155.77726
G1 F1200
G1 X-31.646 Y88.608 E156.11892
G1 X-42.753 Y103.215 F7800.000
G1 F1200
G1 X-42.921 Y103.621 E156.14363
G1 F1200
G1 X-43.089 Y104.027 E156.18886
G1 F1200
G1 X-43.258 Y104.433 E156.25461
G1 F1200
G1 X-43.426 Y104.839 E156.34089
G1 F1200
G1 X-43.594 Y105.246 E156.44768
G1 F1200
G1 X-43.762 Y105.652 E156.57499
G1 F1200
G1 X-43.931 Y106.058 E156.72283
G1 F1200
G1 X-44.099 Y106.464 E156.89119
G1 F1200
G1 X-44.267 Y106.870 E157.08007
G1 F1200
G1 X-44.435 Y107.276 E157.28946
G1 F1200
G1 X-44.604 Y107.683 E157.51938
G1 F1200
G1 X-44.772 Y108.089 E157.76983
G1 F1200
G1 X-44.940 Y108.495 E158.04079
G1 F1200
G1 X-45.108 Y108.901 E158.33227
G1 F1200
G1 X-45.277 Y109.307 E158.64428
G1 F1200
G1 X-45.445 Y109.714 E158.97680
G1 F1200
G1 X-45.613 Y110.120 E159.32985
G1 F1200
G1 X-45.781 Y110.526 E159.70342
G1 F1200
G1 X-45.950 Y110.932 E160.09751
G1 F1200
G1 X-46.118 Y111.338 E160.51212
G1 F1200
G1 X-46.286 Y111.744 E160.94725
G1 F1200
G1 X-46.454 Y112.151 E161.40290
G1 F1200
G1 X-46.623 Y112.557 E161.87907
G1 F1200
G1 X-46.791 Y112.963 E162.37577
G1 F1200
G1 X-46.959 Y113.369 E162.89298
G1 F1200
G1 X-47.127 Y113.775 E163.43072
G1 F1200
G1 X-47.296 Y114.182 E163.98898
G1 F1200
G1 X-47.380 Y114.385 E164.27837
G1 F1200
G1 X-47.472 Y114.447 E164.42447
G1 F1200
G1 X-47.563 Y114.509 E164.56536
G1 F1200
G1 X-47.655 Y114.571 E164.70106
G1 F1200
G1 X-47.747 Y114.634 E164.83155
G1 F1200
G1 X-47.839 Y114.696 E164.95684
G1 F1200
G1 X-47.931 Y114.758 E165.07692
G1 F1200
G1 X-48.023 Y114.821 E165.19181
G1 F1200
G1 X-48.115 Y114.883 E165.30149
G1 F1200
G1 X-48.207 Y114.945 E165.40596
G1 F1200
G1 X-48.298 Y115.007 E165.50524
G1 F1200
G1 X-48.390 Y115.070 E165.59931
G1 F1200
G1 X-48.482 Y115.132 E165.68818
G1 F1200
G1 X-48.574 Y115.194 E165.77185
G1 F1200
G1 X-48.666 Y115.256 E165.85031
G1 F1200
G1 X-48.758 Y115.319 E165.92358
G1 F1200
G1 X-49.025 Y115.689 E166.20400
G1 F1200
G1 X-49.293 Y116.060 E166.46320
G1 F1200
G1 X-49.560 Y116.431 E166.70116
G1 F1200
G1 X-49.828 Y116.802 E166.91789
G1 F1200
G1 X-50.095 Y117.173 E167.11338
G1 F1200
G1 X-50.362 Y117.544 E167.28765
G1 F1200
G1 X-50.630 Y117.915 E167.44068
G1 F1200
G1 X-50.897 Y118.286 E167.57249
G1 F1200
G1 X-51.165 Y118.657 E167.68306
G1 F1200
G1 X-51.432 Y119.028 E167.77240
G1 F1200
G1 X-51.700 Y119.398 E167.84050
G1 F1200
G1 X-51.967 Y119.769 E167.88738
G1 F1200
G1 X-52.101 Y119.955 E167.90020
G1 X-47.797 Y120.533 F7800.000
G1 F1200
G1 X-47.870 Y120.984 E167.96830
G1 F1200
G1 X-47.943 Y121.436 E168.01517
G1 F1200
G1 X-47.980 Y121.661 E168.02800
G1 X-47.797 Y120.533 F7800.000
G1 F1200
G1 X-47.724 Y120.082 E168.11733
G1 F1200
G1 X-47.651 Y119.630 E168.22789
G1 F1200
G1 X-47.578 Y119.179 E168.35967
G1 F1200
G1 X-47.504 Y118.728 E168.51269
G1 F1200
G1 X-47.431 Y118.276 E168.68694
G1 F1200
G1 X-47.358 Y117.825 E168.88242
G1 F1200
G1 X-47.285 Y117.374 E169.09912
G1 F1200
G1 X-47.212 Y116.922 E169.33706
G1 F1200
G1 X-47.139 Y116.471 E169.59622
G1 F1200
G1 X-47.066 Y116.020 E169.87662
G1 F1200
G1 X-47.087 Y115.911 E169.94988
G1 F1200
G1 X-47.107 Y115.802 E170.02834
G1 F1200
G1 X-47.128 Y115.693 E170.11201
G1 F1200
G1 X-47.149 Y115.584 E170.20087
G1 F1200
G1 X-47.170 Y115.475 E170.29495
G1 F1200
G1 X-47.191 Y115.366 E170.39422
G1 F1200
G1 X-47.212 Y115.257 E170.49870
G1 F1200
G1 X-47.233 Y115.148 E170.60838
G1 F1200
G1 X-47.254 Y115.039 E170.72327
G1 F1200
G1 X-47.275 Y114.930 E170.84335
G1 F1200
G1 X-47.296 Y114.821 E170.96864
G1 F1200
G1 X-47.317 Y114.712 E171.09914
G1 F1200
G1 X-47.338 Y114.603 E171.23483
G1 F1200
G1 X-47.359 Y114.494 E171.37573
G1 F1200
G1 X-47.380 Y114.385 E171.52184
G1 E169.52184 F2400.00000
G92 E0
G1 X-103.215 Y42.753 F7800.000
G1 E2.00000 F2400.00000
G1 F1200
G1 X-103.621 Y42.921 E2.02471
G1 F1200
G1 X-104.027 Y43.089 E2.06994
G1 F1200
G1 X-104.433 Y43.258 E2.13569
G1 F1200
G1 X-104.839 Y43.426 E2.22196
G1 F1200
G1 X-105.246 Y43.594 E2.32876
G1 F1200
G1 X-105.652 Y43.762 E2.45607
G1 F1200
G1 X-106.058 Y43.931 E2.60391
G1 F1200
G1 X-106.464 Y44.099 E2.77226
G1 F1200
G1 X-106.870 Y44.267 E2.96114
G1 F1200
G1 X-107.277 Y44.435 E3.17054
G1 F1200
G1 X-107.683 Y44.604 E3.40046
G1 F1200
G1 X-108.089 Y44.772 E3.65090
G1 F1200
G1 X-108.495 Y44.940 E3.92186
G1 F1200
G1 X-108.901 Y45.108 E4.21334
G1 F1200
G1 X-109.307 Y45.277 E4.52534
G1 F1200
G1 X-109.714 Y45.445 E4.85787
G1 F1200
G1 X-110.120 Y45.613 E5.21091
G1 F1200
G1 X-110.526 Y45.781 E5.58448
G1 F1200
G1 X-110.932 Y45.950 E5.97857
G1 F1200
G1 X-111.338 Y46.118 E6.39317
G1 F1200
G1 X-111.745 Y46.286 E6.82830
G1 F1200
G1 X-112.151 Y46.454 E7.28395
G1 F1200
G1 X-112.557 Y46.623 E7.76012
G1 F1200
G1 X-112.963 Y46.791 E8.25682
G1 F1200
G1 X-113.369 Y46.959 E8.77403
G1 F1200
G1 X-113.775 Y47.127 E9.31176
G1 F1200
G1 X-114.182 Y47.296 E9.87002
G1 F1200
G1 X-114.385 Y47.380 E10.15941
G1 F1200
G1 X-114.494 Y47.359 E10.30551
G1 F1200
G1 X-114.603 Y47.338 E10.44641
G1 F1200
G1 X-114.712 Y47.317 E10.58210
G1 F1200
G1 X-114.821 Y47.296 E10.71259
G1 F1200
G1 X-114.930 Y47.275 E10.83788
G1 F1200
G1 X-115.039 Y47.254 E10.95797
G1 F1200
G1 X-115.148 Y47.233 E11.07285
G1 F1200
G1 X-115.257 Y47.212 E11.18254
G1 F1200
G1 X-115.366 Y47.191 E11.28701
G1 F1200
G1 X-115.475 Y47.170 E11.38629
G1 F1200
G1 X-115.584 Y47.149 E11.48036
G1 F1200
G1 X-115.693 Y47.128 E11.56923
G1 F1200
G1 X-115.802 Y47.107 E11.65289
G1 F1200
G1 X-115.911 Y47.087 E11.73136
G1 F1200
G1 X-116.020 Y47.066 E11.80462
G1 F1200
G1 X-116.471 Y47.139 E12.08501
G1 F1200
G1 X-116.922 Y47.212 E12.34418
G1 F1200
G1 X-117.374 Y47.285 E12.58211
G1 F1200
G1 X-117.825 Y47.358 E12.79882
G1 F1200
G1 X-118.276 Y47.431 E12.99430
G1 F1200
G1 X-118.728 Y47.504 E13.16854
G1 F1200
G1 X-119.179 Y47.578 E13.32156
G1 F1200
G1 X-119.630 Y47.651 E13.45335
G1 F1200
G1 X-120.082 Y47.724 E13.56391
G1 F1200
G1 X-120.533 Y47.797 E13.65324
G1 F1200
G1 X-120.984 Y47.870 E13.72134
G1 F1200
G1 X-121.436 Y47.943 E13.76821
G1 F1200
G1 X-121.662 Y47.980 E13.78103
G1 X-119.028 Y51.432 F7800.000
G1 F1200
G1 X-119.398 Y51.700 E13.84914
G1 F1200
G1 X-119.769 Y51.967 E13.89602
G1 F1200
G1 X-119.955 Y52.101 E13.90884
G1 X-119.028 Y51.432 F7800.000
G1 F1200
G1 X-118.657 Y51.165 E13.99818
G1 F1200
G1 X-118.286 Y50.897 E14.10874
G1 F1200
G1 X-117.915 Y50.630 E14.24054
G1 F1200
G1 X-117.544 Y50.362 E14.39358
G1 F1200
G1 X-117.173 Y50.095 E14.56784
G1 F1200
G1 X-116.802 Y49.828 E14.76333
G1 F1200
G1 X-116.431 Y49.560 E14.98006
G1 F1200
G1 X-116.060 Y49.293 E15.21802
G1 F1200
G1 X-115.690 Y49.025 E15.47721
G1 F1200
G1 X-115.319 Y48.758 E15.75763
G1 F1200
G1 X-115.256 Y48.666 E15.83089
G1 F1200
G1 X-115.194 Y48.574 E15.90935
G1 F1200
G1 X-115.132 Y48.482 E15.99302
G1 F1200
G1 X-115.070 Y48.390 E16.08189
G1 F1200
G1 X-115.007 Y48.298 E16.17596
G1 F1200
G1 X-114.945 Y48.207 E16.27524
G1 F1200
G1 X-114.883 Y48.115 E16.37972
G1 F1200
G1 X-114.821 Y48.023 E16.48939
G1 F1200
G1 X-114.758 Y47.931 E16.60428
G1 F1200
G1 X-114.696 Y47.839 E16.72436
G1 F1200
G1 X-114.634 Y47.747 E16.84965
G1 F1200
G1 X-114.572 Y47.655 E16.98014
G1 F1200
G1 X-114.509 Y47.563 E17.11584
G1 F1200
G1 X-114.447 Y47.472 E17.25673
G1 F1200
G1 X-114.385 Y47.380 E17.40283
G1 E15.40283 F2400.00000
G92 E0
G1 X-103.215 Y-42.753 F7800.000
G1 E2.00000 F2400.00000
G1 F1200
G1 X-103.621 Y-42.921 E2.02471
G1 F1200
G1 X-104.027 Y-43.089 E2.06994
G1 F1200
G1 X-104.433 Y-43.258 E2.13569
G1 F1200
G1 X-104.839 Y-43.426 E2.22196
G1 F1200
G1 X-105.246 Y-43.594 E2.32876
G1 F1200
G1 X-105.652 Y-43.762 E2.45607
G1 F1200
G1 X-106.058 Y-43.931 E2.60391
G1 F1200
G1 X-106.464 Y-44.099 E2.77226
G1 F1200
G1 X-106.870 Y-44.267 E2.96114
G1 F1200
G1 X-107.276 Y-44.435 E3.17054
G1 F1200
G1 X-107.683 Y-44.604 E3.40045
G1 F1200
G1 X-108.089 Y-44.772 E3.65089
G1 F1200
G1 X-108.495 Y-44.940 E3.92185
G1 F1200
G1 X-108.901 Y-45.108 E4.21334
G1 F1200
G1 X-109.307 Y-45.277 E4.52534
G1 F1200
G1 X-109.714 Y-45.445 E4.85786
G1 F1200
G1 X-110.120 Y-45.613 E5.21090
G1 F1200
G1 X-110.526 Y-45.781 E5.58447
G1 F1200
G1 X-110.932 Y-45.950 E5.97855
G1 F1200
G1 X-111.338 Y-46.118 E6.39316
G1 F1200
G1 X-111.744 Y-46.286 E6.82829
G1 F1200
G1 X-112.151 Y-46.454 E7.28394
G1 F1200
G1 X-112.557 Y-46.623 E7.76011
G1 F1200
G1 X-112.963 Y-46.791 E8.25680
G1 F1200
G1 X-113.369 Y-46.959 E8.77401
G1 F1200
G1 X-113.775 Y-47.127 E9.31174
G1 F1200
G1 X-114.182 Y-47.296 E9.86999
G1 F1200
G1 X-114.385 Y-47.380 E10.15938
G1 F1200
G1 X-114.494 Y-47.359 E10.30548
G1 F1200
G1 X-114.603 Y-47.338 E10.44638
G1 F1200
G1 X-114.712 Y-47.317 E10.58207
G1 F1200
G1 X-114.821 Y-47.296 E10.71256
G1 F1200
G1 X-114.930 Y-47.275 E10.83785
G1 F1200
G1 X-115.039 Y-47.254 E10.95794
G1 F1200
G1 X-115.148 Y-47.233 E11.07282
G1 F1200
G1 X-115.257 Y-47.212 E11.18250
G1 F1200
G1 X-115.366 Y-47.191 E11.28698
G1 F1200
G1 X-115.475 Y-47.170 E11.38626
G1 F1200
G1 X-115.584 Y-47.149 E11.48033
G1 F1200
G1 X-115.693 Y-47.128 E11.56920
G1 F1200
G1 X-115.801 Y-47.107 E11.65286
G1 F1200
G1 X-115.910 Y-47.087 E11.73132
G1 F1200
G1 X-116.019 Y-47.066 E11.80458
G1 F1200
G1 X-116.471 Y-47.139 E12.08498
G1 F1200
G1 X-116.922 Y-47.212 E12.34415
G1 F1200
G1 X-117.374 Y-47.285 E12.58209
G1 F1200
G1 X-117.825 Y-47.358 E12.79880
G1 F1200
G1 X-118.276 Y-47.431 E12.99428
G1 F1200
G1 X-118.728 Y-47.504 E13.16853
G1 F1200
G1 X-119.179 Y-47.578 E13.32155
G1 F1200
G1 X-119.630 Y-47.651 E13.45334
G1 F1200
G1 X-120.082 Y-47.724 E13.56390
G1 F1200
G1 X-120.533 Y-47.797 E13.65324
G1 F1200
G1 X-120.984 Y-47.870 E13.72134
G1 F1200
G1 X-121.436 Y-47.943 E13.76821
G1 F1200
G1 X-121.661 Y-47.980 E13.78103
G1 X-119.027 Y-51.432 F7800.000
G1 F1200
G1 X-119.398 Y-51.700 E13.84914
G1 F1200
G1 X-119.769 Y-51.967 E13.89601
G1 F1200
G1 X-119.955 Y-52.101 E13.90883
G1 X-119.027 Y-51.432 F7800.000
G1 F1200
G1 X-118.657 Y-51.165 E13.99817
G1 F1200
G1 X-118.286 Y-50.897 E14.10874
G1 F1200
G1 X-117.915 Y-50.630 E14.24054
G1 F1200
G1 X-117.544 Y-50.362 E14.39357
G1 F1200
G1 X-117.173 Y-50.095 E14.56783
G1 F1200
G1 X-116.802 Y-49.828 E14.76332
G1 F1200
G1 X-116.431 Y-49.560 E14.98005
G1 F1200
G1 X-116.060 Y-49.293 E15.21800
G1 F1200
G1 X-115.689 Y-49.025 E15.47719
G1 F1200
G1 X-115.319 Y-48.758 E15.75761
G1 F1200
G1 X-115.256 Y-48.666 E15.83087
G1 F1200
G1 X-115.194 Y-48.574 E15.90934
G1 F1200
G1 X-115.132 Y-48.482 E15.99300
G1 F1200
G1 X-115.070 Y-48.390 E16.08187
G1 F1200
G1 X-115.007 Y-48.298 E16.17594
G1 F1200
G1 X-114.945 Y-48.207 E16.27522
G1 F1200
G1 X-114.883 Y-48.115 E16.37970
G1 F1200
G1 X-114.820 Y-48.023 E16.48938
G1 F1200
G1 X-114.758 Y-47.931 E16.60426
G1 F1200
G1 X-114.696 Y-47.839 E16.72435
G1 F1200
G1 X-114.634 Y-47.747 E16.84963
G1 F1200
G1 X-114.571 Y-47.655 E16.98012
G1 F1200
G1 X-114.509 Y-47.563 E17.11582
G1 F1200
G1 X-114.447 Y-47.472 E17.25671
G1 F1200
G1 X-114.385 Y-47.380 E17.40281
G1 E15.40281 F2400.00000
G92 E0
G1 X-42.753 Y-103.215 F7800.000
G1 E2.00000 F2400.00000
G1 F1200
G1 X-42.921 Y-103.621 E2.02471
G1 F1200
G1 X-43.089 Y-104.027 E2.06994
G1 F1200
G1 X-43.258 Y-104.433 E2.13569
G1 F1200
G1 X-43.426 Y-104.839 E2.22196
G1 F1200
G1 X-43.594 Y-105.246 E2.32876
G1 F1200
G1 X-43.762 Y-105.652 E2.45607
G1 F1200
G1 X-43.931 Y-106.058 E2.60390
G1 F1200
G1 X-44.099 Y-106.464 E2.77226
G1 F1200
G1 X-44.267 Y-106.870 E2.96114
G1 F1200
G1 X-44.435 Y-107.276 E3.17053
G1 F1200
G1 X-44.604 Y-107.683 E3.40045
G1 F1200
G1 X-44.772 Y-108.089 E3.65089
G1 F1200
G1 X-44.940 Y-108.495 E3.92185
G1 F1200
G1 X-45.108 Y-108.901 E4.21333
G1 F1200
G1 X-45.277 Y-109.307 E4.52533
G1 F1200
G1 X-45.445 Y-109.714 E4.85786
G1 F1200
G1 X-45.613 Y-110.120 E5.21090
G1 F1200
G1 X-45.781 Y-110.526 E5.58446
G1 F1200
G1 X-45.950 Y-110.932 E5.97855
G1 F1200
G1 X-46.118 Y-111.338 E6.39316
G1 F1200
G1 X-46.286 Y-111.744 E6.82828
G1 F1200
G1 X-46.454 Y-112.151 E7.28393
G1 F1200
G1 X-46.623 Y-112.557 E7.76010
G1 F1200
G1 X-46.791 Y-112.963 E8.25679
G1 F1200
G1 X-46.959 Y-113.369 E8.77400
G1 F1200
G1 X-47.127 Y-113.775 E9.31173
G1 F1200
G1 X-47.296 Y-114.182 E9.86998
G1 F1200
G1 X-47.380 Y-114.385 E10.15937
G1 F1200
G1 X-47.472 Y-114.447 E10.30547
G1 F1200
G1 X-47.563 Y-114.509 E10.44637
G1 F1200
G1 X-47.655 Y-114.571 E10.58206
G1 F1200
G1 X-47.747 Y-114.634 E10.71255
G1 F1200
G1 X-47.839 Y-114.696 E10.83784
G1 F1200
G1 X-47.931 Y-114.758 E10.95792
G1 F1200
G1 X-48.023 Y-114.820 E11.07280
G1 F1200
G1 X-48.115 Y-114.883 E11.18248
G1 F1200
G1 X-48.207 Y-114.945 E11.28696
G1 F1200
G1 X-48.298 Y-115.007 E11.38624
G1 F1200
G1 X-48.390 Y-115.069 E11.48031
G1 F1200
G1 X-48.482 Y-115.132 E11.56918
G1 F1200
G1 X-48.574 Y-115.194 E11.65284
G1 F1200
G1 X-48.666 Y-115.256 E11.73131
G1 F1200
G1 X-48.758 Y-115.319 E11.80457
G1 F1200
G1 X-49.025 Y-115.689 E12.08499
G1 F1200
G1 X-49.293 Y-116.060 E12.34418
G1 F1200
G1 X-49.560 Y-116.431 E12.58213
G1 F1200
G1 X-49.828 Y-116.802 E12.79886
G1 F1200
G1 X-50.095 Y-117.173 E12.99435
G1 F1200
G1 X-50.362 Y-117.544 E13.16861
G1 F1200
G1 X-50.630 Y-117.915 E13.32164
G1 F1200
G1 X-50.897 Y-118.286 E13.45344
G1 F1200
G1 X-51.165 Y-118.657 E13.56401
G1 F1200
G1 X-51.432 Y-119.027 E13.65335
G1 F1200
G1 X-51.700 Y-119.398 E13.72146
G1 F1200
G1 X-51.967 Y-119.769 E13.76833
G1 F1200
G1 X-52.101 Y-119.955 E13.78115
G1 X-47.797 Y-120.533 F7800.000
G1 F1200
G1 X-47.870 Y-120.984 E13.84925
G1 F1200
G1 X-47.943 Y-121.436 E13.89613
G1 F1200
G1 X-47.980 Y-121.661 E13.90895
G1 X-47.797 Y-120.533 F7800.000
G1 F1200
G1 X-47.724 Y-120.082 E13.99828
G1 F1200
G1 X-47.651 Y-119.630 E14.10884
G1 F1200
G1 X-47.578 Y-119.179 E14.24063
G1 F1200
G1 X-47.504 Y-118.728 E14.39365
G1 F1200
G1 X-47.431 Y-118.276 E14.56790
G1 F1200
G1 X-47.358 Y-117.825 E14.76338
G1 F1200
G1 X-47.285 Y-117.374 E14.98009
G1 F1200
G1 X-47.212 Y-116.922 E15.21802
G1 F1200
G1 X-47.139 Y-116.471 E15.47719
G1 F1200
G1 X-47.066 Y-116.019 E15.75759
G1 F1200
G1 X-47.087 Y-115.910 E15.83085
G1 F1200
G1 X-47.107 Y-115.801 E15.90931
G1 F1200
G1 X-47.128 Y-115.692 E15.99298
G1 F1200
G1 X-47.149 Y-115.584 E16.08185
G1 F1200
G1 X-47.170 Y-115.475 E16.17592
G1 F1200
G1 X-47.191 Y-115.366 E16.27519
G1 F1200
G1 X-47.212 Y-115.257 E16.37967
G1 F1200
G1 X-47.233 Y-115.148 E16.48935
G1 F1200
G1 X-47.254 Y-115.039 E16.60423
G1 F1200
G1 X-47.275 Y-114.930 E16.72432
G1 F1200
G1 X-47.296 Y-114.821 E16.84961
G1 F1200
G1 X-47.317 Y-114.712 E16.98010
G1 F1200
G1 X-47.338 Y-114.603 E17.11580
G1 F1200
G1 X-47.359 Y-114.494 E17.25669
G1 F1200
G1 X-47.380 Y-114.385 E17.40280
G1 E15.40280 F2400.00000
G92 E0
G1 X103.215 Y-42.753 F7800.000
G1 E2.00000 F2400.00000
G1 F1200
G1 X103.418 Y-42.837 E2.01235
G1 F1200
G1 X103.824 Y-43.005 E2.05759
G1 F1200
G1 X104.230 Y-43.174 E2.12334
G1 F1200
G1 X104.636 Y-43.342 E2.20961
G1 F1200
G1 X105.042 Y-43.510 E2.31640
G1 F1200
G1 X105.449 Y-43.678 E2.44372
G1 F1200
G1 X105.855 Y-43.846 E2.59155
G1 F1200
G1 X106.261 Y-44.015 E2.75991
G1 F1200
G1 X106.667 Y-44.183 E2.94879
G1 F1200
G1 X107.073 Y-44.351 E3.15818
G1 F1200
G1 X107.480 Y-44.519 E3.38810
G1 F1200
G1 X107.886 Y-44.688 E3.63854
G1 F1200
G1 X108.292 Y-44.856 E3.90950
G1 F1200
G1 X108.698 Y-45.024 E4.20099
G1 F1200
G1 X109.104 Y-45.192 E4.51299
G1 F1200
G1 X109.510 Y-45.361 E4.84551
G1 F1200
G1 X109.917 Y-45.529 E5.19856
G1 F1200
G1 X110.323 Y-45.697 E5.57212
G1 F1200
G1 X110.729 Y-45.865 E5.96621
G1 F1200
G1 X111.135 Y-46.034 E6.38082
G1 F1200
G1 X111.541 Y-46.202 E6.81595
G1 F1200
G1 X111.948 Y-46.370 E7.27160
G1 F1200
G1 X112.354 Y-46.538 E7.74777
G1 F1200
G1 X112.760 Y-46.707 E8.24446
G1 F1200
G1 X113.166 Y-46.875 E8.76167
G1 F1200
G1 X113.572 Y-47.043 E9.29940
G1 F1200
G1 X113.978 Y-47.211 E9.85766
G1 F1200
G1 X114.385 Y-47.380 E10.43644
G1 F1200
G1 X114.416 Y-47.426 E10.50948
G1 F1200
G1 X114.478 Y-47.517 E10.65038
G1 F1200
G1 X114.540 Y-47.609 E10.78607
G1 F1200
G1 X114.603 Y-47.701 E10.91656
G1 F1200
G1 X114.665 Y-47.793 E11.04185
G1 F1200
G1 X114.727 Y-47.885 E11.16193
G1 F1200
G1 X114.789 Y-47.977 E11.27682
G1 F1200
G1 X114.852 Y-48.069 E11.38650
G1 F1200
G1 X114.914 Y-48.161 E11.49097
G1 F1200
G1 X114.976 Y-48.252 E11.59025
G1 F1200
G1 X115.038 Y-48.344 E11.68432
G1 F1200
G1 X115.101 Y-48.436 E11.77319
G1 F1200
G1 X115.163 Y-48.528 E11.85686
G1 F1200
G1 X115.225 Y-48.620 E11.93532
G1 F1200
G1 X115.287 Y-48.712 E12.00859
G1 F1200
G1 X115.319 Y-48.758 E12.04262
G1 X115.504 Y-48.891 E12.18283
G1 F1200
G1 X115.875 Y-49.159 E12.44203
G1 F1200
G1 X116.246 Y-49.426 E12.67999
G1 F1200
G1 X116.617 Y-49.694 E12.89673
G1 F1200
G1 X116.988 Y-49.961 E13.09223
G1 F1200
G1 X117.358 Y-50.229 E13.26650
G1 F1200
G1 X117.729 Y-50.496 E13.41953
G1 F1200
G1 X118.100 Y-50.764 E13.55134
G1 F1200
G1 X118.471 Y-51.031 E13.66191
G1 F1200
G1 X118.842 Y-51.298 E13.75125
G1 F1200
G1 X119.213 Y-51.566 E13.81936
G1 F1200
G1 X119.584 Y-51.833 E13.86624
G1 F1200
G1 X119.955 Y-52.101 E13.89188
G1 X120.759 Y-47.834 F7800.000
G1 F1200
G1 X120.307 Y-47.760 E13.95998
G1 F1200
G1 X119.856 Y-47.687 E14.04931
G1 F1200
G1 X119.405 Y-47.614 E14.15987
G1 F1200
G1 X118.953 Y-47.541 E14.29165
G1 F1200
G1 X118.502 Y-47.468 E14.44467
G1 F1200
G1 X118.051 Y-47.395 E14.61891
G1 F1200
G1 X117.599 Y-47.322 E14.81438
G1 F1200
G1 X117.148 Y-47.248 E15.03108
G1 F1200
G1 X116.697 Y-47.175 E15.26901
G1 F1200
G1 X116.245 Y-47.102 E15.52817
G1 F1200
G1 X116.019 Y-47.066 E15.66837
G1 X115.965 Y-47.076 E15.70239
G1 F1200
G1 X115.856 Y-47.097 E15.77565
G1 F1200
G1 X115.747 Y-47.118 E15.85412
G1 F1200
G1 X115.638 Y-47.139 E15.93778
G1 F1200
G1 X115.529 Y-47.160 E16.02665
G1 F1200
G1 X115.420 Y-47.181 E16.12072
G1 F1200
G1 X115.311 Y-47.202 E16.22000
G1 F1200
G1 X115.202 Y-47.223 E16.32447
G1 F1200
G1 X115.093 Y-47.244 E16.43415
G1 F1200
G1 X114.984 Y-47.265 E16.54904
G1 F1200
G1 X114.875 Y-47.285 E16.66913
G1 F1200
G1 X114.766 Y-47.306 E16.79442
G1 F1200
G1 X114.657 Y-47.327 E16.92491
G1 F1200
G1 X114.548 Y-47.348 E17.06061
G1 F1200
G1 X114.439 Y-47.369 E17.20151
G1 F1200
G1 X114.385 Y-47.380 E17.27456
G1 X120.759 Y-47.834 F7800.000
G1 F1200
G1 X121.210 Y-47.907 E17.32143
G1 F1200
G1 X121.661 Y-47.980 E17.34707
G1 E15.34707 F2400.00000
G92 E0
G1 X103.215 Y42.753 F7800.000
G1 E2.00000 F2400.00000
G1 F1200
G1 X103.418 Y42.837 E2.01235
G1 F1200
G1 X103.824 Y43.005 E2.05759
G1 F1200
G1 X104.230 Y43.174 E2.12334
G1 F1200
G1 X104.636 Y43.342 E2.20961
G1 F1200
G1 X105.042 Y43.510 E2.31640
G1 F1200
G1 X105.449 Y43.678 E2.44372
G1 F1200
G1 X105.855 Y43.847 E2.59155
G1 F1200
G1 X106.261 Y44.015 E2.75991
G1 F1200
G1 X106.667 Y44.183 E2.94879
G1 F1200
G1 X107.073 Y44.351 E3.15819
G1 F1200
G1 X107.480 Y44.520 E3.38811
G1 F1200
G1 X107.886 Y44.688 E3.63855
G1 F1200
G1 X108.292 Y44.856 E3.90952
G1 F1200
G1 X108.698 Y45.024 E4.20100
G1 F1200
G1 X109.104 Y45.192 E4.51301
G1 F1200
G1 X109.511 Y45.361 E4.84554
G1 F1200
G1 X109.917 Y45.529 E5.19858
G1 F1200
G1 X110.323 Y45.697 E5.57215
G1 F1200
G1 X110.729 Y45.865 E5.96624
G1 F1200
G1 X111.135 Y46.034 E6.38086
G1 F1200
G1 X111.541 Y46.202 E6.81599
G1 F1200
G1 X111.948 Y46.370 E7.27164
G1 F1200
G1 X112.354 Y46.538 E7.74782
G1 F1200
G1 X112.760 Y46.707 E8.24452
G1 F1200
G1 X113.166 Y46.875 E8.76173
G1 F1200
G1 X113.572 Y47.043 E9.29947
G1 F1200
G1 X113.979 Y47.211 E9.85773
G1 F1200
G1 X114.385 Y47.380 E10.43652
G1 F1200
G1 X114.447 Y47.472 E10.58261
G1 F1200
G1 X114.509 Y47.563 E10.72351
G1 F1200
G1 X114.572 Y47.655 E10.85920
G1 F1200
G1 X114.634 Y47.747 E10.98970
G1 F1200
G1 X114.696 Y47.839 E11.11498
G1 F1200
G1 X114.758 Y47.931 E11.23507
G1 F1200
G1 X114.821 Y48.023 E11.34995
G1 F1200
G1 X114.883 Y48.115 E11.45963
G1 F1200
G1 X114.945 Y48.207 E11.56411
G1 F1200
G1 X115.007 Y48.298 E11.66339
G1 F1200
G1 X115.070 Y48.390 E11.75746
G1 F1200
G1 X115.132 Y48.482 E11.84633
G1 F1200
G1 X115.194 Y48.574 E11.93000
G1 F1200
G1 X115.256 Y48.666 E12.00846
G1 F1200
G1 X115.319 Y48.758 E12.08173
G1 F1200
G1 X115.690 Y49.025 E12.36215
G1 F1200
G1 X116.060 Y49.293 E12.62135
G1 F1200
G1 X116.431 Y49.560 E12.85931
G1 F1200
G1 X116.802 Y49.828 E13.07604
G1 F1200
G1 X117.173 Y50.095 E13.27154
G1 F1200
G1 X117.544 Y50.362 E13.44581
G1 F1200
G1 X117.915 Y50.630 E13.59884
G1 F1200
G1 X118.286 Y50.897 E13.73064
G1 F1200
G1 X118.657 Y51.165 E13.84121
G1 F1200
G1 X119.028 Y51.432 E13.93055
G1 F1200
G1 X119.399 Y51.700 E13.99866
G1 F1200
G1 X119.769 Y51.967 E14.04554
G1 F1200
G1 X119.955 Y52.101 E14.05836
G1 X120.759 Y47.834 F7800.000
G1 F1200
G1 X120.307 Y47.761 E14.12646
G1 F1200
G1 X119.856 Y47.687 E14.21579
G1 F1200
G1 X119.405 Y47.614 E14.32635
G1 F1200
G1 X118.953 Y47.541 E14.45813
G1 F1200
G1 X118.502 Y47.468 E14.61115
G1 F1200
G1 X118.051 Y47.395 E14.78540
G1 F1200
G1 X117.599 Y47.322 E14.98087
G1 F1200
G1 X117.148 Y47.248 E15.19757
G1 F1200
G1 X116.697 Y47.175 E15.43551
G1 F1200
G1 X116.245 Y47.102 E15.69467
G1 F1200
G1 X116.020 Y47.066 E15.83486
G1 X115.965 Y47.076 E15.86889
G1 F1200
G1 X115.856 Y47.097 E15.94215
G1 F1200
G1 X115.747 Y47.118 E16.02062
G1 F1200
G1 X115.638 Y47.139 E16.10428
G1 F1200
G1 X115.529 Y47.160 E16.19315
G1 F1200
G1 X115.420 Y47.181 E16.28722
G1 F1200
G1 X115.311 Y47.202 E16.38650
G1 F1200
G1 X115.202 Y47.223 E16.49098
G1 F1200
G1 X115.093 Y47.244 E16.60066
G1 F1200
G1 X114.984 Y47.265 E16.71554
G1 F1200
G1 X114.875 Y47.285 E16.83563
G1 F1200
G1 X114.766 Y47.306 E16.96092
G1 F1200
G1 X114.657 Y47.327 E17.09142
G1 F1200
G1 X114.548 Y47.348 E17.22711
G1 F1200
G1 X114.439 Y47.369 E17.36801
G1 F1200
G1 X114.385 Y47.380 E17.44106
G1 X120.759 Y47.834 F7800.000
G1 F1200
G1 X121.210 Y47.907 E17.48793
G1 F1200
G1 X121.662 Y47.980 E17.51358
G1 Z11.399 F7800.000
G1 E15.51358 F2400.00000
G92 E0
G1 X10.168 Y153.475 F7800.000
G1 E2.00000 F2400.00000
G1 F900
G1 X10.315 Y155.903 E6.92440
G1 X6.302 Y156.390 E15.10798
G1 X-3.207 Y156.007 E34.37752
G1 X-3.156 Y153.475 E39.50449
G1 X9.493 Y153.475 E65.11512
G1 X9.174 Y155.695 F7800.000
G1 E63.11512 F2400.00000
G92 E0
G1 X9.797 Y83.719 F7800.000
G1 E2.00000 F2400.00000
G1 F1800
G1 X7.143 Y80.034 E13.58152
G1 X6.500 Y80.000 E15.22506
G1 F1800
G1 X-6.500 Y80.000 E47.96298
G1 X-6.822 Y80.017 E48.77430
G1 F1800
G1 X-7.143 Y80.034 E49.59608
G1 X-9.797 Y83.719 E61.17775
G1 E59.17775 F2400.00000
G92 E0
G1 X-102.487 Y114.559 F7800.000
G1 E2.00000 F2400.00000
G1 F900
G1 X-104.135 Y116.382 E6.97431
G1 X-108.423 Y112.880 E18.18241
G1 X-113.964 Y106.626 E35.09907
G1 X-112.138 Y104.908 E40.17466
G1 X-102.965 Y114.082 E66.44150
G1 X-104.791 Y115.414 F7800.000
G1 E64.44150 F2400.00000
G92 E0
G1 X-153.475 Y6.864 F7800.000
G1 E2.00000 F2400.00000
G1 F900
G1 X-155.955 Y6.964 E7.02471
G1 X-156.517 Y-0.000 E21.17003
G1 X-155.955 Y-6.964 E35.31533
G1 X-153.475 Y-6.864 E40.34003
G1 X-153.475 Y6.189 E66.76763
G1 X-155.723 Y5.812 F7800.000
G1 E64.76763 F2400.00000
G92 E0
G1 X-112.138 Y-104.908 F7800.000
G1 E2.00000 F2400.00000
G1 F900
G1 X-113.964 Y-106.626 E7.07559
G1 X-108.423 Y-112.880 E23.99251
G1 X-104.135 Y-116.382 E35.20082
G1 X-102.487 Y-114.559 E40.17513
G1 X-111.661 Y-105.385 E66.44244
G1 X-112.976 Y-107.271 F7800.000
G1 E64.44244 F2400.00000
G92 E0
G1 X-38.926 Y90.278 F7800.000
G1 E2.00000 F2400.00000
G1 F3600
G1 X-36.311 Y91.361 E9.05713
G1 X-45.784 Y124.794 E95.68947
G1 X-46.402 Y138.445 E129.75588
G1 X-62.751 Y132.244 E173.34791
G1 X-65.198 Y130.831 E180.39433
G1 X-55.869 Y120.617 E214.88254
G1 X-39.255 Y90.867 E299.83234
G1 E297.83234 F2400.00000
G92 E0
G1 X-36.280 Y84.279 F7800.000
G1 E2.00000 F2400.00000
G1 F3600
G1 X-26.319 Y84.279 E26.83117
G1 X-31.569 Y94.078 E54.54386
G1 X-40.514 Y125.648 E136.35005
G1 X-41.023 Y136.887 E164.39759
G1 X-36.616 Y146.848 E191.55400
G1 X-42.205 Y145.708 E205.77350
G1 X-65.031 Y137.051 E266.63705
G1 X-77.806 Y129.675 E303.41217
G1 X-67.786 Y125.801 E330.19468
G1 X-60.199 Y117.495 E358.24191
G1 X-44.200 Y88.846 E440.04839
G1 X-41.156 Y78.775 E466.27636
G1 X-42.715 Y67.555 E494.51695
G1 X-44.704 Y64.450 E503.71017
G1 X-42.934 Y62.641 E510.01980
G1 X-36.280 Y66.698 E529.44985
G1 X-36.280 Y83.604 E571.59978
G1 E569.59978 F2400.00000
G92 E0
G1 X-73.108 Y36.590 F7800.000
G1 E2.00000 F2400.00000
G1 F3600
G1 X-79.197 Y35.744 E17.32499
G1 X-90.929 Y39.290 E47.88204
G1 X-120.617 Y55.869 E132.65386
G1 X-130.819 Y65.188 E167.10181
G1 X-138.816 Y46.418 E217.96447
G1 X-124.794 Y45.784 E252.95735
G1 X-92.079 Y36.515 E337.72825
G1 X-81.275 Y30.726 E368.28601
G1 X-77.134 Y25.248 E385.40493
G1 X-73.334 Y35.954 E413.72615
G1 E411.72615 F2400.00000
G92 E0
G1 X-62.545 Y42.957 F7800.000
G1 E2.00000 F2400.00000
G1 F3600
G1 X-64.355 Y44.765 E8.37807
G1 X-67.555 Y42.715 E17.85243
G1 X-78.775 Y41.156 E46.09294
G1 X-88.846 Y44.200 E72.32062
G1 X-117.495 Y60.199 E154.12742
G1 X-125.801 Y67.786 E182.17479
G1 X-129.684 Y77.829 E209.01989
G1 X-134.321 Y70.497 E230.64837
G1 X-143.890 Y48.038 E291.51194
G1 X-146.687 Y36.688 E320.65504
G1 X-136.887 Y41.023 E347.37266
G1 X-125.648 Y40.514 E375.42024
G1 X-94.078 Y31.569 E457.22643
G1 X-84.804 Y26.601 E483.45453
G1 X-77.973 Y17.565 E511.69500
G1 X-77.332 Y14.641 E519.15830
G1 X-74.639 Y14.778 E525.88047
G1 X-74.362 Y17.208 E531.97761
G1 X-68.568 Y33.530 E575.15709
G1 X-62.909 Y42.388 E601.36228
G1 E599.36228 F2400.00000
G92 E0
G1 X-77.134 Y-25.248 F7800.000
G1 E2.00000 F2400.00000
G1 F3600
G1 X-81.275 Y-30.726 E19.11896
G1 X-92.079 Y-36.515 E49.67670
G1 X-124.794 Y-45.784 E134.44755
G1 X-138.816 Y-46.418 E169.44043
G1 X-130.819 Y-65.187 E220.30297
G1 X-120.617 Y-55.869 E254.75092
G1 X-90.930 Y-39.290 E339.52199
G1 X-79.197 Y-35.744 E370.07972
G1 X-73.108 Y-36.590 E385.40472
G1 X-76.909 Y-25.885 E413.72590
G1 E411.72590 F2400.00000
G92 E0
G1 X-74.639 Y-14.778 F7800.000
G1 E2.00000 F2400.00000
G1 F3600
G1 X-77.332 Y-14.641 E8.72217
G1 X-77.973 Y-17.565 E16.18551
G1 X-84.804 Y-26.601 E44.42599
G1 X-94.078 Y-31.569 E70.65408
G1 X-125.648 Y-40.514 E152.46024
G1 X-136.887 Y-41.023 E180.50783
G1 X-146.687 Y-36.688 E207.22549
G1 X-143.890 Y-48.038 E236.36861
G1 X-134.321 Y-70.498 E297.23370
G1 X-129.685 Y-77.831 E318.86352
G1 X-125.801 Y-67.786 E345.71346
G1 X-117.495 Y-60.199 E373.76078
G1 X-88.846 Y-44.200 E455.56715
G1 X-78.775 Y-41.156 E481.79522
G1 X-67.555 Y-42.715 E510.03575
G1 X-64.355 Y-44.765 E519.51009
G1 X-62.545 Y-42.957 E525.88816
G1 X-68.568 Y-33.530 E553.77612
G1 X-74.362 Y-17.208 E596.95579
G1 X-74.563 Y-15.449 E601.36994
G1 E599.36994 F2400.00000
G92 E0
G1 X-38.926 Y-90.278 F7800.000
G1 E2.00000 F2400.00000
G1 F3600
G1 X-55.869 Y-120.617 E88.63244
G1 X-65.198 Y-130.831 E123.12069
G1 X-62.751 Y-132.244 E130.16704
G1 X-46.402 Y-138.445 E173.75907
G1 X-45.784 Y-124.794 E207.82550
G1 X-36.311 Y-91.361 E294.45768
G1 X-38.303 Y-90.536 E299.83198
G1 E297.83198 F2400.00000
G92 E0
G1 X-36.280 Y-84.280 F7800.000
G1 E2.00000 F2400.00000
G1 F3600
G1 X-36.280 Y-66.698 E45.83281
G1 X-42.934 Y-62.641 E65.26288
G1 X-44.704 Y-64.450 E71.57251
G1 X-42.715 Y-67.555 E80.76576
G1 X-41.156 Y-78.775 E109.00629
G1 X-44.200 Y-88.846 E135.23435
G1 X-60.199 Y-117.495 E217.04073
G1 X-67.786 Y-125.801 E245.08805
G1 X-77.806 Y-129.675 E271.87054
G1 X-65.031 Y-137.051 E308.64566
G1 X-42.205 Y-145.708 E369.50921
G1 X-36.616 Y-146.848 E383.72872
G1 X-41.023 Y-136.887 E410.88511
G1 X-40.514 Y-125.648 E438.93270
G1 X-31.569 Y-94.078 E520.73887
G1 X-26.319 Y-84.280 E548.45150
G1 X-35.605 Y-84.280 E571.59984
G1 E569.59984 F2400.00000
G92 E0
G1 X-31.475 Y-79.475 F7800.000
G1 E2.00000 F2400.00000
G1 F1800
G1 X-31.475 Y-64.000 E33.33186
G1 X-43.899 Y-56.426 E62.79051
G1 X-55.490 Y-45.076 E95.63527
G1 X-64.224 Y-31.406 E128.48001
G1 X-69.651 Y-16.118 E161.32481
G1 X-71.491 Y-0.000 E194.16958
G1 X-69.651 Y16.118 E227.01443
G1 X-64.224 Y31.406 E259.85916
G1 X-55.490 Y45.076 E292.70392
G1 X-43.898 Y56.426 E325.54872
G1 X-31.475 Y64.000 E355.00734
G1 X-31.475 Y79.475 E386.33915
G1 X-12.746 Y79.475 E424.25917
G1 X-12.496 Y81.781 E428.95442
G1 X-15.507 Y82.441 E435.19622
G1 X-22.863 Y88.002 E453.86600
G1 X-27.089 Y95.888 E471.98022
G1 X-35.740 Y126.422 E536.23409
G1 X-36.172 Y135.976 E555.59734
G1 X-32.184 Y144.992 E575.55731
G1 X-24.597 Y151.287 E595.51728
G1 X-16.801 Y153.119 E611.73148
G1 X-17.118 Y155.446 E616.48658
G1 X-18.866 Y155.376 E620.02770
G1 X-43.546 Y150.337 E671.02589
G1 X-67.098 Y141.405 E722.02412
G1 X-88.912 Y128.811 E773.02236
G1 X-94.924 Y123.902 E788.73572
G1 X-93.518 Y121.932 E793.63716
G1 X-89.583 Y124.369 E803.00734
G1 X-79.767 Y125.282 E822.96735
G1 X-70.572 Y121.727 E842.92731
G1 X-64.122 Y114.666 E862.29033
G1 X-48.648 Y86.958 E926.54441
G1 X-46.060 Y78.393 E944.65850
G1 X-47.329 Y69.260 E963.32841
G1 X-52.154 Y61.726 E981.44258
G1 X-61.726 Y52.154 E1008.84840
G1 X-69.260 Y47.329 E1026.96258
G1 X-78.393 Y46.060 E1045.63243
G1 X-86.957 Y48.648 E1063.74649
G1 X-114.666 Y64.122 E1128.00061
G1 X-121.727 Y70.572 E1147.36372
G1 X-125.282 Y79.767 E1167.32365
G1 X-124.369 Y89.583 E1187.28357
G1 X-120.799 Y95.346 E1201.00772
G1 X-122.703 Y96.762 E1205.81116
G1 X-125.126 Y94.026 E1213.21141
G1 X-138.589 Y72.737 E1264.20963
G1 X-148.462 Y49.564 E1315.20787
G1 X-154.490 Y25.107 E1366.20611
G1 X-154.944 Y19.480 E1377.63635
G1 X-152.577 Y19.108 E1382.48853
G1 X-151.287 Y24.597 E1393.90435
G1 X-144.992 Y32.184 E1413.86432
G1 X-135.976 Y36.172 E1433.82426
G1 X-126.422 Y35.740 E1453.18755
G1 X-95.888 Y27.089 E1517.44140
G1 X-88.002 Y22.863 E1535.55559
G1 X-82.441 Y15.507 E1554.22542
G1 X-80.525 Y6.768 E1572.33959
G1 X-80.525 Y-6.768 E1599.74542
G1 X-82.441 Y-15.507 E1617.85959
G1 X-88.002 Y-22.863 E1636.52943
G1 X-95.888 Y-27.089 E1654.64361
G1 X-126.422 Y-35.740 E1718.89745
G1 X-135.976 Y-36.172 E1738.26074
G1 X-144.992 Y-32.184 E1758.22051
G1 X-151.287 Y-24.597 E1778.18069
G1 X-152.577 Y-19.108 E1789.59645
G1 X-154.944 Y-19.480 E1794.44864
G1 X-154.490 Y-25.107 E1805.87886
G1 X-148.462 Y-49.564 E1856.87707
G1 X-138.589 Y-72.737 E1907.87572
G1 X-125.144 Y-94.007 E1958.82107
G1 X-122.703 Y-96.762 E1966.27436
G1 X-120.799 Y-95.346 E1971.07780
G1 X-124.369 Y-89.583 E1984.80178
G1 X-125.282 Y-79.767 E2004.76177
G1 X-121.727 Y-70.572 E2024.72173
G1 X-114.666 Y-64.122 E2044.08480
G1 X-86.958 Y-48.648 E2108.33880
G1 X-78.393 Y-46.060 E2126.45297
G1 X-69.260 Y-47.329 E2145.12283
G1 X-61.726 Y-52.154 E2163.23701
G1 X-52.154 Y-61.726 E2190.64283
G1 X-47.329 Y-69.260 E2208.75702
G1 X-46.060 Y-78.393 E2227.42688
G1 X-48.648 Y-86.958 E2245.54105
G1 X-64.122 Y-114.666 E2309.79504
G1 X-70.572 Y-121.727 E2329.15812
G1 X-79.767 Y-125.282 E2349.11808
G1 X-89.583 Y-124.369 E2369.07800
G1 X-93.518 Y-121.932 E2378.44836
G1 X-94.924 Y-123.902 E2383.34980
G1 X-88.912 Y-128.811 E2399.06326
G1 X-67.098 Y-141.405 E2450.06150
G1 X-43.546 Y-150.337 E2501.05974
G1 X-18.866 Y-155.376 E2552.05794
G1 X-17.118 Y-155.446 E2555.59905
G1 X-16.801 Y-153.119 E2560.35414
G1 X-24.597 Y-151.287 E2576.56834
G1 X-32.184 Y-144.992 E2596.52842
G1 X-36.172 Y-135.976 E2616.48825
G1 X-35.740 Y-126.422 E2635.85154
G1 X-27.089 Y-95.888 E2700.10538
G1 X-22.863 Y-88.002 E2718.21956
G1 X-15.507 Y-82.441 E2736.88940
G1 X-12.496 Y-81.781 E2743.13087
G1 X-12.746 Y-79.475 E2747.82614
G1 X-30.800 Y-79.475 E2784.37922
G1 X-35.971 Y-79.294 F7800.000
G1 E2782.37922 F2400.00000
G92 E0
G1 X-3.156 Y-153.475 F7800.000
G1 E2.00000 F2400.00000
G1 F900
G1 X-3.207 Y-156.007 E7.12698
G1 X6.302 Y-156.390 E26.39504
G1 X10.315 Y-155.903 E34.57798
G1 X10.168 Y-153.475 E39.50238
G1 X-2.481 Y-153.475 E65.11090
G1 X-2.053 Y-155.754 F7800.000
G1 E63.11090 F2400.00000
G92 E0
G1 X38.926 Y90.278 F7800.000
G1 E2.00000 F2400.00000
G1 F3600
G1 X55.869 Y120.617 E88.63249
G1 X65.024 Y130.640 E122.47605
G1 X51.729 Y136.949 E159.16449
G1 X46.412 Y138.669 E173.09662
G1 X45.784 Y124.794 E207.72371
G1 X36.311 Y91.361 E294.35593
G1 X38.303 Y90.536 E299.73023
G1 E297.73023 F2400.00000
G92 E0
G1 X36.280 Y84.279 F7800.000
G1 E2.00000 F2400.00000
G1 F3600
G1 X36.280 Y66.698 E45.83276
G1 X42.934 Y62.641 E65.26288
G1 X44.704 Y64.450 E71.57251
G1 X42.715 Y67.555 E80.76577
G1 X41.156 Y78.775 E109.00635
G1 X44.200 Y88.846 E135.23430
G1 X60.199 Y117.495 E217.04082
G1 X67.786 Y125.801 E245.08811
G1 X78.699 Y130.020 E274.25838
G1 X53.690 Y141.888 E343.27196
G1 X36.325 Y147.507 E388.77336
G1 X41.023 Y136.887 E417.72384
G1 X40.514 Y125.648 E445.77136
G1 X31.569 Y94.078 E527.57759
G1 X26.319 Y84.279 E555.29028
G1 X35.605 Y84.279 E578.43864
G1 E576.43864 F2400.00000
G92 E0
G1 X73.108 Y36.590 F7800.000
G1 E2.00000 F2400.00000
G1 F3600
G1 X77.134 Y25.248 E32.00403
G1 X81.275 Y30.726 E49.12288
G1 X92.079 Y36.515 E79.68073
G1 X124.794 Y45.784 E164.45165
G1 X138.468 Y46.403 E198.57672
G1 X134.695 Y57.315 E227.36233
G1 X130.646 Y65.030 E249.08314
G1 X120.617 Y55.869 E282.94714
G1 X90.930 Y39.290 E367.71840
G1 X79.197 Y35.744 E398.27601
G1 X73.777 Y36.497 E411.91819
G1 E409.91819 F2400.00000
G92 E0
G1 X62.545 Y42.957 F7800.000
G1 E2.00000 F2400.00000
G1 F3600
G1 X68.568 Y33.530 E29.88799
G1 X74.362 Y17.208 E73.06762
G1 X74.639 Y14.778 E79.16473
G1 X77.332 Y14.641 E85.88689
G1 X77.973 Y17.565 E93.35036
G1 X84.804 Y26.601 E121.59074
G1 X94.078 Y31.569 E147.81891
G1 X125.648 Y40.514 E229.62514
G1 X136.887 Y41.023 E257.67265
G1 X147.573 Y36.296 E286.80573
G1 X139.576 Y59.426 E347.82001
G1 X129.783 Y78.085 E400.35671
G1 X125.801 Y67.786 E427.88445
G1 X117.495 Y60.199 E455.93173
G1 X88.846 Y44.200 E537.73825
G1 X78.775 Y41.156 E563.96621
G1 X67.556 Y42.715 E592.20607
G1 X64.355 Y44.765 E601.68116
G1 X63.023 Y43.434 E606.37640
G1 E604.37640 F2400.00000
G92 E0
G1 X77.134 Y-25.248 F7800.000
G1 E2.00000 F2400.00000
G1 F3600
G1 X73.108 Y-36.590 E32.00398
G1 X79.197 Y-35.744 E47.32900
G1 X90.930 Y-39.290 E77.88661
G1 X120.617 Y-55.869 E162.65779
G1 X130.646 Y-65.030 E196.52179
G1 X134.695 Y-57.315 E218.24278
G1 X138.468 Y-46.403 E247.02809
G1 X124.794 Y-45.784 E281.15374
G1 X92.079 Y-36.515 E365.92404
G1 X81.275 Y-30.726 E396.48186
G1 X77.541 Y-25.787 E411.91793
G1 E409.91793 F2400.00000
G92 E0
G1 X74.639 Y-14.778 F7800.000
G1 E2.00000 F2400.00000
G1 F3600
G1 X74.362 Y-17.208 E8.09707
G1 X68.568 Y-33.530 E51.27675
G1 X62.545 Y-42.957 E79.16468
G1 X64.355 Y-44.765 E85.54275
G1 X67.555 Y-42.715 E95.01702
G1 X78.775 Y-41.156 E123.25762
G1 X88.846 Y-44.200 E149.48559
G1 X117.495 Y-60.199 E231.29206
G1 X125.801 Y-67.786 E259.33930
G1 X129.783 Y-78.085 E286.86712
G1 X139.576 Y-59.425 E339.40407
G1 X147.573 Y-36.296 E400.41811
G1 X136.887 Y-41.023 E429.55120
G1 X125.648 Y-40.514 E457.59906
G1 X94.078 Y-31.569 E539.40492
G1 X84.804 Y-26.601 E565.63307
G1 X77.973 Y-17.565 E593.87347
G1 X77.332 Y-14.641 E601.33696
G1 X75.313 Y-14.744 E606.37629
G1 E604.37629 F2400.00000
G92 E0
G1 X38.926 Y-90.278 F7800.000
G1 E2.00000 F2400.00000
G1 F3600
G1 X36.311 Y-91.361 E9.05712
G1 X45.784 Y-124.794 E95.68917
G1 X46.402 Y-138.459 E129.79125
G1 X51.906 Y-136.865 E144.07622
G1 X65.024 Y-130.640 E180.27563
G1 X55.869 Y-120.617 E214.11925
G1 X39.255 Y-90.867 E299.06874
G1 E297.06874 F2400.00000
G92 E0
G1 X36.280 Y-84.280 F7800.000
G1 E2.00000 F2400.00000
G1 F3600
G1 X26.319 Y-84.280 E26.83118
G1 X31.569 Y-94.078 E54.54382
G1 X40.514 Y-125.648 E136.35002
G1 X41.023 Y-136.887 E164.39759
G1 X36.634 Y-146.809 E191.44661
G1 X53.792 Y-141.839 E235.98272
G1 X78.699 Y-130.020 E304.71345
G1 X67.786 Y-125.801 E333.88375
G1 X60.199 Y-117.495 E361.93112
G1 X44.200 Y-88.846 E443.73754
G1 X41.156 Y-78.775 E469.96560
G1 X42.715 Y-67.555 E498.20610
G1 X44.704 Y-64.450 E507.39940
G1 X42.934 Y-62.641 E513.70903
G1 X36.280 Y-66.698 E533.13918
G1 X36.280 Y-83.605 E575.28917
G1 E573.28917 F2400.00000
G92 E0
G1 X31.475 Y-79.475 F7800.000
G1 E2.00000 F2400.00000
G1 F1800
G1 X12.746 Y-79.475 E39.91972
G1 X12.496 Y-81.781 E44.61498
G1 X15.507 Y-82.441 E50.85645
G1 X22.863 Y-88.002 E69.52629
G1 X27.089 Y-95.888 E87.64048
G1 X35.740 Y-126.422 E151.89433
G1 X36.172 Y-135.976 E171.25762
G1 X32.184 Y-144.992 E191.21756
G1 X24.597 Y-151.287 E211.17753
G1 X20.880 Y-152.160 E218.90731
G1 X21.308 Y-154.568 E223.85841
G1 X31.307 Y-153.354 E244.25184
G1 X55.502 Y-146.346 E295.25006
G1 X78.258 Y-135.548 E346.24826
G1 X95.204 Y-123.851 E387.93584
G1 X93.824 Y-121.742 E393.03893
G1 X89.583 Y-124.369 E403.13848
G1 X79.767 Y-125.282 E423.09841
G1 X70.572 Y-121.727 E443.05833
G1 X64.122 Y-114.666 E462.42144
G1 X48.648 Y-86.958 E526.67545
G1 X46.060 Y-78.393 E544.78961
G1 X47.329 Y-69.260 E563.45947
G1 X52.154 Y-61.726 E581.57365
G1 X61.726 Y-52.154 E608.97947
G1 X69.260 Y-47.329 E627.09364
G1 X78.393 Y-46.060 E645.76355
G1 X86.958 Y-48.648 E663.87764
G1 X114.666 Y-64.122 E728.13172
G1 X121.727 Y-70.572 E747.49473
G1 X125.282 Y-79.767 E767.45470
G1 X124.369 Y-89.583 E787.41471
G1 X122.610 Y-92.422 E794.17534
G1 X124.650 Y-93.816 E799.17664
G1 X132.287 Y-83.653 E824.91431
G1 X143.999 Y-61.338 E875.93946
G1 X151.160 Y-40.625 E920.31134
G1 X151.955 Y-37.543 E926.75594
G1 X154.531 Y-21.695 E959.26366
G1 X152.083 Y-21.209 E964.31558
G1 X151.287 Y-24.597 E971.36278
G1 X144.992 Y-32.184 E991.32276
G1 X135.976 Y-36.172 E1011.28272
G1 X126.422 Y-35.740 E1030.64607
G1 X95.888 Y-27.089 E1094.89984
G1 X88.002 Y-22.863 E1113.01405
G1 X82.441 Y-15.507 E1131.68384
G1 X80.525 Y-6.768 E1149.79802
G1 X80.525 Y6.768 E1177.20388
G1 X82.441 Y15.507 E1195.31806
G1 X88.002 Y22.863 E1213.98784
G1 X95.888 Y27.089 E1232.10207
G1 X126.422 Y35.740 E1296.35595
G1 X135.976 Y36.172 E1315.71919
G1 X144.992 Y32.184 E1335.67914
G1 X151.287 Y24.597 E1355.63912
G1 X152.083 Y21.209 E1362.68631
G1 X154.531 Y21.695 E1367.73823
G1 X151.955 Y37.543 E1400.24595
G1 X151.160 Y40.625 E1406.69054
G1 X143.998 Y61.338 E1451.06263
G1 X132.287 Y83.653 E1502.08755
G1 X124.650 Y93.816 E1527.82556
G1 X122.610 Y92.422 E1532.82686
G1 X124.369 Y89.583 E1539.58787
G1 X125.282 Y79.767 E1559.54780
G1 X121.727 Y70.572 E1579.50774
G1 X114.666 Y64.122 E1598.87080
G1 X86.958 Y48.648 E1663.12488
G1 X78.393 Y46.060 E1681.23897
G1 X69.260 Y47.329 E1699.90867
G1 X61.726 Y52.154 E1718.02306
G1 X52.154 Y61.726 E1745.42887
G1 X47.329 Y69.260 E1763.54305
G1 X46.060 Y78.393 E1782.21295
G1 X48.648 Y86.958 E1800.32703
G1 X64.122 Y114.666 E1864.58112
G1 X70.572 Y121.727 E1883.94418
G1 X79.767 Y125.282 E1903.90411
G1 X89.583 Y124.369 E1923.86405
G1 X93.824 Y121.742 E1933.96381
G1 X95.204 Y123.851 E1939.06692
G1 X78.258 Y135.548 E1980.75469
G1 X55.467 Y146.362 E2031.83101
G1 X40.733 Y151.130 E2063.18434
G1 X31.369 Y153.346 E2082.66803
G1 X21.308 Y154.568 E2103.18629
G1 X20.880 Y152.160 E2108.13740
G1 X24.597 Y151.287 E2115.86732
G1 X32.184 Y144.992 E2135.82729
G1 X36.172 Y135.976 E2155.78724
G1 X35.740 Y126.422 E2175.15049
G1 X27.089 Y95.888 E2239.40437
G1 X22.863 Y88.002 E2257.51860
G1 X15.507 Y82.441 E2276.18838
G1 X12.496 Y81.781 E2282.43018
G1 X12.746 Y79.475 E2287.12543
G1 X31.475 Y79.475 E2325.04545
G1 X31.475 Y64.000 E2356.37726
G1 X43.898 Y56.426 E2385.83591
G1 X55.490 Y45.076 E2418.68069
G1 X64.224 Y31.406 E2451.52548
G1 X69.651 Y16.118 E2484.37025
G1 X71.491 Y-0.000 E2517.21504
G1 X69.651 Y-16.118 E2550.05980
G1 X64.224 Y-31.406 E2582.90460
G1 X55.490 Y-45.076 E2615.74936
G1 X43.898 Y-56.426 E2648.59417
G1 X31.475 Y-64.000 E2678.05279
G1 X31.475 Y-78.800 E2708.01801
G1 X30.737 Y-83.914 F7800.000
G1 E2706.01801 F2400.00000
G92 E0
G1 X96.815 Y-121.794 F7800.000
G1 E2.00000 F2400.00000
G1 F1800
G1 X100.336 Y-118.343 E17.39133
G1 F1800
G1 X107.378 Y-111.442 E48.63515
G1 E46.63515 F2400.00000
G92 E0
G1 X108.251 Y-108.796 F7800.000
G1 E2.00000 F2400.00000
G1 F900
G1 X110.041 Y-110.623 E7.17887
G1 X117.155 Y-103.790 E27.14915
G1 X118.671 Y-101.772 E32.25853
G1 X116.852 Y-100.194 E37.13349
G1 X108.728 Y-108.319 E60.39631
G1 X110.668 Y-109.631 F7800.000
G1 E58.39631 F2400.00000
G92 E0
G1 X9.797 Y-83.719 F7800.000
G1 E2.00000 F2400.00000
G1 F1800
G1 X7.144 Y-80.035 E13.58137
G1 X6.500 Y-80.000 E15.22527
G1 F1800
G1 X-6.500 Y-80.000 E47.96319
G1 X-6.822 Y-80.017 E48.77468
G1 F1800
G1 X-7.144 Y-80.035 E49.59663
G1 X-9.797 Y-83.720 E61.17924
G1 E59.17924 F2400.00000
G92 E0
G1 X153.475 Y-12.760 F7800.000
G1 E2.00000 F2400.00000
G1 F1800
G1 X156.007 Y-12.811 E7.12698
G1 X156.523 Y-0.000 E33.08496
G1 X156.007 Y12.811 E59.04299
G1 X153.475 Y12.760 E64.16997
G1 X153.475 Y-12.085 E114.47078
G1 X155.724 Y-11.596 F7800.000
G1 E112.47078 F2400.00000
G92 E0
G1 X116.852 Y100.194 F7800.000
G1 E2.00000 F2400.00000
G1 F900
G1 X118.671 Y101.772 E6.87496
G1 X117.155 Y103.790 E11.98464
G1 X110.040 Y110.623 E31.95716
G1 X108.250 Y108.797 E37.13603
G1 X116.375 Y100.671 E60.40138
G1 X117.740 Y102.432 F7800.000
G1 E58.40138 F2400.00000
G92 E0
G1 X107.377 Y111.442 F7800.000
G1 E2.00000 F2400.00000
G1 F1800
G1 X100.336 Y118.343 E33.24125
G1 F1800
G1 X96.815 Y121.794 E48.63135
G1 E46.63135 F2400.00000
G92 E0
G1 X52.101 Y119.955 F7800.000
G1 E2.00000 F2400.00000
G1 F1200
G1 X51.833 Y119.584 E2.02564
G1 F1200
G1 X51.566 Y119.213 E2.07252
G1 F1200
G1 X51.298 Y118.842 E2.14062
G1 F1200
G1 X51.031 Y118.471 E2.22996
G1 F1200
G1 X50.764 Y118.100 E2.34052
G1 F1200
G1 X50.496 Y117.730 E2.47232
G1 F1200
G1 X50.229 Y117.359 E2.62535
G1 F1200
G1 X49.961 Y116.988 E2.79960
G1 F1200
G1 X49.694 Y116.617 E2.99509
G1 F1200
G1 X49.426 Y116.246 E3.21181
G1 F1200
G1 X49.159 Y115.875 E3.44976
G1 F1200
G1 X48.892 Y115.504 E3.70893
G1 F1200
G1 X48.758 Y115.319 E3.84914
G1 X48.712 Y115.288 E3.88317
G1 F1200
G1 X48.620 Y115.225 E3.95643
G1 F1200
G1 X48.528 Y115.163 E4.03489
G1 F1200
G1 X48.436 Y115.101 E4.11855
G1 F1200
G1 X48.344 Y115.039 E4.20742
G1 F1200
G1 X48.253 Y114.976 E4.30149
G1 F1200
G1 X48.161 Y114.914 E4.40076
G1 F1200
G1 X48.069 Y114.852 E4.50523
G1 F1200
G1 X47.977 Y114.790 E4.61491
G1 F1200
G1 X47.885 Y114.727 E4.72979
G1 F1200
G1 X47.793 Y114.665 E4.84987
G1 F1200
G1 X47.701 Y114.603 E4.97515
G1 F1200
G1 X47.609 Y114.541 E5.10563
G1 F1200
G1 X47.518 Y114.478 E5.24132
G1 F1200
G1 X47.426 Y114.416 E5.38221
G1 F1200
G1 X47.380 Y114.385 E5.45526
G1 F1200
G1 X47.212 Y113.979 E6.03401
G1 F1200
G1 X47.043 Y113.573 E6.59225
G1 F1200
G1 X46.875 Y113.166 E7.12996
G1 F1200
G1 X46.707 Y112.760 E7.64715
G1 F1200
G1 X46.539 Y112.354 E8.14383
G1 F1200
G1 X46.370 Y111.948 E8.61998
G1 F1200
G1 X46.202 Y111.542 E9.07561
G1 F1200
G1 X46.034 Y111.136 E9.51073
G1 F1200
G1 X45.866 Y110.729 E9.92532
G1 F1200
G1 X45.697 Y110.323 E10.31939
G1 F1200
G1 X45.529 Y109.917 E10.69294
G1 F1200
G1 X45.361 Y109.511 E11.04598
G1 F1200
G1 X45.193 Y109.105 E11.37849
G1 F1200
G1 X45.024 Y108.698 E11.69048
G1 F1200
G1 X44.856 Y108.292 E11.98195
G1 F1200
G1 X44.688 Y107.886 E12.25290
G1 F1200
G1 X44.520 Y107.480 E12.50334
G1 F1200
G1 X44.351 Y107.074 E12.73325
G1 F1200
G1 X44.183 Y106.668 E12.94264
G1 F1200
G1 X44.015 Y106.261 E13.13151
G1 F1200
G1 X43.847 Y105.855 E13.29986
G1 F1200
G1 X43.678 Y105.449 E13.44769
G1 F1200
G1 X43.510 Y105.043 E13.57500
G1 F1200
G1 X43.342 Y104.637 E13.68179
G1 F1200
G1 X43.174 Y104.230 E13.76806
G1 F1200
G1 X43.005 Y103.824 E13.83381
G1 F1200
G1 X42.837 Y103.418 E13.87904
G1 F1200
G1 X42.753 Y103.215 E13.89140
G1 E11.89140 F2400.00000
G92 E0
G1 X47.380 Y114.385 F7800.000
G1 E2.00000 F2400.00000
G1 F1200
G1 X47.359 Y114.494 E2.14610
G1 F1200
G1 X47.338 Y114.603 E2.28699
G1 F1200
G1 X47.317 Y114.712 E2.42268
G1 F1200
G1 X47.296 Y114.821 E2.55317
G1 F1200
G1 X47.275 Y114.930 E2.67845
G1 F1200
G1 X47.254 Y115.039 E2.79854
G1 F1200
G1 X47.233 Y115.148 E2.91342
G1 F1200
G1 X47.212 Y115.257 E3.02309
G1 F1200
G1 X47.191 Y115.366 E3.12757
G1 F1200
G1 X47.170 Y115.475 E3.22684
G1 F1200
G1 X47.149 Y115.584 E3.32091
G1 F1200
G1 X47.129 Y115.693 E3.40977
G1 F1200
G1 X47.108 Y115.802 E3.49343
G1 F1200
G1 X47.087 Y115.911 E3.57189
G1 F1200
G1 X47.066 Y116.020 E3.64515
G1 F1200
G1 X47.139 Y116.471 E3.92553
G1 F1200
G1 X47.212 Y116.922 E4.18467
G1 F1200
G1 X47.285 Y117.374 E4.42259
G1 F1200
G1 X47.358 Y117.825 E4.63929
G1 F1200
G1 X47.431 Y118.276 E4.83475
G1 F1200
G1 X47.505 Y118.728 E5.00899
G1 F1200
G1 X47.578 Y119.179 E5.16199
G1 F1200
G1 X47.651 Y119.630 E5.29378
G1 F1200
G1 X47.724 Y120.082 E5.40433
G1 F1200
G1 X47.797 Y120.533 E5.49365
G1 F1200
G1 X47.870 Y120.985 E5.56175
G1 F1200
G1 X47.943 Y121.436 E5.60862
G1 F1200
G1 X47.980 Y121.662 E5.62144
G1 E3.62144 F2400.00000
G92 E0
G1 X40.590 Y87.166 F7800.000
G1 E2.00000 F2400.00000
G1 F1200
G1 X40.412 Y86.746 E2.01956
G1 X40.377 Y86.715 E2.02158
G1 F1200
G1 X40.307 Y86.652 E2.02992
G1 F1200
G1 X40.237 Y86.589 E2.04258
G1 F1200
G1 X40.167 Y86.526 E2.05954
G1 F1200
G1 X40.097 Y86.464 E2.08082
G1 F1200
G1 X40.027 Y86.401 E2.10640
G1 F1200
G1 X39.957 Y86.338 E2.13630
G1 F1200
G1 X39.887 Y86.275 E2.17050
G1 F1200
G1 X39.817 Y86.212 E2.20902
G1 F1200
G1 X39.758 Y86.169 E2.24267
G1 X39.703 Y85.797 E2.41384
G1 F1200
G1 X39.648 Y85.425 E2.57476
G1 F1200
G1 X39.593 Y85.054 E2.71821
G1 F1200
G1 X39.538 Y84.682 E2.84417
G1 F1200
G1 X39.483 Y84.310 E2.95265
G1 F1200
G1 X39.428 Y83.938 E3.04366
G1 F1200
G1 X39.373 Y83.567 E3.11719
G1 F1200
G1 X39.318 Y83.195 E3.17324
G1 F1200
G1 X39.263 Y82.823 E3.21181
G1 F1200
G1 X39.235 Y82.637 E3.22235
G1 E1.22235 F2400.00000
G92 E0
G1 X38.635 Y87.218 F7800.000
G1 E2.00000 F2400.00000
G1 F1200
G1 X38.302 Y87.284 E2.01902
G1 F1200
G1 X37.969 Y87.350 E2.05379
G1 F1200
G1 X37.636 Y87.417 E2.10430
G1 F1200
G1 X37.304 Y87.483 E2.17055
G1 F1200
G1 X36.971 Y87.549 E2.25255
G1 F1200
G1 X36.638 Y87.615 E2.35029
G1 F1200
G1 X36.305 Y87.681 E2.46377
G1 F1200
G1 X35.973 Y87.748 E2.59299
G1 F1200
G1 X35.640 Y87.814 E2.73796
G1 F1200
G1 X35.307 Y87.880 E2.89867
G1 F1200
G1 X34.974 Y87.946 E3.07513
G1 F1200
G1 X34.641 Y88.012 E3.26733
G1 F1200
G1 X34.309 Y88.078 E3.47527
G1 F1200
G1 X33.976 Y88.145 E3.69896
G1 F1200
G1 X33.643 Y88.211 E3.93838
G1 F1200
G1 X33.310 Y88.277 E4.19356
G1 F1200
G1 X32.978 Y88.343 E4.46447
G1 F1200
G1 X32.645 Y88.409 E4.75113
G1 F1200
G1 X32.312 Y88.476 E5.05353
G1 F1200
G1 X31.979 Y88.542 E5.37168
G1 F1200
G1 X31.647 Y88.608 E5.70556
G1 E3.70556 F2400.00000
G92 E0
G1 X39.263 Y70.721 F7800.000
G1 E2.00000 F2400.00000
G1 F1200
G1 X39.329 Y69.769 E2.07078
G1 F1200
G1 X39.395 Y68.816 E2.18097
G1 F1200
G1 X39.461 Y67.864 E2.33055
G1 E0.33055 F2400.00000
G92 E0
G1 X43.509 Y59.793 F7800.000
G1 E2.00000 F2400.00000
G1 F1200
G1 X43.900 Y59.818 E2.61029
G1 F1200
G1 X44.292 Y59.844 E3.23842
G1 F1200
G1 X44.684 Y59.869 E3.88437
G1 F1200
G1 X45.076 Y59.894 E4.54815
G1 F1200
G1 X45.468 Y59.920 E5.22976
G1 F1200
G1 X45.860 Y59.945 E5.92919
G1 F1200
G1 X46.251 Y59.971 E6.64646
G1 F1200
G1 X46.643 Y59.996 E7.38156
G1 F1200
G1 X47.035 Y60.021 E8.13448
G1 F1200
G1 X47.102 Y60.022 E8.26522
G1 F1200
G1 X47.168 Y60.023 E8.39892
G1 F1200
G1 X47.235 Y60.024 E8.53558
G1 F1200
G1 X47.335 Y60.025 E8.74502
G1 X47.594 Y59.706 E9.60470
G1 F1200
G1 X47.853 Y59.388 E10.44650
G1 F1200
G1 X48.112 Y59.070 E11.27043
G1 F1200
G1 X48.415 Y58.719 E12.18082
G1 F1200
G1 X48.588 Y58.528 E12.68106
G1 X51.919 Y55.232 E21.75090
G1 F1200
G1 X58.580 Y48.640 E39.50873
G1 X59.001 Y48.271 E40.57119
G1 F1200
G1 X60.443 Y46.981 E44.31541
G1 F1200
G1 X61.885 Y45.692 E48.13889
G1 E46.13889 F2400.00000
G92 E0
G1 X69.149 Y39.817 F7800.000
G1 E2.00000 F2400.00000
G1 F1200
G1 X68.935 Y39.554 E2.06838
G1 F1200
G1 X68.721 Y39.291 E2.15055
G1 X68.834 Y39.060 E2.21304
G1 F1200
G1 X69.061 Y38.596 E2.31400
G1 F1200
G1 X69.287 Y38.133 E2.39096
G1 F1200
G1 X69.514 Y37.670 E2.44392
G1 F1200
G1 X69.740 Y37.207 E2.47287
G1 E0.47287 F2400.00000
G92 E0
G1 X75.863 Y12.310 F7800.000
G1 E2.00000 F2400.00000
G1 F1200
G1 X75.844 Y11.946 E2.87288
G1 F1200
G1 X75.807 Y11.218 E4.58625
G1 F1200
G1 X75.770 Y10.490 E6.26723
G1 F1200
G1 X75.733 Y9.761 E7.91583
G1 F1200
G1 X75.696 Y9.033 E9.53205
G1 F1200
G1 X75.658 Y8.305 E11.11588
G1 F1200
G1 X75.621 Y7.577 E12.66732
G1 F1200
G1 X75.622 Y7.211 E13.42998
G1 F1200
G1 X75.647 Y6.604 E14.67437
G1 F1200
G1 X75.695 Y5.755 E16.37661
G1 F1200
G1 X75.743 Y4.907 E18.04026
G1 F1200
G1 X75.792 Y4.058 E19.66530
G1 F1200
G1 X75.840 Y3.210 E21.25176
G1 F1200
G1 X75.888 Y2.361 E22.79962
G1 F1200
G1 X75.937 Y1.513 E24.30888
G1 F1200
G1 X75.985 Y0.664 E25.77955
G1 F1200
G1 X76.009 Y0.240 E26.49558
G1 X76.009 Y-0.240 E27.30372
G1 F1200
G1 X75.961 Y-1.088 E28.77439
G1 F1200
G1 X75.912 Y-1.937 E30.28365
G1 F1200
G1 X75.864 Y-2.785 E31.83151
G1 F1200
G1 X75.816 Y-3.634 E33.41796
G1 F1200
G1 X75.768 Y-4.483 E35.04300
G1 F1200
G1 X75.719 Y-5.331 E36.70665
G1 F1200
G1 X75.671 Y-6.180 E38.40889
G1 F1200
G1 X75.623 Y-7.028 E40.14972
G1 F1200
G1 X75.622 Y-7.394 E40.91238
G1 F1200
G1 X75.640 Y-7.941 E42.07661
G1 F1200
G1 X75.677 Y-8.669 E43.66043
G1 F1200
G1 X75.714 Y-9.397 E45.27665
G1 F1200
G1 X75.751 Y-10.125 E46.92524
G1 F1200
G1 X75.789 Y-10.854 E48.60623
G1 F1200
G1 X75.826 Y-11.582 E50.31959
G1 F1200
G1 X75.863 Y-12.310 E52.06534
G1 E50.06534 F2400.00000
G92 E0
G1 X69.740 Y-37.207 F7800.000
G1 E2.00000 F2400.00000
G1 F1200
G1 X69.446 Y-37.809 E2.03767
G1 F1200
G1 X69.151 Y-38.412 E2.10657
G1 F1200
G1 X68.856 Y-39.015 E2.20671
G1 F1200
G1 X68.561 Y-39.618 E2.33808
G1 F1200
G1 X68.414 Y-39.919 E2.41938
G1 E0.41938 F2400.00000
G92 E0
G1 X61.885 Y-45.692 F7800.000
G1 E2.00000 F2400.00000
G1 F1200
G1 X60.443 Y-46.981 E5.82349
G1 F1200
G1 X59.001 Y-48.271 E9.56772
G1 F1200
G1 X58.580 Y-48.640 E10.63018
G1 X51.919 Y-55.232 E28.38800
G1 F1200
G1 X48.588 Y-58.528 E37.45784
G1 X48.415 Y-58.719 E37.95808
G1 F1200
G1 X48.124 Y-59.055 E38.83088
G1 F1200
G1 X47.889 Y-59.343 E39.57642
G1 F1200
G1 X47.654 Y-59.632 E40.33664
G1 X47.654 Y-59.632 F7800.000
G1 F1200
G1 X47.441 Y-59.894 E41.03866
G1 F1200
G1 X47.335 Y-60.025 E41.39570
G1 X47.268 Y-60.024 E41.53684
G1 F1200
G1 X47.202 Y-60.023 E41.67501
G1 F1200
G1 X47.135 Y-60.022 E41.81023
G1 F1200
G1 X47.068 Y-60.022 E41.94250
G1 F1200
G1 X46.839 Y-60.009 E42.38787
G1 F1200
G1 X46.447 Y-59.983 E43.13183
G1 F1200
G1 X46.055 Y-59.958 E43.85797
G1 F1200
G1 X45.664 Y-59.932 E44.56628
G1 F1200
G1 X45.272 Y-59.907 E45.25676
G1 F1200
G1 X44.880 Y-59.882 E45.92942
G1 F1200
G1 X44.488 Y-59.856 E46.58425
G1 F1200
G1 X44.096 Y-59.831 E47.22126
G1 F1200
G1 X43.705 Y-59.805 E47.84044
G1 F1200
G1 X43.509 Y-59.793 E48.14111
G1 E46.14111 F2400.00000
G92 E0
G1 X39.461 Y-67.864 F7800.000
G1 E2.00000 F2400.00000
G1 F1200
G1 X39.395 Y-68.816 E2.14959
G1 F1200
G1 X39.329 Y-69.769 E2.25977
G1 F1200
G1 X39.263 Y-70.721 E2.33056
G1 E0.33056 F2400.00000
G92 E0
G1 X39.235 Y-82.637 F7800.000
G1 E2.00000 F2400.00000
G1 F1200
G1 X39.263 Y-82.823 E2.01055
G1 F1200
G1 X39.318 Y-83.195 E2.04912
G1 F1200
G1 X39.373 Y-83.567 E2.10517
G1 F1200
G1 X39.428 Y-83.938 E2.17869
G1 F1200
G1 X39.483 Y-84.310 E2.26970
G1 F1200
G1 X39.538 Y-84.682 E2.37819
G1 F1200
G1 X39.593 Y-85.054 E2.50416
G1 F1200
G1 X39.648 Y-85.425 E2.64760
G1 F1200
G1 X39.703 Y-85.797 E2.80853
G1 F1200
G1 X39.758 Y-86.169 E2.97970
G1 X39.817 Y-86.212 E3.01335
G1 F1200
G1 X39.887 Y-86.275 E3.05187
G1 F1200
G1 X39.957 Y-86.338 E3.08608
G1 F1200
G1 X40.027 Y-86.401 E3.11597
G1 F1200
G1 X40.097 Y-86.464 E3.14156
G1 F1200
G1 X40.167 Y-86.527 E3.16283
G1 F1200
G1 X40.237 Y-86.589 E3.17980
G1 F1200
G1 X40.307 Y-86.652 E3.19245
G1 F1200
G1 X40.377 Y-86.715 E3.20080
G1 F1200
G1 X40.412 Y-86.746 E3.20281
G1 X40.590 Y-87.166 E3.22237
G1 X38.635 Y-87.218 F7800.000
G1 F1200
G1 X38.302 Y-87.284 E3.24140
G1 F1200
G1 X37.969 Y-87.350 E3.27616
G1 F1200
G1 X37.636 Y-87.417 E3.32667
G1 F1200
G1 X37.304 Y-87.483 E3.39293
G1 F1200
G1 X36.971 Y-87.549 E3.47493
G1 F1200
G1 X36.638 Y-87.615 E3.57267
G1 F1200
G1 X36.305 Y-87.681 E3.68615
G1 F1200
G1 X35.973 Y-87.748 E3.81538
G1 F1200
G1 X35.640 Y-87.814 E3.96035
G1 F1200
G1 X35.307 Y-87.880 E4.12107
G1 F1200
G1 X34.974 Y-87.946 E4.29753
G1 F1200
G1 X34.642 Y-88.012 E4.48973
G1 F1200
G1 X34.309 Y-88.079 E4.69768
G1 F1200
G1 X33.976 Y-88.145 E4.92137
G1 F1200
G1 X33.643 Y-88.211 E5.16080
G1 F1200
G1 X33.310 Y-88.277 E5.41598
G1 F1200
G1 X32.978 Y-88.343 E5.68690
G1 F1200
G1 X32.645 Y-88.409 E5.97356
G1 F1200
G1 X32.312 Y-88.476 E6.27597
G1 F1200
G1 X31.979 Y-88.542 E6.59412
G1 F1200
G1 X31.647 Y-88.608 E6.92801
G1 E4.92801 F2400.00000
G92 E0
G1 X42.753 Y-103.215 F7800.000
G1 E2.00000 F2400.00000
G1 F1200
G1 X42.837 Y-103.418 E2.01235
G1 F1200
G1 X43.005 Y-103.824 E2.05758
G1 F1200
G1 X43.174 Y-104.231 E2.12333
G1 F1200
G1 X43.342 Y-104.637 E2.20960
G1 F1200
G1 X43.510 Y-105.043 E2.31639
G1 F1200
G1 X43.678 Y-105.449 E2.44370
G1 F1200
G1 X43.847 Y-105.855 E2.59153
G1 F1200
G1 X44.015 Y-106.261 E2.75988
G1 F1200
G1 X44.183 Y-106.668 E2.94875
G1 F1200
G1 X44.351 Y-107.074 E3.15814
G1 F1200
G1 X44.520 Y-107.480 E3.38805
G1 F1200
G1 X44.688 Y-107.886 E3.63848
G1 F1200
G1 X44.856 Y-108.292 E3.90943
G1 F1200
G1 X45.024 Y-108.698 E4.20090
G1 F1200
G1 X45.193 Y-109.105 E4.51288
G1 F1200
G1 X45.361 Y-109.511 E4.84539
G1 F1200
G1 X45.529 Y-109.917 E5.19842
G1 F1200
G1 X45.697 Y-110.323 E5.57197
G1 F1200
G1 X45.866 Y-110.729 E5.96604
G1 F1200
G1 X46.034 Y-111.135 E6.38063
G1 F1200
G1 X46.202 Y-111.542 E6.81574
G1 F1200
G1 X46.370 Y-111.948 E7.27137
G1 F1200
G1 X46.539 Y-112.354 E7.74751
G1 F1200
G1 X46.707 Y-112.760 E8.24418
G1 F1200
G1 X46.875 Y-113.166 E8.76137
G1 F1200
G1 X47.043 Y-113.573 E9.29908
G1 F1200
G1 X47.212 Y-113.979 E9.85731
G1 F1200
G1 X47.380 Y-114.385 E10.43606
G1 F1200
G1 X47.369 Y-114.439 E10.50911
G1 F1200
G1 X47.348 Y-114.548 E10.65000
G1 F1200
G1 X47.327 Y-114.657 E10.78569
G1 F1200
G1 X47.306 Y-114.766 E10.91618
G1 F1200
G1 X47.286 Y-114.875 E11.04146
G1 F1200
G1 X47.265 Y-114.984 E11.16154
G1 F1200
G1 X47.244 Y-115.093 E11.27642
G1 F1200
G1 X47.223 Y-115.202 E11.38610
G1 F1200
G1 X47.202 Y-115.311 E11.49057
G1 F1200
G1 X47.181 Y-115.420 E11.58984
G1 F1200
G1 X47.160 Y-115.529 E11.68391
G1 F1200
G1 X47.139 Y-115.638 E11.77277
G1 F1200
G1 X47.118 Y-115.747 E11.85643
G1 F1200
G1 X47.097 Y-115.856 E11.93489
G1 F1200
G1 X47.076 Y-115.965 E12.00815
G1 F1200
G1 X47.066 Y-116.020 E12.04218
G1 X47.102 Y-116.245 E12.18237
G1 F1200
G1 X47.175 Y-116.697 E12.44152
G1 F1200
G1 X47.249 Y-117.148 E12.67944
G1 F1200
G1 X47.322 Y-117.599 E12.89613
G1 F1200
G1 X47.395 Y-118.051 E13.09160
G1 F1200
G1 X47.468 Y-118.502 E13.26584
G1 F1200
G1 X47.541 Y-118.953 E13.41885
G1 F1200
G1 X47.614 Y-119.405 E13.55063
G1 F1200
G1 X47.687 Y-119.856 E13.66118
G1 F1200
G1 X47.761 Y-120.307 E13.75051
G1 F1200
G1 X47.834 Y-120.759 E13.81861
G1 F1200
G1 X47.907 Y-121.210 E13.86548
G1 F1200
G1 X47.980 Y-121.661 E13.89112
G1 E11.89112 F2400.00000
G92 E0
G1 X51.566 Y-119.213 F7800.000
G1 E2.00000 F2400.00000
G1 F1200
G1 X51.298 Y-118.842 E2.06810
G1 F1200
G1 X51.031 Y-118.471 E2.15744
G1 F1200
G1 X50.764 Y-118.100 E2.26800
G1 F1200
G1 X50.496 Y-117.730 E2.39979
G1 F1200
G1 X50.229 Y-117.359 E2.55282
G1 F1200
G1 X49.961 Y-116.988 E2.72707
G1 F1200
G1 X49.694 Y-116.617 E2.92256
G1 F1200
G1 X49.426 Y-116.246 E3.13927
G1 F1200
G1 X49.159 Y-115.875 E3.37722
G1 F1200
G1 X48.892 Y-115.504 E3.63639
G1 F1200
G1 X48.758 Y-115.319 E3.77659
G1 X48.712 Y-115.288 E3.81062
G1 F1200
G1 X48.620 Y-115.225 E3.88388
G1 F1200
G1 X48.528 Y-115.163 E3.96234
G1 F1200
G1 X48.436 Y-115.101 E4.04600
G1 F1200
G1 X48.344 Y-115.039 E4.13487
G1 F1200
G1 X48.253 Y-114.976 E4.22894
G1 F1200
G1 X48.161 Y-114.914 E4.32821
G1 F1200
G1 X48.069 Y-114.852 E4.43268
G1 F1200
G1 X47.977 Y-114.790 E4.54236
G1 F1200
G1 X47.885 Y-114.727 E4.65723
G1 F1200
G1 X47.793 Y-114.665 E4.77731
G1 F1200
G1 X47.701 Y-114.603 E4.90260
G1 F1200
G1 X47.609 Y-114.541 E5.03308
G1 F1200
G1 X47.518 Y-114.478 E5.16877
G1 F1200
G1 X47.426 Y-114.416 E5.30966
G1 F1200
G1 X47.380 Y-114.385 E5.38270
G1 E3.38270 F2400.00000
G92 E0
G1 X51.566 Y-119.213 F7800.000
G1 E2.00000 F2400.00000
G1 F1200
G1 X51.833 Y-119.584 E2.04687
G1 F1200
G1 X52.101 Y-119.955 E2.07252
G1 E0.07252 F2400.00000
G92 E0
G1 X-31.647 Y-88.608 F7800.000
G1 E2.00000 F2400.00000
G1 F1200
G1 X-31.979 Y-88.542 E2.34175
G1 F1200
G1 X-32.312 Y-88.476 E2.66776
G1 F1200
G1 X-32.645 Y-88.409 E2.97803
G1 F1200
G1 X-32.978 Y-88.343 E3.27255
G1 F1200
G1 X-33.310 Y-88.277 E3.55133
G1 F1200
G1 X-33.643 Y-88.211 E3.81436
G1 F1200
G1 X-33.976 Y-88.145 E4.06166
G1 F1200
G1 X-34.309 Y-88.078 E4.29321
G1 F1200
G1 X-34.641 Y-88.012 E4.50902
G1 F1200
G1 X-34.974 Y-87.946 E4.70908
G1 F1200
G1 X-35.307 Y-87.880 E4.89340
G1 F1200
G1 X-35.640 Y-87.814 E5.06198
G1 F1200
G1 X-35.972 Y-87.748 E5.21482
G1 F1200
G1 X-36.305 Y-87.681 E5.35192
G1 F1200
G1 X-36.638 Y-87.615 E5.47327
G1 F1200
G1 X-36.971 Y-87.549 E5.57887
G1 F1200
G1 X-37.304 Y-87.483 E5.66874
G1 F1200
G1 X-37.636 Y-87.417 E5.74286
G1 F1200
G1 X-37.969 Y-87.350 E5.80124
G1 F1200
G1 X-38.302 Y-87.284 E5.84388
G1 F1200
G1 X-38.635 Y-87.218 E5.87077
G1 X-39.817 Y-86.212 F7800.000
G1 F1200
G1 X-39.887 Y-86.275 E5.91145
G1 F1200
G1 X-39.957 Y-86.338 E5.94781
G1 F1200
G1 X-40.027 Y-86.401 E5.97986
G1 F1200
G1 X-40.097 Y-86.464 E6.00760
G1 F1200
G1 X-40.167 Y-86.526 E6.03103
G1 F1200
G1 X-40.237 Y-86.589 E6.05015
G1 F1200
G1 X-40.307 Y-86.652 E6.06496
G1 F1200
G1 X-40.377 Y-86.715 E6.07546
G1 F1200
G1 X-40.412 Y-86.746 E6.07856
G1 X-40.590 Y-87.166 E6.10858
G1 X-39.817 Y-86.212 F7800.000
G1 F1200
G1 X-39.758 Y-86.169 E6.14364
G1 X-39.730 Y-85.983 E6.23284
G1 F1200
G1 X-39.675 Y-85.611 E6.39376
G1 F1200
G1 X-39.620 Y-85.240 E6.53720
G1 F1200
G1 X-39.565 Y-84.868 E6.66316
G1 F1200
G1 X-39.510 Y-84.496 E6.77164
G1 F1200
G1 X-39.455 Y-84.124 E6.86265
G1 F1200
G1 X-39.400 Y-83.752 E6.93617
G1 F1200
G1 X-39.345 Y-83.381 E6.99222
G1 F1200
G1 X-39.290 Y-83.009 E7.03079
G1 F1200
G1 X-39.235 Y-82.637 E7.05188
G1 E5.05188 F2400.00000
G92 E0
G1 X-39.263 Y-70.721 F7800.000
G1 E2.00000 F2400.00000
G1 F1200
G1 X-39.329 Y-69.769 E2.07078
G1 F1200
G1 X-39.395 Y-68.816 E2.18096
G1 F1200
G1 X-39.461 Y-67.864 E2.33053
G1 E0.33053 F2400.00000
G92 E0
G1 X-43.509 Y-59.793 F7800.000
G1 E2.00000 F2400.00000
G1 F1200
G1 X-43.900 Y-59.818 E2.60139
G1 F1200
G1 X-44.292 Y-59.844 E3.22062
G1 F1200
G1 X-44.684 Y-59.869 E3.85767
G1 F1200
G1 X-45.076 Y-59.894 E4.51255
G1 F1200
G1 X-45.468 Y-59.920 E5.18525
G1 F1200
G1 X-45.860 Y-59.945 E5.87579
G1 F1200
G1 X-46.251 Y-59.971 E6.58416
G1 F1200
G1 X-46.643 Y-59.996 E7.31036
G1 F1200
G1 X-47.035 Y-60.021 E8.05438
G1 F1200
G1 X-47.102 Y-60.022 E8.18363
G1 F1200
G1 X-47.168 Y-60.023 E8.31584
G1 F1200
G1 X-47.235 Y-60.024 E8.45100
G1 F1200
G1 X-47.302 Y-60.024 E8.58911
G1 F1200
G1 X-47.335 Y-60.025 E8.65964
G1 X-47.594 Y-59.706 E9.52825
G1 F1200
G1 X-47.853 Y-59.388 E10.37900
G1 F1200
G1 X-48.112 Y-59.070 E11.21187
G1 F1200
G1 X-48.415 Y-58.719 E12.13236
G1 F1200
G1 X-48.588 Y-58.528 E12.63632
G1 X-51.919 Y-55.232 E21.77371
G1 F1200
G1 X-58.580 Y-48.640 E39.69611
G1 X-60.443 Y-46.981 E44.46729
G1 F1200
G1 X-61.885 Y-45.692 E48.25113
G1 E46.25113 F2400.00000
G92 E0
G1 X-68.414 Y-39.919 F7800.000
G1 E2.00000 F2400.00000
G1 F1200
G1 X-68.709 Y-39.316 E2.16260
G1 F1200
G1 X-69.003 Y-38.713 E2.29397
G1 F1200
G1 X-69.298 Y-38.111 E2.39410
G1 F1200
G1 X-69.593 Y-37.508 E2.46301
G1 F1200
G1 X-69.740 Y-37.207 E2.48184
G1 E0.48184 F2400.00000
G92 E0
G1 X-75.863 Y-12.310 F7800.000
G1 E2.00000 F2400.00000
G1 F1200
G1 X-75.826 Y-11.582 E3.74578
G1 F1200
G1 X-75.789 Y-10.854 E5.45918
G1 F1200
G1 X-75.751 Y-10.126 E7.14020
G1 F1200
G1 X-75.714 Y-9.397 E8.78882
G1 F1200
G1 X-75.677 Y-8.669 E10.40506
G1 F1200
G1 X-75.640 Y-7.941 E11.98892
G1 F1200
G1 X-75.622 Y-7.394 E13.15315
G1 F1200
G1 X-75.623 Y-7.028 E13.91579
G1 F1200
G1 X-75.671 Y-6.180 E15.65662
G1 F1200
G1 X-75.719 Y-5.331 E17.35886
G1 F1200
G1 X-75.768 Y-4.483 E19.02250
G1 F1200
G1 X-75.816 Y-3.634 E20.64755
G1 F1200
G1 X-75.864 Y-2.785 E22.23400
G1 F1200
G1 X-75.912 Y-1.937 E23.78185
G1 F1200
G1 X-75.961 Y-1.088 E25.29111
G1 F1200
G1 X-76.009 Y-0.240 E26.76177
G1 F1200
G1 X-76.009 Y0.240 E27.56992
G1 X-75.985 Y0.664 E28.28595
G1 F1200
G1 X-75.937 Y1.513 E29.75661
G1 F1200
G1 X-75.888 Y2.361 E31.26587
G1 F1200
G1 X-75.840 Y3.210 E32.81373
G1 F1200
G1 X-75.792 Y4.058 E34.40018
G1 F1200
G1 X-75.743 Y4.907 E36.02522
G1 F1200
G1 X-75.695 Y5.755 E37.68887
G1 F1200
G1 X-75.647 Y6.604 E39.39110
G1 F1200
G1 X-75.622 Y7.211 E40.63549
G1 F1200
G1 X-75.621 Y7.577 E41.39813
G1 F1200
G1 X-75.658 Y8.305 E42.94960
G1 F1200
G1 X-75.696 Y9.033 E44.53346
G1 F1200
G1 X-75.733 Y9.761 E46.14971
G1 F1200
G1 X-75.770 Y10.490 E47.79834
G1 F1200
G1 X-75.807 Y11.218 E49.47936
G1 F1200
G1 X-75.844 Y11.946 E51.19276
G1 F1200
G1 X-75.863 Y12.310 E52.06566
G1 E50.06566 F2400.00000
G92 E0
G1 X-69.740 Y37.207 F7800.000
G1 E2.00000 F2400.00000
G1 F1200
G1 X-69.593 Y37.508 E2.01883
G1 F1200
G1 X-69.298 Y38.111 E2.08774
G1 F1200
G1 X-69.003 Y38.713 E2.18787
G1 F1200
G1 X-68.709 Y39.316 E2.31924
G1 F1200
G1 X-68.414 Y39.919 E2.48185
G1 E0.48185 F2400.00000
G92 E0
G1 X-61.885 Y45.692 F7800.000
G1 E2.00000 F2400.00000
G1 F1200
G1 X-60.443 Y46.981 E5.78383
G1 F1200
G1 X-59.001 Y48.271 E9.48839
G1 F1200
G1 X-58.580 Y48.640 E10.54771
G1 X-55.249 Y51.936 E19.40028
G1 F1200
G1 X-48.588 Y58.528 E37.53992
G1 F1200
G1 X-48.241 Y58.911 E38.55529
G1 F1200
G1 X-48.006 Y59.199 E39.30081
G1 F1200
G1 X-47.772 Y59.488 E40.06103
G1 F1200
G1 X-47.548 Y59.763 E40.79926
G1 F1200
G1 X-47.335 Y60.025 E41.51341
G1 X-47.302 Y60.024 E41.58396
G1 F1200
G1 X-47.235 Y60.024 E41.72211
G1 F1200
G1 X-47.168 Y60.023 E41.85731
G1 F1200
G1 X-47.102 Y60.022 E41.98955
G1 F1200
G1 X-47.035 Y60.021 E42.11884
G1 F1200
G1 X-46.643 Y59.996 E42.86283
G1 F1200
G1 X-46.251 Y59.971 E43.58899
G1 F1200
G1 X-45.860 Y59.945 E44.29732
G1 F1200
G1 X-45.468 Y59.920 E44.98783
G1 F1200
G1 X-45.076 Y59.894 E45.66051
G1 F1200
G1 X-44.684 Y59.869 E46.31537
G1 F1200
G1 X-44.292 Y59.844 E46.95239
G1 F1200
G1 X-43.900 Y59.818 E47.57159
G1 F1200
G1 X-43.509 Y59.793 E48.17296
G1 E46.17296 F2400.00000
G92 E0
G1 X-39.461 Y67.864 F7800.000
G1 E2.00000 F2400.00000
G1 F1200
G1 X-39.395 Y68.816 E2.12988
G1 F1200
G1 X-39.329 Y69.769 E2.22035
G1 F1200
G1 X-39.263 Y70.721 E2.27143
G1 E0.27143 F2400.00000
G92 E0
G1 X-39.235 Y82.637 F7800.000
G1 E2.00000 F2400.00000
G1 F1200
G1 X-39.290 Y83.009 E2.02109
G1 F1200
G1 X-39.345 Y83.381 E2.05966
G1 F1200
G1 X-39.400 Y83.752 E2.11570
G1 F1200
G1 X-39.455 Y84.124 E2.18923
G1 F1200
G1 X-39.510 Y84.496 E2.28023
G1 F1200
G1 X-39.565 Y84.868 E2.38871
G1 F1200
G1 X-39.620 Y85.239 E2.51467
G1 F1200
G1 X-39.675 Y85.611 E2.65810
G1 F1200
G1 X-39.730 Y85.983 E2.81902
G1 F1200
G1 X-39.758 Y86.169 E2.90821
G1 X-39.817 Y86.212 E2.94328
G1 F1200
G1 X-39.887 Y86.275 E2.98395
G1 F1200
G1 X-39.957 Y86.338 E3.02031
G1 F1200
G1 X-40.027 Y86.401 E3.05236
G1 F1200
G1 X-40.097 Y86.464 E3.08010
G1 F1200
G1 X-40.167 Y86.526 E3.10353
G1 F1200
G1 X-40.237 Y86.589 E3.12265
G1 F1200
G1 X-40.307 Y86.652 E3.13746
G1 F1200
G1 X-40.377 Y86.715 E3.14796
G1 F1200
G1 X-40.412 Y86.746 E3.15106
G1 X-40.590 Y87.166 E3.18108
G1 X-38.634 Y87.218 F7800.000
G1 F1200
G1 X-38.302 Y87.284 E3.20797
G1 F1200
G1 X-37.969 Y87.350 E3.25060
G1 F1200
G1 X-37.636 Y87.417 E3.30898
G1 F1200
G1 X-37.303 Y87.483 E3.38310
G1 F1200
G1 X-36.971 Y87.549 E3.47297
G1 F1200
G1 X-36.638 Y87.615 E3.57857
G1 F1200
G1 X-36.305 Y87.681 E3.69992
G1 F1200
G1 X-35.972 Y87.748 E3.83701
G1 F1200
G1 X-35.640 Y87.814 E3.98985
G1 F1200
G1 X-35.307 Y87.880 E4.15842
G1 F1200
G1 X-34.974 Y87.946 E4.34274
G1 F1200
G1 X-34.641 Y88.012 E4.54280
G1 F1200
G1 X-34.309 Y88.078 E4.75861
G1 F1200
G1 X-33.976 Y88.145 E4.99015
G1 F1200
G1 X-33.643 Y88.211 E5.23744
G1 F1200
G1 X-33.310 Y88.277 E5.50047
G1 F1200
G1 X-32.978 Y88.343 E5.77925
G1 F1200
G1 X-32.645 Y88.409 E6.07376
G1 F1200
G1 X-32.312 Y88.476 E6.38402
G1 F1200
G1 X-31.979 Y88.542 E6.71002
G1 F1200
G1 X-31.647 Y88.608 E7.05177
G1 E5.05177 F2400.00000
G92 E0
G1 X-42.753 Y103.215 F7800.000
G1 E2.00000 F2400.00000
G1 F1200
G1 X-42.921 Y103.621 E2.02471
G1 F1200
G1 X-43.090 Y104.027 E2.06994
G1 F1200
G1 X-43.258 Y104.434 E2.13569
G1 F1200
G1 X-43.426 Y104.840 E2.22196
G1 F1200
G1 X-43.594 Y105.246 E2.32875
G1 F1200
G1 X-43.763 Y105.652 E2.45606
G1 F1200
G1 X-43.931 Y106.058 E2.60389
G1 F1200
G1 X-44.099 Y106.464 E2.77224
G1 F1200
G1 X-44.267 Y106.871 E2.96111
G1 F1200
G1 X-44.435 Y107.277 E3.17050
G1 F1200
G1 X-44.604 Y107.683 E3.40041
G1 F1200
G1 X-44.772 Y108.089 E3.65084
G1 F1200
G1 X-44.940 Y108.495 E3.92179
G1 F1200
G1 X-45.108 Y108.901 E4.21326
G1 F1200
G1 X-45.277 Y109.308 E4.52525
G1 F1200
G1 X-45.445 Y109.714 E4.85776
G1 F1200
G1 X-45.613 Y110.120 E5.21079
G1 F1200
G1 X-45.781 Y110.526 E5.58435
G1 F1200
G1 X-45.950 Y110.932 E5.97842
G1 F1200
G1 X-46.118 Y111.339 E6.39301
G1 F1200
G1 X-46.286 Y111.745 E6.82812
G1 F1200
G1 X-46.454 Y112.151 E7.28375
G1 F1200
G1 X-46.623 Y112.557 E7.75990
G1 F1200
G1 X-46.791 Y112.963 E8.25657
G1 F1200
G1 X-46.959 Y113.369 E8.77377
G1 F1200
G1 X-47.127 Y113.776 E9.31148
G1 F1200
G1 X-47.296 Y114.182 E9.86971
G1 F1200
G1 X-47.380 Y114.385 E10.15909
G1 F1200
G1 X-47.472 Y114.447 E10.30518
G1 F1200
G1 X-47.564 Y114.509 E10.44607
G1 F1200
G1 X-47.655 Y114.572 E10.58176
G1 F1200
G1 X-47.747 Y114.634 E10.71224
G1 F1200
G1 X-47.839 Y114.696 E10.83752
G1 F1200
G1 X-47.931 Y114.758 E10.95760
G1 F1200
G1 X-48.023 Y114.821 E11.07248
G1 F1200
G1 X-48.115 Y114.883 E11.18216
G1 F1200
G1 X-48.207 Y114.945 E11.28663
G1 F1200
G1 X-48.298 Y115.007 E11.38590
G1 F1200
G1 X-48.390 Y115.070 E11.47997
G1 F1200
G1 X-48.482 Y115.132 E11.56884
G1 F1200
G1 X-48.574 Y115.194 E11.65250
G1 F1200
G1 X-48.666 Y115.256 E11.73096
G1 F1200
G1 X-48.758 Y115.319 E11.80422
G1 F1200
G1 X-49.025 Y115.690 E12.08463
G1 F1200
G1 X-49.293 Y116.061 E12.34381
G1 F1200
G1 X-49.560 Y116.431 E12.58176
G1 F1200
G1 X-49.828 Y116.802 E12.79847
G1 F1200
G1 X-50.095 Y117.173 E12.99396
G1 F1200
G1 X-50.362 Y117.544 E13.16822
G1 F1200
G1 X-50.630 Y117.915 E13.32124
G1 F1200
G1 X-50.897 Y118.286 E13.45304
G1 F1200
G1 X-51.165 Y118.657 E13.56360
G1 F1200
G1 X-51.432 Y119.028 E13.65294
G1 F1200
G1 X-51.700 Y119.398 E13.72104
G1 F1200
G1 X-51.967 Y119.769 E13.76792
G1 F1200
G1 X-52.101 Y119.955 E13.78074
G1 E11.78074 F2400.00000
G92 E0
G1 X-47.797 Y120.533 F7800.000
G1 E2.00000 F2400.00000
G1 F1200
G1 X-47.870 Y120.984 E2.06810
G1 F1200
G1 X-47.943 Y121.436 E2.11497
G1 F1200
G1 X-47.980 Y121.661 E2.12779
G1 X-47.797 Y120.533 F7800.000
G1 F1200
G1 X-47.724 Y120.082 E2.21712
G1 F1200
G1 X-47.651 Y119.630 E2.32767
G1 F1200
G1 X-47.578 Y119.179 E2.45945
G1 F1200
G1 X-47.505 Y118.728 E2.61246
G1 F1200
G1 X-47.431 Y118.276 E2.78670
G1 F1200
G1 X-47.358 Y117.825 E2.98217
G1 F1200
G1 X-47.285 Y117.374 E3.19886
G1 F1200
G1 X-47.212 Y116.922 E3.43678
G1 F1200
G1 X-47.139 Y116.471 E3.69593
G1 F1200
G1 X-47.066 Y116.020 E3.97631
G1 F1200
G1 X-47.087 Y115.911 E4.04957
G1 F1200
G1 X-47.108 Y115.802 E4.12803
G1 F1200
G1 X-47.128 Y115.693 E4.21169
G1 F1200
G1 X-47.149 Y115.584 E4.30055
G1 F1200
G1 X-47.170 Y115.475 E4.39462
G1 F1200
G1 X-47.191 Y115.366 E4.49389
G1 F1200
G1 X-47.212 Y115.257 E4.59836
G1 F1200
G1 X-47.233 Y115.148 E4.70804
G1 F1200
G1 X-47.254 Y115.039 E4.82292
G1 F1200
G1 X-47.275 Y114.930 E4.94300
G1 F1200
G1 X-47.296 Y114.821 E5.06829
G1 F1200
G1 X-47.317 Y114.712 E5.19878
G1 F1200
G1 X-47.338 Y114.603 E5.33447
G1 F1200
G1 X-47.359 Y114.494 E5.47536
G1 F1200
G1 X-47.380 Y114.385 E5.62146
G1 E3.62146 F2400.00000
G92 E0
G1 X-103.215 Y42.753 F7800.000
G1 E2.00000 F2400.00000
G1 F1200
G1 X-103.621 Y42.921 E2.02471
G1 F1200
G1 X-104.027 Y43.090 E2.06994
G1 F1200
G1 X-104.434 Y43.258 E2.13569
G1 F1200
G1 X-104.840 Y43.426 E2.22196
G1 F1200
G1 X-105.246 Y43.594 E2.32875
G1 F1200
G1 X-105.652 Y43.763 E2.45606
G1 F1200
G1 X-106.058 Y43.931 E2.60389
G1 F1200
G1 X-106.464 Y44.099 E2.77223
G1 F1200
G1 X-106.871 Y44.267 E2.96110
G1 F1200
G1 X-107.277 Y44.436 E3.17049
G1 F1200
G1 X-107.683 Y44.604 E3.40040
G1 F1200
G1 X-108.089 Y44.772 E3.65083
G1 F1200
G1 X-108.495 Y44.940 E3.92178
G1 F1200
G1 X-108.902 Y45.108 E4.21325
G1 F1200
G1 X-109.308 Y45.277 E4.52524
G1 F1200
G1 X-109.714 Y45.445 E4.85775
G1 F1200
G1 X-110.120 Y45.613 E5.21077
G1 F1200
G1 X-110.526 Y45.781 E5.58432
G1 F1200
G1 X-110.932 Y45.950 E5.97839
G1 F1200
G1 X-111.339 Y46.118 E6.39298
G1 F1200
G1 X-111.745 Y46.286 E6.82809
G1 F1200
G1 X-112.151 Y46.454 E7.28372
G1 F1200
G1 X-112.557 Y46.623 E7.75986
G1 F1200
G1 X-112.963 Y46.791 E8.25653
G1 F1200
G1 X-113.369 Y46.959 E8.77372
G1 F1200
G1 X-113.776 Y47.127 E9.31143
G1 F1200
G1 X-114.182 Y47.296 E9.86965
G1 F1200
G1 X-114.385 Y47.380 E10.15903
G1 F1200
G1 X-114.494 Y47.359 E10.30512
G1 F1200
G1 X-114.603 Y47.338 E10.44602
G1 F1200
G1 X-114.712 Y47.317 E10.58171
G1 F1200
G1 X-114.821 Y47.296 E10.71219
G1 F1200
G1 X-114.930 Y47.275 E10.83748
G1 F1200
G1 X-115.039 Y47.254 E10.95756
G1 F1200
G1 X-115.148 Y47.233 E11.07244
G1 F1200
G1 X-115.257 Y47.212 E11.18211
G1 F1200
G1 X-115.366 Y47.191 E11.28659
G1 F1200
G1 X-115.475 Y47.170 E11.38586
G1 F1200
G1 X-115.584 Y47.149 E11.47992
G1 F1200
G1 X-115.693 Y47.128 E11.56879
G1 F1200
G1 X-115.802 Y47.108 E11.65245
G1 F1200
G1 X-115.911 Y47.087 E11.73091
G1 F1200
G1 X-116.020 Y47.066 E11.80417
G1 F1200
G1 X-116.471 Y47.139 E12.08454
G1 F1200
G1 X-116.922 Y47.212 E12.34370
G1 F1200
G1 X-117.374 Y47.285 E12.58162
G1 F1200
G1 X-117.825 Y47.358 E12.79831
G1 F1200
G1 X-118.276 Y47.431 E12.99378
G1 F1200
G1 X-118.728 Y47.505 E13.16802
G1 F1200
G1 X-119.179 Y47.578 E13.32103
G1 F1200
G1 X-119.630 Y47.651 E13.45281
G1 F1200
G1 X-120.082 Y47.724 E13.56337
G1 F1200
G1 X-120.533 Y47.797 E13.65269
G1 F1200
G1 X-120.984 Y47.870 E13.72079
G1 F1200
G1 X-121.436 Y47.943 E13.76766
G1 F1200
G1 X-121.661 Y47.980 E13.78048
G1 E11.78048 F2400.00000
G92 E0
G1 X-119.028 Y51.432 F7800.000
G1 E2.00000 F2400.00000
G1 F1200
G1 X-119.398 Y51.700 E2.06810
G1 F1200
G1 X-119.769 Y51.967 E2.11498
G1 F1200
G1 X-119.955 Y52.101 E2.12780
G1 X-119.028 Y51.432 F7800.000
G1 F1200
G1 X-118.657 Y51.165 E2.21713
G1 F1200
G1 X-118.286 Y50.897 E2.32770
G1 F1200
G1 X-117.915 Y50.630 E2.45949
G1 F1200
G1 X-117.544 Y50.362 E2.61251
G1 F1200
G1 X-117.173 Y50.095 E2.78677
G1 F1200
G1 X-116.802 Y49.828 E2.98225
G1 F1200
G1 X-116.431 Y49.560 E3.19897
G1 F1200
G1 X-116.061 Y49.293 E3.43691
G1 F1200
G1 X-115.690 Y49.025 E3.69608
G1 F1200
G1 X-115.319 Y48.758 E3.97649
G1 F1200
G1 X-115.257 Y48.666 E4.04975
G1 F1200
G1 X-115.194 Y48.574 E4.12821
G1 F1200
G1 X-115.132 Y48.482 E4.21187
G1 F1200
G1 X-115.070 Y48.390 E4.30074
G1 F1200
G1 X-115.007 Y48.298 E4.39480
G1 F1200
G1 X-114.945 Y48.207 E4.49407
G1 F1200
G1 X-114.883 Y48.115 E4.59855
G1 F1200
G1 X-114.821 Y48.023 E4.70822
G1 F1200
G1 X-114.758 Y47.931 E4.82310
G1 F1200
G1 X-114.696 Y47.839 E4.94318
G1 F1200
G1 X-114.634 Y47.747 E5.06846
G1 F1200
G1 X-114.572 Y47.655 E5.19895
G1 F1200
G1 X-114.509 Y47.564 E5.33464
G1 F1200
G1 X-114.447 Y47.472 E5.47553
G1 F1200
G1 X-114.385 Y47.380 E5.62162
G1 E3.62162 F2400.00000
G92 E0
G1 X-103.215 Y-42.753 F7800.000
G1 E2.00000 F2400.00000
G1 F1200
G1 X-103.621 Y-42.921 E2.02471
G1 F1200
G1 X-104.027 Y-43.090 E2.06994
G1 F1200
G1 X-104.434 Y-43.258 E2.13569
G1 F1200
G1 X-104.840 Y-43.426 E2.22196
G1 F1200
G1 X-105.246 Y-43.594 E2.32875
G1 F1200
G1 X-105.652 Y-43.763 E2.45606
G1 F1200
G1 X-106.058 Y-43.931 E2.60388
G1 F1200
G1 X-106.464 Y-44.099 E2.77223
G1 F1200
G1 X-106.871 Y-44.267 E2.96110
G1 F1200
G1 X-107.277 Y-44.435 E3.17049
G1 F1200
G1 X-107.683 Y-44.604 E3.40040
G1 F1200
G1 X-108.089 Y-44.772 E3.65083
G1 F1200
G1 X-108.495 Y-44.940 E3.92177
G1 F1200
G1 X-108.901 Y-45.108 E4.21324
G1 F1200
G1 X-109.308 Y-45.277 E4.52523
G1 F1200
G1 X-109.714 Y-45.445 E4.85774
G1 F1200
G1 X-110.120 Y-45.613 E5.21076
G1 F1200
G1 X-110.526 Y-45.781 E5.58431
G1 F1200
G1 X-110.932 Y-45.950 E5.97838
G1 F1200
G1 X-111.339 Y-46.118 E6.39297
G1 F1200
G1 X-111.745 Y-46.286 E6.82807
G1 F1200
G1 X-112.151 Y-46.454 E7.28370
G1 F1200
G1 X-112.557 Y-46.623 E7.75985
G1 F1200
G1 X-112.963 Y-46.791 E8.25651
G1 F1200
G1 X-113.369 Y-46.959 E8.77370
G1 F1200
G1 X-113.776 Y-47.127 E9.31141
G1 F1200
G1 X-114.182 Y-47.296 E9.86963
G1 F1200
G1 X-114.385 Y-47.380 E10.15900
G1 F1200
G1 X-114.494 Y-47.359 E10.30510
G1 F1200
G1 X-114.603 Y-47.338 E10.44599
G1 F1200
G1 X-114.712 Y-47.317 E10.58168
G1 F1200
G1 X-114.821 Y-47.296 E10.71217
G1 F1200
G1 X-114.930 Y-47.275 E10.83745
G1 F1200
G1 X-115.039 Y-47.254 E10.95753
G1 F1200
G1 X-115.148 Y-47.233 E11.07241
G1 F1200
G1 X-115.257 Y-47.212 E11.18209
G1 F1200
G1 X-115.366 Y-47.191 E11.28656
G1 F1200
G1 X-115.475 Y-47.170 E11.38583
G1 F1200
G1 X-115.584 Y-47.149 E11.47990
G1 F1200
G1 X-115.693 Y-47.128 E11.56876
G1 F1200
G1 X-115.802 Y-47.108 E11.65242
G1 F1200
G1 X-115.911 Y-47.087 E11.73088
G1 F1200
G1 X-116.020 Y-47.066 E11.80414
G1 F1200
G1 X-116.471 Y-47.139 E12.08452
G1 F1200
G1 X-116.922 Y-47.212 E12.34367
G1 F1200
G1 X-117.374 Y-47.285 E12.58160
G1 F1200
G1 X-117.825 Y-47.358 E12.79830
G1 F1200
G1 X-118.276 Y-47.431 E12.99377
G1 F1200
G1 X-118.728 Y-47.505 E13.16801
G1 F1200
G1 X-119.179 Y-47.578 E13.32102
G1 F1200
G1 X-119.630 Y-47.651 E13.45280
G1 F1200
G1 X-120.082 Y-47.724 E13.56336
G1 F1200
G1 X-120.533 Y-47.797 E13.65269
G1 F1200
G1 X-120.984 Y-47.870 E13.72078
G1 F1200
G1 X-121.436 Y-47.943 E13.76765
G1 F1200
G1 X-121.661 Y-47.980 E13.78048
G1 E11.78048 F2400.00000
G92 E0
G1 X-119.028 Y-51.432 F7800.000
G1 E2.00000 F2400.00000
G1 F1200
G1 X-119.398 Y-51.700 E2.06810
G1 F1200
G1 X-119.769 Y-51.967 E2.11498
G1 F1200
G1 X-119.955 Y-52.101 E2.12780
G1 X-119.028 Y-51.432 F7800.000
G1 F1200
G1 X-118.657 Y-51.165 E2.21713
G1 F1200
G1 X-118.286 Y-50.897 E2.32770
G1 F1200
G1 X-117.915 Y-50.630 E2.45949
G1 F1200
G1 X-117.544 Y-50.362 E2.61251
G1 F1200
G1 X-117.173 Y-50.095 E2.78676
G1 F1200
G1 X-116.802 Y-49.828 E2.98225
G1 F1200
G1 X-116.431 Y-49.560 E3.19896
G1 F1200
G1 X-116.060 Y-49.293 E3.43690
G1 F1200
G1 X-115.690 Y-49.025 E3.69608
G1 F1200
G1 X-115.319 Y-48.758 E3.97648
G1 F1200
G1 X-115.256 Y-48.666 E4.04974
G1 F1200
G1 X-115.194 Y-48.574 E4.12820
G1 F1200
G1 X-115.132 Y-48.482 E4.21186
G1 F1200
G1 X-115.070 Y-48.390 E4.30073
G1 F1200
G1 X-115.007 Y-48.298 E4.39480
G1 F1200
G1 X-114.945 Y-48.207 E4.49407
G1 F1200
G1 X-114.883 Y-48.115 E4.59854
G1 F1200
G1 X-114.821 Y-48.023 E4.70821
G1 F1200
G1 X-114.758 Y-47.931 E4.82309
G1 F1200
G1 X-114.696 Y-47.839 E4.94317
G1 F1200
G1 X-114.634 Y-47.747 E5.06845
G1 F1200
G1 X-114.572 Y-47.655 E5.19894
G1 F1200
G1 X-114.509 Y-47.563 E5.33463
G1 F1200
G1 X-114.447 Y-47.472 E5.47552
G1 F1200
G1 X-114.385 Y-47.380 E5.62161
G1 E3.62161 F2400.00000
G92 E0
G1 X-42.753 Y-103.215 F7800.000
G1 E2.00000 F2400.00000
G1 F1200
G1 X-42.921 Y-103.621 E2.02471
G1 F1200
G1 X-43.090 Y-104.027 E2.06994
G1 F1200
G1 X-43.258 Y-104.434 E2.13569
G1 F1200
G1 X-43.426 Y-104.840 E2.22196
G1 F1200
G1 X-43.594 Y-105.246 E2.32875
G1 F1200
G1 X-43.763 Y-105.652 E2.45606
G1 F1200
G1 X-43.931 Y-106.058 E2.60388
G1 F1200
G1 X-44.099 Y-106.464 E2.77223
G1 F1200
G1 X-44.267 Y-106.871 E2.96110
G1 F1200
G1 X-44.435 Y-107.277 E3.17049
G1 F1200
G1 X-44.604 Y-107.683 E3.40040
G1 F1200
G1 X-44.772 Y-108.089 E3.65083
G1 F1200
G1 X-44.940 Y-108.495 E3.92177
G1 F1200
G1 X-45.108 Y-108.901 E4.21324
G1 F1200
G1 X-45.277 Y-109.308 E4.52523
G1 F1200
G1 X-45.445 Y-109.714 E4.85774
G1 F1200
G1 X-45.613 Y-110.120 E5.21077
G1 F1200
G1 X-45.781 Y-110.526 E5.58431
G1 F1200
G1 X-45.950 Y-110.932 E5.97838
G1 F1200
G1 X-46.118 Y-111.339 E6.39297
G1 F1200
G1 X-46.286 Y-111.745 E6.82808
G1 F1200
G1 X-46.454 Y-112.151 E7.28370
G1 F1200
G1 X-46.623 Y-112.557 E7.75985
G1 F1200
G1 X-46.791 Y-112.963 E8.25652
G1 F1200
G1 X-46.959 Y-113.369 E8.77370
G1 F1200
G1 X-47.127 Y-113.776 E9.31141
G1 F1200
G1 X-47.296 Y-114.182 E9.86964
G1 F1200
G1 X-47.380 Y-114.385 E10.15901
G1 F1200
G1 X-47.472 Y-114.447 E10.30510
G1 F1200
G1 X-47.563 Y-114.509 E10.44599
G1 F1200
G1 X-47.655 Y-114.572 E10.58168
G1 F1200
G1 X-47.747 Y-114.634 E10.71216
G1 F1200
G1 X-47.839 Y-114.696 E10.83745
G1 F1200
G1 X-47.931 Y-114.758 E10.95753
G1 F1200
G1 X-48.023 Y-114.821 E11.07240
G1 F1200
G1 X-48.115 Y-114.883 E11.18208
G1 F1200
G1 X-48.207 Y-114.945 E11.28655
G1 F1200
G1 X-48.298 Y-115.007 E11.38582
G1 F1200
G1 X-48.390 Y-115.070 E11.47989
G1 F1200
G1 X-48.482 Y-115.132 E11.56875
G1 F1200
G1 X-48.574 Y-115.194 E11.65242
G1 F1200
G1 X-48.666 Y-115.256 E11.73088
G1 F1200
G1 X-48.758 Y-115.319 E11.80414
G1 F1200
G1 X-49.025 Y-115.690 E12.08454
G1 F1200
G1 X-49.293 Y-116.060 E12.34371
G1 F1200
G1 X-49.560 Y-116.431 E12.58165
G1 F1200
G1 X-49.828 Y-116.802 E12.79837
G1 F1200
G1 X-50.095 Y-117.173 E12.99385
G1 F1200
G1 X-50.362 Y-117.544 E13.16810
G1 F1200
G1 X-50.630 Y-117.915 E13.32113
G1 F1200
G1 X-50.897 Y-118.286 E13.45292
G1 F1200
G1 X-51.165 Y-118.657 E13.56348
G1 F1200
G1 X-51.432 Y-119.028 E13.65282
G1 F1200
G1 X-51.700 Y-119.398 E13.72092
G1 F1200
G1 X-51.967 Y-119.769 E13.76779
G1 F1200
G1 X-52.101 Y-119.955 E13.78061
G1 E11.78061 F2400.00000
G92 E0
G1 X-47.797 Y-120.533 F7800.000
G1 E2.00000 F2400.00000
G1 F1200
G1 X-47.870 Y-120.984 E2.06810
G1 F1200
G1 X-47.943 Y-121.436 E2.11497
G1 F1200
G1 X-47.980 Y-121.661 E2.12779
G1 X-47.797 Y-120.533 F7800.000
G1 F1200
G1 X-47.724 Y-120.082 E2.21712
G1 F1200
G1 X-47.651 Y-119.630 E2.32767
G1 F1200
G1 X-47.578 Y-119.179 E2.45946
G1 F1200
G1 X-47.505 Y-118.728 E2.61247
G1 F1200
G1 X-47.431 Y-118.276 E2.78671
G1 F1200
G1 X-47.358 Y-117.825 E2.98218
G1 F1200
G1 X-47.285 Y-117.374 E3.19888
G1 F1200
G1 X-47.212 Y-116.922 E3.43680
G1 F1200
G1 X-47.139 Y-116.471 E3.69595
G1 F1200
G1 X-47.066 Y-116.020 E3.97634
G1 F1200
G1 X-47.087 Y-115.911 E4.04959
G1 F1200
G1 X-47.108 Y-115.802 E4.12805
G1 F1200
G1 X-47.128 Y-115.693 E4.21171
G1 F1200
G1 X-47.149 Y-115.584 E4.30058
G1 F1200
G1 X-47.170 Y-115.475 E4.39465
G1 F1200
G1 X-47.191 Y-115.366 E4.49392
G1 F1200
G1 X-47.212 Y-115.257 E4.59839
G1 F1200
G1 X-47.233 Y-115.148 E4.70806
G1 F1200
G1 X-47.254 Y-115.039 E4.82294
G1 F1200
G1 X-47.275 Y-114.930 E4.94302
G1 F1200
G1 X-47.296 Y-114.821 E5.06831
G1 F1200
G1 X-47.317 Y-114.712 E5.19879
G1 F1200
G1 X-47.338 Y-114.603 E5.33448
G1 F1200
G1 X-47.359 Y-114.494 E5.47538
G1 F1200
G1 X-47.380 Y-114.385 E5.62147
G1 E3.62147 F2400.00000
G92 E0
G1 X103.215 Y-42.753 F7800.000
G1 E2.00000 F2400.00000
G1 F1200
G1 X103.418 Y-42.837 E2.01236
G1 F1200
G1 X103.824 Y-43.005 E2.05759
G1 F1200
G1 X104.230 Y-43.174 E2.12334
G1 F1200
G1 X104.637 Y-43.342 E2.20961
G1 F1200
G1 X105.043 Y-43.510 E2.31640
G1 F1200
G1 X105.449 Y-43.678 E2.44371
G1 F1200
G1 X105.855 Y-43.847 E2.59154
G1 F1200
G1 X106.261 Y-44.015 E2.75989
G1 F1200
G1 X106.667 Y-44.183 E2.94876
G1 F1200
G1 X107.074 Y-44.351 E3.15815
G1 F1200
G1 X107.480 Y-44.520 E3.38806
G1 F1200
G1 X107.886 Y-44.688 E3.63849
G1 F1200
G1 X108.292 Y-44.856 E3.90944
G1 F1200
G1 X108.698 Y-45.024 E4.20091
G1 F1200
G1 X109.105 Y-45.193 E4.51290
G1 F1200
G1 X109.511 Y-45.361 E4.84542
G1 F1200
G1 X109.917 Y-45.529 E5.19845
G1 F1200
G1 X110.323 Y-45.697 E5.57200
G1 F1200
G1 X110.729 Y-45.866 E5.96607
G1 F1200
G1 X111.135 Y-46.034 E6.38066
G1 F1200
G1 X111.542 Y-46.202 E6.81577
G1 F1200
G1 X111.948 Y-46.370 E7.27141
G1 F1200
G1 X112.354 Y-46.539 E7.74756
G1 F1200
G1 X112.760 Y-46.707 E8.24423
G1 F1200
G1 X113.166 Y-46.875 E8.76142
G1 F1200
G1 X113.573 Y-47.043 E9.29913
G1 F1200
G1 X113.979 Y-47.212 E9.85737
G1 F1200
G1 X114.385 Y-47.380 E10.43612
G1 F1200
G1 X114.416 Y-47.426 E10.50916
G1 F1200
G1 X114.478 Y-47.518 E10.65005
G1 F1200
G1 X114.541 Y-47.609 E10.78574
G1 F1200
G1 X114.603 Y-47.701 E10.91623
G1 F1200
G1 X114.665 Y-47.793 E11.04151
G1 F1200
G1 X114.727 Y-47.885 E11.16159
G1 F1200
G1 X114.790 Y-47.977 E11.27647
G1 F1200
G1 X114.852 Y-48.069 E11.38615
G1 F1200
G1 X114.914 Y-48.161 E11.49062
G1 F1200
G1 X114.976 Y-48.253 E11.58989
G1 F1200
G1 X115.039 Y-48.344 E11.68396
G1 F1200
G1 X115.101 Y-48.436 E11.77282
G1 F1200
G1 X115.163 Y-48.528 E11.85649
G1 F1200
G1 X115.225 Y-48.620 E11.93495
G1 F1200
G1 X115.288 Y-48.712 E12.00821
G1 F1200
G1 X115.319 Y-48.758 E12.04224
G1 X115.504 Y-48.892 E12.18244
G1 F1200
G1 X115.875 Y-49.159 E12.44162
G1 F1200
G1 X116.246 Y-49.426 E12.67957
G1 F1200
G1 X116.617 Y-49.694 E12.89628
G1 F1200
G1 X116.988 Y-49.961 E13.09177
G1 F1200
G1 X117.359 Y-50.229 E13.26603
G1 F1200
G1 X117.730 Y-50.496 E13.41905
G1 F1200
G1 X118.100 Y-50.764 E13.55085
G1 F1200
G1 X118.471 Y-51.031 E13.66141
G1 F1200
G1 X118.842 Y-51.298 E13.75075
G1 F1200
G1 X119.213 Y-51.566 E13.81885
G1 F1200
G1 X119.584 Y-51.833 E13.86573
G1 F1200
G1 X119.955 Y-52.101 E13.89137
G1 E11.89137 F2400.00000
G92 E0
G1 X120.759 Y-47.834 F7800.000
G1 E2.00000 F2400.00000
G1 F1200
G1 X120.307 Y-47.761 E2.06810
G1 F1200
G1 X119.856 Y-47.687 E2.15742
G1 F1200
G1 X119.405 Y-47.614 E2.26798
G1 F1200
G1 X118.953 Y-47.541 E2.39976
G1 F1200
G1 X118.502 Y-47.468 E2.55277
G1 F1200
G1 X118.051 Y-47.395 E2.72701
G1 F1200
G1 X117.599 Y-47.322 E2.92248
G1 F1200
G1 X117.148 Y-47.249 E3.13917
G1 F1200
G1 X116.697 Y-47.175 E3.37710
G1 F1200
G1 X116.245 Y-47.102 E3.63625
G1 F1200
G1 X116.020 Y-47.066 E3.77644
G1 X115.965 Y-47.076 E3.81046
G1 F1200
G1 X115.856 Y-47.097 E3.88372
G1 F1200
G1 X115.747 Y-47.118 E3.96218
G1 F1200
G1 X115.638 Y-47.139 E4.04584
G1 F1200
G1 X115.529 Y-47.160 E4.13471
G1 F1200
G1 X115.420 Y-47.181 E4.22878
G1 F1200
G1 X115.311 Y-47.202 E4.32805
G1 F1200
G1 X115.202 Y-47.223 E4.43252
G1 F1200
G1 X115.093 Y-47.244 E4.54220
G1 F1200
G1 X114.984 Y-47.265 E4.65708
G1 F1200
G1 X114.875 Y-47.286 E4.77716
G1 F1200
G1 X114.766 Y-47.306 E4.90244
G1 F1200
G1 X114.657 Y-47.327 E5.03293
G1 F1200
G1 X114.548 Y-47.348 E5.16862
G1 F1200
G1 X114.439 Y-47.369 E5.30951
G1 F1200
G1 X114.385 Y-47.380 E5.38256
G1 E3.38256 F2400.00000
G92 E0
G1 X120.759 Y-47.834 F7800.000
G1 E2.00000 F2400.00000
G1 F1200
G1 X121.210 Y-47.907 E2.04687
G1 F1200
G1 X121.661 Y-47.980 E2.07251
G1 E0.07251 F2400.00000
G92 E0
G1 X103.215 Y42.753 F7800.000
G1 E2.00000 F2400.00000
G1 F1200
G1 X103.418 Y42.837 E2.01235
G1 F1200
G1 X103.824 Y43.005 E2.05758
G1 F1200
G1 X104.230 Y43.174 E2.12333
G1 F1200
G1 X104.637 Y43.342 E2.20961
G1 F1200
G1 X105.043 Y43.510 E2.31640
G1 F1200
G1 X105.449 Y43.678 E2.44371
G1 F1200
G1 X105.855 Y43.847 E2.59154
G1 F1200
G1 X106.261 Y44.015 E2.75989
G1 F1200
G1 X106.668 Y44.183 E2.94876
G1 F1200
G1 X107.074 Y44.351 E3.15815
G1 F1200
G1 X107.480 Y44.520 E3.38806
G1 F1200
G1 X107.886 Y44.688 E3.63849
G1 F1200
G1 X108.292 Y44.856 E3.90944
G1 F1200
G1 X108.698 Y45.024 E4.20092
G1 F1200
G1 X109.105 Y45.193 E4.51291
G1 F1200
G1 X109.511 Y45.361 E4.84542
G1 F1200
G1 X109.917 Y45.529 E5.19845
G1 F1200
G1 X110.323 Y45.697 E5.57201
G1 F1200
G1 X110.729 Y45.866 E5.96608
G1 F1200
G1 X111.136 Y46.034 E6.38067
G1 F1200
G1 X111.542 Y46.202 E6.81578
G1 F1200
G1 X111.948 Y46.370 E7.27142
G1 F1200
G1 X112.354 Y46.539 E7.74757
G1 F1200
G1 X112.760 Y46.707 E8.24424
G1 F1200
G1 X113.166 Y46.875 E8.76144
G1 F1200
G1 X113.573 Y47.043 E9.29915
G1 F1200
G1 X113.979 Y47.212 E9.85739
G1 F1200
G1 X114.385 Y47.380 E10.43614
G1 F1200
G1 X114.447 Y47.472 E10.58223
G1 F1200
G1 X114.509 Y47.564 E10.72312
G1 F1200
G1 X114.572 Y47.655 E10.85881
G1 F1200
G1 X114.634 Y47.747 E10.98930
G1 F1200
G1 X114.696 Y47.839 E11.11458
G1 F1200
G1 X114.758 Y47.931 E11.23466
G1 F1200
G1 X114.821 Y48.023 E11.34954
G1 F1200
G1 X114.883 Y48.115 E11.45921
G1 F1200
G1 X114.945 Y48.207 E11.56369
G1 F1200
G1 X115.008 Y48.298 E11.66296
G1 F1200
G1 X115.070 Y48.390 E11.75703
G1 F1200
G1 X115.132 Y48.482 E11.84589
G1 F1200
G1 X115.194 Y48.574 E11.92956
G1 F1200
G1 X115.257 Y48.666 E12.00802
G1 F1200
G1 X115.319 Y48.758 E12.08128
G1 F1200
G1 X115.690 Y49.025 E12.36169
G1 F1200
G1 X116.061 Y49.293 E12.62087
G1 F1200
G1 X116.431 Y49.560 E12.85882
G1 F1200
G1 X116.802 Y49.828 E13.07554
G1 F1200
G1 X117.173 Y50.095 E13.27102
G1 F1200
G1 X117.544 Y50.362 E13.44528
G1 F1200
G1 X117.915 Y50.630 E13.59831
G1 F1200
G1 X118.286 Y50.897 E13.73010
G1 F1200
G1 X118.657 Y51.165 E13.84067
G1 F1200
G1 X119.028 Y51.432 E13.93001
G1 F1200
G1 X119.399 Y51.700 E13.99811
G1 F1200
G1 X119.769 Y51.967 E14.04498
G1 F1200
G1 X119.955 Y52.101 E14.05781
G1 E12.05781 F2400.00000
G92 E0
G1 X120.759 Y47.834 F7800.000
G1 E2.00000 F2400.00000
G1 F1200
G1 X120.307 Y47.761 E2.06810
G1 F1200
G1 X119.856 Y47.687 E2.15742
G1 F1200
G1 X119.405 Y47.614 E2.26797
G1 F1200
G1 X118.953 Y47.541 E2.39976
G1 F1200
G1 X118.502 Y47.468 E2.55276
G1 F1200
G1 X118.051 Y47.395 E2.72700
G1 F1200
G1 X117.599 Y47.322 E2.92246
G1 F1200
G1 X117.148 Y47.249 E3.13916
G1 F1200
G1 X116.697 Y47.175 E3.37707
G1 F1200
G1 X116.245 Y47.102 E3.63622
G1 F1200
G1 X116.020 Y47.066 E3.77641
G1 X115.965 Y47.076 E3.81044
G1 F1200
G1 X115.856 Y47.097 E3.88369
G1 F1200
G1 X115.747 Y47.118 E3.96215
G1 F1200
G1 X115.638 Y47.139 E4.04581
G1 F1200
G1 X115.529 Y47.160 E4.13468
G1 F1200
G1 X115.420 Y47.181 E4.22875
G1 F1200
G1 X115.311 Y47.202 E4.32802
G1 F1200
G1 X115.202 Y47.223 E4.43249
G1 F1200
G1 X115.093 Y47.244 E4.54217
G1 F1200
G1 X114.984 Y47.265 E4.65705
G1 F1200
G1 X114.875 Y47.286 E4.77713
G1 F1200
G1 X114.766 Y47.306 E4.90242
G1 F1200
G1 X114.657 Y47.327 E5.03291
G1 F1200
G1 X114.548 Y47.348 E5.16860
G1 F1200
G1 X114.439 Y47.369 E5.30949
G1 F1200
G1 X114.385 Y47.380 E5.38254
G1 E3.38254 F2400.00000
G92 E0
G1 X120.759 Y47.834 F7800.000
G1 E2.00000 F2400.00000
G1 F1200
G1 X121.210 Y47.907 E2.04687
G1 F1200
G1 X121.662 Y47.980 E2.07251
G1 E-7.92749 F2400.00000
G92 E0
T0
G92 E0
G1 X122.845 Y104.548 F7800.000
G1 E10.00000 F2400.00000
G1 F1800
G1 X121.610 Y106.247 E14.25378
G1 X100.684 Y126.254 E72.86878
G1 X76.523 Y142.203 E131.48373
G1 X49.902 Y153.581 E190.09877
G1 X21.677 Y160.024 E248.71374
G1 X-7.245 Y161.322 E307.32876
G1 X-35.934 Y157.436 E365.94371
G1 X-63.468 Y148.490 E424.55878
G1 X-88.962 Y134.771 E483.17377
G1 X-111.596 Y116.721 E541.78876
G1 X-130.644 Y94.919 E600.40372
G1 X-145.493 Y70.066 E659.01883
G1 X-155.666 Y42.961 E717.63378
G1 X-160.835 Y14.475 E776.24875
G1 X-160.835 Y-14.475 E834.86377
G1 X-155.666 Y-42.961 E893.47871
G1 X-145.493 Y-70.066 E952.09368
G1 X-130.644 Y-94.919 E1010.70878
G1 X-111.596 Y-116.721 E1069.32374
G1 X-88.962 Y-134.771 E1127.93873
G1 X-63.468 Y-148.490 E1186.55374
G1 X-35.934 Y-157.436 E1245.16876
G1 X-7.245 Y-161.322 E1303.78374
G1 X21.677 Y-160.024 E1362.39877
G1 X49.902 Y-153.581 E1421.01372
G1 X76.523 Y-142.203 E1479.62878
G1 X100.684 Y-126.254 E1538.24373
G1 X121.610 Y-106.247 E1596.85873
G1 X138.627 Y-82.826 E1655.47380
G1 X151.188 Y-56.742 E1714.08874
G1 X158.890 Y-28.834 E1772.70381
G1 X161.485 Y-0.000 E1831.31877
G1 X158.890 Y28.834 E1889.93371
G1 X151.188 Y56.742 E1948.54880
G1 X138.627 Y82.826 E2007.16375
G1 X123.241 Y104.001 E2060.15843
G1 X123.758 Y106.439 F7800.000
G1 E2058.15843 F2400.00000
G92 E0
G1 X-46.838 Y-158.945 F7800.000
G1 E2.00000 F2400.00000
G1 F3600
G1 X-62.459 Y-153.869 E42.94829
G1 X-62.328 Y-156.192 E48.74646
G1 X-63.555 Y-171.245 E86.39970
G1 X-62.930 Y-179.842 E107.89072
G1 X-57.080 Y-173.510 E129.38182
G1 X-48.654 Y-160.976 E167.03498
G1 X-47.288 Y-159.448 E172.14493
G1 E170.14493 F2400.00000
G92 E0
G1 X-26.764 Y-163.527 F7800.000
G1 E2.00000 F2400.00000
G1 F3600
G1 X-26.009 Y-166.145 E8.79282
G1 X-23.856 Y-181.094 E46.44585
G1 X-21.333 Y-189.336 E67.93701
G1 X-17.039 Y-181.862 E89.42805
G1 X-11.613 Y-167.767 E127.08099
G1 X-10.488 Y-165.731 E132.87939
G1 X-26.095 Y-163.617 E172.14468
G1 E170.14468 F2400.00000
G92 E0
G1 X10.274 Y-165.345 F7800.000
G1 E2.00000 F2400.00000
G1 F3600
G1 X11.613 Y-167.767 E8.89958
G1 X17.039 Y-181.862 E46.55245
G1 X21.333 Y-189.336 E68.04351
G1 X23.856 Y-181.094 E89.53469
G1 X26.335 Y-163.888 E132.87105
G1 X22.324 Y-164.804 E143.12632
G1 X10.949 Y-165.315 E171.51492
G1 E169.51492 F2400.00000
G92 E0
G1 X47.382 Y-159.085 F7800.000
G1 E2.00000 F2400.00000
G1 F3600
G1 X57.080 Y-173.510 E45.33636
G1 X62.930 Y-179.842 E66.82742
G1 X63.555 Y-171.245 E88.31842
G1 X62.328 Y-156.192 E125.97166
G1 X62.484 Y-153.429 E132.87087
G1 X51.392 Y-158.169 E162.94246
G1 X48.040 Y-158.934 E171.51486
G1 E169.51486 F2400.00000
G92 E0
G1 X81.358 Y-144.768 F7800.000
G1 E2.00000 F2400.00000
G1 F3600
G1 X83.255 Y-146.114 E7.79843
G1 X94.259 Y-156.458 E45.45124
G1 X101.370 Y-161.330 E66.94228
G1 X100.067 Y-152.809 E88.43343
G1 X95.521 Y-138.406 E126.08651
G1 X95.065 Y-135.720 E132.87921
G1 X81.921 Y-144.396 E172.14459
G1 E170.14459 F2400.00000
G92 E0
G1 X111.163 Y-122.882 F7800.000
G1 E2.00000 F2400.00000
G1 F3600
G1 X113.681 Y-123.925 E8.79301
G1 X126.711 Y-131.561 E46.44582
G1 X134.728 Y-134.728 E67.93718
G1 X131.561 Y-126.711 E89.42849
G1 X123.925 Y-113.681 E127.08147
G1 X123.035 Y-111.532 E132.87976
G1 X111.651 Y-122.416 E172.14487
G1 E170.14487 F2400.00000
G92 E0
G1 X135.678 Y-95.058 F7800.000
G1 E2.00000 F2400.00000
G1 F3600
G1 X138.406 Y-95.521 E8.89920
G1 X152.809 Y-100.067 E46.55223
G1 X161.330 Y-101.370 E68.04335
G1 X156.458 Y-94.259 E89.53441
G1 X144.553 Y-81.594 E132.87075
G1 X142.768 Y-85.300 E143.12612
G1 X136.075 Y-94.512 E171.51486
G1 E169.51486 F2400.00000
G92 E0
G1 X153.919 Y-62.143 F7800.000
G1 E2.00000 F2400.00000
G1 F3600
G1 X171.245 Y-63.555 E45.33646
G1 X179.842 Y-62.930 E66.82748
G1 X173.510 Y-57.080 E88.31857
G1 X160.976 Y-48.654 E125.97172
G1 X158.913 Y-46.809 E132.87104
G1 X155.704 Y-58.437 E162.94263
G1 X154.212 Y-61.535 E171.51502
G1 E169.51502 F2400.00000
G92 E0
G1 X163.910 Y-26.654 F7800.000
G1 E2.00000 F2400.00000
G1 F3600
G1 X166.145 Y-26.009 E7.79813
G1 X181.094 Y-23.856 E45.45127
G1 X189.336 Y-21.333 E66.94238
G1 X181.862 Y-17.039 E88.43340
G1 X167.767 Y-11.613 E126.08626
G1 X165.382 Y-10.295 E132.87934
G1 X163.971 Y-25.981 E172.14457
G1 E170.14457 F2400.00000
G92 E0
G1 X165.382 Y10.295 F7800.000
G1 E2.00000 F2400.00000
G1 F3600
G1 X167.767 Y11.613 E8.79314
G1 X181.862 Y17.039 E46.44592
G1 X189.336 Y21.333 E67.93697
G1 X181.094 Y23.856 E89.42811
G1 X166.145 Y26.009 E127.08126
G1 X163.910 Y26.654 E132.87938
G1 X165.322 Y10.967 E172.14460
G1 E170.14460 F2400.00000
G92 E0
G1 X158.913 Y46.809 F7800.000
G1 E2.00000 F2400.00000
G1 F3600
G1 X160.976 Y48.654 E8.89932
G1 X173.510 Y57.080 E46.55246
G1 X179.842 Y62.930 E68.04351
G1 X171.245 Y63.555 E89.53452
G1 X153.919 Y62.143 E132.87099
G1 X155.704 Y58.437 E143.12627
G1 X158.734 Y47.460 E171.51501
G1 E169.51501 F2400.00000
G92 E0
G1 X144.553 Y81.594 F7800.000
G1 E2.00000 F2400.00000
G1 F3600
G1 X156.458 Y94.259 E45.33633
G1 X161.330 Y101.370 E66.82737
G1 X152.809 Y100.067 E88.31850
G1 X138.406 Y95.521 E125.97158
G1 X135.678 Y95.058 E132.87072
G1 X142.768 Y85.300 E162.94229
G1 X144.260 Y82.202 E171.51480
G1 E169.51480 F2400.00000
G92 E0
G1 X123.035 Y111.532 F7800.000
G1 E2.00000 F2400.00000
G1 F3600
G1 X123.925 Y113.681 E7.79832
G1 X131.561 Y126.711 E45.45124
G1 X134.728 Y134.728 E66.94262
G1 X126.711 Y131.561 E88.43401
G1 X113.681 Y123.925 E126.08692
G1 X111.163 Y122.882 E132.87987
G1 X122.547 Y111.998 E172.14500
G1 E170.14500 F2400.00000
G92 E0
G1 X95.065 Y135.720 F7800.000
G1 E2.00000 F2400.00000
G1 F3600
G1 X95.521 Y138.406 E8.79266
G1 X100.067 Y152.809 E46.44573
G1 X101.370 Y161.330 E67.93686
G1 X94.259 Y156.458 E89.42791
G1 X83.255 Y146.114 E127.08049
G1 X81.358 Y144.768 E132.87907
G1 X94.502 Y136.092 E172.14438
G1 E170.14438 F2400.00000
G92 E0
G1 X62.484 Y153.429 F7800.000
G1 E2.00000 F2400.00000
G1 F3600
G1 X62.328 Y156.191 E8.89916
G1 X63.555 Y171.245 E46.55246
G1 X62.930 Y179.842 E68.04347
G1 X57.080 Y173.510 E89.53452
G1 X47.382 Y159.085 E132.87090
G1 X51.392 Y158.169 E143.12615
G1 X61.863 Y153.694 E171.51489
G1 E169.51489 F2400.00000
G92 E0
G1 X26.335 Y163.888 F7800.000
G1 E2.00000 F2400.00000
G1 F3600
G1 X23.856 Y181.094 E45.33632
G1 X21.333 Y189.336 E66.82746
G1 X17.039 Y181.862 E88.31851
G1 X11.613 Y167.767 E125.97130
G1 X10.274 Y165.345 E132.87093
G1 X22.324 Y164.804 E162.94231
G1 X25.676 Y164.039 E171.51473
G1 E169.51473 F2400.00000
G92 E0
G1 X-10.488 Y165.731 F7800.000
G1 E2.00000 F2400.00000
G1 F3600
G1 X-11.613 Y167.767 E7.79855
G1 X-17.039 Y181.862 E45.45140
G1 X-21.333 Y189.336 E66.94242
G1 X-23.856 Y181.094 E88.43353
G1 X-26.009 Y166.145 E126.08667
G1 X-26.764 Y163.527 E132.87942
G1 X-11.157 Y165.641 E172.14470
G1 E170.14470 F2400.00000
G92 E0
G1 X-46.838 Y158.945 F7800.000
G1 E2.00000 F2400.00000
G1 F3600
G1 X-48.654 Y160.976 E8.79280
G1 X-57.080 Y173.510 E46.44594
G1 X-62.930 Y179.842 E67.93703
G1 X-63.555 Y171.245 E89.42806
G1 X-62.328 Y156.191 E127.08137
G1 X-62.459 Y153.869 E132.87951
G1 X-47.480 Y158.736 E172.14497
G1 E170.14497 F2400.00000
G92 E0
G1 X-80.997 Y144.513 F7800.000
G1 E2.00000 F2400.00000
G1 F3600
G1 X-83.255 Y146.114 E8.89986
G1 X-94.259 Y156.458 E46.55239
G1 X-101.370 Y161.330 E68.04345
G1 X-100.067 Y152.809 E89.53457
G1 X-94.835 Y136.232 E132.87096
G1 X-91.619 Y138.797 E143.12632
G1 X-81.592 Y144.193 E171.51488
G1 E169.51488 F2400.00000
G92 E0
G1 X-111.714 Y122.772 F7800.000
G1 E2.00000 F2400.00000
G1 F3600
G1 X-126.711 Y131.561 E45.33643
G1 X-134.728 Y134.728 E66.82773
G1 X-131.561 Y126.711 E88.31910
G1 X-123.925 Y113.681 E125.97191
G1 X-122.866 Y111.124 E132.87142
G1 X-114.930 Y120.207 E162.94272
G1 X-112.242 Y122.351 E171.51519
G1 E169.51519 F2400.00000
G92 E0
G1 X-136.113 Y95.132 F7800.000
G1 E2.00000 F2400.00000
G1 F3600
G1 X-138.406 Y95.521 E7.79810
G1 X-152.809 Y100.067 E45.45118
G1 X-161.330 Y101.370 E66.94233
G1 X-156.458 Y94.259 E88.43337
G1 X-146.114 Y83.255 E126.08618
G1 X-144.538 Y81.032 E132.87910
G1 X-136.459 Y94.553 E172.14441
G1 E170.14441 F2400.00000
G92 E0
G1 X-153.471 Y62.481 F7800.000
G1 E2.00000 F2400.00000
G1 F3600
G1 X-156.192 Y62.328 E8.79259
G1 X-171.245 Y63.555 E46.44583
G1 X-179.842 Y62.930 E67.93683
G1 X-173.510 Y57.080 E89.42789
G1 X-160.976 Y48.654 E127.08105
G1 X-159.242 Y47.104 E132.87918
G1 X-153.708 Y61.849 E172.14459
G1 E170.14459 F2400.00000
G92 E0
G1 X-163.486 Y26.776 F7800.000
G1 E2.00000 F2400.00000
G1 F3600
G1 X-166.145 Y26.009 E8.89935
G1 X-181.094 Y23.856 E46.55240
G1 X-189.336 Y21.333 E68.04358
G1 X-181.862 Y17.039 E89.53465
G1 X-165.639 Y10.794 E132.87119
G1 X-165.639 Y14.908 E143.12654
G1 X-163.606 Y26.112 E171.51520
G1 E169.51520 F2400.00000
G92 E0
G1 X-165.639 Y-10.794 F7800.000
G1 E2.00000 F2400.00000
G1 F3600
G1 X-181.862 Y-17.039 E45.33654
G1 X-189.336 Y-21.333 E66.82758
G1 X-181.094 Y-23.856 E88.31873
G1 X-166.145 Y-26.009 E125.97176
G1 X-163.486 Y-26.776 E132.87112
G1 X-165.639 Y-14.908 E162.94256
G1 X-165.639 Y-11.469 E171.51508
G1 E169.51508 F2400.00000
G92 E0
G1 X-159.242 Y-47.104 F7800.000
G1 E2.00000 F2400.00000
G1 F3600
G1 X-160.976 Y-48.654 E7.79813
G1 X-173.510 Y-57.080 E45.45129
G1 X-179.842 Y-62.930 E66.94239
G1 X-171.245 Y-63.555 E88.43340
G1 X-156.192 Y-62.328 E126.08666
G1 X-153.471 Y-62.481 E132.87924
G1 X-159.005 Y-47.736 E172.14462
G1 E170.14462 F2400.00000
G92 E0
G1 X-144.538 Y-81.032 F7800.000
G1 E2.00000 F2400.00000
G1 F3600
G1 X-146.114 Y-83.255 E8.79296
G1 X-156.458 Y-94.259 E46.44572
G1 X-161.330 Y-101.370 E67.93678
G1 X-152.809 Y-100.067 E89.42791
G1 X-138.406 Y-95.521 E127.08096
G1 X-136.113 Y-95.132 E132.87912
G1 X-144.191 Y-81.612 E172.14439
G1 E170.14439 F2400.00000
G92 E0
G1 X-122.866 Y-111.124 F7800.000
G1 E2.00000 F2400.00000
G1 F3600
G1 X-123.925 Y-113.681 E8.89947
G1 X-131.561 Y-126.711 E46.55235
G1 X-134.728 Y-134.728 E68.04363
G1 X-126.711 Y-131.561 E89.53491
G1 X-111.714 Y-122.772 E132.87131
G1 X-114.930 Y-120.207 E143.12662
G1 X-122.422 Y-111.632 E171.51510
G1 E169.51510 F2400.00000
G92 E0
G1 X-94.835 Y-136.232 F7800.000
G1 E2.00000 F2400.00000
G1 F3600
G1 X-100.067 Y-152.809 E45.33642
G1 X-101.370 Y-161.330 E66.82756
G1 X-94.259 Y-156.458 E88.31862
G1 X-83.255 Y-146.114 E125.97138
G1 X-80.997 Y-144.513 E132.87107
G1 X-91.619 Y-138.797 E162.94254
G1 X-94.307 Y-136.653 E171.51505
G1 E169.51505 F2400.00000
G92 E0
G1 X-100.516 Y-132.210 F7800.000
G1 E2.00000 F2400.00000
G1 F1800
G1 X-99.799 Y-134.897 E7.63135
G1 X-100.203 Y-137.276 E12.51597
G1 X-104.760 Y-151.716 E43.17412
G1 X-106.954 Y-166.058 E72.54953
G1 X-103.208 Y-168.412 E81.50814
G1 X-91.238 Y-160.213 E110.88345
G1 X-80.205 Y-149.841 E141.54156
G1 X-78.237 Y-148.445 E146.42646
G1 X-75.505 Y-147.926 E152.05761
G1 X-73.077 Y-148.523 E157.11933
G1 X-70.557 Y-149.736 E162.78224
G1 X-68.577 Y-151.262 E167.84410
G1 X-67.279 Y-153.722 E173.47544
G1 X-67.144 Y-156.131 E178.36000
G1 X-68.373 Y-171.224 E209.01830
G1 X-67.321 Y-185.694 E238.39360
G1 X-63.145 Y-187.156 E247.35214
G1 X-53.300 Y-176.498 E276.72759
G1 X-44.851 Y-163.932 E307.38584
G1 X-43.243 Y-162.133 E312.27046
G1 X-40.695 Y-161.018 E317.90169
G1 X-38.195 Y-161.060 E322.96361
G1 X-35.469 Y-161.682 E328.62642
G1 X-33.198 Y-162.729 E333.68823
G1 X-31.386 Y-164.839 E339.31943
G1 X-30.718 Y-167.158 E344.20416
G1 X-28.558 Y-182.145 E374.86235
G1 X-24.312 Y-196.019 E404.23772
G1 X-19.915 Y-196.514 E413.19631
G1 X-12.689 Y-183.933 E442.57163
G1 X-7.249 Y-169.802 E473.22982
G1 X-6.081 Y-167.690 E478.11471
G1 X-3.845 Y-166.037 E483.74592
G1 X-1.398 Y-165.521 E488.80772
G1 X1.398 Y-165.521 E494.47058
G1 X3.845 Y-166.037 E499.53237
G1 X6.081 Y-167.690 E505.16360
G1 X7.248 Y-169.802 E510.04848
G1 X12.689 Y-183.933 E540.70665
G1 X19.915 Y-196.514 E570.08198
G1 X24.312 Y-196.019 E579.04060
G1 X28.558 Y-182.145 E608.41596
G1 X30.718 Y-167.158 E639.07415
G1 X31.386 Y-164.839 E643.95888
G1 X33.198 Y-162.729 E649.59007
G1 X35.468 Y-161.682 E654.65186
G1 X38.195 Y-161.060 E660.31470
G1 X40.695 Y-161.018 E665.37662
G1 X43.243 Y-162.133 E671.00785
G1 X44.851 Y-163.932 E675.89247
G1 X53.300 Y-176.498 E706.55072
G1 X63.145 Y-187.156 E735.92617
G1 X67.321 Y-185.694 E744.88469
G1 X68.373 Y-171.224 E774.25999
G1 X67.144 Y-156.131 E804.91828
G1 X67.279 Y-153.722 E809.80283
G1 X68.577 Y-151.262 E815.43415
G1 X70.557 Y-149.736 E820.49601
G1 X73.077 Y-148.523 E826.15891
G1 X75.505 Y-147.926 E831.22067
G1 X78.237 Y-148.445 E836.85175
G1 X80.205 Y-149.841 E841.73669
G1 X91.238 Y-160.213 E872.39480
G1 X103.208 Y-168.412 E901.77009
G1 X106.954 Y-166.058 E910.72871
G1 X104.760 Y-151.716 E940.10413
G1 X100.203 Y-137.276 E970.76229
G1 X99.799 Y-134.897 E975.64695
G1 X100.516 Y-132.210 E981.27830
G1 X102.107 Y-130.282 E986.34014
G1 X104.294 Y-128.538 E992.00270
G1 X106.528 Y-127.416 E997.06460
G1 X109.308 Y-127.314 E1002.69595
G1 X111.537 Y-128.237 E1007.58076
G1 X124.601 Y-135.894 E1038.23887
G1 X138.095 Y-141.224 E1067.61419
G1 X141.224 Y-138.095 E1076.57301
G1 X135.894 Y-124.601 E1105.94827
G1 X128.237 Y-111.537 E1136.60649
G1 X127.314 Y-109.308 E1141.49123
G1 X127.415 Y-106.528 E1147.12248
G1 X128.538 Y-104.294 E1152.18444
G1 X130.282 Y-102.107 E1157.84713
G1 X132.210 Y-100.516 E1162.90892
G1 X134.897 Y-99.799 E1168.54031
G1 X137.276 Y-100.203 E1173.42490
G1 X151.716 Y-104.760 E1204.08305
G1 X166.058 Y-106.954 E1233.45851
G1 X168.412 Y-103.208 E1242.41708
G1 X160.213 Y-91.238 E1271.79240
G1 X149.841 Y-80.205 E1302.45042
G1 X148.445 Y-78.237 E1307.33539
G1 X147.926 Y-75.505 E1312.96659
G1 X148.523 Y-73.077 E1318.02830
G1 X149.736 Y-70.557 E1323.69119
G1 X151.262 Y-68.577 E1328.75298
G1 X153.722 Y-67.279 E1334.38435
G1 X156.131 Y-67.144 E1339.26891
G1 X171.224 Y-68.373 E1369.92726
G1 X185.694 Y-67.321 E1399.30254
G1 X187.156 Y-63.145 E1408.26108
G1 X176.498 Y-53.300 E1437.63655
G1 X163.932 Y-44.851 E1468.29481
G1 X162.133 Y-43.243 E1473.17943
G1 X161.018 Y-40.695 E1478.81069
G1 X161.060 Y-38.195 E1483.87260
G1 X161.682 Y-35.469 E1489.53536
G1 X162.729 Y-33.198 E1494.59719
G1 X164.839 Y-31.386 E1500.22842
G1 X167.157 Y-30.718 E1505.11310
G1 X182.145 Y-28.558 E1535.77136
G1 X196.019 Y-24.312 E1565.14666
G1 X196.514 Y-19.915 E1574.10526
G1 X183.933 Y-12.689 E1603.48055
G1 X169.802 Y-7.249 E1634.13872
G1 X167.690 Y-6.081 E1639.02367
G1 X166.037 Y-3.845 E1644.65486
G1 X165.521 Y-1.398 E1649.71664
G1 X165.521 Y1.398 E1655.37955
G1 X166.037 Y3.845 E1660.44134
G1 X167.690 Y6.081 E1666.07254
G1 X169.802 Y7.249 E1670.95749
G1 X183.933 Y12.689 E1701.61563
G1 X196.514 Y19.915 E1730.99092
G1 X196.019 Y24.312 E1739.94956
G1 X182.145 Y28.558 E1769.32485
G1 X167.157 Y30.718 E1799.98311
G1 X164.839 Y31.386 E1804.86779
G1 X162.729 Y33.198 E1810.49900
G1 X161.682 Y35.468 E1815.56081
G1 X161.060 Y38.195 E1821.22361
G1 X161.018 Y40.695 E1826.28551
G1 X162.133 Y43.243 E1831.91678
G1 X163.932 Y44.851 E1836.80141
G1 X176.498 Y53.300 E1867.45966
G1 X187.156 Y63.145 E1896.83513
G1 X185.694 Y67.321 E1905.79364
G1 X171.224 Y68.373 E1935.16893
G1 X156.131 Y67.144 E1965.82727
G1 X153.722 Y67.279 E1970.71182
G1 X151.262 Y68.577 E1976.34317
G1 X149.736 Y70.557 E1981.40496
G1 X148.523 Y73.077 E1987.06783
G1 X147.926 Y75.505 E1992.12959
G1 X148.445 Y78.237 E1997.76071
G1 X149.841 Y80.205 E2002.64573
G1 X160.213 Y91.238 E2033.30374
G1 X168.412 Y103.208 E2062.67906
G1 X166.058 Y106.954 E2071.63763
G1 X151.716 Y104.760 E2101.01311
G1 X137.276 Y100.203 E2131.67127
G1 X134.897 Y99.799 E2136.55589
G1 X132.210 Y100.516 E2142.18730
G1 X130.282 Y102.107 E2147.24903
G1 X128.538 Y104.294 E2152.91165
G1 X127.415 Y106.528 E2157.97362
G1 X127.314 Y109.308 E2163.60492
G1 X128.237 Y111.537 E2168.48969
G1 X135.894 Y124.601 E2199.14784
G1 X141.224 Y138.095 E2228.52314
G1 X138.095 Y141.224 E2237.48197
G1 X124.601 Y135.894 E2266.85728
G1 X111.537 Y128.237 E2297.51543
G1 X109.308 Y127.314 E2302.40020
G1 X106.528 Y127.415 E2308.03150
G1 X104.294 Y128.538 E2313.09346
G1 X102.107 Y130.282 E2318.75609
G1 X100.516 Y132.210 E2323.81782
G1 X99.799 Y134.897 E2329.44923
G1 X100.203 Y137.276 E2334.33385
G1 X104.760 Y151.716 E2364.99201
G1 X106.954 Y166.058 E2394.36748
G1 X103.208 Y168.412 E2403.32606
G1 X91.238 Y160.213 E2432.70137
G1 X80.205 Y149.841 E2463.35939
G1 X78.237 Y148.445 E2468.24440
G1 X75.505 Y147.926 E2473.87552
G1 X73.077 Y148.523 E2478.93728
G1 X70.557 Y149.736 E2484.60016
G1 X68.577 Y151.262 E2489.66195
G1 X67.279 Y153.722 E2495.29330
G1 X67.144 Y156.131 E2500.17784
G1 X68.373 Y171.224 E2530.83619
G1 X67.321 Y185.694 E2560.21148
G1 X63.145 Y187.156 E2569.16999
G1 X53.300 Y176.498 E2598.54545
G1 X44.851 Y163.932 E2629.20371
G1 X43.243 Y162.133 E2634.08834
G1 X40.695 Y161.018 E2639.71960
G1 X38.195 Y161.060 E2644.78151
G1 X35.468 Y161.682 E2650.44430
G1 X33.198 Y162.729 E2655.50611
G1 X31.386 Y164.839 E2661.13732
G1 X30.718 Y167.157 E2666.02200
G1 X28.558 Y182.145 E2696.68027
G1 X24.312 Y196.019 E2726.05556
G1 X19.915 Y196.514 E2735.01419
G1 X12.689 Y183.933 E2764.38948
G1 X7.249 Y169.802 E2795.04763
G1 X6.081 Y167.690 E2799.93257
G1 X3.845 Y166.037 E2805.56377
G1 X1.398 Y165.521 E2810.62556
G1 X-1.398 Y165.521 E2816.28847
G1 X-3.845 Y166.037 E2821.35026
G1 X-6.081 Y167.690 E2826.98144
G1 X-7.249 Y169.802 E2831.86640
G1 X-12.689 Y183.933 E2862.52457
G1 X-19.915 Y196.514 E2891.89985
G1 X-24.312 Y196.019 E2900.85846
G1 X-28.558 Y182.145 E2930.23375
G1 X-30.718 Y167.157 E2960.89201
G1 X-31.386 Y164.839 E2965.77670
G1 X-33.198 Y162.729 E2971.40791
G1 X-35.469 Y161.682 E2976.46975
G1 X-38.195 Y161.060 E2982.13250
G1 X-40.695 Y161.018 E2987.19441
G1 X-43.243 Y162.133 E2992.82567
G1 X-44.851 Y163.932 E2997.71031
G1 X-53.300 Y176.498 E3028.36856
G1 X-63.145 Y187.156 E3057.74403
G1 X-67.321 Y185.694 E3066.70257
G1 X-68.373 Y171.224 E3096.07786
G1 X-67.144 Y156.131 E3126.73621
G1 X-67.279 Y153.722 E3131.62077
G1 X-68.577 Y151.262 E3137.25214
G1 X-70.557 Y149.736 E3142.31393
G1 X-73.077 Y148.523 E3147.97680
G1 X-75.505 Y147.926 E3153.03852
G1 X-78.237 Y148.445 E3158.66972
G1 X-80.205 Y149.841 E3163.55469
G1 X-91.238 Y160.213 E3194.21271
G1 X-103.208 Y168.412 E3223.58803
G1 X-106.954 Y166.058 E3232.54660
G1 X-104.760 Y151.716 E3261.92207
G1 X-100.203 Y137.276 E3292.58021
G1 X-99.799 Y134.897 E3297.46480
G1 X-100.516 Y132.210 E3303.09620
G1 X-102.107 Y130.282 E3308.15798
G1 X-104.294 Y128.538 E3313.82067
G1 X-106.528 Y127.415 E3318.88263
G1 X-109.308 Y127.314 E3324.51388
G1 X-111.537 Y128.237 E3329.39862
G1 X-124.601 Y135.894 E3360.05685
G1 X-138.095 Y141.224 E3389.43211
G1 X-141.224 Y138.095 E3398.39093
G1 X-135.894 Y124.601 E3427.76625
G1 X-128.237 Y111.537 E3458.42436
G1 X-127.314 Y109.308 E3463.30917
G1 X-127.416 Y106.528 E3468.94052
G1 X-128.538 Y104.294 E3474.00241
G1 X-130.282 Y102.107 E3479.66498
G1 X-132.210 Y100.516 E3484.72681
G1 X-134.897 Y99.799 E3490.35816
G1 X-137.276 Y100.203 E3495.24282
G1 X-151.716 Y104.760 E3525.90098
G1 X-166.058 Y106.954 E3555.27640
G1 X-168.412 Y103.208 E3564.23502
G1 X-160.213 Y91.238 E3593.61032
G1 X-149.841 Y80.205 E3624.26842
G1 X-148.445 Y78.237 E3629.15336
G1 X-147.926 Y75.505 E3634.78444
G1 X-148.523 Y73.077 E3639.84620
G1 X-149.736 Y70.557 E3645.50910
G1 X-151.262 Y68.577 E3650.57097
G1 X-153.722 Y67.279 E3656.20229
G1 X-156.131 Y67.144 E3661.08683
G1 X-171.224 Y68.373 E3691.74513
G1 X-185.694 Y67.321 E3721.12043
G1 X-187.156 Y63.145 E3730.07895
G1 X-176.498 Y53.300 E3759.45440
G1 X-163.932 Y44.851 E3790.11265
G1 X-162.133 Y43.243 E3794.99727
G1 X-161.018 Y40.695 E3800.62850
G1 X-161.060 Y38.195 E3805.69041
G1 X-161.682 Y35.468 E3811.35326
G1 X-162.729 Y33.198 E3816.41505
G1 X-164.839 Y31.386 E3822.04623
G1 X-167.158 Y30.718 E3826.93096
G1 X-182.145 Y28.558 E3857.58916
G1 X-196.019 Y24.312 E3886.96452
G1 X-196.514 Y19.915 E3895.92314
G1 X-183.933 Y12.689 E3925.29847
G1 X-169.802 Y7.248 E3955.95664
G1 X-167.690 Y6.081 E3960.84151
G1 X-166.037 Y3.845 E3966.47274
G1 X-165.521 Y1.398 E3971.53454
G1 X-165.521 Y-1.398 E3977.19740
G1 X-166.037 Y-3.845 E3982.25920
G1 X-167.690 Y-6.081 E3987.89041
G1 X-169.802 Y-7.249 E3992.77530
G1 X-183.933 Y-12.689 E4023.43349
G1 X-196.514 Y-19.915 E4052.80881
G1 X-196.019 Y-24.312 E4061.76740
G1 X-182.145 Y-28.558 E4091.14277
G1 X-167.158 Y-30.718 E4121.80096
G1 X-164.839 Y-31.386 E4126.68569
G1 X-162.729 Y-33.198 E4132.31689
G1 X-161.682 Y-35.469 E4137.37870
G1 X-161.060 Y-38.195 E4143.04150
G1 X-161.018 Y-40.695 E4148.10342
G1 X-162.133 Y-43.243 E4153.73465
G1 X-163.932 Y-44.851 E4158.61927
G1 X-176.498 Y-53.300 E4189.27752
G1 X-187.156 Y-63.145 E4218.65298
G1 X-185.694 Y-67.321 E4227.61152
G1 X-171.224 Y-68.373 E4256.98682
G1 X-156.131 Y-67.144 E4287.64512
G1 X-153.722 Y-67.279 E4292.52968
G1 X-151.262 Y-68.577 E4298.16101
G1 X-149.736 Y-70.557 E4303.22288
G1 X-148.523 Y-73.077 E4308.88579
G1 X-147.926 Y-75.505 E4313.94750
G1 X-148.445 Y-78.237 E4319.57866
G1 X-149.841 Y-80.205 E4324.46355
G1 X-160.213 Y-91.238 E4355.12166
G1 X-168.412 Y-103.208 E4384.49697
G1 X-166.058 Y-106.954 E4393.45558
G1 X-151.716 Y-104.760 E4422.83099
G1 X-137.276 Y-100.203 E4453.48914
G1 X-134.897 Y-99.799 E4458.37377
G1 X-132.210 Y-100.516 E4464.00511
G1 X-130.282 Y-102.107 E4469.06699
G1 X-128.538 Y-104.294 E4474.72962
G1 X-127.416 Y-106.528 E4479.79151
G1 X-127.314 Y-109.308 E4485.42281
G1 X-128.237 Y-111.537 E4490.30760
G1 X-135.894 Y-124.601 E4520.96578
G1 X-141.224 Y-138.095 E4550.34106
G1 X-138.095 Y-141.224 E4559.29986
G1 X-124.601 Y-135.894 E4588.67513
G1 X-111.537 Y-128.237 E4619.33331
G1 X-109.308 Y-127.314 E4624.21810
G1 X-106.528 Y-127.416 E4629.84941
G1 X-104.294 Y-128.538 E4634.91129
G1 X-102.107 Y-130.282 E4640.57392
G1 X-100.946 Y-131.689 E4644.26917
G1 X-97.744 Y-132.441 F7800.000
G1 E4642.26917 F2400.00000
G92 E0
G1 X-9.700 Y89.921 F7800.000
G1 E2.00000 F2400.00000
G1 F1800
G1 X-6.660 Y89.525 E8.20525
G1 X6.660 Y89.525 E35.17532
G1 X9.700 Y89.921 E41.38056
G1 X12.686 Y91.143 E47.91335
G1 X15.260 Y93.089 E54.44615
G1 X17.250 Y95.629 E60.97901
G1 X18.459 Y98.445 E67.18415
G1 X27.047 Y128.757 E130.97024
G1 X27.496 Y131.847 E137.29258
G1 X27.103 Y135.111 E143.94866
G1 X25.873 Y138.160 E150.60495
G1 X23.890 Y140.782 E157.26109
G1 X21.293 Y142.797 E163.91734
G1 X18.259 Y144.064 E170.57367
G1 X15.163 Y144.475 E176.89594
G1 X-15.163 Y144.475 E238.29707
G1 X-18.259 Y144.064 E244.61931
G1 X-21.293 Y142.797 E251.27562
G1 X-23.890 Y140.782 E257.93191
G1 X-25.873 Y138.160 E264.58805
G1 X-27.103 Y135.111 E271.24432
G1 X-27.496 Y131.847 E277.90038
G1 X-27.047 Y128.757 E284.22272
G1 X-18.459 Y98.445 E348.00884
G1 X-17.248 Y95.626 E354.22051
G1 X-15.236 Y93.071 E360.80435
G1 X-12.686 Y91.143 E367.27792
G1 X-10.324 Y90.176 E372.44403
G1 X-9.700 Y89.921 F7800.000
G1 E370.44403 F2400.00000
G92 E0
G1 X-10.954 Y86.181 F7800.000
G1 E2.00000 F2400.00000
G1 F1800
G1 X-10.035 Y85.872 E3.96307
G1 X-6.367 Y85.475 E11.43357
G1 X6.407 Y85.479 E37.29575
G1 X10.035 Y85.872 E44.68446
G1 X13.406 Y87.003 E51.88366
G1 X16.457 Y88.830 E59.08286
G1 X19.046 Y91.267 E66.28202
G1 X21.053 Y94.202 E73.48124
G1 X22.436 Y97.624 E80.95262
G1 X30.865 Y127.373 E143.55485
G1 X31.470 Y130.831 E150.66186
G1 X31.363 Y134.211 E157.51018
G1 X30.569 Y137.499 E164.35842
G1 X29.122 Y140.556 E171.20675
G1 X27.082 Y143.255 E178.05500
G1 X24.535 Y145.480 E184.90338
G1 X21.588 Y147.141 E191.75156
G1 X18.365 Y148.165 E198.59989
G1 X14.873 Y148.525 E205.70690
G1 X-14.873 Y148.525 E265.93149
G1 X-18.365 Y148.165 E273.03846
G1 X-21.586 Y147.141 E279.88165
G1 X-24.563 Y145.456 E286.80765
G1 X-27.082 Y143.255 E293.58169
G1 X-29.120 Y140.558 E300.42481
G1 X-30.578 Y137.464 E307.35094
G1 X-31.363 Y134.211 E314.12488
G1 X-31.470 Y130.831 E320.97320
G1 X-30.865 Y127.373 E328.08021
G1 X-22.436 Y97.624 E390.68245
G1 X-21.054 Y94.205 E398.14841
G1 X-19.018 Y91.241 E405.42922
G1 X-16.457 Y88.830 E412.55028
G1 X-13.406 Y87.003 E419.74947
G1 X-11.594 Y86.395 E423.61897
G1 X-10.202 Y86.792 F7800.000
G1 E421.61897 F2400.00000
G92 E0
G1 X-55.033 Y76.614 F7800.000
G1 E2.00000 F2400.00000
G1 F1800
G1 X-55.422 Y79.817 E8.53282
G1 X-56.559 Y82.663 E14.73799
G1 X-71.933 Y110.194 E78.57948
G1 X-74.174 Y113.063 E85.95087
G1 X-77.339 Y115.227 E93.71315
G1 X-81.011 Y116.330 E101.47552
G1 X-84.844 Y116.269 E109.23784
G1 X-88.479 Y115.050 E117.00006
G1 X-91.418 Y112.901 E124.37147
G1 X-112.901 Y91.418 E185.88353
G1 X-115.050 Y88.479 E193.25488
G1 X-116.269 Y84.844 E201.01719
G1 X-116.330 Y81.011 E208.77943
G1 X-115.227 Y77.339 E216.54187
G1 X-113.063 Y74.174 E224.30417
G1 X-110.194 Y71.933 E231.67554
G1 X-82.661 Y56.557 E295.52344
G1 X-79.788 Y55.419 E301.77954
G1 X-76.614 Y55.033 E308.25311
G1 X-73.418 Y55.477 E314.78592
G1 X-70.442 Y56.725 E321.31877
G1 X-68.013 Y58.594 E327.52402
G1 X-58.594 Y68.013 E354.49402
G1 X-56.725 Y70.442 E360.69924
G1 X-55.477 Y73.418 E367.23201
G1 X-55.126 Y75.945 E372.39826
G1 X-52.225 Y78.203 F7800.000
G1 E370.39826 F2400.00000
G92 E0
G1 X-51.114 Y76.496 F7800.000
G1 E2.00000 F2400.00000
G1 F1800
G1 X-51.068 Y78.003 E5.05379
G1 X-51.724 Y81.498 E12.25289
G1 X-53.166 Y84.895 E19.72424
G1 X-68.242 Y111.891 E82.32665
G1 X-70.258 Y114.764 E89.43346
G1 X-72.725 Y117.079 E96.28180
G1 X-75.611 Y118.842 E103.13013
G1 X-78.796 Y119.981 E109.97843
G1 X-82.146 Y120.446 E116.82674
G1 X-85.521 Y120.219 E123.67499
G1 X-88.779 Y119.309 E130.52328
G1 X-91.783 Y117.755 E137.37163
G1 X-94.506 Y115.540 E144.47861
G1 X-115.540 Y94.506 E204.70319
G1 X-117.755 Y91.783 E211.81016
G1 X-119.309 Y88.779 E218.65847
G1 X-120.219 Y85.521 E225.50676
G1 X-120.446 Y82.146 E232.35504
G1 X-119.981 Y78.796 E239.20331
G1 X-118.842 Y75.611 E246.05162
G1 X-117.079 Y72.725 E252.89998
G1 X-114.764 Y70.258 E259.74827
G1 X-111.891 Y68.242 E266.85516
G1 X-84.895 Y53.166 E329.45750
G1 X-81.500 Y51.725 E336.92344
G1 X-77.965 Y51.069 E344.20422
G1 X-74.449 Y51.175 E351.32533
G1 X-71.000 Y52.041 E358.52453
G1 X-67.817 Y53.625 E365.72367
G1 X-64.942 Y55.938 E373.19508
G1 X-55.938 Y64.942 E398.97424
G1 X-53.625 Y67.817 E406.44560
G1 X-52.041 Y71.000 E413.64477
G1 X-51.175 Y74.449 E420.84401
G1 X-51.134 Y75.821 E423.62281
G1 X-52.359 Y77.347 F7800.000
G1 E421.62281 F2400.00000
G92 E0
G1 X55.033 Y76.614 F7800.000
G1 E2.00000 F2400.00000
G1 F1800
G1 X55.477 Y73.418 E8.53287
G1 X56.725 Y70.442 E15.06570
G1 X58.594 Y68.013 E21.27095
G1 X68.013 Y58.594 E48.24091
G1 X70.445 Y56.723 E54.45268
G1 X73.447 Y55.473 E61.03648
G1 X76.614 Y55.033 E67.51012
G1 X79.817 Y55.422 E74.04291
G1 X82.663 Y56.559 E80.24809
G1 X110.197 Y71.935 E144.09720
G1 X113.082 Y74.203 E151.52807
G1 X115.227 Y77.339 E159.22005
G1 X116.330 Y81.011 E166.98248
G1 X116.269 Y84.844 E174.74469
G1 X115.050 Y88.479 E182.50699
G1 X112.901 Y91.418 E189.87839
G1 X91.418 Y112.901 E251.39041
G1 X88.479 Y115.050 E258.76180
G1 X84.844 Y116.269 E266.52410
G1 X81.011 Y116.330 E274.28631
G1 X77.339 Y115.227 E282.04875
G1 X74.174 Y113.063 E289.81103
G1 X71.933 Y110.194 E297.18240
G1 X56.559 Y82.663 E361.02389
G1 X55.422 Y79.817 E367.22906
G1 X55.115 Y77.284 E372.39522
G1 X55.033 Y76.614 F7800.000
G1 E370.39522 F2400.00000
G92 E0
G1 X51.114 Y76.496 F7800.000
G1 E2.00000 F2400.00000
G1 F1800
G1 X51.175 Y74.449 E6.14549
G1 X52.041 Y71.000 E13.34475
G1 X53.625 Y67.817 E20.54390
G1 X55.938 Y64.942 E28.01527
G1 X64.942 Y55.938 E53.79445
G1 X67.817 Y53.625 E61.26582
G1 X71.000 Y52.041 E68.46497
G1 X74.446 Y51.176 E75.65881
G1 X78.041 Y51.075 E82.93962
G1 X81.498 Y51.724 E90.06064
G1 X84.895 Y53.166 E97.53198
G1 X111.891 Y68.242 E160.13437
G1 X114.764 Y70.258 E167.24120
G1 X117.079 Y72.725 E174.08955
G1 X118.842 Y75.611 E180.93789
G1 X119.981 Y78.796 E187.78618
G1 X120.446 Y82.146 E194.63448
G1 X120.219 Y85.521 E201.48275
G1 X119.309 Y88.779 E208.33102
G1 X117.755 Y91.783 E215.17935
G1 X115.540 Y94.506 E222.28633
G1 X94.508 Y115.538 E282.50581
G1 X91.750 Y117.771 E289.69062
G1 X88.779 Y119.309 E296.46464
G1 X85.521 Y120.219 E303.31292
G1 X82.146 Y120.446 E310.16119
G1 X78.796 Y119.981 E317.00949
G1 X75.611 Y118.842 E323.85778
G1 X72.725 Y117.079 E330.70613
G1 X70.258 Y114.764 E337.55448
G1 X68.242 Y111.891 E344.66130
G1 X53.166 Y84.895 E407.26370
G1 X51.724 Y81.498 E414.73504
G1 X51.068 Y78.003 E421.93416
G1 X51.093 Y77.170 E423.62124
G1 X52.865 Y75.436 F7800.000
G1 E421.62124 F2400.00000
G92 E0
G1 X22.475 Y70.475 F7800.000
G1 E2.00000 F2400.00000
G1 F1800
G1 X-22.475 Y70.475 E93.00762
G1 X-22.475 Y58.160 E117.94056
G1 X-30.813 Y54.359 E136.49430
G1 X-39.848 Y48.130 E158.71231
G1 X-47.653 Y40.416 E180.93050
G1 X-53.989 Y31.456 E203.14860
G1 X-58.660 Y21.526 E225.36670
G1 X-61.521 Y10.931 E247.58481
G1 X-62.485 Y-0.000 E269.80295
G1 X-61.521 Y-10.931 E292.02105
G1 X-58.660 Y-21.526 E314.23916
G1 X-53.989 Y-31.456 E336.45720
G1 X-47.653 Y-40.416 E358.67536
G1 X-39.848 Y-48.130 E380.89347
G1 X-30.813 Y-54.359 E403.11157
G1 X-22.475 Y-58.160 E421.66532
G1 X-22.475 Y-70.475 E446.59827
G1 X22.475 Y-70.475 E537.60589
G1 X22.475 Y-58.160 E562.53884
G1 X30.813 Y-54.359 E581.09262
G1 X39.848 Y-48.130 E603.31064
G1 X47.653 Y-40.416 E625.52882
G1 X53.989 Y-31.456 E647.74692
G1 X58.660 Y-21.526 E669.96501
G1 X61.521 Y-10.931 E692.18315
G1 X62.485 Y-0.000 E714.40123
G1 X61.521 Y10.931 E736.61936
G1 X58.660 Y21.526 E758.83749
G1 X53.989 Y31.456 E781.05552
G1 X47.653 Y40.416 E803.27368
G1 X39.848 Y48.130 E825.49179
G1 X30.813 Y54.359 E847.70989
G1 X22.475 Y58.160 E866.26365
G1 X22.475 Y69.800 E889.82995
G1 X21.762 Y74.918 F7800.000
G1 E887.82995 F2400.00000
G92 E0
G1 X26.525 Y74.525 F7800.000
G1 E2.00000 F2400.00000
G1 F1800
G1 X-26.525 Y74.525 E109.40722
G1 X-26.525 Y61.167 E136.45290
G1 X-37.349 Y55.041 E161.63398
G1 X-45.759 Y48.276 E183.48526
G1 X-52.964 Y40.241 E205.33651
G1 X-58.774 Y31.146 E227.18775
G1 X-63.038 Y21.231 E249.03903
G1 X-65.641 Y10.757 E270.89029
G1 X-66.517 Y-0.000 E292.74157
G1 X-65.641 Y-10.757 E314.59282
G1 X-63.038 Y-21.231 E336.44408
G1 X-58.774 Y-31.146 E358.29539
G1 X-52.964 Y-40.241 E380.14661
G1 X-45.759 Y-48.276 E401.99787
G1 X-37.349 Y-55.041 E423.84915
G1 X-26.525 Y-61.167 E449.03021
G1 X-26.525 Y-74.525 E476.07594
G1 X26.525 Y-74.525 E583.48316
G1 X26.525 Y-61.167 E610.52890
G1 X37.349 Y-55.041 E635.70999
G1 X45.759 Y-48.276 E657.56123
G1 X52.964 Y-40.241 E679.41254
G1 X58.774 Y-31.146 E701.26381
G1 X63.038 Y-21.231 E723.11505
G1 X65.641 Y-10.757 E744.96631
G1 X66.517 Y-0.000 E766.81756
G1 X65.641 Y10.757 E788.66884
G1 X63.038 Y21.231 E810.52010
G1 X58.774 Y31.146 E832.37136
G1 X52.964 Y40.241 E854.22263
G1 X45.759 Y48.276 E876.07389
G1 X37.349 Y55.041 E897.92514
G1 X26.525 Y61.167 E923.10625
G1 X26.525 Y73.850 E948.78529
G1 X23.062 Y71.651 F7800.000
G1 E946.78529 F2400.00000
G92 E0
G1 X-93.089 Y-15.260 F7800.000
G1 E2.00000 F2400.00000
G1 F1800
G1 X-91.143 Y-12.686 E8.53285
G1 X-89.921 Y-9.700 E15.06564
G1 X-89.525 Y-6.660 E21.27087
G1 X-89.525 Y6.660 E48.24089
G1 X-89.921 Y9.700 E54.44611
G1 X-91.143 Y12.686 E60.97894
G1 X-93.089 Y15.260 E67.51179
G1 X-95.629 Y17.250 E74.04460
G1 X-98.445 Y18.459 E80.24978
G1 X-128.757 Y27.047 E144.03587
G1 X-131.847 Y27.496 E150.35823
G1 X-135.111 Y27.103 E157.01429
G1 X-138.160 Y25.873 E163.67054
G1 X-140.782 Y23.890 E170.32672
G1 X-142.797 Y21.293 E176.98292
G1 X-144.064 Y18.259 E183.63924
G1 X-144.475 Y15.163 E189.96154
G1 X-144.475 Y-15.167 E251.36924
G1 X-144.053 Y-18.287 E257.74330
G1 X-142.797 Y-21.293 E264.33926
G1 X-140.782 Y-23.890 E270.99549
G1 X-138.157 Y-25.875 E277.65830
G1 X-135.081 Y-27.107 E284.36641
G1 X-131.847 Y-27.496 E290.96211
G1 X-128.757 Y-27.047 E297.28447
G1 X-98.445 Y-18.459 E361.07058
G1 X-95.629 Y-17.250 E367.27578
G1 X-93.620 Y-15.676 E372.44194
G1 X-89.964 Y-16.065 F7800.000
G1 E370.44194 F2400.00000
G92 E0
G1 X-90.233 Y-17.948 F7800.000
G1 E2.00000 F2400.00000
G1 F1800
G1 X-88.830 Y-16.457 E6.14549
G1 X-87.003 Y-13.406 E13.34468
G1 X-85.872 Y-10.035 E20.54384
G1 X-85.475 Y-6.366 E28.01522
G1 X-85.475 Y6.366 E53.79438
G1 X-85.872 Y10.035 E61.26575
G1 X-87.003 Y13.406 E68.46492
G1 X-88.830 Y16.457 E75.66413
G1 X-91.267 Y19.046 E82.86332
G1 X-94.202 Y21.053 E90.06253
G1 X-97.624 Y22.436 E97.53389
G1 X-127.373 Y30.865 E160.13608
G1 X-130.831 Y31.470 E167.24316
G1 X-134.211 Y31.363 E174.09146
G1 X-137.499 Y30.569 E180.93973
G1 X-140.556 Y29.122 E187.78802
G1 X-143.255 Y27.082 E194.63633
G1 X-145.481 Y24.535 E201.48467
G1 X-147.141 Y21.588 E208.33287
G1 X-148.165 Y18.365 E215.18119
G1 X-148.525 Y14.873 E222.28820
G1 X-148.525 Y-14.873 E282.51278
G1 X-148.165 Y-18.365 E289.61976
G1 X-147.141 Y-21.588 E296.46809
G1 X-145.481 Y-24.535 E303.31631
G1 X-143.255 Y-27.082 E310.16462
G1 X-140.556 Y-29.122 E317.01295
G1 X-137.499 Y-30.569 E323.86125
G1 X-134.214 Y-31.363 E330.70435
G1 X-130.794 Y-31.464 E337.63044
G1 X-127.373 Y-30.865 E344.66323
G1 X-97.624 Y-22.436 E407.26543
G1 X-94.202 Y-21.053 E414.73679
G1 X-91.267 Y-19.046 E421.93598
G1 X-90.696 Y-18.439 E423.62306
G1 X-90.723 Y-15.960 F7800.000
G1 E421.62306 F2400.00000
G92 E0
G1 X93.089 Y-15.260 F7800.000
G1 E2.00000 F2400.00000
G1 F1800
G1 X95.629 Y-17.250 E8.53284
G1 X98.445 Y-18.459 E14.73828
G1 X128.783 Y-27.051 E78.57761
G1 X131.847 Y-27.496 E84.84598
G1 X135.111 Y-27.103 E91.50205
G1 X138.160 Y-25.873 E98.15832
G1 X140.782 Y-23.890 E104.81446
G1 X142.797 Y-21.293 E111.47075
G1 X144.064 Y-18.259 E118.12706
G1 X144.475 Y-15.163 E124.44930
G1 X144.475 Y15.163 E185.85043
G1 X144.064 Y18.259 E192.17270
G1 X142.797 Y21.293 E198.82902
G1 X140.782 Y23.890 E205.48527
G1 X138.160 Y25.873 E212.14142
G1 X135.111 Y27.103 E218.79771
G1 X131.847 Y27.496 E225.45379
G1 X128.757 Y27.047 E231.77613
G1 X98.445 Y18.459 E295.56222
G1 X95.629 Y17.250 E301.76736
G1 X93.089 Y15.260 E308.30021
G1 X91.143 Y12.686 E314.83303
G1 X89.921 Y9.700 E321.36581
G1 X89.525 Y6.660 E327.57106
G1 X89.525 Y-6.664 E354.54755
G1 X89.932 Y-9.727 E360.80370
G1 X91.143 Y-12.686 E367.27724
G1 X92.682 Y-14.721 E372.44340
G1 X92.227 Y-18.369 F7800.000
G1 E370.44340 F2400.00000
G92 E0
G1 X90.233 Y-17.948 F7800.000
G1 E2.00000 F2400.00000
G1 F1800
G1 X91.267 Y-19.046 E5.05374
G1 X94.202 Y-21.053 E12.25293
G1 X97.624 Y-22.436 E19.72431
G1 X127.371 Y-30.864 E82.32144
G1 X130.867 Y-31.469 E89.50631
G1 X134.211 Y-31.363 E96.28031
G1 X137.499 Y-30.569 E103.12854
G1 X140.556 Y-29.122 E109.97688
G1 X143.253 Y-27.084 E116.81999
G1 X145.499 Y-24.503 E123.74615
G1 X147.141 Y-21.588 E130.52004
G1 X148.165 Y-18.365 E137.36838
G1 X148.525 Y-14.873 E144.47535
G1 X148.525 Y14.873 E204.69994
G1 X148.165 Y18.365 E211.80695
G1 X147.141 Y21.588 E218.65528
G1 X145.480 Y24.535 E225.50345
G1 X143.255 Y27.082 E232.35184
G1 X140.559 Y29.120 E239.19494
G1 X137.464 Y30.578 E246.12107
G1 X134.211 Y31.363 E252.89501
G1 X130.831 Y31.470 E259.74333
G1 X127.373 Y30.865 E266.85034
G1 X97.624 Y22.436 E329.45257
G1 X94.202 Y21.053 E336.92394
G1 X91.267 Y19.046 E344.12316
G1 X88.830 Y16.457 E351.32232
G1 X87.003 Y13.406 E358.52153
G1 X85.872 Y10.035 E365.72073
G1 X85.475 Y6.366 E373.19209
G1 X85.475 Y-6.366 E398.97125
G1 X85.872 Y-10.035 E406.44260
G1 X87.003 Y-13.406 E413.64180
G1 X88.830 Y-16.457 E420.84098
G1 X89.771 Y-17.456 E423.61980
G1 X91.716 Y-17.669 F7800.000
G1 E421.61980 F2400.00000
G92 E0
G1 X55.033 Y-76.614 F7800.000
G1 E2.00000 F2400.00000
G1 F1800
G1 X55.422 Y-79.817 E8.53278
G1 X56.559 Y-82.663 E14.73801
G1 X71.933 Y-110.194 E78.57947
G1 X74.177 Y-113.066 E85.95861
G1 X77.372 Y-115.237 E93.78057
G1 X81.011 Y-116.330 E101.47267
G1 X84.844 Y-116.269 E109.23492
G1 X88.479 Y-115.050 E116.99723
G1 X91.418 Y-112.901 E124.36858
G1 X112.901 Y-91.418 E185.88064
G1 X115.050 Y-88.479 E193.25205
G1 X116.269 Y-84.844 E201.01426
G1 X116.330 Y-81.011 E208.77659
G1 X115.227 Y-77.339 E216.53895
G1 X113.063 Y-74.174 E224.30124
G1 X110.194 Y-71.933 E231.67263
G1 X82.663 Y-56.559 E295.51411
G1 X79.817 Y-55.422 E301.71928
G1 X76.614 Y-55.033 E308.25211
G1 X73.418 Y-55.477 E314.78499
G1 X70.442 Y-56.725 E321.31776
G1 X68.013 Y-58.594 E327.52297
G1 X58.594 Y-68.013 E354.49298
G1 X56.725 Y-70.442 E360.69823
G1 X55.477 Y-73.418 E367.23109
G1 X55.126 Y-75.945 E372.39725
G1 X52.225 Y-78.203 F7800.000
G1 E370.39725 F2400.00000
G92 E0
G1 X51.114 Y-76.496 F7800.000
G1 E2.00000 F2400.00000
G1 F1800
G1 X51.068 Y-78.003 E5.05369
G1 X51.724 Y-81.498 E12.25286
G1 X53.166 Y-84.895 E19.72423
G1 X68.242 Y-111.891 E82.32656
G1 X70.258 Y-114.764 E89.43346
G1 X72.725 Y-117.079 E96.28175
G1 X75.611 Y-118.842 E103.13010
G1 X78.794 Y-119.980 E109.97327
G1 X82.183 Y-120.444 E116.89930
G1 X85.521 Y-120.219 E123.67332
G1 X88.779 Y-119.309 E130.52161
G1 X91.783 Y-117.755 E137.36992
G1 X94.506 Y-115.540 E144.47688
G1 X115.540 Y-94.506 E204.70146
G1 X117.755 Y-91.783 E211.80845
G1 X119.309 Y-88.779 E218.65679
G1 X120.219 Y-85.521 E225.50508
G1 X120.446 Y-82.146 E232.35334
G1 X119.981 Y-78.799 E239.19650
G1 X118.823 Y-75.580 E246.12257
G1 X117.079 Y-72.725 E252.89662
G1 X114.764 Y-70.258 E259.74497
G1 X111.891 Y-68.242 E266.85177
G1 X84.895 Y-53.166 E329.45419
G1 X81.498 Y-51.724 E336.92554
G1 X78.003 Y-51.068 E344.12464
G1 X74.449 Y-51.175 E351.32386
G1 X71.000 Y-52.041 E358.52311
G1 X67.817 Y-53.625 E365.72227
G1 X64.942 Y-55.938 E373.19363
G1 X55.938 Y-64.942 E398.97280
G1 X53.625 Y-67.817 E406.44420
G1 X52.041 Y-71.000 E413.64335
G1 X51.175 Y-74.449 E420.84255
G1 X51.134 Y-75.821 E423.62144
G1 X52.359 Y-77.347 F7800.000
G1 E421.62144 F2400.00000
G92 E0
G1 X-55.033 Y-76.614 F7800.000
G1 E2.00000 F2400.00000
G1 F1800
G1 X-55.477 Y-73.418 E8.53282
G1 X-56.725 Y-70.442 E15.06561
G1 X-58.594 Y-68.013 E21.27083
G1 X-68.013 Y-58.594 E48.24088
G1 X-70.442 Y-56.725 E54.44610
G1 X-73.421 Y-55.476 E60.98540
G1 X-76.643 Y-55.037 E67.56919
G1 X-79.817 Y-55.422 E74.04279
G1 X-82.663 Y-56.559 E80.24801
G1 X-110.197 Y-71.935 E144.09709
G1 X-113.082 Y-74.203 E151.52801
G1 X-115.227 Y-77.339 E159.21997
G1 X-116.330 Y-81.011 E166.98235
G1 X-116.269 Y-84.844 E174.74470
G1 X-115.050 Y-88.479 E182.50693
G1 X-112.901 Y-91.418 E189.87829
G1 X-91.418 Y-112.901 E251.39040
G1 X-88.476 Y-115.052 E258.76953
G1 X-84.809 Y-116.270 E266.59142
G1 X-81.011 Y-116.330 E274.28344
G1 X-77.339 Y-115.227 E282.04581
G1 X-74.174 Y-113.063 E289.80811
G1 X-71.933 Y-110.194 E297.17950
G1 X-56.559 Y-82.663 E361.02096
G1 X-55.422 Y-79.817 E367.22618
G1 X-55.115 Y-77.284 E372.39236
G1 X-55.033 Y-76.614 F7800.000
G1 E370.39236 F2400.00000
G92 E0
G1 X-51.114 Y-76.496 F7800.000
G1 E2.00000 F2400.00000
G1 F1800
G1 X-51.175 Y-74.449 E6.14546
G1 X-52.041 Y-71.000 E13.34466
G1 X-53.625 Y-67.817 E20.54382
G1 X-55.938 Y-64.942 E28.01521
G1 X-64.942 Y-55.938 E53.79436
G1 X-67.817 Y-53.625 E61.26575
G1 X-71.000 Y-52.041 E68.46491
G1 X-74.449 Y-51.175 E75.66410
G1 X-78.003 Y-51.068 E82.86332
G1 X-81.498 Y-51.724 E90.06248
G1 X-84.895 Y-53.166 E97.53386
G1 X-111.891 Y-68.242 E160.13621
G1 X-114.764 Y-70.258 E167.24309
G1 X-117.079 Y-72.725 E174.09137
G1 X-118.842 Y-75.611 E180.93971
G1 X-119.981 Y-78.796 E187.78804
G1 X-120.446 Y-82.146 E194.63630
G1 X-120.219 Y-85.521 E201.48458
G1 X-119.309 Y-88.779 E208.33288
G1 X-117.755 Y-91.783 E215.18121
G1 X-115.540 Y-94.506 E222.28818
G1 X-94.506 Y-115.540 E282.51276
G1 X-91.783 Y-117.755 E289.61973
G1 X-88.779 Y-119.309 E296.46806
G1 X-85.524 Y-120.219 E303.31121
G1 X-82.110 Y-120.441 E310.23728
G1 X-78.796 Y-119.981 E317.01125
G1 X-75.611 Y-118.842 E323.85958
G1 X-72.725 Y-117.079 E330.70792
G1 X-70.258 Y-114.764 E337.55620
G1 X-68.242 Y-111.891 E344.66308
G1 X-53.166 Y-84.895 E407.26543
G1 X-51.724 Y-81.498 E414.73681
G1 X-51.068 Y-78.003 E421.93596
G1 X-51.093 Y-77.170 E423.62309
G1 X-52.865 Y-75.436 F7800.000
G1 E421.62309 F2400.00000
G92 E0
G1 X-17.250 Y-95.629 F7800.000
G1 E2.00000 F2400.00000
G1 F1800
G1 X-18.459 Y-98.445 E8.20520
G1 X-27.047 Y-128.757 E71.99131
G1 X-27.496 Y-131.847 E78.31367
G1 X-27.103 Y-135.111 E84.96971
G1 X-25.873 Y-138.160 E91.62595
G1 X-23.890 Y-140.782 E98.28212
G1 X-21.293 Y-142.797 E104.93836
G1 X-18.259 Y-144.064 E111.59467
G1 X-15.163 Y-144.475 E117.91693
G1 X15.163 Y-144.475 E179.31808
G1 X18.259 Y-144.064 E185.64039
G1 X21.293 Y-142.797 E192.29670
G1 X23.890 Y-140.782 E198.95290
G1 X25.873 Y-138.160 E205.60908
G1 X27.103 Y-135.111 E212.26534
G1 X27.496 Y-131.847 E218.92139
G1 X27.047 Y-128.757 E225.24376
G1 X18.459 Y-98.445 E289.02984
G1 X17.250 Y-95.629 E295.23502
G1 X15.260 Y-93.089 E301.76783
G1 X12.686 Y-91.143 E308.30068
G1 X9.700 Y-89.921 E314.83351
G1 X6.660 Y-89.525 E321.03873
G1 X-6.660 Y-89.525 E348.00875
G1 X-9.703 Y-89.921 E354.22049
G1 X-12.709 Y-91.160 E360.80426
G1 X-15.260 Y-93.089 E367.27789
G1 X-16.833 Y-95.097 E372.44405
G1 X-17.250 Y-95.629 F7800.000
G1 E370.44405 F2400.00000
G92 E0
G1 X-20.506 Y-93.402 F7800.000
G1 E2.00000 F2400.00000
G1 F1800
G1 X-21.053 Y-94.202 E3.96292
G1 X-22.436 Y-97.624 E11.43429
G1 X-30.864 Y-127.373 E74.03649
G1 X-31.470 Y-130.831 E81.14356
G1 X-31.363 Y-134.211 E87.99187
G1 X-30.569 Y-137.499 E94.84012
G1 X-29.122 Y-140.556 E101.68842
G1 X-27.082 Y-143.255 E108.53675
G1 X-24.535 Y-145.481 E115.38506
G1 X-21.588 Y-147.141 E122.23328
G1 X-18.365 Y-148.165 E129.08161
G1 X-14.873 Y-148.525 E136.18825
G1 X14.912 Y-148.521 E196.49187
G1 X18.365 Y-148.165 E203.51976
G1 X21.588 Y-147.141 E210.36809
G1 X24.535 Y-145.481 E217.21628
G1 X27.082 Y-143.255 E224.06462
G1 X29.122 Y-140.556 E230.91293
G1 X30.569 Y-137.499 E237.76123
G1 X31.363 Y-134.211 E244.60949
G1 X31.470 Y-130.831 E251.45780
G1 X30.865 Y-127.373 E258.56487
G1 X22.436 Y-97.624 E321.16706
G1 X21.053 Y-94.202 E328.63842
G1 X19.046 Y-91.267 E335.83763
G1 X16.457 Y-88.830 E343.03682
G1 X13.406 Y-87.003 E350.23603
G1 X10.035 Y-85.872 E357.43519
G1 X6.366 Y-85.475 E364.90657
G1 X-6.366 Y-85.475 E390.68573
G1 X-10.035 Y-85.872 E398.15711
G1 X-13.406 Y-87.003 E405.35627
G1 X-16.457 Y-88.830 E412.55546
G1 X-19.046 Y-91.267 E419.75466
G1 X-20.125 Y-92.845 E423.62430
G1 X-20.123 Y-94.293 F7800.000
G1 E421.62430 F2400.00000
G92 E0
G1 X23.153 Y-167.378 F7800.000
G1 E2.00000 F2400.00000
G1 F1200
G1 X16.744 Y-173.714 E2.33313
G1 E0.33313 F2400.00000
G92 E0
G1 X51.762 Y-160.848 F7800.000
G1 E2.00000 F2400.00000
G1 F1200
G1 X60.286 Y-163.776 E2.54028
G1 E0.54028 F2400.00000
G92 E0
G1 X146.255 Y-95.218 F7800.000
G1 E2.00000 F2400.00000
G1 F1200
G1 X145.297 Y-86.257 E2.54055
G1 E0.54055 F2400.00000
G92 E0
G1 X158.029 Y-59.818 F7800.000
G1 E2.00000 F2400.00000
G1 F1200
G1 X165.633 Y-54.979 E2.54024
G1 E0.54024 F2400.00000
G92 E0
G1 X165.633 Y54.979 F7800.000
G1 E2.00000 F2400.00000
G1 F1200
G1 X158.029 Y59.818 E2.54041
G1 E0.54041 F2400.00000
G92 E0
G1 X145.297 Y86.257 F7800.000
G1 E2.00000 F2400.00000
G1 F1200
G1 X146.255 Y95.218 E2.54046
G1 E0.54046 F2400.00000
G92 E0
G1 X60.286 Y163.776 F7800.000
G1 E2.00000 F2400.00000
G1 F1200
G1 X51.762 Y160.848 E2.54035
G1 E0.54035 F2400.00000
G92 E0
G1 X23.153 Y167.378 F7800.000
G1 E2.00000 F2400.00000
G1 F1200
G1 X16.744 Y173.714 E2.33309
G1 E0.33309 F2400.00000
G92 E0
G1 X-90.457 Y149.246 F7800.000
G1 E2.00000 F2400.00000
G1 F1200
G1 X-93.483 Y140.756 E2.54053
G1 E0.54053 F2400.00000
G92 E0
G1 X-116.426 Y122.460 F7800.000
G1 E2.00000 F2400.00000
G1 F1200
G1 X-125.375 Y121.400 E2.33326
G1 E0.33326 F2400.00000
G92 E0
G1 X-173.084 Y22.331 F7800.000
G1 E2.00000 F2400.00000
G1 F1200
G1 X-168.333 Y14.672 E2.54058
G1 E0.54058 F2400.00000
G92 E0
G1 X-168.333 Y-14.672 F7800.000
G1 E2.00000 F2400.00000
G1 F1200
G1 X-173.084 Y-22.331 E2.54058
G1 E0.54058 F2400.00000
G92 E0
G1 X-125.375 Y-121.400 F7800.000
G1 E2.00000 F2400.00000
G1 F1200
G1 X-116.426 Y-122.460 E2.33327
G1 E0.33327 F2400.00000
G92 E0
G1 X-93.483 Y-140.756 F7800.000
G1 E2.00000 F2400.00000
G1 F1200
G1 X-90.457 Y-149.246 E2.54047
G1 E0.54047 F2400.00000
G92 E0
; Filament-specific end gcode 
;END gcode for filament

; Filament-specific end gcode 
;END gcode for filament

; Filament-specific end gcode 
;END gcode for filament

M104 S0 ; turn off temperature
G28 X0  ; home X axis
M84     ; disable motors

; filament used = 75044.8mm (478.7cm3)
; filament used = 54018.4mm (344.6cm3)
; total filament cost = 0.0

; avoid_crossing_perimeters = 0
; bed_shape = -450x-450,450x-450,450x450,-450x450
; bed_temperature = 0
; before_layer_gcode = 
; between_objects_gcode = 
; bridge_acceleration = 0
; bridge_fan_speed = 100
; brim_connections_width = 0
; brim_width = 0
; complete_objects = 0
; cooling = 1
; default_acceleration = 0
; disable_fan_first_layers = 3
; duplicate_distance = 6
; end_filament_gcode = "; Filament-specific end gcode \n;END gcode for filament\n";"; Filament-specific end gcode \n;END gcode for filament\n";"; Filament-specific end gcode \n;END gcode for filament\n"
; end_gcode = M104 S0 ; turn off temperature\nG28 X0  ; home X axis\nM84     ; disable motors\n
; extruder_clearance_height = 20
; extruder_clearance_radius = 20
; extruder_offset = 0x0,0x0,0x0
; extrusion_axis = E
; extrusion_multiplier = 1,1,1
; fan_always_on = 0
; fan_below_layer_time = 60
; filament_colour = #FFFF80;#FF8080;#80FF97
; filament_cost = 0,0,0
; filament_density = 0,0,0
; filament_diameter = 2.85,2.85,2.85
; filament_max_volumetric_speed = 0,0,0
; filament_notes = ;;
; first_layer_acceleration = 0
; first_layer_bed_temperature = 0
; first_layer_extrusion_width = 0
; first_layer_speed = 30
; first_layer_temperature = 205,205,205
; gcode_arcs = 0
; gcode_comments = 0
; gcode_flavor = reprap
; has_heatbed = 0
; infill_acceleration = 0
; infill_first = 0
; interior_brim_width = 0
; layer_gcode = 
; max_fan_speed = 100
; max_layer_height = 3,3,3
; max_print_speed = 80
; max_volumetric_speed = 0
; min_fan_speed = 35
; min_layer_height = 1,1,1
; min_print_speed = 10
; min_skirt_length = 0
; notes = 
; nozzle_diameter = 4.5,4.5,4.5
; only_retract_when_crossing_perimeters = 1
; ooze_prevention = 0
; output_filename_format = [input_filename_base].gcode
; perimeter_acceleration = 0
; post_process = 
; pressure_advance = 0
; printer_notes = 
; resolution = 0
; retract_before_travel = 2,2,2
; retract_layer_change = 0,0,0
; retract_length = 2,2,2
; retract_length_toolchange = 10,10,10
; retract_lift = 0,0,0
; retract_lift_above = 0,0,0
; retract_lift_below = 0,0,0
; retract_restart_extra = 0,0,0
; retract_restart_extra_toolchange = 0,0,0
; retract_speed = 40,40,40
; skirt_distance = 6
; skirt_height = 1
; skirts = 0
; slowdown_below_layer_time = 5
; spiral_vase = 0
; standby_temperature_delta = -5
; start_filament_gcode = "; Filament gcode\n";"; Filament gcode\n";"; Filament gcode\n"
; start_gcode = G28 ; home all axes\nG1 Z5 F5000 ; lift nozzle\n
; temperature = 200,200,200
; threads = 24
; toolchange_gcode = 
; travel_speed = 130
; use_firmware_retraction = 0
; use_relative_e_distances = 0
; use_set_and_wait_bed = 0
; use_set_and_wait_extruder = 0
; use_volumetric_e = 0
; vibration_limit = 0
; wipe = 0,0,0
; z_offset = 0
; z_steps_per_mm = 0
; adaptive_slicing = 1
; adaptive_slicing_quality = 75%
; dont_support_bridges = 1
; extrusion_width = 0
; first_layer_height = 2.4
; infill_only_where_needed = 0
; interface_shells = 0
; layer_height = 2.4
; match_horizontal_surfaces = 0
; raft_layers = 0
; regions_overlap = 0
; seam_position = aligned
; sequential_print_priority = 0
; support_material = 0
; support_material_angle = 0
; support_material_buildplate_only = 0
; support_material_contact_distance = 0.2
; support_material_enforce_layers = 0
; support_material_extruder = 1
; support_material_extrusion_width = 0
; support_material_interface_extruder = 1
; support_material_interface_extrusion_width = 0
; support_material_interface_layers = 3
; support_material_interface_spacing = 0
; support_material_interface_speed = 100%
; support_material_max_layers = 0
; support_material_pattern = pillars
; support_material_spacing = 2.5
; support_material_speed = 60
; support_material_threshold = 60%
; xy_size_compensation = 0
; bottom_infill_pattern = rectilinear
; bottom_solid_layers = 3
; bridge_flow_ratio = 1
; bridge_speed = 60
; external_perimeter_extrusion_width = 0
; external_perimeter_speed = 50%
; external_perimeters_first = 0
; extra_perimeters = 1
; fill_angle = 45
; fill_density = 100%
; fill_gaps = 1
; fill_pattern = rectilinear
; gap_fill_speed = 20
; infill_every_layers = 1
; infill_extruder = 1
; infill_extrusion_width = 0
; infill_overlap = 55%
; infill_speed = 80
; overhangs = 1
; perimeter_extruder = 1
; perimeter_extrusion_width = 0
; perimeter_speed = 60
; perimeters = 3
; small_perimeter_speed = 15
; solid_infill_below_area = 70
; solid_infill_every_layers = 0
; solid_infill_extruder = 1
; solid_infill_extrusion_width = 0
; solid_infill_speed = 20
; thin_walls = 1
; top_infill_extrusion_width = 0
; top_infill_pattern = rectilinear
; top_solid_infill_speed = 15
; top_solid_layers = 3
