; generated by Slic3r 1.3.0 on 2024-01-16 at 08:11:23

; external perimeters extrusion width = 4.50mm (128.56mm^3/s)
; perimeters extrusion width = 4.50mm (257.12mm^3/s)
; infill extrusion width = 4.50mm (342.83mm^3/s)
; solid infill extrusion width = 4.50mm (85.71mm^3/s)
; top infill extrusion width = 4.50mm (64.28mm^3/s)

; external perimeters extrusion width = 4.50mm (128.56mm^3/s)
; perimeters extrusion width = 4.50mm (257.12mm^3/s)
; infill extrusion width = 4.50mm (342.83mm^3/s)
; solid infill extrusion width = 4.50mm (85.71mm^3/s)
; top infill extrusion width = 4.50mm (64.28mm^3/s)

M107
M104 S205 T0 ; set temperature
M104 S205 T1 ; set temperature
G28 ; home all axes
G1 Z5 F5000 ; lift nozzle

; Filament gcode

; Filament gcode

; Filament gcode

M109 S205 T0 ; set temperature and wait for it to be reached
M109 S205 T1 ; set temperature and wait for it to be reached
G21 ; set units to millimeters
G90 ; use absolute coordinates
M82 ; use absolute distances for extrusion
G92 E0
T0
G92 E0
G1 Z2.400 F7800.000
G1 E-2.00000 F2400.00000
G92 E0
G1 X-19.213 Y-26.647 F7800.000
G1 E2.00000 F2400.00000
G1 F1800
G1 X-12.207 Y7.619 E54.43315
G1 X27.591 Y7.619 E114.09764
G1 X26.740 Y-0.876 E126.89746
G1 X25.310 Y-9.386 E139.83365
G1 X21.295 Y-20.484 E157.52698
G1 X14.237 Y-33.982 E180.36221
G1 X5.433 Y-46.265 E203.01877
G1 X-5.315 Y-57.633 E226.47300
G1 X-17.913 Y-67.800 E250.74265
G1 X-31.779 Y-76.369 E275.18007
G1 X-47.502 Y-83.667 E301.16683
G1 X-64.333 Y-89.118 E327.68979
G1 X-82.176 Y-92.679 E354.96701
G1 X-100.811 Y-94.310 E383.01148
G1 X-122.189 Y-93.993 E415.06507
G1 X-143.812 Y-91.482 E447.69952
G1 X-164.808 Y-86.771 E479.95911
G1 X-184.719 Y-79.948 E511.51297
G1 X-200.407 Y-72.655 E537.44982
G1 X-215.457 Y-63.678 E563.72076
G1 X-228.126 Y-54.004 E587.61882
G1 X-238.776 Y-43.553 E609.98823
G1 X-248.328 Y-31.173 E633.43050
G1 X-255.851 Y-17.888 E656.31914
G1 X-261.566 Y-3.254 E679.87111
G1 X-262.380 Y-0.450 E684.24836
G1 X-265.240 Y14.310 E706.78774
G1 X-265.874 Y29.008 E728.84420
G1 X-264.570 Y43.963 E751.34903
G1 X-261.232 Y59.972 E775.86579
G1 X-256.294 Y74.341 E798.64444
G1 X-249.054 Y88.684 E822.73106
G1 X-247.393 Y91.367 E827.46174
G1 X-237.785 Y104.392 E851.72657
G1 X-226.440 Y116.323 E876.40896
G1 X-213.170 Y127.311 E902.23792
G1 X-198.056 Y137.041 E929.18616
G1 X-181.822 Y144.952 E956.26022
G1 X-166.562 Y150.436 E980.56920
G1 X-148.106 Y154.919 E1009.04300
G1 X-129.124 Y157.319 E1037.72742
G1 X-109.542 Y157.548 E1067.08695
G1 X-90.394 Y155.564 E1095.94655
G1 X-70.365 Y151.256 E1126.66004
G1 X-50.519 Y144.880 E1157.91082
G1 X-30.291 Y136.102 E1190.96873
G1 X-11.368 Y125.385 E1223.57081
G1 X4.427 Y114.097 E1252.67699
G1 X10.060 Y109.489 E1263.58777
G1 X72.258 Y109.489 E1356.83400
G1 X72.258 Y224.952 E1529.93546
G1 X13.254 Y224.952 E1618.39401
G1 X13.254 Y180.231 E1685.43990
G1 X2.282 Y186.556 E1704.42633
G1 X-18.388 Y197.533 E1739.51365
G1 X-40.274 Y206.590 E1775.02265
G1 X-63.685 Y213.998 E1811.83500
G1 X-89.565 Y219.722 E1851.57159
G1 X-114.997 Y222.884 E1889.99331
G1 X-140.327 Y223.702 E1927.98724
G1 X-162.978 Y222.420 E1961.99901
G1 X-187.007 Y218.668 E1998.45994
G1 X-209.506 Y212.755 E2033.33485
G1 X-222.157 Y208.369 E2053.40969
G1 X-244.106 Y198.847 E2089.27736
G1 X-265.494 Y186.974 E2125.95184
G1 X-285.191 Y173.313 E2161.88765
G1 X-303.281 Y157.864 E2197.55182
G1 X-319.295 Y141.106 E2232.30170
G1 X-333.397 Y122.831 E2266.90810
G1 X-344.932 Y103.813 E2300.25391
G1 X-353.035 Y86.295 E2329.19090
G1 X-359.369 Y66.958 E2359.69674
G1 X-363.155 Y47.631 E2389.22147
G1 X-364.556 Y28.135 E2418.52558
G1 X-363.511 Y8.584 E2447.87752
G1 X-360.054 Y-10.114 E2476.38406
G1 X-354.292 Y-28.096 E2504.69291
G1 X-346.267 Y-45.501 E2533.42586
G1 X-336.153 Y-61.961 E2562.38860
G1 X-323.868 Y-77.591 E2592.19369
G1 X-309.097 Y-92.602 E2623.76557
G1 X-292.741 Y-106.026 E2655.48655
G1 X-274.343 Y-118.219 E2688.57660
G1 X-254.453 Y-128.695 E2722.27795
G1 X-233.086 Y-137.374 E2756.85342
G1 X-212.496 Y-143.604 E2789.10417
G1 X-189.042 Y-148.475 E2825.01547
G1 X-164.457 Y-151.287 E2862.11411
G1 X-138.986 Y-151.898 E2900.31054
G1 X-113.437 Y-150.290 E2938.68900
G1 X-87.233 Y-146.492 E2978.38450
G1 X-59.969 Y-140.382 E3020.27083
G1 X-31.660 Y-131.847 E3064.59859
G1 X-2.644 Y-120.903 E3111.09027
G1 X17.498 Y-112.268 E3143.94506
G1 X17.498 Y-130.865 E3171.82421
G1 X81.417 Y-130.865 E3267.65050
G1 X81.417 Y7.619 E3475.26276
G1 X120.861 Y7.619 E3534.39623
G1 X120.861 Y-165.621 E3794.11489
G1 X81.084 Y-165.621 E3853.74823
G1 X81.084 Y-224.952 E3942.69683
G1 X245.854 Y-224.952 E4189.71769
G1 X245.854 Y-166.007 E4278.08789
G1 X206.034 Y-166.007 E4337.78538
G1 X206.034 Y7.619 E4598.08242
G1 X308.289 Y7.619 E4751.38158
G1 X314.318 Y-26.647 E4803.54132
G1 X364.492 Y-26.647 E4878.76146
G1 X364.492 Y75.423 E5031.78262
G1 X-69.196 Y75.423 E5681.96149
G1 X-69.196 Y-26.647 E5834.98266
G1 X-19.888 Y-26.647 E5908.90528
G1 E5906.90528 F2400.00000
G92 E0
G1 X-22.465 Y-22.662 F7800.000
G1 E2.00000 F2400.00000
G1 F1800
G1 X-15.460 Y11.604 E54.43315
G1 X31.995 Y11.604 E125.57664
G1 X30.691 Y-1.406 E145.17816
G1 X29.180 Y-10.402 E158.85436
G1 X24.951 Y-22.093 E177.49177
G1 X17.639 Y-36.076 E201.14909
G1 X8.515 Y-48.807 E224.63005
G1 X-2.604 Y-60.566 E248.89191
G1 X-15.605 Y-71.058 E273.93884
G1 X-29.886 Y-79.884 E299.10727
G1 X-46.044 Y-87.384 E325.81298
G1 X-63.326 Y-92.980 E353.04643
G1 X-81.610 Y-96.629 E380.99899
G1 X-100.666 Y-98.298 E409.67678
G1 X-122.449 Y-97.975 E442.33713
G1 X-144.480 Y-95.416 E475.58718
G1 X-165.893 Y-90.611 E508.48804
G1 X-186.209 Y-83.650 E540.68300
G1 X-202.273 Y-76.183 E567.24108
G1 X-217.694 Y-66.983 E594.16077
G1 X-230.741 Y-57.021 E618.77084
G1 X-241.763 Y-46.205 E641.92247
G1 X-251.656 Y-33.383 E666.20134
G1 X-259.459 Y-19.603 E689.94235
G1 X-265.343 Y-4.537 E714.19049
G1 X-266.257 Y-1.386 E719.10851
G1 X-269.208 Y13.842 E742.36383
G1 X-269.866 Y29.096 E765.25320
G1 X-268.519 Y44.545 E788.50190
G1 X-265.082 Y61.030 E813.74846
G1 X-259.974 Y75.894 E837.31052
G1 X-252.533 Y90.634 E862.06519
G1 X-250.696 Y93.602 E867.29811
G1 X-240.844 Y106.958 E892.17864
G1 X-229.164 Y119.241 E917.58970
G1 X-215.528 Y130.533 E944.13201
G1 X-200.014 Y140.520 E971.79266
G1 X-183.373 Y148.629 E999.54558
G1 X-167.710 Y154.258 E1024.49775
G1 X-148.829 Y158.845 E1053.62709
G1 X-129.398 Y161.301 E1082.98911
G1 X-109.359 Y161.535 E1113.03340
G1 X-89.768 Y159.505 E1142.56160
G1 X-69.334 Y155.110 E1173.89574
G1 X-49.113 Y148.614 E1205.73712
G1 X-28.511 Y139.673 E1239.40630
G1 X-9.222 Y128.749 E1272.63937
G1 X6.850 Y117.263 E1302.25478
G1 X11.483 Y113.474 E1311.22800
G1 X68.273 Y113.474 E1396.36771
G1 X68.273 Y220.967 E1557.52081
G1 X17.239 Y220.967 E1634.03099
G1 X17.239 Y173.334 E1705.44218
G1 X0.352 Y183.069 E1734.66434
G1 X-20.089 Y193.924 E1769.36149
G1 X-41.639 Y202.842 E1804.32729
G1 X-64.718 Y210.145 E1840.61739
G1 X-90.242 Y215.790 E1879.80767
G1 X-115.308 Y218.907 E1917.67533
G1 X-140.279 Y219.714 E1955.13046
G1 X-162.557 Y218.453 E1988.58265
G1 X-186.191 Y214.762 E2024.44428
G1 X-208.345 Y208.940 E2058.78462
G1 X-220.710 Y204.653 E2078.40427
G1 X-242.341 Y195.269 E2113.75467
G1 X-263.386 Y183.586 E2149.84004
G1 X-282.755 Y170.153 E2185.17790
G1 X-300.540 Y154.965 E2220.23897
G1 X-316.268 Y138.505 E2254.37056
G1 X-330.105 Y120.573 E2288.32681
G1 X-341.409 Y101.938 E2321.00281
G1 X-349.320 Y84.833 E2349.25599
G1 X-355.506 Y65.950 E2379.04474
G1 X-359.198 Y47.103 E2407.83721
G1 X-360.563 Y28.098 E2436.40314
G1 X-359.546 Y9.054 E2464.99357
G1 X-356.182 Y-9.140 E2492.73231
G1 X-350.572 Y-26.649 E2520.29588
G1 X-342.748 Y-43.617 E2548.30819
G1 X-332.878 Y-59.679 E2576.57087
G1 X-320.871 Y-74.955 E2605.69929
G1 X-306.405 Y-89.656 E2636.62103
G1 X-290.370 Y-102.816 E2667.71956
G1 X-272.309 Y-114.787 E2700.20429
G1 X-252.771 Y-125.077 E2733.30932
G1 X-231.756 Y-133.613 E2767.31393
G1 X-211.511 Y-139.738 E2799.02352
G1 X-188.409 Y-144.536 E2834.39698
G1 X-164.182 Y-147.307 E2870.95524
G1 X-139.063 Y-147.910 E2908.62346
G1 X-113.848 Y-146.323 E2946.49997
G1 X-87.955 Y-142.570 E2985.72436
G1 X-60.982 Y-136.525 E3027.16579
G1 X-32.940 Y-128.071 E3071.07464
G1 X-4.133 Y-117.206 E3117.23111
G1 X21.483 Y-106.224 E3159.01461
G1 X21.483 Y-126.880 E3189.98080
G1 X77.432 Y-126.880 E3273.85871
G1 X77.432 Y11.604 E3481.47098
G1 X124.846 Y11.604 E3552.55282
G1 X124.846 Y-169.606 E3824.21984
G1 X85.069 Y-169.606 E3883.85318
G1 X85.069 Y-220.967 E3960.85341
G1 X241.869 Y-220.967 E4195.92590
G1 X241.869 Y-169.992 E4272.34774
G1 X202.049 Y-169.992 E4332.04523
G1 X202.049 Y11.604 E4604.29064
G1 X311.634 Y11.604 E4768.57876
G1 X317.663 Y-22.662 E4820.73849
G1 X360.507 Y-22.662 E4884.96967
G1 X360.507 Y71.438 E5026.04247
G1 X-65.211 Y71.438 E5664.27297
G1 X-65.211 Y-22.662 E5805.34577
G1 X-23.140 Y-22.662 E5868.41782
G1 X-18.551 Y-24.882 F7800.000
G1 E5866.41782 F2400.00000
G92 E0
G1 X-9.326 Y4.089 F7800.000
G1 E2.00000 F2400.00000
G1 F1800
G1 X24.271 Y4.089 E52.36855
G1 X22.066 Y-8.024 E70.82611
G1 X18.276 Y-18.645 E87.73200
G1 X10.953 Y-32.641 E111.41400
G1 X1.567 Y-45.431 E135.19761
G1 X-9.773 Y-56.940 E159.41904
G1 X-22.850 Y-66.932 E184.09254
G1 X-38.447 Y-75.859 E211.03482
G1 X-55.120 Y-82.713 E238.05956
G1 X-72.767 Y-87.482 E265.46545
G1 X-91.369 Y-90.202 E293.64938
G1 X-110.843 Y-90.914 E322.86395
G1 X-133.328 Y-89.445 E356.64462
G1 X-155.411 Y-85.568 E390.25814
G1 X-176.411 Y-79.372 E423.08318
G1 X-195.900 Y-71.025 E454.86668
G1 X-211.665 Y-61.985 E482.11241
G1 X-224.976 Y-52.088 E506.97916
G1 X-236.082 Y-41.317 E530.17261
G1 X-245.815 Y-28.631 E554.14434
G1 X-253.565 Y-14.515 E578.28706
G1 X-259.029 Y0.590 E602.36878
G1 X-261.909 Y15.986 E625.84956
G1 X-262.297 Y31.075 E648.47810
G1 X-260.606 Y46.587 E671.87137
G1 X-256.584 Y63.351 E697.71686
G1 X-250.503 Y78.668 E722.42373
G1 X-242.243 Y92.781 E746.93875
G1 X-232.201 Y105.468 E771.19647
G1 X-219.982 Y117.411 E796.81146
G1 X-205.777 Y128.190 E823.54451
G1 X-202.007 Y130.618 E830.26715
G1 X-185.637 Y139.445 E858.14969
G1 X-167.972 Y146.317 E886.56639
G1 X-149.217 Y151.136 E915.59668
G1 X-131.460 Y153.617 E942.47566
G1 X-111.563 Y154.120 E972.31408
G1 X-91.880 Y152.243 E1001.95723
G1 X-72.555 Y148.201 E1031.55566
G1 X-52.532 Y141.879 E1063.03486
G1 X-31.829 Y132.944 E1096.83905
G1 X-12.500 Y121.937 E1130.18675
G1 X4.829 Y109.233 E1162.39877
G1 X8.621 Y105.959 E1169.90984
G1 X75.788 Y105.959 E1270.60641
G1 X75.788 Y228.482 E1454.29243
G1 X9.724 Y228.482 E1553.33549
G1 X9.724 Y186.928 E1615.63401
G1 X-19.653 Y201.990 E1665.12605
G1 X-40.764 Y210.506 E1699.25412
G1 X-64.078 Y217.746 E1735.85320
G1 X-89.318 Y223.247 E1774.58127
G1 X-114.351 Y226.361 E1812.39835
G1 X-139.513 Y227.230 E1850.14443
G1 X-161.917 Y226.059 E1883.77736
G1 X-185.485 Y222.568 E1919.49563
G1 X-207.862 Y216.947 E1954.08450
G1 X-229.590 Y209.227 E1988.65464
G1 X-250.920 Y199.335 E2023.90319
G1 X-271.541 Y187.291 E2059.70498
G1 X-290.713 Y173.447 E2095.15771
G1 X-308.285 Y157.932 E2130.30066
G1 X-324.095 Y140.887 E2165.15429
G1 X-328.921 Y134.903 E2176.67956
G1 X-341.564 Y116.736 E2209.86135
G1 X-351.754 Y98.035 E2241.78977
G1 X-359.397 Y79.138 E2272.34812
G1 X-364.546 Y60.249 E2301.69985
G1 X-367.401 Y41.244 E2330.51124
G1 X-368.013 Y22.294 E2358.93696
G1 X-366.373 Y3.555 E2387.13714
G1 X-362.536 Y-14.433 E2414.71066
G1 X-356.638 Y-31.686 E2442.04573
G1 X-348.617 Y-48.531 E2470.01602
G1 X-338.537 Y-64.674 E2498.54804
G1 X-326.150 Y-80.312 E2528.45692
G1 X-312.063 Y-94.650 E2558.58996
G1 X-295.980 Y-107.997 E2589.92341
G1 X-278.070 Y-120.083 E2622.31478
G1 X-258.596 Y-130.625 E2655.51431
G1 X-237.867 Y-139.391 E2689.25451
G1 X-215.351 Y-146.494 E2724.65015
G1 X-192.233 Y-151.511 E2760.11530
G1 X-168.124 Y-154.538 E2796.54295
G1 X-143.292 Y-155.472 E2833.79662
G1 X-118.006 Y-154.268 E2871.74805
G1 X-92.115 Y-150.929 E2910.88570
G1 X-65.318 Y-145.375 E2951.91262
G1 X-37.615 Y-137.523 E2995.08015
G1 X-8.987 Y-127.274 E3040.66668
G1 X13.968 Y-117.802 E3077.89558
G1 X13.968 Y-134.395 E3102.77151
G1 X84.947 Y-134.395 E3209.18231
G1 X84.947 Y4.089 E3416.79459
G1 X117.331 Y4.089 E3465.34355
G1 X117.331 Y-162.091 E3714.47771
G1 X77.554 Y-162.091 E3774.11105
G1 X77.554 Y-228.482 E3873.64417
G1 X249.384 Y-228.482 E4131.24954
G1 X249.384 Y-162.477 E4230.20426
G1 X209.564 Y-162.477 E4289.90175
G1 X209.564 Y4.089 E4539.61430
G1 X305.326 Y4.089 E4683.17874
G1 X311.355 Y-30.177 E4735.33850
G1 X368.022 Y-30.177 E4820.29336
G1 X368.022 Y78.953 E4983.89904
G1 X-72.726 Y78.953 E5644.66242
G1 X-72.726 Y-30.177 E5808.26810
G1 X-16.331 Y-30.177 E5892.81468
G1 X-9.461 Y3.427 E5944.23590
G1 E5942.23590 F2400.00000
G92 E0
G1 X-6.073 Y0.104 F7800.000
G1 E2.00000 F2400.00000
G1 F1800
G1 X19.495 Y0.104 E40.33170
G1 X18.203 Y-6.990 E51.14216
G1 X14.616 Y-17.044 E67.14445
G1 X7.562 Y-30.526 E89.95743
G1 X-1.475 Y-42.840 E112.85551
G1 X-12.415 Y-53.943 E136.22358
G1 X-25.059 Y-63.605 E160.08023
G1 X-40.202 Y-72.271 E186.23740
G1 X-56.402 Y-78.931 E212.49698
G1 X-73.578 Y-83.574 E239.17053
G1 X-91.731 Y-86.228 E266.67427
G1 X-110.785 Y-86.924 E295.25979
G1 X-132.852 Y-85.483 E328.41163
G1 X-154.500 Y-81.682 E361.36237
G1 X-175.058 Y-75.617 E393.49701
G1 X-194.118 Y-67.453 E424.58134
G1 X-209.477 Y-58.645 E451.12527
G1 X-222.389 Y-49.045 E475.24612
G1 X-233.098 Y-38.660 E497.61084
G1 X-242.468 Y-26.447 E520.68865
G1 X-249.923 Y-12.868 E543.91158
G1 X-255.172 Y1.641 E567.04392
G1 X-257.933 Y16.406 E589.56245
G1 X-258.306 Y30.909 E611.31288
G1 X-256.672 Y45.903 E633.92493
G1 X-252.776 Y62.145 E658.96456
G1 X-246.911 Y76.916 E682.79132
G1 X-238.945 Y90.526 E706.43364
G1 X-229.234 Y102.796 E729.89184
G1 X-217.374 Y114.387 E754.75277
G1 X-203.490 Y124.923 E780.88254
G1 X-199.979 Y127.184 E787.14312
G1 X-183.962 Y135.821 E814.42404
G1 X-166.749 Y142.517 E842.11383
G1 X-148.443 Y147.220 E870.44987
G1 X-131.133 Y149.639 E896.65235
G1 X-111.703 Y150.130 E925.79123
G1 X-92.479 Y148.297 E954.74237
G1 X-73.565 Y144.341 E983.71061
G1 X-53.925 Y138.140 E1014.58814
G1 X-33.610 Y129.373 E1047.75905
G1 X-14.671 Y118.588 E1080.43328
G1 X2.345 Y106.113 E1112.06360
G1 X7.139 Y101.974 E1121.55900
G1 X79.773 Y101.974 E1230.45200
G1 X79.773 Y232.467 E1426.08639
G1 X5.739 Y232.467 E1537.07782
G1 X5.739 Y193.449 E1595.57369
G1 X-17.995 Y205.618 E1635.55897
G1 X-39.425 Y214.263 E1670.20316
G1 X-63.061 Y221.603 E1707.30684
G1 X-88.647 Y227.180 E1746.56501
G1 X-114.035 Y230.338 E1784.92041
G1 X-139.549 Y231.218 E1823.19243
G1 X-162.314 Y230.029 E1857.36814
G1 X-186.264 Y226.481 E1893.66603
G1 X-209.017 Y220.766 E1928.83578
G1 X-231.099 Y212.920 E1963.96840
G1 X-252.767 Y202.871 E1999.77662
G1 X-273.717 Y190.635 E2036.14991
G1 X-293.204 Y176.563 E2072.18465
G1 X-311.071 Y160.787 E2107.91813
G1 X-327.111 Y143.496 E2143.27645
G1 X-332.111 Y137.295 E2155.21954
G1 X-344.960 Y118.834 E2188.93875
G1 X-355.362 Y99.740 E2221.53597
G1 X-363.179 Y80.414 E2252.79029
G1 X-368.452 Y61.072 E2282.84551
G1 X-371.377 Y41.606 E2312.35623
G1 X-372.004 Y22.184 E2341.48905
G1 X-370.321 Y2.963 E2370.41440
G1 X-366.383 Y-15.497 E2398.71180
G1 X-360.335 Y-33.192 E2426.74739
G1 X-352.117 Y-50.449 E2455.40188
G1 X-341.799 Y-66.973 E2484.60812
G1 X-329.141 Y-82.953 E2515.16999
G1 X-314.764 Y-97.587 E2545.92563
G1 X-298.372 Y-111.189 E2577.85875
G1 X-280.138 Y-123.495 E2610.83754
G1 X-260.324 Y-134.221 E2644.61574
G1 X-239.246 Y-143.135 E2678.92562
G1 X-216.375 Y-150.350 E2714.87845
G1 X-192.905 Y-155.443 E2750.88368
G1 X-168.448 Y-158.514 E2787.83765
G1 X-143.272 Y-159.461 E2825.60697
G1 X-117.656 Y-158.240 E2864.05411
G1 X-91.455 Y-154.861 E2903.66023
G1 X-64.369 Y-149.248 E2945.12929
G1 X-36.399 Y-141.320 E2988.71345
G1 X-7.555 Y-130.994 E3034.64406
G1 X9.983 Y-123.757 E3063.08708
G1 X9.983 Y-138.380 E3085.00916
G1 X88.932 Y-138.380 E3203.36833
G1 X88.932 Y0.104 E3410.98062
G1 X113.346 Y0.104 E3447.58121
G1 X113.346 Y-158.106 E3684.76700
G1 X73.569 Y-158.106 E3744.40034
G1 X73.569 Y-232.467 E3855.88182
G1 X253.369 Y-232.467 E4125.43556
G1 X253.369 Y-158.492 E4236.33865
G1 X213.549 Y-158.492 E4296.03614
G1 X213.549 Y0.104 E4533.80032
G1 X301.981 Y0.104 E4666.37581
G1 X308.010 Y-34.162 E4718.53556
G1 X372.007 Y-34.162 E4814.47938
G1 X372.007 Y82.938 E4990.03343
G1 X-76.711 Y82.938 E5662.74518
G1 X-76.711 Y-34.162 E5838.29922
G1 X-13.078 Y-34.162 E5933.69637
G1 X-6.208 Y-0.557 E5985.11759
G1 X-4.433 Y4.294 F7800.000
G1 E5975.11759 F2400.00000
G92 E0
T1
G92 E0
G1 E-2.00000 F2400.00000
G92 E0
G1 X-25.638 Y24.074 F7800.000
G1 E2.00000 F2400.00000
G1 F1800
G1 X45.777 Y24.074 E109.06414
G1 X43.103 Y-2.616 E149.27755
G1 X41.367 Y-13.295 E165.49682
G1 X36.677 Y-26.462 E186.45129
G1 X28.899 Y-41.620 E211.99361
G1 X19.195 Y-55.481 E237.35996
G1 X7.475 Y-68.243 E263.33587
G1 X-5.888 Y-79.453 E289.48593
G1 X-20.717 Y-89.080 E315.99047
G1 X-37.441 Y-97.365 E343.97104
G1 X-55.473 Y-103.771 E372.65946
G1 X-74.310 Y-108.120 E401.64275
G1 X-94.013 Y-110.457 E431.38796
G1 X-115.822 Y-110.794 E464.08876
G1 X-137.928 Y-109.015 E497.33596
G1 X-160.478 Y-104.910 E531.69916
G1 X-181.963 Y-98.614 E565.26309
G1 X-202.258 Y-90.178 E598.21305
G1 X-220.433 Y-80.112 E629.35971
G1 X-234.929 Y-69.789 E656.04006
G1 X-247.376 Y-58.505 E681.22605
G1 X-258.867 Y-44.904 E707.92073
G1 X-268.003 Y-30.386 E733.63666
G1 X-275.163 Y-14.497 E759.76406
G1 X-279.463 Y-0.106 E782.28124
G1 X-282.023 Y16.459 E807.41007
G1 X-282.216 Y33.000 E832.20995
G1 X-280.356 Y49.683 E857.37552
G1 X-276.216 Y67.525 E884.83560
G1 X-269.704 Y84.819 E912.53909
G1 X-262.751 Y97.875 E934.71504
G1 X-252.879 Y111.978 E960.52279
G1 X-240.916 Y125.271 E987.33377
G1 X-227.042 Y137.479 E1015.03884
G1 X-211.131 Y148.486 E1044.04378
G1 X-194.002 Y157.601 E1073.13257
G1 X-175.268 Y164.964 E1103.31000
G1 X-155.752 Y170.207 E1133.60592
G1 X-135.619 Y173.310 E1164.14494
G1 X-114.803 Y174.193 E1195.38053
G1 X-94.220 Y172.752 E1226.31307
G1 X-75.050 Y169.380 E1255.49478
G1 X-54.478 Y163.710 E1287.48569
G1 X-33.313 Y155.685 E1321.42020
G1 X-12.710 Y145.420 E1355.92925
G1 X6.336 Y133.283 E1389.78688
G1 X15.788 Y125.944 E1407.72805
G1 X55.803 Y125.944 E1467.71892
G1 X55.803 Y208.498 E1591.48262
G1 X29.709 Y208.498 E1630.60340
G1 X29.709 Y151.752 E1715.67475
G1 X-5.159 Y171.852 E1776.01134
G1 X-24.335 Y182.123 E1808.62341
G1 X-44.318 Y190.531 E1841.12567
G1 X-65.583 Y197.437 E1874.64523
G1 X-89.260 Y202.937 E1911.08612
G1 X-112.633 Y206.153 E1946.45710
G1 X-135.828 Y207.254 E1981.27002
G1 X-156.820 Y206.448 E2012.76349
G1 X-176.790 Y203.867 E2042.95062
G1 X-197.416 Y199.171 E2074.66495
G1 X-217.518 Y192.511 E2106.41272
G1 X-237.349 Y183.811 E2138.87749
G1 X-256.783 Y172.991 E2172.22386
G1 X-274.648 Y160.637 E2204.78689
G1 X-291.111 Y146.696 E2237.12802
G1 X-303.506 Y134.099 E2263.62314
G1 X-316.756 Y117.820 E2295.09013
G1 X-327.672 Y101.000 E2325.15223
G1 X-335.432 Y85.663 E2350.92064
G1 X-341.812 Y68.503 E2378.36612
G1 X-345.842 Y51.700 E2404.27181
G1 X-347.861 Y34.482 E2430.26155
G1 X-348.040 Y23.055 E2447.39456
G1 X-346.568 Y6.305 E2472.60399
G1 X-343.102 Y-9.689 E2497.13811
G1 X-337.687 Y-25.201 E2521.76955
G1 X-330.348 Y-40.252 E2546.87309
G1 X-321.173 Y-54.592 E2572.39531
G1 X-310.054 Y-68.327 E2598.88749
G1 X-299.722 Y-78.836 E2620.98156
G1 X-285.200 Y-91.087 E2649.46494
G1 X-268.887 Y-102.269 E2679.11569
G1 X-251.177 Y-112.007 E2709.41497
G1 X-232.095 Y-120.211 E2740.55412
G1 X-211.675 Y-126.789 E2772.71670
G1 X-198.406 Y-129.990 E2793.18052
G1 X-176.237 Y-133.638 E2826.86314
G1 X-153.297 Y-135.358 E2861.35114
G1 X-129.824 Y-135.077 E2896.54428
G1 X-106.172 Y-132.842 E2932.16065
G1 X-81.477 Y-128.568 E2969.73274
G1 X-55.688 Y-122.129 E3009.58169
G1 X-28.908 Y-113.438 E3051.79237
G1 X-1.156 Y-102.400 E3096.56701
G1 X33.953 Y-87.285 E3153.87294
G1 X33.953 Y-114.410 E3194.53760
G1 X64.962 Y-114.410 E3241.02612
G1 X64.962 Y24.074 E3448.63838
G1 X137.316 Y24.074 E3557.10962
G1 X137.316 Y-182.076 E3866.16603
G1 X97.539 Y-182.076 E3925.79938
G1 X97.539 Y-208.497 E3965.41021
G1 X229.399 Y-208.497 E4163.09331
G1 X229.399 Y-182.462 E4202.12575
G1 X189.579 Y-182.462 E4261.82324
G1 X189.579 Y24.074 E4571.45804
G1 X322.101 Y24.074 E4770.13334
G1 X328.131 Y-10.192 E4822.29307
G1 X348.037 Y-10.192 E4852.13708
G1 X348.037 Y58.968 E4955.82048
G1 X-52.741 Y58.968 E5556.66159
G1 X-52.741 Y-10.192 E5660.34499
G1 X-32.644 Y-10.192 E5690.47489
G1 X-25.774 Y23.412 E5741.89609
G1 E5739.89609 F2400.00000
G92 E0
G1 X-22.386 Y20.089 F7800.000
G1 E2.00000 F2400.00000
G1 F1800
G1 X41.372 Y20.089 E97.58513
G1 X39.150 Y-2.097 E131.01275
G1 X37.491 Y-12.298 E146.50669
G1 X33.011 Y-24.877 E166.52433
G1 X25.478 Y-39.558 E191.26312
G1 X16.082 Y-52.980 E215.82534
G1 X4.716 Y-65.356 E241.01739
G1 X-8.263 Y-76.243 E266.41345
G1 X-22.693 Y-85.612 E292.20606
G1 X-38.998 Y-93.689 E319.48553
G1 X-56.592 Y-99.940 E347.47702
G1 X-74.995 Y-104.189 E375.79246
G1 X-94.279 Y-106.475 E404.90553
G1 X-115.693 Y-106.807 E437.01336
G1 X-137.410 Y-105.059 E469.67605
G1 X-159.559 Y-101.027 E503.42708
G1 X-180.634 Y-94.851 E536.35140
G1 X-200.522 Y-86.583 E568.64144
G1 X-218.305 Y-76.735 E599.11588
G1 X-232.427 Y-66.679 E625.10636
G1 X-244.503 Y-55.731 E649.54311
G1 X-255.643 Y-42.546 E675.42194
G1 X-264.483 Y-28.497 E700.30572
G1 X-271.421 Y-13.102 E725.62166
G1 X-275.567 Y0.773 E747.33084
G1 X-278.042 Y16.788 E771.62581
G1 X-278.229 Y32.802 E795.63490
G1 X-276.422 Y49.009 E820.08356
G1 X-272.394 Y66.368 E846.79866
G1 X-266.066 Y83.174 E873.72037
G1 X-259.348 Y95.788 E895.14673
G1 X-249.754 Y109.493 E920.22640
G1 X-238.109 Y122.432 E946.32431
G1 X-224.584 Y134.334 E973.33321
G1 X-209.055 Y145.077 E1001.64258
G1 X-192.332 Y153.976 E1030.04151
G1 X-174.019 Y161.174 E1059.54134
G1 X-154.929 Y166.302 E1089.17465
G1 X-135.230 Y169.338 E1119.05580
G1 X-114.858 Y170.203 E1149.62516
G1 X-94.706 Y168.792 E1179.91024
G1 X-75.926 Y165.488 E1208.49693
G1 X-55.717 Y159.918 E1239.92484
G1 X-34.912 Y152.029 E1273.28164
G1 X-14.675 Y141.947 E1307.17801
G1 X4.038 Y130.022 E1340.44351
G1 X14.422 Y121.959 E1360.15421
G1 X59.788 Y121.959 E1428.16642
G1 X59.788 Y212.482 E1563.87849
G1 X25.724 Y212.482 E1614.94764
G1 X25.724 Y158.649 E1695.65366
G1 X-3.223 Y175.335 E1745.74390
G1 X-22.618 Y185.724 E1778.72856
G1 X-42.928 Y194.269 E1811.76209
G1 X-64.515 Y201.280 E1845.78978
G1 X-88.536 Y206.860 E1882.76049
G1 X-112.266 Y210.125 E1918.67196
G1 X-135.810 Y211.243 E1954.00830
G1 X-157.153 Y210.424 E1986.02778
G1 X-177.489 Y207.795 E2016.76943
G1 X-198.487 Y203.014 E2049.05575
G1 X-218.949 Y196.236 E2081.37027
G1 X-239.122 Y187.384 E2114.39745
G1 X-258.890 Y176.378 E2148.31637
G1 X-277.074 Y163.804 E2181.46113
G1 X-293.824 Y149.620 E2214.36570
G1 X-306.478 Y136.760 E2241.41385
G1 X-319.982 Y120.169 E2273.48380
G1 X-331.131 Y102.989 E2304.18798
G1 X-339.089 Y87.262 E2330.61321
G1 X-345.631 Y69.667 E2358.75547
G1 X-349.773 Y52.399 E2385.37672
G1 X-351.842 Y34.746 E2412.02369
G1 X-352.027 Y22.912 E2429.76761
G1 X-350.516 Y5.706 E2455.66202
G1 X-346.944 Y-10.772 E2480.93853
G1 X-341.372 Y-26.736 E2506.28860
G1 X-333.828 Y-42.205 E2532.08990
G1 X-324.410 Y-56.927 E2558.29025
G1 X-313.031 Y-70.984 E2585.40363
G1 X-302.433 Y-81.762 E2608.06418
G1 X-287.618 Y-94.261 E2637.12444
G1 X-270.978 Y-105.666 E2667.36718
G1 X-252.929 Y-115.592 E2698.24898
G1 X-233.496 Y-123.946 E2729.95951
G1 X-212.755 Y-130.628 E2762.62826
G1 X-199.198 Y-133.898 E2783.53590
G1 X-176.710 Y-137.599 E2817.70233
G1 X-153.422 Y-139.344 E2852.71366
G1 X-129.612 Y-139.060 E2888.41198
G1 X-105.644 Y-136.795 E2924.50484
G1 X-80.654 Y-132.469 E2962.52651
G1 X-54.589 Y-125.962 E3002.80101
G1 X-27.555 Y-117.189 E3045.41188
G1 X0.368 Y-106.082 E3090.46359
G1 X29.968 Y-93.339 E3138.77682
G1 X29.968 Y-118.395 E3176.33948
G1 X68.947 Y-118.395 E3234.77637
G1 X68.947 Y20.089 E3442.38863
G1 X133.331 Y20.089 E3538.91150
G1 X133.331 Y-178.091 E3836.01955
G1 X93.554 Y-178.091 E3895.65289
G1 X93.554 Y-212.482 E3947.21209
G1 X233.384 Y-212.482 E4156.84356
G1 X233.384 Y-178.477 E4207.82437
G1 X193.564 Y-178.477 E4267.52185
G1 X193.564 Y20.089 E4565.20829
G1 X318.756 Y20.089 E4752.89463
G1 X324.786 Y-14.177 E4805.05436
G1 X352.022 Y-14.177 E4845.88733
G1 X352.022 Y62.953 E4961.51910
G1 X-56.726 Y62.953 E5574.30857
G1 X-56.726 Y-14.177 E5689.94034
G1 X-29.391 Y-14.177 E5730.92080
G1 X-22.521 Y19.427 E5782.34200
G1 E5780.34200 F2400.00000
G92 E0
G1 X-19.133 Y16.104 F7800.000
G1 E2.00000 F2400.00000
G1 F1800
G1 X36.968 Y16.104 E86.10613
G1 X35.197 Y-1.579 E112.74794
G1 X33.616 Y-11.302 E127.51656
G1 X29.346 Y-23.292 E146.59738
G1 X22.057 Y-37.496 E170.53263
G1 X12.969 Y-50.479 E194.29073
G1 X1.956 Y-62.470 E218.69890
G1 X-10.637 Y-73.034 E243.34096
G1 X-24.669 Y-82.143 E268.42165
G1 X-40.555 Y-90.013 E295.00002
G1 X-57.710 Y-96.108 E322.29458
G1 X-75.680 Y-100.257 E349.94217
G1 X-94.545 Y-102.494 E378.42309
G1 X-115.564 Y-102.819 E409.93797
G1 X-136.892 Y-101.103 E442.01614
G1 X-158.639 Y-97.144 E475.15499
G1 X-179.305 Y-91.088 E507.43971
G1 X-198.787 Y-82.989 E539.06983
G1 X-216.177 Y-73.358 E568.87205
G1 X-229.924 Y-63.570 E594.17266
G1 X-241.630 Y-52.957 E617.86018
G1 X-252.419 Y-40.187 E642.92315
G1 X-260.963 Y-26.608 E666.97477
G1 X-267.679 Y-11.706 E691.47925
G1 X-271.671 Y1.652 E712.38045
G1 X-274.060 Y17.117 E735.84155
G1 X-274.241 Y32.604 E759.05985
G1 X-272.487 Y48.336 E782.79160
G1 X-268.571 Y65.210 E808.76172
G1 X-262.427 Y81.528 E834.90165
G1 X-255.944 Y93.701 E855.57843
G1 X-246.629 Y107.008 E879.93002
G1 X-235.302 Y119.594 E905.31486
G1 X-222.126 Y131.189 E931.62759
G1 X-206.978 Y141.668 E959.24139
G1 X-190.662 Y150.351 E986.95046
G1 X-172.769 Y157.383 E1015.77269
G1 X-154.106 Y162.397 E1044.74338
G1 X-134.841 Y165.366 E1073.96666
G1 X-114.913 Y166.212 E1103.86979
G1 X-95.192 Y164.831 E1133.50742
G1 X-76.803 Y161.596 E1161.49908
G1 X-56.955 Y156.126 E1192.36398
G1 X-36.511 Y148.374 E1225.14309
G1 X-16.639 Y138.474 E1258.42678
G1 X1.740 Y126.761 E1291.10015
G1 X13.057 Y117.974 E1312.58038
G1 X63.773 Y117.974 E1388.61393
G1 X63.773 Y216.467 E1536.27436
G1 X21.739 Y216.467 E1599.29188
G1 X21.739 Y165.546 E1675.63258
G1 X-1.287 Y178.819 E1715.47645
G1 X-20.900 Y189.325 E1748.83371
G1 X-41.537 Y198.007 E1782.39850
G1 X-63.447 Y205.122 E1816.93433
G1 X-87.812 Y210.782 E1854.43485
G1 X-111.900 Y214.097 E1890.88683
G1 X-135.792 Y215.231 E1926.74659
G1 X-157.485 Y214.399 E1959.29208
G1 X-178.188 Y211.722 E1990.58825
G1 X-199.559 Y206.857 E2023.44655
G1 X-220.379 Y199.960 E2056.32782
G1 X-240.896 Y190.958 E2089.91740
G1 X-260.997 Y179.766 E2124.40887
G1 X-279.501 Y166.971 E2158.13537
G1 X-296.538 Y152.545 E2191.60338
G1 X-309.451 Y139.421 E2219.20456
G1 X-323.208 Y122.519 E2251.87748
G1 X-334.590 Y104.979 E2283.22373
G1 X-342.746 Y88.861 E2310.30577
G1 X-349.450 Y70.830 E2339.14482
G1 X-353.703 Y53.099 E2366.48164
G1 X-355.824 Y35.010 E2393.78583
G1 X-356.015 Y22.768 E2412.14067
G1 X-354.463 Y5.107 E2438.72005
G1 X-350.787 Y-11.855 E2464.73895
G1 X-345.057 Y-28.272 E2490.80765
G1 X-337.309 Y-44.159 E2517.30672
G1 X-327.647 Y-59.261 E2544.18519
G1 X-316.007 Y-73.640 E2571.91978
G1 X-305.145 Y-84.688 E2595.14680
G1 X-290.035 Y-97.435 E2624.78394
G1 X-273.070 Y-109.064 E2655.61868
G1 X-254.680 Y-119.177 E2687.08299
G1 X-234.897 Y-127.682 E2719.36490
G1 X-213.835 Y-134.467 E2752.53982
G1 X-199.990 Y-137.806 E2773.89128
G1 X-177.184 Y-141.560 E2808.54152
G1 X-153.547 Y-143.331 E2844.07618
G1 X-129.400 Y-143.042 E2880.27967
G1 X-105.116 Y-140.747 E2916.84904
G1 X-79.830 Y-136.371 E2955.32029
G1 X-53.491 Y-129.795 E2996.02034
G1 X-26.202 Y-120.939 E3039.03139
G1 X1.893 Y-109.764 E3084.36017
G1 X25.983 Y-99.393 E3123.68070
G1 X25.983 Y-122.380 E3158.14136
G1 X72.932 Y-122.380 E3228.52662
G1 X72.932 Y16.104 E3436.13888
G1 X129.346 Y16.104 E3520.71338
G1 X129.346 Y-174.106 E3805.87306
G1 X89.569 Y-174.106 E3865.50641
G1 X89.569 Y-216.467 E3929.01397
G1 X237.369 Y-216.467 E4150.59380
G1 X237.369 Y-174.492 E4213.52298
G1 X197.549 Y-174.492 E4273.22047
G1 X197.549 Y16.104 E4558.95854
G1 X315.411 Y16.104 E4735.65592
G1 X321.441 Y-18.162 E4787.81565
G1 X356.007 Y-18.162 E4839.63758
G1 X356.007 Y66.938 E4967.21771
G1 X-60.711 Y66.938 E5591.95555
G1 X-60.711 Y-18.162 E5719.53569
G1 X-26.138 Y-18.162 E5771.36672
G1 X-19.268 Y15.443 E5822.78792
G1 X-17.830 Y20.411 F7800.000
G1 E5820.78792 F2400.00000
G92 E0
G1 X-41.623 Y-7.757 F7800.000
G1 E2.00000 F2400.00000
G1 F1800
G1 X-50.306 Y0.926 E20.54196
G1 X-50.306 Y6.602 E29.11279
G1 X-35.947 Y-7.757 E59.77573
G1 X-34.347 Y-7.757 E62.19218
G1 X-33.655 Y-4.373 E67.40761
G1 X-50.306 Y12.279 E102.96528
G1 X-50.306 Y17.955 E111.53610
G1 X-32.691 Y0.340 E149.15118
G1 X-31.728 Y5.053 E156.41439
G1 X-50.306 Y23.631 E196.08687
G1 X-50.306 Y29.307 E204.65770
G1 X-30.764 Y9.765 E246.38762
G1 X-29.801 Y14.478 E253.65082
G1 X-50.306 Y34.983 E297.43815
G1 X-50.306 Y40.659 E306.00898
G1 X-28.837 Y19.191 E351.85372
G1 X-27.874 Y23.903 E359.11692
G1 X-50.306 Y46.335 E407.01907
G1 X-50.306 Y52.012 E415.58990
G1 X-24.803 Y26.509 E470.04883
G1 X-19.127 Y26.509 E478.61966
G1 X-49.151 Y56.533 E542.73347
G1 X-43.475 Y56.533 E551.30430
G1 X-13.451 Y26.509 E615.41811
G1 X-7.775 Y26.509 E623.98895
G1 X-37.799 Y56.533 E688.10276
G1 X-32.123 Y56.533 E696.67359
G1 X-2.099 Y26.509 E760.78741
G1 X3.577 Y26.509 E769.35824
G1 X-26.447 Y56.533 E833.47206
G1 X-20.771 Y56.533 E842.04289
G1 X9.253 Y26.509 E906.15671
G1 X14.929 Y26.509 E914.72753
G1 X-15.094 Y56.533 E978.84135
G1 X-9.418 Y56.533 E987.41218
G1 X20.606 Y26.509 E1051.52599
G1 X26.282 Y26.509 E1060.09683
G1 X-3.742 Y56.533 E1124.21064
G1 X1.934 Y56.533 E1132.78148
G1 X31.958 Y26.509 E1196.89529
G1 X37.634 Y26.509 E1205.46613
G1 X7.610 Y56.533 E1269.57995
G1 X13.286 Y56.533 E1278.15077
G1 X43.310 Y26.509 E1342.26459
G1 X48.986 Y26.509 E1350.83542
G1 X18.962 Y56.533 E1414.94924
G1 X24.639 Y56.533 E1423.52007
G1 X62.527 Y18.644 E1504.42846
G1 X62.527 Y24.320 E1512.99928
G1 X30.315 Y56.533 E1581.78668
G1 X35.991 Y56.533 E1590.35751
G1 X66.015 Y26.509 E1654.47133
G1 X71.691 Y26.509 E1663.04216
G1 X41.667 Y56.533 E1727.15597
G1 X47.343 Y56.533 E1735.72679
G1 X77.367 Y26.509 E1799.84062
G1 X83.043 Y26.509 E1808.41144
G1 X53.019 Y56.533 E1872.52526
G1 X58.695 Y56.533 E1881.09609
G1 X88.719 Y26.509 E1945.20992
G1 X94.395 Y26.509 E1953.78074
G1 X64.372 Y56.533 E2017.89455
G1 X70.048 Y56.533 E2026.46539
G1 X100.072 Y26.509 E2090.57921
G1 X105.748 Y26.509 E2099.15004
G1 X75.724 Y56.533 E2163.26386
G1 X81.400 Y56.533 E2171.83469
G1 X111.424 Y26.509 E2235.94851
G1 X117.100 Y26.509 E2244.51935
G1 X87.076 Y56.533 E2308.63317
G1 X92.752 Y56.533 E2317.20400
G1 X122.776 Y26.509 E2381.31782
G1 X128.452 Y26.509 E2389.88866
G1 X98.428 Y56.533 E2454.00248
G1 X104.105 Y56.533 E2462.57331
G1 X134.128 Y26.509 E2526.68713
G1 X139.805 Y26.509 E2535.25795
G1 X109.781 Y56.533 E2599.37175
G1 X115.457 Y56.533 E2607.94258
G1 X187.144 Y-15.154 E2761.02514
G1 X187.144 Y-9.478 E2769.59596
G1 X121.133 Y56.533 E2910.55756
G1 X126.809 Y56.533 E2919.12840
G1 X187.144 Y-3.802 E3047.96897
G1 X187.144 Y1.874 E3056.53980
G1 X132.485 Y56.533 E3173.25941
G1 X138.161 Y56.533 E3181.83025
G1 X187.144 Y7.550 E3286.42887
G1 X187.144 Y13.226 E3294.99969
G1 X143.838 Y56.533 E3387.47734
G1 X149.514 Y56.533 E3396.04817
G1 X187.144 Y18.903 E3476.40485
G1 X187.144 Y24.579 E3484.97569
G1 X155.190 Y56.533 E3553.21136
G1 X160.866 Y56.533 E3561.78218
G1 X190.890 Y26.509 E3625.89601
G1 X196.566 Y26.509 E3634.46683
G1 X166.542 Y56.533 E3698.58066
G1 X172.218 Y56.533 E3707.15150
G1 X202.242 Y26.509 E3771.26532
G1 X207.918 Y26.509 E3779.83615
G1 X177.894 Y56.533 E3843.94997
G1 X183.571 Y56.533 E3852.52081
G1 X213.594 Y26.509 E3916.63464
G1 X219.271 Y26.509 E3925.20546
G1 X189.247 Y56.533 E3989.31929
G1 X194.923 Y56.533 E3997.89011
G1 X224.947 Y26.509 E4062.00393
G1 X230.623 Y26.509 E4070.57478
G1 X200.599 Y56.533 E4134.68860
G1 X206.275 Y56.533 E4143.25943
G1 X236.299 Y26.509 E4207.37325
G1 X241.975 Y26.509 E4215.94409
G1 X211.951 Y56.533 E4280.05792
G1 X217.627 Y56.533 E4288.62874
G1 X247.651 Y26.509 E4352.74256
G1 X253.327 Y26.509 E4361.31339
G1 X223.304 Y56.533 E4425.42721
G1 X228.980 Y56.533 E4433.99805
G1 X259.004 Y26.509 E4498.11188
G1 X264.680 Y26.509 E4506.68270
G1 X234.656 Y56.533 E4570.79653
G1 X240.332 Y56.533 E4579.36737
G1 X270.356 Y26.509 E4643.48117
G1 X276.032 Y26.509 E4652.05199
G1 X246.008 Y56.533 E4716.16579
G1 X251.684 Y56.533 E4724.73662
G1 X281.708 Y26.509 E4788.85042
G1 X287.384 Y26.509 E4797.42124
G1 X257.360 Y56.533 E4861.53502
G1 X263.037 Y56.533 E4870.10584
G1 X293.060 Y26.509 E4934.21966
G1 X298.737 Y26.509 E4942.79049
G1 X268.713 Y56.533 E5006.90429
G1 X274.389 Y56.533 E5015.47511
G1 X304.413 Y26.509 E5079.58891
G1 X310.089 Y26.509 E5088.15973
G1 X280.065 Y56.533 E5152.27353
G1 X285.741 Y56.533 E5160.84437
G1 X315.765 Y26.509 E5224.95815
G1 X321.441 Y26.509 E5233.52901
G1 X291.417 Y56.533 E5297.64283
G1 E5295.64283 F2400.00000
G92 E0
G1 X342.502 Y56.533 F7800.000
G1 E2.00000 F2400.00000
G1 F1800
G1 X345.602 Y53.433 E8.61920
G1 X345.602 Y47.757 E17.19002
G1 X336.826 Y56.533 E35.93019
G1 X331.150 Y56.533 E44.50101
G1 X345.602 Y42.081 E75.36215
G1 X345.602 Y36.405 E83.93297
G1 X325.474 Y56.533 E126.91507
G1 X319.798 Y56.533 E135.48589
G1 X345.602 Y30.729 E190.58896
G1 X345.602 Y25.052 E199.15978
G1 X314.122 Y56.533 E266.38387
G1 X308.446 Y56.533 E274.95469
G1 X345.602 Y19.376 E354.29974
G1 X345.602 Y13.700 E362.87057
G1 X302.770 Y56.533 E454.33658
G1 X297.093 Y56.533 E462.90741
G1 X345.602 Y8.024 E566.49444
G1 X345.602 Y2.348 E575.06526
G1 X325.083 Y22.867 E618.88319
G1 X326.295 Y15.979 E629.44387
G1 X345.602 Y-3.328 E670.67367
G1 X345.602 Y-7.757 E677.36053
G1 X344.355 Y-7.757 E679.24449
G1 X327.507 Y9.091 E715.22186
G1 X328.719 Y2.203 E725.78253
G1 X338.678 Y-7.757 E747.05081
G1 E745.05081 F2400.00000
G92 E0
G1 X139.751 Y26.563 F7800.000
G1 E2.00000 F2400.00000
G1 F1800
G1 X187.144 Y-20.830 E103.20417
G1 X187.144 Y-26.507 E111.77500
G1 X139.751 Y20.886 E212.97917
G1 X139.751 Y15.210 E221.54999
G1 X187.144 Y-32.183 E322.75419
G1 X187.144 Y-37.859 E331.32501
G1 X139.751 Y9.534 E432.52921
G1 X139.751 Y3.858 E441.10005
G1 X187.144 Y-43.535 E542.30422
G1 X187.144 Y-49.211 E550.87505
G1 X139.751 Y-1.818 E652.07922
G1 X139.751 Y-7.494 E660.65004
G1 X187.144 Y-54.887 E761.85419
G1 X187.144 Y-60.563 E770.42502
G1 X139.751 Y-13.170 E871.62916
G1 X139.751 Y-18.847 E880.19999
G1 X187.144 Y-66.240 E981.40414
G1 X187.144 Y-71.916 E989.97499
G1 X139.751 Y-24.523 E1091.17917
G1 X139.751 Y-30.199 E1099.74999
G1 X187.144 Y-77.592 E1200.95416
G1 X187.144 Y-83.268 E1209.52499
G1 X139.751 Y-35.875 E1310.72916
G1 X139.751 Y-41.551 E1319.29998
G1 X187.144 Y-88.944 E1420.50415
G1 X187.144 Y-94.620 E1429.07498
G1 X139.751 Y-47.227 E1530.27912
G1 X139.751 Y-52.903 E1538.84995
G1 X187.144 Y-100.296 E1640.05409
G1 X187.144 Y-105.972 E1648.62492
G1 X139.751 Y-58.580 E1749.82907
G1 X139.751 Y-64.256 E1758.39989
G1 X187.144 Y-111.649 E1859.60404
G1 X187.144 Y-117.325 E1868.17486
G1 X139.751 Y-69.932 E1969.37899
G1 X139.751 Y-75.608 E1977.94981
G1 X187.144 Y-123.001 E2079.15398
G1 X187.144 Y-128.677 E2087.72481
G1 X139.751 Y-81.284 E2188.92898
G1 X139.751 Y-86.960 E2197.49980
G1 X187.144 Y-134.353 E2298.70397
G1 X187.144 Y-140.029 E2307.27480
G1 X139.751 Y-92.636 E2408.47897
G1 X139.751 Y-98.313 E2417.04981
G1 X187.144 Y-145.705 E2518.25396
G1 X187.144 Y-151.382 E2526.82478
G1 X139.751 Y-103.989 E2628.02891
G1 X139.751 Y-109.665 E2636.59973
G1 X187.144 Y-157.058 E2737.80385
G1 X187.144 Y-162.734 E2746.37468
G1 X139.751 Y-115.341 E2847.57880
G1 X139.751 Y-121.017 E2856.14962
G1 X187.144 Y-168.410 E2957.35375
G1 X187.144 Y-174.086 E2965.92460
G1 X139.751 Y-126.693 E3067.12878
G1 X139.751 Y-132.369 E3075.69963
G1 X187.144 Y-179.762 E3176.90376
G1 X187.144 Y-185.438 E3185.47458
G1 X139.751 Y-138.046 E3286.67870
G1 X139.751 Y-143.722 E3295.24953
G1 X202.092 Y-206.062 E3428.37346
G1 X196.416 Y-206.062 E3436.94428
G1 X139.751 Y-149.398 E3557.94724
G1 X139.751 Y-155.074 E3566.51807
G1 X190.739 Y-206.062 E3675.40006
G1 X185.063 Y-206.062 E3683.97088
G1 X139.751 Y-160.750 E3780.73191
G1 X139.751 Y-166.426 E3789.30274
G1 X179.387 Y-206.062 E3873.94275
G1 X173.711 Y-206.062 E3882.51358
G1 X139.751 Y-172.102 E3955.03262
G1 X139.751 Y-177.778 E3963.60344
G1 X168.035 Y-206.062 E4024.00152
G1 X162.359 Y-206.062 E4032.57235
G1 X139.751 Y-183.455 E4080.84941
G1 X139.751 Y-184.511 E4082.44455
G1 X135.131 Y-184.511 E4089.42020
G1 X156.683 Y-206.062 E4135.44138
G1 X151.006 Y-206.062 E4144.01224
G1 X129.455 Y-184.511 E4190.03338
G1 X123.779 Y-184.511 E4198.60420
G1 X145.330 Y-206.062 E4244.62534
G1 X139.654 Y-206.062 E4253.19616
G1 X118.103 Y-184.511 E4299.21730
G1 X112.427 Y-184.511 E4307.78816
G1 X133.978 Y-206.062 E4353.80934
G1 X128.302 Y-206.062 E4362.38016
G1 X106.751 Y-184.511 E4408.40135
G1 X101.074 Y-184.511 E4416.97217
G1 X122.626 Y-206.062 E4462.99331
G1 X116.950 Y-206.062 E4471.56413
G1 X99.974 Y-189.087 E4507.81459
G1 X99.974 Y-194.763 E4516.38542
G1 X111.273 Y-206.062 E4540.51491
G1 X105.597 Y-206.062 E4549.08574
G1 X99.974 Y-200.439 E4561.09427
G1 X99.974 Y-202.963 E4564.90535
G1 X102.498 Y-202.963 E4568.71639
G1 E4566.71639 F2400.00000
G92 E0
G1 X202.092 Y-206.062 F7800.000
G1 E2.00000 F2400.00000
G1 F1800
G1 X207.768 Y-206.062 E10.57082
G1 X186.602 Y-184.897 E55.76812
G1 X192.278 Y-184.897 E64.33894
G1 X213.444 Y-206.062 E109.53628
G1 X219.120 Y-206.062 E118.10711
G1 X197.955 Y-184.897 E163.30440
G1 X203.631 Y-184.897 E171.87522
G1 X224.796 Y-206.062 E217.07252
G1 X226.964 Y-206.062 E220.34563
G1 X226.964 Y-202.554 E225.64334
G1 X209.307 Y-184.897 E263.34855
G1 X214.983 Y-184.897 E271.91937
G1 X226.964 Y-196.878 E297.50362
G1 X226.964 Y-191.202 E306.07447
G1 X220.659 Y-184.897 E319.53770
G1 E317.53770 F2400.00000
G92 E0
G1 X39.890 Y-111.975 F7800.000
G1 E2.00000 F2400.00000
G1 F1800
G1 X36.388 Y-108.473 E9.47798
G1 X36.388 Y-102.797 E18.04882
G1 X45.566 Y-111.975 E37.64778
G1 X51.242 Y-111.975 E46.21862
G1 X36.388 Y-97.120 E77.93858
G1 X36.388 Y-91.444 E86.50941
G1 X56.919 Y-111.975 E130.35033
G1 X62.527 Y-111.975 E138.81920
G1 X62.527 Y-111.907 E138.92115
G1 X36.388 Y-85.768 E194.73886
G1 X36.388 Y-80.092 E203.30970
G1 X62.527 Y-106.231 E259.12743
G1 X62.527 Y-100.555 E267.69826
G1 X19.632 Y-57.660 E359.29756
G1 X20.759 Y-56.433 E361.81286
G1 X22.127 Y-54.478 E365.41513
G1 X62.527 Y-94.879 E451.68676
G1 X62.527 Y-89.202 E460.25760
G1 X24.464 Y-51.140 E541.53805
G1 X26.802 Y-47.801 E547.69216
G1 X62.527 Y-83.526 E623.98145
G1 X62.527 Y-77.850 E632.55228
G1 X29.139 Y-44.462 E703.85042
G1 X30.770 Y-42.132 E708.14467
G1 X31.352 Y-40.998 E710.06871
G1 X62.527 Y-72.174 E776.64186
G1 X62.527 Y-66.498 E785.21270
G1 X33.277 Y-37.247 E847.67539
G1 X35.201 Y-33.496 E854.04189
G1 X62.527 Y-60.822 E912.39415
G1 X62.527 Y-55.146 E920.96498
G1 X37.126 Y-29.745 E975.20683
G1 X38.793 Y-26.497 E980.71876
G1 X38.993 Y-25.935 E981.61926
G1 X62.527 Y-49.469 E1031.87512
G1 X62.527 Y-43.793 E1040.44596
G1 X40.484 Y-21.750 E1087.51849
G1 X41.974 Y-17.564 E1094.22728
G1 X62.527 Y-38.117 E1138.11652
G1 X62.527 Y-32.441 E1146.68735
G1 X43.465 Y-13.379 E1187.39330
G1 X43.692 Y-12.741 E1188.41530
G1 X44.365 Y-8.603 E1194.74660
G1 X62.527 Y-26.765 E1233.53092
G1 X62.527 Y-21.089 E1242.10175
G1 X45.159 Y-3.720 E1279.19115
G1 X45.506 Y-1.585 E1282.45728
G1 X45.797 Y1.318 E1286.86297
G1 X62.527 Y-15.413 E1322.59008
G1 X62.527 Y-9.737 E1331.16090
G1 X46.313 Y6.477 E1365.78424
G1 X46.830 Y11.637 E1373.61358
G1 X62.527 Y-4.060 E1407.13315
G1 X62.527 Y1.616 E1415.70397
G1 X47.347 Y16.796 E1448.11978
G1 X47.864 Y21.955 E1455.94911
G1 X62.527 Y7.292 E1487.26111
G1 X62.527 Y12.968 E1495.83193
G1 X48.381 Y27.114 E1526.04017
G1 E1524.04017 F2400.00000
G92 E0
G1 X16.915 Y-60.618 F7800.000
G1 E2.00000 F2400.00000
G1 F1800
G1 X39.201 Y-82.904 E49.59021
G1 X35.233 Y-84.613 E56.11331
G1 X14.197 Y-63.577 E101.03299
G1 X11.480 Y-66.536 E107.09896
G1 X31.265 Y-86.321 E149.34813
G1 X27.297 Y-88.029 E155.87123
G1 X8.763 Y-69.495 E195.44988
G1 X8.685 Y-69.579 E195.62308
G1 X5.687 Y-72.095 E201.53308
G1 X23.329 Y-89.737 E239.20751
G1 X19.361 Y-91.446 E245.73062
G1 X2.600 Y-74.684 E281.52333
G1 X-0.487 Y-77.274 E287.60704
G1 X15.393 Y-93.154 E321.51808
G1 X11.425 Y-94.862 E328.04119
G1 X-3.574 Y-79.863 E360.07051
G1 X-5.064 Y-81.113 E363.00706
G1 X-6.844 Y-82.269 E366.21234
G1 X7.457 Y-96.570 E396.75208
G1 X3.489 Y-98.278 E403.27518
G1 X-10.286 Y-84.503 E432.69123
G1 X-13.728 Y-86.738 E438.88730
G1 X-0.478 Y-99.987 E467.17966
G1 X-1.131 Y-100.268 E468.25250
G1 X-4.524 Y-101.617 E473.76624
G1 X-17.169 Y-88.972 E500.76911
G1 X-20.290 Y-90.998 E506.38800
G1 X-20.644 Y-91.173 E506.98382
G1 X-8.585 Y-103.232 E532.73493
G1 X-12.646 Y-104.848 E539.33403
G1 X-24.440 Y-93.054 E564.51906
G1 X-28.236 Y-94.934 E570.91531
G1 X-16.707 Y-106.463 E595.53428
G1 X-20.768 Y-108.078 E602.13337
G1 X-32.031 Y-96.814 E626.18624
G1 X-35.827 Y-98.695 E632.58249
G1 X-24.828 Y-109.693 E656.06927
G1 X-28.899 Y-111.299 E662.67674
G1 X-39.849 Y-100.349 E686.05953
G1 X-44.037 Y-101.837 E692.77079
G1 X-33.185 Y-112.690 E715.94576
G1 X-37.470 Y-114.080 E722.74888
G1 X-48.225 Y-103.325 E745.71599
G1 X-52.414 Y-104.813 E752.42724
G1 X-41.756 Y-115.471 E775.18650
G1 X-46.041 Y-116.862 E781.98961
G1 X-56.672 Y-106.230 E804.69176
G1 X-61.284 Y-107.295 E811.83816
G1 X-50.326 Y-118.252 E835.23652
G1 X-54.612 Y-119.643 E842.03964
G1 X-65.895 Y-108.360 E866.13423
G1 X-70.507 Y-109.424 E873.28062
G1 X-59.117 Y-120.814 E897.60329
G1 X-63.659 Y-121.948 E904.67235
G1 X-75.118 Y-110.489 E929.14304
G1 X-80.187 Y-111.096 E936.85142
G1 X-68.201 Y-123.082 E962.44652
G1 X-72.743 Y-124.216 E969.51558
G1 X-85.261 Y-111.698 E996.24717
G1 X-90.336 Y-112.300 E1003.96305
G1 X-77.285 Y-125.350 E1031.83116
G1 X-80.751 Y-126.216 E1037.22513
G1 X-81.898 Y-126.414 E1038.98215
G1 X-95.422 Y-112.890 E1067.86140
G1 X-101.011 Y-112.977 E1076.30268
G1 X-86.736 Y-127.252 E1106.78573
G1 X-91.575 Y-128.089 E1114.20057
G1 X-106.601 Y-113.063 E1146.28743
G1 X-112.191 Y-113.150 E1154.72872
G1 X-96.414 Y-128.927 E1188.41938
G1 X-101.252 Y-129.764 E1195.83424
G1 X-117.809 Y-113.207 E1231.19079
G1 X-123.982 Y-112.710 E1240.54190
G1 X-106.158 Y-130.534 E1278.60353
G1 X-111.344 Y-131.024 E1286.46925
G1 X-130.155 Y-112.213 E1326.63823
G1 X-136.328 Y-111.717 E1335.98934
G1 X-116.530 Y-131.514 E1378.26568
G1 X-121.717 Y-132.004 E1386.13141
G1 X-142.812 Y-110.909 E1431.17933
G1 X-149.751 Y-109.646 E1441.82966
G1 X-126.903 Y-132.494 E1490.62145
G1 X-128.485 Y-132.644 E1493.02210
G1 X-132.383 Y-132.691 E1498.90713
G1 X-156.691 Y-108.383 E1550.81519
G1 X-162.948 Y-107.244 E1560.41884
G1 X-163.737 Y-107.012 E1561.66042
G1 X-137.992 Y-132.758 E1616.63776
G1 X-143.601 Y-132.825 E1625.10792
G1 X-171.766 Y-104.659 E1685.25288
G1 X-179.795 Y-102.307 E1697.88635
G1 X-149.210 Y-132.892 E1763.19895
G1 X-151.622 Y-132.921 E1766.84106
G1 X-155.119 Y-132.658 E1772.13709
G1 X-188.450 Y-99.328 E1843.31283
G1 X-198.165 Y-95.289 E1859.19865
G1 X-161.255 Y-132.199 E1938.01626
G1 X-167.391 Y-131.739 E1947.30744
G1 X-208.602 Y-90.528 E2035.31093
G1 X-221.324 Y-83.482 E2057.26903
G1 X-173.527 Y-131.279 E2159.33524
G1 X-174.214 Y-131.227 E2160.37482
G1 X-180.248 Y-130.234 E2169.60892
G1 X-240.598 Y-69.884 E2298.48222
G1 X-251.798 Y-59.730 E2321.30997
G1 X-257.496 Y-52.987 E2334.63963
G1 E2332.63963 F2400.00000
G92 E0
G1 X-295.459 Y-77.460 F7800.000
G1 E2.00000 F2400.00000
G1 F1800
G1 X-298.573 Y-74.347 E8.64893
G1 X-308.628 Y-64.120 E30.30417
G1 X-319.485 Y-50.707 E56.36135
G1 X-324.724 Y-42.520 E71.03837
G1 X-270.260 Y-96.984 E187.34303
G1 X-265.245 Y-100.421 E196.52195
G1 X-256.139 Y-105.429 E212.21510
G1 X-331.840 Y-29.727 E373.87060
G1 X-335.552 Y-22.116 E386.65699
G1 X-336.505 Y-19.387 E391.02201
G1 X-244.443 Y-111.449 E587.61325
G1 X-234.486 Y-115.729 E603.97805
G1 X-339.548 Y-10.667 E828.33079
G1 X-340.809 Y-7.057 E834.10473
G1 X-341.729 Y-2.810 E840.66564
G1 X-225.263 Y-119.276 E1089.36956
G1 X-216.890 Y-121.973 E1102.65327
G1 X-343.300 Y4.437 E1372.59230
G1 X-344.170 Y8.453 E1378.79784
G1 X-344.414 Y11.227 E1383.00247
G1 X-208.573 Y-124.614 E1673.08125
G1 X-201.092 Y-126.418 E1684.70040
G1 X-344.961 Y17.450 E1991.92040
G1 X-345.507 Y23.673 E2001.35286
G1 X-193.837 Y-127.998 E2325.23385
G1 X-187.042 Y-129.116 E2335.63131
G1 X-345.530 Y29.371 E2674.06908
G1 X-345.442 Y34.960 E2682.50911
G1 X-254.396 Y-56.086 E2876.93185
G1 X-260.542 Y-48.812 E2891.31073
G1 X-268.260 Y-36.546 E2913.19368
G1 X-344.920 Y40.114 E3076.89616
G1 X-344.324 Y45.194 E3084.62008
G1 X-273.801 Y-25.329 E3235.21797
G1 X-277.355 Y-17.442 E3248.28089
G1 X-277.928 Y-15.526 E3251.30004
G1 X-343.729 Y50.275 E3391.81336
G1 X-343.462 Y52.551 E3395.27355
G1 X-342.856 Y55.078 E3399.19773
G1 X-280.347 Y-7.431 E3532.68062
G1 X-281.810 Y-2.535 E3540.39649
G1 X-282.220 Y0.118 E3544.45041
G1 X-341.758 Y59.656 E3671.58851
G1 X-340.660 Y64.234 E3678.69731
G1 X-283.257 Y6.832 E3801.27528
G1 X-284.295 Y13.545 E3811.53281
G1 X-339.561 Y68.812 E3929.55064
G1 X-338.030 Y72.957 E3936.22298
G1 X-284.511 Y19.438 E4050.50883
G1 X-284.579 Y25.182 E4059.18165
G1 X-336.492 Y77.095 E4170.03881
G1 X-334.954 Y81.233 E4176.70449
G1 X-284.646 Y30.925 E4284.13296
G1 X-284.654 Y31.649 E4285.22576
G1 X-284.157 Y36.112 E4292.00698
G1 X-333.415 Y85.370 E4397.19473
G1 X-333.325 Y85.613 E4397.58658
G1 X-331.530 Y89.161 E4403.58988
G1 X-283.587 Y41.219 E4505.96741
G1 X-283.018 Y46.325 E4513.72626
G1 X-329.623 Y92.930 E4613.24730
G1 X-327.716 Y96.699 E4619.62556
G1 X-282.192 Y51.175 E4716.83874
G1 X-281.122 Y55.782 E4723.98010
G1 X-325.808 Y100.468 E4819.40389
G1 X-323.582 Y103.918 E4825.60373
G1 X-280.053 Y60.389 E4918.55706
G1 X-278.984 Y64.996 E4925.69842
G1 X-321.349 Y107.361 E5016.16445
G1 X-319.115 Y110.803 E5022.36075
G1 X-277.656 Y69.344 E5110.89309
G1 X-276.103 Y73.468 E5117.54624
G1 X-316.881 Y114.245 E5204.62379
G1 X-315.080 Y117.021 E5209.62023
G1 X-314.586 Y117.627 E5210.79995
G1 X-274.551 Y77.591 E5296.29331
G1 X-272.998 Y81.715 E5302.94645
G1 X-312.039 Y120.756 E5386.31663
G1 X-309.493 Y123.885 E5392.40894
G1 X-271.351 Y85.744 E5473.85667
G1 X-269.379 Y89.448 E5480.19276
G1 X-306.946 Y127.015 E5560.41391
G1 X-304.399 Y130.144 E5566.50621
G1 X-267.406 Y93.151 E5645.50073
G1 X-265.434 Y96.855 E5651.83682
G1 X-301.827 Y133.249 E5729.55255
G1 X-299.012 Y136.110 E5735.61324
G1 X-263.250 Y100.347 E5811.98093
G1 X-260.913 Y103.686 E5818.13507
G1 X-296.197 Y138.971 E5893.48214
G1 X-293.382 Y141.832 E5899.54283
G1 X-258.576 Y107.025 E5973.86933
G1 X-256.238 Y110.364 E5980.02346
G1 X-290.567 Y144.692 E6053.32936
G1 X-289.947 Y145.322 E6054.66324
G1 X-287.550 Y147.352 E6059.40614
G1 X-253.818 Y113.620 E6131.43883
G1 X-251.129 Y116.607 E6137.50771
G1 X-284.477 Y149.955 E6208.71863
G1 X-281.403 Y152.557 E6214.79994
G1 X-248.441 Y119.595 E6285.18910
G1 X-245.752 Y122.582 E6291.25798
G1 X-278.330 Y155.160 E6360.82540
G1 X-275.256 Y157.763 E6366.90671
G1 X-243.063 Y125.570 E6435.65236
G1 X-242.173 Y126.559 E6437.66256
G1 X-240.153 Y128.336 E6441.72389
G1 X-272.037 Y160.219 E6509.80841
G1 X-268.681 Y162.540 E6515.96890
G1 X-237.134 Y130.993 E6583.33492
G1 X-234.115 Y133.650 E6589.40775
G1 X-265.325 Y164.860 E6656.05529
G1 X-261.970 Y167.181 E6662.21577
G1 X-231.096 Y136.307 E6728.14483
G1 X-228.076 Y138.963 E6734.21766
G1 X-258.614 Y169.501 E6799.42823
G1 X-256.225 Y171.153 E6803.81382
G1 X-255.174 Y171.738 E6805.62929
G1 X-224.735 Y141.298 E6870.63006
G1 X-221.380 Y143.619 E6876.79031
G1 X-251.528 Y173.768 E6941.16977
G1 X-247.882 Y175.798 E6947.47110
G1 X-218.025 Y145.940 E7011.22924
G1 X-214.670 Y148.261 E7017.38949
G1 X-244.236 Y177.828 E7080.52633
G1 X-240.590 Y179.858 E7086.82766
G1 X-211.279 Y150.547 E7149.41955
G1 X-207.574 Y152.518 E7155.75627
G1 X-236.929 Y181.873 E7218.44161
G1 X-232.984 Y183.604 E7224.94691
G1 X-203.870 Y154.490 E7287.11862
G1 X-200.165 Y156.461 E7293.45535
G1 X-229.039 Y185.335 E7355.11340
G1 X-225.094 Y187.066 E7361.61870
G1 X-196.460 Y158.433 E7422.76312
G1 X-194.123 Y159.676 E7426.76081
G1 X-192.619 Y160.268 E7429.20100
G1 X-221.148 Y188.797 E7490.12339
G1 X-217.638 Y190.337 E7495.91166
G1 X-217.168 Y190.493 E7496.65921
G1 X-188.544 Y161.869 E7557.78300
G1 X-184.470 Y163.471 E7564.39377
G1 X-212.904 Y191.905 E7625.11385
G1 X-208.641 Y193.318 E7631.89599
G1 X-180.395 Y165.072 E7692.21231
G1 X-176.321 Y166.674 E7698.82307
G1 X-204.377 Y194.730 E7758.73567
G1 X-200.113 Y196.143 E7765.51781
G1 X-171.979 Y168.008 E7825.59674
G1 X-167.505 Y169.210 E7832.59219
G1 X-195.677 Y197.382 E7892.75215
G1 X-191.054 Y198.435 E7899.91213
G1 X-163.031 Y170.412 E7959.75333
G1 X-158.556 Y171.614 E7966.74878
G1 X-186.430 Y199.488 E8026.27119
G1 X-181.807 Y200.540 E8033.43117
G1 X-153.989 Y172.722 E8092.83468
G1 X-149.070 Y173.480 E8100.34874
G1 X-177.143 Y201.553 E8160.29665
G1 X-172.117 Y202.203 E8167.94953
G1 X-144.152 Y174.238 E8227.66649
G1 X-139.234 Y174.996 E8235.18056
G1 X-167.091 Y202.853 E8294.66654
G1 X-162.064 Y203.503 E8302.31941
G1 X-134.300 Y175.739 E8361.60715
G1 X-128.855 Y175.970 E8369.83634
G1 X-156.950 Y204.065 E8429.83112
G1 X-151.484 Y204.275 E8438.09125
G1 X-123.410 Y176.201 E8498.04040
G1 X-117.965 Y176.432 E8506.26959
G1 X-146.018 Y204.484 E8566.17312
G1 X-140.551 Y204.694 E8574.43324
G1 X-112.438 Y176.581 E8634.46626
G1 X-106.335 Y176.154 E8643.70500
G1 X-134.877 Y204.696 E8704.65387
G1 X-128.918 Y204.413 E8713.66189
G1 X-100.231 Y175.727 E8774.91945
G1 X-94.128 Y175.299 E8784.15818
G1 X-122.959 Y204.130 E8845.72441
G1 X-117.000 Y203.847 E8854.73244
G1 X-87.490 Y174.337 E8917.74874
G1 X-80.602 Y173.126 E8928.30850
G1 X-110.674 Y203.198 E8992.52447
G1 X-104.092 Y202.292 E9002.55664
G1 X-73.715 Y171.914 E9067.42542
G1 X-72.623 Y171.722 E9069.09837
G1 X-66.029 Y169.905 E9079.42712
G1 X-97.510 Y201.386 E9146.65282
G1 X-91.534 Y200.564 E9155.76181
G1 X-90.854 Y200.406 E9156.81652
G1 X-58.193 Y167.745 E9226.56043
G1 X-51.690 Y165.953 E9236.74676
G1 X-50.135 Y165.363 E9239.25734
G1 X-83.460 Y198.688 E9310.42026
G1 X-76.066 Y196.971 E9321.88176
G1 X-40.992 Y161.896 E9396.78090
G1 X-31.848 Y158.429 E9411.54634
G1 X-68.673 Y195.253 E9490.18170
G1 X-68.201 Y195.144 E9490.91202
G1 X-60.331 Y192.588 E9503.40702
G1 X-20.936 Y153.193 E9587.53120
G1 X-9.625 Y147.558 E9606.61265
G1 X-51.925 Y189.858 E9696.94035
G1 X-47.258 Y188.342 E9704.34899
G1 X-42.899 Y186.508 E9711.48997
G1 X5.858 Y137.751 E9815.60845
G1 X10.183 Y134.994 E9823.35220
G1 X18.703 Y128.379 E9839.64024
G1 X20.906 Y128.379 E9842.96720
G1 X-33.100 Y182.385 E9958.29488
G1 X-27.602 Y180.072 E9967.30257
G1 X-22.238 Y177.199 E9976.49126
G1 X26.583 Y128.379 E10080.74304
G1 X32.259 Y128.379 E10089.31387
G1 X-10.014 Y170.652 E10179.58473
G1 X-8.645 Y169.918 E10181.92983
G1 X3.255 Y163.058 E10202.67072
G1 X37.935 Y128.379 E10276.72683
G1 X43.611 Y128.379 E10285.29767
G1 X16.656 Y155.333 E10342.85730
G1 X30.058 Y147.608 E10366.21425
G1 X49.287 Y128.379 E10407.27739
G1 X53.368 Y128.379 E10413.43990
G1 X53.368 Y129.974 E10415.84822
G1 X32.144 Y151.198 E10461.17138
G1 X32.144 Y156.874 E10469.74221
G1 X53.368 Y135.650 E10515.06537
G1 X53.368 Y141.326 E10523.63620
G1 X32.144 Y162.550 E10568.95937
G1 X32.144 Y168.226 E10577.53019
G1 X53.368 Y147.002 E10622.85336
G1 X53.368 Y152.678 E10631.42419
G1 X32.144 Y173.903 E10676.74736
G1 X32.144 Y179.579 E10685.31819
G1 X53.368 Y158.354 E10730.64135
G1 X53.368 Y164.030 E10739.21218
G1 X32.144 Y185.255 E10784.53535
G1 X32.144 Y190.931 E10793.10618
G1 X53.368 Y169.707 E10838.42934
G1 X53.368 Y175.383 E10847.00017
G1 X32.144 Y196.607 E10892.32333
G1 X32.144 Y202.283 E10900.89416
G1 X53.368 Y181.059 E10946.21733
G1 X53.368 Y186.735 E10954.78815
G1 X34.041 Y206.062 E10996.06036
G1 X39.717 Y206.062 E11004.63120
G1 X53.368 Y192.411 E11033.78242
G1 X53.368 Y198.087 E11042.35325
G1 X45.393 Y206.062 E11059.38349
M104 S200 T0 ; set temperature
M104 S200 T1 ; set temperature
G1 Z5.400 F7800.000
G1 E11057.38349 F2400.00000
G92 E0
G1 X-25.428 Y23.816 F7800.000
G1 E2.00000 F2400.00000
G1 F3600
G1 X45.492 Y23.816 E130.60857
G1 X42.847 Y-2.583 E178.72069
G1 X41.116 Y-13.230 E198.28297
G1 X36.440 Y-26.359 E223.55649
G1 X28.678 Y-41.487 E254.38993
G1 X18.994 Y-55.320 E285.01046
G1 X7.297 Y-68.056 E316.36993
G1 X-6.042 Y-79.246 E347.94236
G1 X-20.844 Y-88.856 E379.94687
G1 X-37.541 Y-97.127 E413.73765
G1 X-55.545 Y-103.524 E448.38497
G1 X-74.354 Y-107.866 E483.39126
G1 X-94.030 Y-110.200 E519.32195
G1 X-115.814 Y-110.536 E558.83082
G1 X-137.894 Y-108.759 E599.00128
G1 X-160.419 Y-104.659 E640.51951
G1 X-181.877 Y-98.371 E681.06879
G1 X-202.146 Y-89.945 E720.87381
G1 X-220.295 Y-79.894 E758.49659
G1 X-234.768 Y-69.588 E790.71548
G1 X-247.190 Y-58.326 E821.12214
G1 X-258.659 Y-44.752 E853.34853
G1 X-267.775 Y-30.264 E884.38973
G1 X-274.921 Y-14.407 E915.93027
G1 X-279.212 Y-0.049 E943.10411
G1 X-281.766 Y16.480 E973.43502
G1 X-281.959 Y32.987 E1003.37140
G1 X-280.102 Y49.639 E1033.75589
G1 X-275.969 Y67.451 E1066.91365
G1 X-269.469 Y84.713 E1100.36297
G1 X-262.531 Y97.740 E1127.12862
G1 X-252.677 Y111.817 E1158.28903
G1 X-240.734 Y125.087 E1190.66412
G1 X-226.883 Y137.276 E1224.12204
G1 X-210.997 Y148.266 E1259.15233
G1 X-193.895 Y157.367 E1294.28451
G1 X-175.188 Y164.719 E1330.73447
G1 X-155.699 Y169.955 E1367.32893
G1 X-135.594 Y173.053 E1404.21782
G1 X-114.807 Y173.936 E1441.94863
G1 X-94.252 Y172.496 E1479.31433
G1 X-75.106 Y169.129 E1514.56631
G1 X-54.558 Y163.465 E1553.21884
G1 X-33.417 Y155.448 E1594.22121
G1 X-12.837 Y145.196 E1635.91581
G1 X6.187 Y133.073 E1676.82406
G1 X15.700 Y125.686 E1698.66421
G1 X56.061 Y125.686 E1771.85680
G1 X56.061 Y208.755 E1922.49663
G1 X29.451 Y208.755 E1970.75153
G1 X29.451 Y152.198 E2073.31346
G1 X-5.034 Y172.077 E2145.49627
G1 X-24.224 Y182.356 E2184.97328
G1 X-44.228 Y190.772 E2224.32988
G1 X-65.514 Y197.685 E2264.91521
G1 X-89.213 Y203.190 E2309.03589
G1 X-112.610 Y206.410 E2351.86324
G1 X-135.827 Y207.512 E2394.01422
G1 X-156.842 Y206.705 E2432.15016
G1 X-176.835 Y204.121 E2468.70818
G1 X-197.485 Y199.419 E2507.11487
G1 X-217.611 Y192.752 E2545.56160
G1 X-237.463 Y184.042 E2584.87527
G1 X-256.919 Y173.210 E2625.25614
G1 X-274.805 Y160.842 E2664.69018
G1 X-291.286 Y146.885 E2703.85439
G1 X-303.698 Y134.271 E2735.94639
G1 X-316.964 Y117.972 E2774.05632
G1 X-327.895 Y101.128 E2810.46993
G1 X-335.668 Y85.766 E2841.69102
G1 X-342.059 Y68.579 E2874.94382
G1 X-346.096 Y51.745 E2906.33553
G1 X-348.118 Y34.499 E2937.82436
G1 X-348.297 Y23.046 E2958.59637
G1 X-346.823 Y6.266 E2989.14351
G1 X-343.350 Y-9.759 E3018.87827
G1 X-337.925 Y-25.300 E3048.72888
G1 X-330.572 Y-40.378 E3079.14892
G1 X-321.382 Y-54.743 E3110.07388
G1 X-310.247 Y-68.499 E3142.16764
G1 X-299.897 Y-79.025 E3168.93714
G1 X-285.357 Y-91.292 E3203.43602
G1 X-269.022 Y-102.488 E3239.34814
G1 X-251.291 Y-112.239 E3276.04400
G1 X-232.186 Y-120.452 E3313.75490
G1 X-211.745 Y-127.037 E3352.69865
G1 X-198.457 Y-130.242 E3377.48658
G1 X-176.268 Y-133.894 E3418.26725
G1 X-153.305 Y-135.615 E3460.02520
G1 X-129.810 Y-135.334 E3502.63467
G1 X-106.138 Y-133.097 E3545.75384
G1 X-81.424 Y-128.820 E3591.23657
G1 X-55.617 Y-122.377 E3639.47152
G1 X-28.820 Y-113.681 E3690.56128
G1 X-1.058 Y-102.638 E3744.74280
G1 X33.696 Y-87.676 E3813.35769
G1 X33.696 Y-114.667 E3862.30360
G1 X65.220 Y-114.667 E3919.47058
G1 X65.220 Y23.816 E4170.60050
G1 X137.058 Y23.816 E4300.87442
G1 X137.058 Y-181.818 E4673.77823
G1 X97.281 Y-181.818 E4745.91133
G1 X97.281 Y-208.755 E4794.75899
G1 X229.657 Y-208.755 E5034.81248
G1 X229.657 Y-182.204 E5082.96052
G1 X189.837 Y-182.204 E5155.17121
G1 X189.837 Y23.816 E5528.77465
G1 X321.885 Y23.816 E5768.23531
G1 X327.914 Y-10.449 E5831.32826
G1 X348.295 Y-10.449 E5868.28688
G1 X348.295 Y59.225 E5994.63738
G1 X-52.999 Y59.225 E6722.35492
G1 X-52.999 Y-10.449 E6848.70542
G1 X-32.434 Y-10.449 E6885.99904
G1 X-25.563 Y23.155 E6948.19864
G1 X-22.281 Y19.960 F7800.000
G1 F3600
G1 X41.230 Y19.960 E7063.37075
G1 X39.022 Y-2.081 E7103.53991
G1 X37.366 Y-12.266 E7122.25319
G1 X32.893 Y-24.825 E7146.43012
G1 X25.367 Y-39.492 E7176.32300
G1 X15.981 Y-52.899 E7206.00229
G1 X4.626 Y-65.263 E7236.44421
G1 X-8.339 Y-76.140 E7267.13407
G1 X-22.757 Y-85.500 E7298.30526
G1 X-39.048 Y-93.570 E7331.27538
G1 X-56.628 Y-99.816 E7365.10693
G1 X-75.017 Y-104.062 E7399.33147
G1 X-94.287 Y-106.347 E7434.52223
G1 X-115.689 Y-106.678 E7473.33702
G1 X-137.393 Y-104.931 E7512.82330
G1 X-159.529 Y-100.902 E7553.62495
G1 X-180.591 Y-94.730 E7593.42556
G1 X-200.466 Y-86.467 E7632.45813
G1 X-218.236 Y-76.626 E7669.29405
G1 X-232.346 Y-66.579 E7700.70544
G1 X-244.410 Y-55.642 E7730.23510
G1 X-255.539 Y-42.469 E7761.50650
G1 X-264.369 Y-28.436 E7791.57365
G1 X-271.300 Y-13.056 E7822.16436
G1 X-275.441 Y0.801 E7848.39243
G1 X-277.913 Y16.799 E7877.74728
G1 X-278.100 Y32.795 E7906.75801
G1 X-276.295 Y48.988 E7936.30334
G1 X-272.270 Y66.330 E7968.58908
G1 X-265.948 Y83.120 E8001.12330
G1 X-259.238 Y95.721 E8027.01155
G1 X-249.653 Y109.413 E8057.31972
G1 X-238.018 Y122.341 E8088.86015
G1 X-224.505 Y134.232 E8121.50318
G1 X-208.988 Y144.967 E8155.71930
G1 X-192.278 Y153.859 E8190.04397
G1 X-173.978 Y161.051 E8225.70078
G1 X-154.903 Y166.176 E8261.51964
G1 X-135.218 Y169.209 E8297.63847
G1 X-114.860 Y170.074 E8334.58944
G1 X-94.722 Y168.664 E8371.19728
G1 X-75.955 Y165.363 E8405.75277
G1 X-55.757 Y159.796 E8443.74629
G1 X-34.964 Y151.911 E8484.07244
G1 X-14.738 Y141.835 E8525.04989
G1 X3.964 Y129.917 E8565.26504
G1 X14.378 Y121.830 E8589.17646
G1 X59.917 Y121.830 E8671.75824
G1 X59.917 Y212.611 E8836.38394
G1 X25.595 Y212.611 E8898.62470
G1 X25.595 Y158.872 E8996.07692
G1 X-3.160 Y175.448 E9056.26610
G1 X-22.562 Y185.840 E9096.17924
G1 X-42.883 Y194.390 E9136.15770
G1 X-64.481 Y201.404 E9177.33781
G1 X-88.513 Y206.986 E9222.07866
G1 X-112.255 Y210.254 E9265.53868
G1 X-135.810 Y211.372 E9308.30233
G1 X-157.163 Y210.552 E9347.05398
G1 X-177.512 Y207.922 E9384.26107
G1 X-198.522 Y203.138 E9423.33729
G1 X-218.995 Y196.356 E9462.44741
G1 X-239.180 Y187.500 E9502.41940
G1 X-258.958 Y176.488 E9543.47045
G1 X-277.153 Y163.906 E9583.58543
G1 X-293.912 Y149.715 E9623.40916
G1 X-306.574 Y136.846 E9656.14849
G1 X-320.086 Y120.245 E9694.96421
G1 X-331.243 Y103.054 E9732.12939
G1 X-339.207 Y87.313 E9764.11929
G1 X-345.754 Y69.704 E9798.18769
G1 X-349.900 Y52.422 E9830.41699
G1 X-351.971 Y34.755 E9862.67512
G1 X-352.156 Y22.907 E9884.16223
G1 X-350.643 Y5.686 E9915.51115
G1 X-347.069 Y-10.807 E9946.11489
G1 X-341.491 Y-26.786 E9976.80668
G1 X-333.941 Y-42.268 E10008.04347
G1 X-324.514 Y-57.002 E10039.76219
G1 X-313.127 Y-71.069 E10072.58309
G1 X-302.521 Y-81.856 E10100.01566
G1 X-287.696 Y-94.364 E10135.18979
G1 X-271.046 Y-105.776 E10171.79486
G1 X-252.985 Y-115.708 E10209.17257
G1 X-233.542 Y-124.067 E10247.55228
G1 X-212.790 Y-130.752 E10287.08851
G1 X-199.223 Y-134.024 E10312.39596
G1 X-176.726 Y-137.727 E10353.74293
G1 X-153.426 Y-139.473 E10396.11345
G1 X-129.605 Y-139.188 E10439.31424
G1 X-105.627 Y-136.922 E10482.99117
G1 X-80.627 Y-132.595 E10529.00014
G1 X-54.554 Y-126.086 E10577.73322
G1 X-27.511 Y-117.310 E10629.29140
G1 X0.418 Y-106.201 E10683.79724
G1 X29.839 Y-93.535 E10741.88594
G1 X29.839 Y-118.523 E10787.20088
G1 X69.076 Y-118.523 E10858.35373
G1 X69.076 Y19.960 E11109.48365
G1 X133.202 Y19.960 E11225.77170
G1 X133.202 Y-177.962 E11584.68964
G1 X93.425 Y-177.962 E11656.82274
G1 X93.425 Y-212.611 E11719.65628
G1 X233.513 Y-212.611 E11973.69563
G1 X233.513 Y-178.348 E12035.82954
G1 X193.693 Y-178.348 E12108.04023
G1 X193.693 Y19.960 E12467.65780
G1 X318.648 Y19.960 E12694.25561
G1 X324.677 Y-14.306 E12757.34855
G1 X352.151 Y-14.306 E12807.17003
G1 X352.151 Y63.082 E12947.50640
G1 X-56.855 Y63.082 E13689.20981
G1 X-56.855 Y-14.306 E13829.54617
G1 X-29.286 Y-14.306 E13879.54066
G1 X-22.416 Y19.299 E13941.74026
G1 X-19.133 Y16.104 F7800.000
G1 F1800
G1 X36.968 Y16.104 E14043.47590
G1 X35.197 Y-1.579 E14075.70211
G1 X33.616 Y-11.302 E14093.56638
G1 X29.346 Y-23.292 E14116.64673
G1 X22.057 Y-37.496 E14145.59906
G1 X12.969 Y-50.479 E14174.33710
G1 X1.956 Y-62.470 E14203.86148
G1 X-10.637 Y-73.034 E14233.66877
G1 X-24.669 Y-82.143 E14264.00662
G1 X-40.555 Y-90.013 E14296.15609
G1 X-57.710 Y-96.108 E14329.17186
G1 X-75.680 Y-100.257 E14362.61467
G1 X-94.545 Y-102.494 E14397.06548
G1 X-115.564 Y-102.819 E14435.18620
G1 X-136.892 Y-101.103 E14473.98828
G1 X-158.639 Y-97.144 E14514.07338
G1 X-179.305 Y-91.088 E14553.12531
G1 X-198.787 Y-82.989 E14591.38542
G1 X-216.177 Y-73.358 E14627.43449
G1 X-229.924 Y-63.570 E14658.03837
G1 X-241.630 Y-52.957 E14686.69103
G1 X-252.419 Y-40.187 E14717.00746
G1 X-260.963 Y-26.608 E14746.10055
G1 X-267.679 Y-11.706 E14775.74142
G1 X-271.671 Y1.652 E14801.02372
G1 X-274.060 Y17.117 E14829.40251
G1 X-274.241 Y32.604 E14857.48760
G1 X-272.487 Y48.336 E14886.19378
G1 X-268.571 Y65.210 E14917.60749
G1 X-262.427 Y81.528 E14949.22662
G1 X-255.944 Y93.701 E14974.23746
G1 X-246.629 Y107.008 E15003.69339
G1 X-235.302 Y119.594 E15034.39916
G1 X-222.126 Y131.189 E15066.22731
G1 X-206.978 Y141.668 E15099.62924
G1 X-190.662 Y150.351 E15133.14641
G1 X-172.769 Y157.383 E15168.01008
G1 X-154.106 Y162.397 E15203.05333
G1 X-134.841 Y165.366 E15238.40210
G1 X-114.913 Y166.212 E15274.57323
G1 X-95.192 Y164.831 E15310.42321
G1 X-76.803 Y161.596 E15344.28220
G1 X-56.955 Y156.126 E15381.61671
G1 X-36.511 Y148.374 E15421.26666
G1 X-16.639 Y138.474 E15461.52695
G1 X1.740 Y126.761 E15501.04899
G1 X13.057 Y117.974 E15527.03169
G1 X63.773 Y117.974 E15619.00265
G1 X63.773 Y216.467 E15797.61422
G1 X21.739 Y216.467 E15873.84086
G1 X21.739 Y165.546 E15966.18335
G1 X-1.287 Y178.819 E16014.37890
G1 X-20.900 Y189.325 E16054.72818
G1 X-41.537 Y198.007 E16095.32850
G1 X-63.447 Y205.122 E16137.10340
G1 X-87.812 Y210.782 E16182.46441
G1 X-111.900 Y214.097 E16226.55709
G1 X-135.792 Y215.231 E16269.93342
G1 X-157.485 Y214.399 E16309.30078
G1 X-178.188 Y211.722 E16347.15694
G1 X-199.559 Y206.857 E16386.90269
G1 X-220.379 Y199.960 E16426.67621
G1 X-240.896 Y190.958 E16467.30650
G1 X-260.997 Y179.766 E16509.02774
G1 X-279.501 Y166.971 E16549.82366
G1 X-296.538 Y152.545 E16590.30691
G1 X-309.451 Y139.421 E16623.69357
G1 X-323.208 Y122.519 E16663.21507
G1 X-334.590 Y104.979 E16701.13182
G1 X-342.746 Y88.861 E16733.89054
G1 X-349.450 Y70.830 E16768.77454
G1 X-353.703 Y53.099 E16801.84143
G1 X-355.824 Y35.010 E16834.86886
G1 X-356.015 Y22.768 E16857.07106
G1 X-354.463 Y5.107 E16889.22176
G1 X-350.787 Y-11.855 E16920.69449
G1 X-345.057 Y-28.272 E16952.22745
G1 X-337.309 Y-44.159 E16984.28100
G1 X-327.647 Y-59.261 E17016.79348
G1 X-316.007 Y-73.640 E17050.34151
G1 X-305.145 Y-84.688 E17078.43715
G1 X-290.035 Y-97.435 E17114.28654
G1 X-273.070 Y-109.064 E17151.58456
G1 X-254.680 Y-119.177 E17189.64412
G1 X-234.897 Y-127.682 E17228.69264
G1 X-213.835 Y-134.467 E17268.82136
G1 X-199.990 Y-137.806 E17294.64831
G1 X-177.184 Y-141.560 E17336.56159
G1 X-153.547 Y-143.331 E17379.54468
G1 X-129.400 Y-143.042 E17423.33679
G1 X-105.116 Y-140.747 E17467.57147
G1 X-79.830 Y-136.371 E17514.10670
G1 X-53.491 Y-129.795 E17563.33789
G1 X-26.202 Y-120.939 E17615.36450
G1 X1.893 Y-109.764 E17670.19465
G1 X25.983 Y-99.393 E17717.75717
G1 X25.983 Y-122.380 E17759.44114
G1 X72.932 Y-122.380 E17844.57986
G1 X72.932 Y16.104 E18095.70978
G1 X129.346 Y16.104 E18198.01196
G1 X129.346 Y-174.106 E18542.94403
G1 X89.569 Y-174.106 E18615.07713
G1 X89.569 Y-216.467 E18691.89653
G1 X237.369 Y-216.467 E18959.92176
G1 X237.369 Y-174.492 E19036.04154
G1 X197.549 Y-174.492 E19108.25223
G1 X197.549 Y16.104 E19453.88392
G1 X315.411 Y16.104 E19667.61888
G1 X321.441 Y-18.162 E19730.71182
G1 X356.007 Y-18.162 E19793.39616
G1 X356.007 Y66.938 E19947.71839
G1 X-60.711 Y66.938 E20703.40767
G1 X-60.711 Y-18.162 E20857.72991
G1 X-26.138 Y-18.162 E20920.42526
G1 X-19.268 Y15.443 E20982.62486
G1 X-17.830 Y20.411 F7800.000
G1 X-29.482 Y26.173 F7800.000
G1 F1200
G1 X1.214 Y56.869 E21061.50908
G1 X6.679 Y56.869 E21071.43910
G1 X-24.018 Y26.173 E21150.32326
G1 X-18.553 Y26.173 E21160.25332
G1 X12.143 Y56.869 E21239.13748
G1 X17.608 Y56.869 E21249.06754
G1 X-13.088 Y26.173 E21327.95169
G1 X-7.624 Y26.173 E21337.88176
G1 X23.073 Y56.869 E21416.76591
G1 X28.537 Y56.869 E21426.69598
G1 X-2.159 Y26.173 E21505.58014
G1 X3.306 Y26.173 E21515.51016
G1 X34.002 Y56.869 E21594.39437
G1 X39.467 Y56.869 E21604.32444
G1 X8.770 Y26.173 E21683.20865
G1 X14.235 Y26.173 E21693.13871
G1 X44.931 Y56.869 E21772.02293
G1 X50.396 Y56.869 E21781.95299
G1 X19.700 Y26.173 E21860.83721
G1 X25.164 Y26.173 E21870.76727
G1 X55.861 Y56.869 E21949.65148
G1 X61.325 Y56.869 E21959.58155
G1 X30.629 Y26.173 E22038.46576
G1 X36.094 Y26.173 E22048.39583
G1 X66.790 Y56.869 E22127.27998
G1 X72.254 Y56.869 E22137.21005
G1 X41.558 Y26.173 E22216.09420
G1 X47.023 Y26.173 E22226.02426
G1 X77.719 Y56.869 E22304.90842
G1 X83.184 Y56.869 E22314.83848
G1 X47.783 Y21.468 E22405.81330
G1 X47.174 Y15.395 E22416.90421
G1 X88.648 Y56.869 E22523.48582
G1 X66.416 Y29.172 F7800.000
G1 F1200
G1 X62.863 Y29.172 E22529.94176
G1 X62.863 Y25.619 E22536.39774
G1 X46.566 Y9.322 E22578.27985
G1 X45.957 Y3.249 E22589.37081
G1 X62.863 Y20.155 E22632.81653
G1 X62.863 Y14.690 E22642.74660
G1 X45.349 Y-2.825 E22687.75588
G1 X45.173 Y-4.584 E22690.96982
G1 X44.419 Y-9.219 E22699.50198
G1 X62.863 Y9.225 E22746.90053
G1 X62.863 Y3.761 E22756.83059
G1 X43.343 Y-15.759 E22806.99399
G1 X40.320 Y-24.247 E22823.36638
G1 X62.863 Y-1.704 E22881.29843
G1 X62.863 Y-7.169 E22891.22850
G1 X36.220 Y-33.812 E22959.69795
G1 X30.488 Y-44.982 E22982.51080
G1 X30.427 Y-45.070 E22982.70677
G1 X62.863 Y-12.633 E23066.06395
G1 X63.417 Y26.173 F7800.000
G1 F1200
G1 X94.113 Y56.869 E23144.94817
G1 X99.578 Y56.869 E23154.87819
G1 X68.881 Y26.173 E23233.76234
G1 X74.346 Y26.173 E23243.69241
G1 X105.042 Y56.869 E23322.57662
G1 X110.507 Y56.869 E23332.50664
G1 X79.811 Y26.173 E23411.39080
G1 X85.275 Y26.173 E23421.32086
G1 X115.972 Y56.869 E23500.20508
G1 X121.436 Y56.869 E23510.13510
G1 X90.740 Y26.173 E23589.01926
G1 X96.205 Y26.173 E23598.94932
G1 X126.901 Y56.869 E23677.83353
G1 X132.366 Y56.869 E23687.76355
G1 X101.669 Y26.173 E23766.64771
G1 X107.134 Y26.173 E23776.57777
G1 X137.830 Y56.869 E23855.46199
G1 X143.295 Y56.869 E23865.39201
G1 X112.599 Y26.173 E23944.27617
G1 X118.063 Y26.173 E23954.20619
G1 X148.760 Y56.869 E24033.09034
G1 X154.224 Y56.869 E24043.02045
G1 X123.528 Y26.173 E24121.90461
G1 X128.993 Y26.173 E24131.83463
G1 X159.689 Y56.869 E24210.71878
G1 X165.154 Y56.869 E24220.64889
G1 X134.457 Y26.173 E24299.53304
G1 X139.415 Y26.173 E24308.54151
G1 X139.415 Y25.666 E24309.46315
G1 X170.618 Y56.869 E24389.65065
G1 X176.083 Y56.869 E24399.58075
G1 X139.415 Y20.201 E24493.81149
G1 X139.415 Y14.736 E24503.74159
G1 X181.548 Y56.869 E24612.01556
G1 X187.012 Y56.869 E24621.94567
G1 X139.415 Y9.272 E24744.26287
G1 X139.415 Y3.807 E24754.19293
G1 X192.477 Y56.869 E24890.55331
G1 X197.942 Y56.869 E24900.48342
G1 X139.415 Y-1.658 E25050.88710
G1 X139.415 Y-7.122 E25060.81716
G1 X203.406 Y56.869 E25225.26401
G1 X208.871 Y56.869 E25235.19404
G1 X139.415 Y-12.587 E25413.68407
G1 X139.415 Y-18.052 E25423.61413
G1 X214.335 Y56.869 E25616.14745
G1 X219.800 Y56.869 E25626.07748
G1 X192.103 Y29.172 E25697.25369
G1 X187.480 Y29.172 E25705.65447
G1 X187.480 Y24.549 E25714.05534
G1 X139.415 Y-23.516 E25837.57506
G1 X139.415 Y-28.981 E25847.50512
G1 X187.480 Y19.084 E25971.02490
G1 X187.480 Y13.620 E25980.95500
G1 X139.415 Y-34.446 E26104.47472
G1 X139.415 Y-39.910 E26114.40475
G1 X187.480 Y8.155 E26237.92447
G1 X187.480 Y2.690 E26247.85457
G1 X139.415 Y-45.375 E26371.37423
G1 X139.415 Y-50.840 E26381.30429
G1 X187.480 Y-2.774 E26504.82401
G1 X187.480 Y-8.239 E26514.75403
G1 X139.415 Y-56.304 E26638.27381
G1 X139.415 Y-61.769 E26648.20387
G1 X187.480 Y-13.704 E26771.72359
G1 X187.480 Y-19.168 E26781.65361
G1 X139.415 Y-67.234 E26905.17339
G1 X139.415 Y-72.698 E26915.10345
G1 X187.480 Y-24.633 E27038.62317
G1 X187.480 Y-30.097 E27048.55319
G1 X139.415 Y-78.163 E27172.07297
G1 X139.415 Y-83.628 E27182.00303
G1 X187.480 Y-35.562 E27305.52287
G1 X187.480 Y-41.027 E27315.45297
G1 X139.415 Y-89.092 E27438.97275
G1 X139.415 Y-94.557 E27448.90281
G1 X187.480 Y-46.491 E27572.42259
G1 X187.480 Y-51.956 E27582.35265
G1 X139.415 Y-100.021 E27705.87237
G1 X139.415 Y-105.486 E27715.80243
G1 X187.480 Y-57.421 E27839.32215
G1 X187.480 Y-62.885 E27849.25221
G1 X139.415 Y-110.951 E27972.77193
G1 X139.415 Y-116.415 E27982.70199
G1 X187.480 Y-68.350 E28106.22171
G1 X187.480 Y-73.815 E28116.15178
G1 X139.415 Y-121.880 E28239.67150
G1 X139.415 Y-127.345 E28249.60156
G1 X187.480 Y-79.279 E28373.12128
G1 X187.480 Y-84.744 E28383.05134
G1 X139.415 Y-132.809 E28506.57106
G1 X139.415 Y-138.274 E28516.50112
G1 X187.480 Y-90.209 E28640.02090
G1 X187.480 Y-95.673 E28649.95096
G1 X139.415 Y-143.739 E28773.47074
G1 X139.415 Y-149.203 E28783.40080
G1 X187.480 Y-101.138 E28906.92058
G1 X187.480 Y-106.603 E28916.85064
G1 X139.415 Y-154.668 E29040.37042
G1 X139.415 Y-160.133 E29050.30044
G1 X187.480 Y-112.067 E29173.82016
G1 X187.480 Y-117.532 E29183.75022
G1 X139.415 Y-165.597 E29307.26994
G1 X139.415 Y-171.062 E29317.20000
G1 X187.480 Y-122.997 E29440.71972
G1 X187.480 Y-128.461 E29450.64979
G1 X139.415 Y-176.527 E29574.16950
G1 X139.415 Y-181.991 E29584.09957
G1 X187.480 Y-133.926 E29707.61928
G1 X187.480 Y-139.391 E29717.54935
G1 X120.472 Y-206.399 E29889.74840
G1 X125.937 Y-206.399 E29899.67846
G1 X187.480 Y-144.855 E30057.83428
G1 X187.480 Y-150.320 E30067.76430
G1 X131.401 Y-206.399 E30211.87694
G1 X136.866 Y-206.399 E30221.80700
G1 X187.480 Y-155.785 E30351.87640
G1 X187.480 Y-161.249 E30361.80647
G1 X142.331 Y-206.399 E30477.83263
G1 X147.795 Y-206.399 E30487.76269
G1 X187.480 Y-166.714 E30589.74562
G1 X187.480 Y-172.178 E30599.67569
G1 X153.260 Y-206.399 E30687.61539
G1 X158.725 Y-206.399 E30697.54545
G1 X187.480 Y-177.643 E30771.44191
G1 X187.480 Y-183.108 E30781.37197
G1 X164.189 Y-206.399 E30841.22526
G1 X169.654 Y-206.399 E30851.15532
G1 X191.492 Y-184.561 E30907.27494
G1 X196.957 Y-184.561 E30917.20500
G1 X175.119 Y-206.399 E30973.32462
G1 X180.583 Y-206.399 E30983.25468
G1 X202.421 Y-184.561 E31039.37430
G1 X207.886 Y-184.561 E31049.30437
G1 X186.048 Y-206.399 E31105.42399
G1 X191.513 Y-206.399 E31115.35405
G1 X213.351 Y-184.561 E31171.47367
G1 X218.815 Y-184.561 E31181.40373
G1 X196.977 Y-206.399 E31237.52335
G1 X202.442 Y-206.399 E31247.45342
G1 X224.280 Y-184.561 E31303.57304
G1 X227.300 Y-184.561 E31309.06130
G1 X227.300 Y-187.005 E31313.50310
G1 X207.907 Y-206.399 E31363.34104
G1 X213.371 Y-206.399 E31373.27111
G1 X227.300 Y-192.470 E31409.06587
G1 X227.300 Y-197.934 E31418.99593
G1 X218.836 Y-206.399 E31440.74746
G1 X224.301 Y-206.399 E31450.67749
G1 X227.300 Y-203.399 E31458.38584
G1 X137.231 Y-184.175 F7800.000
G1 F1200
G1 X115.008 Y-206.399 E31515.49695
G1 X109.543 Y-206.399 E31525.42701
G1 X131.767 Y-184.175 E31582.53812
G1 X126.302 Y-184.175 E31592.46819
G1 X104.078 Y-206.399 E31649.57924
G1 X99.638 Y-206.399 E31657.64848
G1 X99.638 Y-205.374 E31659.50934
G1 X120.837 Y-184.175 E31713.98877
G1 X115.373 Y-184.175 E31723.91883
G1 X99.638 Y-199.910 E31764.35502
G1 X99.638 Y-194.445 E31774.28508
G1 X109.908 Y-184.175 E31800.67803
G1 X104.443 Y-184.175 E31810.60809
G1 X99.638 Y-188.981 E31822.95781
G1 E31820.95781 F2400.00000
G92 E0
G1 X62.863 Y-105.532 F7800.000
G1 E2.00000 F2400.00000
G1 F1200
G1 X56.085 Y-112.311 E19.41923
G1 X50.620 Y-112.311 E29.34929
G1 X62.863 Y-100.068 E60.81175
G1 X62.863 Y-94.603 E70.74182
G1 X45.156 Y-112.311 E116.24752
G1 X39.691 Y-112.311 E126.17758
G1 X62.863 Y-89.138 E185.72651
G1 X62.863 Y-83.674 E195.65657
G1 X36.052 Y-110.485 E264.55708
G1 X36.052 Y-105.020 E274.48715
G1 X62.863 Y-78.209 E343.38760
G1 X62.863 Y-72.744 E353.31766
G1 X36.052 Y-99.556 E422.21811
G1 X36.052 Y-94.091 E432.14817
G1 X62.863 Y-67.280 E501.04862
G1 X62.863 Y-61.815 E510.97868
G1 X36.052 Y-88.626 E579.87913
G1 X36.052 Y-83.318 E589.52591
G1 X35.778 Y-83.436 E590.06742
G1 X62.863 Y-56.350 E659.67129
G1 X62.863 Y-50.886 E669.60135
G1 X26.183 Y-87.566 E763.86430
G1 X16.587 Y-91.697 E782.84801
G1 X62.863 Y-45.421 E901.76997
G1 X62.863 Y-39.957 E911.70004
G1 X6.992 Y-95.828 E1055.28102
G1 X-2.604 Y-99.959 E1074.26478
G1 X62.863 Y-34.492 E1242.50484
G1 X62.863 Y-29.027 E1252.43490
G1 X-11.756 Y-103.646 E1444.19299
G1 X-20.830 Y-107.256 E1461.93813
G1 X62.863 Y-23.563 E1677.01468
G1 X62.863 Y-18.098 E1686.94470
G1 X-29.903 Y-110.865 E1925.33965
G1 X-31.629 Y-111.551 E1928.71408
G1 X-38.181 Y-113.677 E1941.23037
G1 X-11.112 Y-86.609 E2010.79092
G1 X-17.432 Y-90.712 E2024.48342
G1 X-23.868 Y-93.900 E2037.53470
G1 X-46.270 Y-116.303 E2095.10443
G1 X-54.360 Y-118.928 E2110.55973
G1 X-34.662 Y-99.230 E2161.18064
G1 X-43.138 Y-102.241 E2177.52640
G1 X-62.024 Y-121.127 E2226.06001
G1 X-69.307 Y-122.945 E2239.70025
G1 X-51.615 Y-105.253 E2285.16716
G1 X-52.962 Y-105.732 E2287.76610
G1 X-58.938 Y-107.111 E2298.90970
G1 X-76.590 Y-124.764 E2344.27351
G1 X-83.721 Y-126.544 E2357.62843
G1 X-83.859 Y-126.568 E2357.88333
G1 X-66.043 Y-108.751 E2403.66803
G1 X-72.192 Y-110.171 E2415.13537
G1 X-73.026 Y-110.270 E2416.66205
G1 X-90.467 Y-127.712 E2461.48386
G1 X-97.076 Y-128.855 E2473.67100
G1 X-79.226 Y-111.005 E2519.54286
G1 X-85.426 Y-111.740 E2530.88789
G1 X-103.684 Y-129.999 E2577.80988
G1 X-108.148 Y-130.772 E2586.04205
G1 X-110.107 Y-130.957 E2589.61672
G1 X-91.626 Y-112.476 E2637.11040
G1 X-92.273 Y-112.552 E2638.29432
G1 X-97.244 Y-112.629 E2647.32893
G1 X-116.142 Y-131.527 E2695.89336
G1 X-122.177 Y-132.098 E2706.90855
G1 X-102.794 Y-112.715 E2756.71788
G1 X-108.345 Y-112.801 E2766.80519
G1 X-128.212 Y-132.668 E2817.85937
G1 X-131.514 Y-132.980 E2823.88774
G1 X-134.018 Y-133.010 E2828.43805
G1 X-113.895 Y-112.887 E2880.15061
G1 X-114.439 Y-112.895 E2881.13944
G1 X-119.001 Y-112.528 E2889.45575
G1 X-139.549 Y-133.076 E2942.26011
G1 X-145.080 Y-133.142 E2952.31106
G1 X-124.059 Y-112.121 E3006.33137
G1 X-129.117 Y-111.714 E3015.55151
G1 X-150.611 Y-133.208 E3070.78776
G1 X-154.683 Y-133.257 E3078.18882
G1 X-156.024 Y-133.157 E3080.63115
G1 X-134.174 Y-111.307 E3136.78042
G1 X-136.896 Y-111.088 E3141.74204
G1 X-139.031 Y-110.699 E3145.68591
G1 X-161.107 Y-132.776 E3202.41786
G1 X-166.191 Y-132.395 E3211.68152
G1 X-143.654 Y-109.858 E3269.59700
G1 X-148.277 Y-109.016 E3278.13592
G1 X-171.275 Y-132.014 E3337.23492
G1 X-176.358 Y-131.633 E3346.49860
G1 X-152.900 Y-108.175 E3406.78120
G1 X-157.524 Y-107.333 E3415.32011
G1 X-181.124 Y-130.933 E3475.96869
G1 X-185.816 Y-130.161 E3484.61006
G1 X-161.946 Y-106.291 E3545.95227
G1 X-166.172 Y-105.053 E3553.95481
G1 X-190.508 Y-129.389 E3616.49497
G1 X-195.201 Y-128.617 E3625.13634
G1 X-170.398 Y-103.814 E3688.87444
G1 X-174.625 Y-102.576 E3696.87699
G1 X-199.850 Y-127.801 E3761.70160
G1 X-204.253 Y-126.739 E3769.93140
G1 X-178.851 Y-101.337 E3835.20968
G1 X-181.664 Y-100.513 E3840.53614
G1 X-182.954 Y-99.976 E3843.07631
G1 X-208.655 Y-125.677 E3909.12297
G1 X-212.200 Y-124.822 E3915.74927
G1 X-213.005 Y-124.563 E3917.28671
G1 X-186.814 Y-98.372 E3984.59310
G1 X-190.674 Y-96.767 E3992.18923
G1 X-217.139 Y-123.231 E4060.19768
G1 X-221.272 Y-121.900 E4068.08837
G1 X-194.534 Y-95.162 E4136.79888
G1 X-198.394 Y-93.558 E4144.39501
G1 X-225.405 Y-120.568 E4213.80758
G1 X-229.538 Y-119.237 E4221.69827
G1 X-202.255 Y-91.953 E4291.81289
G1 X-205.778 Y-90.012 E4299.12276
G1 X-233.570 Y-117.804 E4370.54503
G1 X-237.392 Y-116.161 E4378.10411
G1 X-209.295 Y-88.064 E4450.30946
G1 X-212.812 Y-86.116 E4457.61484
G1 X-241.214 Y-114.518 E4530.60330
G1 X-245.035 Y-112.875 E4538.16239
G1 X-216.329 Y-84.168 E4611.93398
G1 X-219.845 Y-82.221 E4619.23935
G1 X-248.857 Y-111.232 E4693.79403
G1 X-251.096 Y-110.270 E4698.22220
G1 X-252.556 Y-109.467 E4701.25064
G1 X-223.131 Y-80.041 E4776.86926
G1 X-226.322 Y-77.768 E4783.98948
G1 X-256.082 Y-107.528 E4860.46628
G1 X-259.608 Y-105.589 E4867.77797
G1 X-229.514 Y-75.496 E4945.11296
G1 X-232.706 Y-73.223 E4952.23318
G1 X-263.133 Y-103.650 E5030.42635
G1 X-266.659 Y-101.711 E5037.73804
G1 X-235.877 Y-70.929 E5116.84397
G1 X-238.743 Y-68.330 E5123.87400
G1 X-270.049 Y-99.637 E5204.32640
G1 X-273.292 Y-97.414 E5211.46926
G1 X-241.609 Y-65.732 E5292.88829
G1 X-244.475 Y-63.133 E5299.91832
G1 X-276.534 Y-95.192 E5382.30395
G1 X-279.776 Y-92.970 E5389.44681
G1 X-247.341 Y-60.535 E5472.79902
G1 X-248.470 Y-59.511 E5475.56821
G1 X-249.987 Y-57.716 E5479.83896
G1 X-283.019 Y-90.747 E5564.72402
G1 X-284.517 Y-89.720 E5568.02559
G1 X-286.111 Y-88.375 E5571.81523
G1 X-252.490 Y-54.754 E5658.21655
G1 X-254.992 Y-51.792 E5665.26293
G1 X-289.075 Y-85.875 E5752.85001
G1 X-292.039 Y-83.374 E5759.89683
G1 X-257.495 Y-48.830 E5848.66970
G1 X-259.998 Y-45.868 E5855.71609
G1 X-295.003 Y-80.873 E5945.67473
G1 X-297.967 Y-78.373 E5952.72154
G1 X-262.152 Y-42.558 E6044.76013
G1 X-264.263 Y-39.203 E6051.96128
G1 X-300.746 Y-75.687 E6145.71650
G1 X-303.455 Y-72.931 E6152.73837
G1 X-266.373 Y-35.849 E6248.03215
G1 X-268.484 Y-32.495 E6255.23328
G1 X-306.164 Y-70.176 E6352.06562
G1 X-308.873 Y-67.420 E6359.08750
G1 X-270.416 Y-28.963 E6457.91555
G1 X-272.113 Y-25.195 E6465.42379
G1 X-311.317 Y-64.400 E6566.17165
G1 X-313.762 Y-61.380 E6573.23207
G1 X-273.811 Y-21.428 E6675.89970
G1 X-275.508 Y-17.661 E6683.40793
G1 X-316.207 Y-58.360 E6787.99534
G1 X-318.651 Y-55.340 E6795.05576
G1 X-277.164 Y-13.852 E6901.67198
G1 X-278.421 Y-9.645 E6909.65138
G1 X-320.924 Y-52.147 E7018.87637
G1 X-323.056 Y-48.815 E7026.06540
G1 X-279.678 Y-5.437 E7137.53845
G1 X-280.936 Y-1.230 E7145.51784
G1 X-325.188 Y-45.482 E7259.23897
G1 X-327.320 Y-42.150 E7266.42799
G1 X-281.896 Y3.275 E7383.16098
G1 X-282.627 Y8.008 E7391.86410
G1 X-329.333 Y-38.698 E7511.88935
G1 X-331.124 Y-35.024 E7519.31571
G1 X-283.359 Y12.741 E7642.06482
G1 X-284.090 Y17.474 E7650.76792
G1 X-332.915 Y-31.351 E7776.24088
G1 X-334.707 Y-27.678 E7783.66724
G1 X-284.179 Y22.850 E7913.51347
G1 X-284.243 Y28.251 E7923.32945
G1 X-336.363 Y-23.870 E8057.27093
G1 X-337.777 Y-19.819 E8065.06720
G1 X-284.306 Y33.653 E8202.47996
G1 X-284.318 Y34.679 E8204.34497
G1 X-283.762 Y39.661 E8213.45380
G1 X-339.191 Y-15.768 E8355.89679
G1 X-340.605 Y-11.718 E8363.69305
G1 X-283.077 Y45.811 E8511.53188
G1 X-282.410 Y51.791 E8522.46526
G1 X-282.364 Y51.988 E8522.83359
G1 X-341.742 Y-7.390 E8675.42610
G1 X-342.716 Y-2.899 E8683.77680
G1 X-280.713 Y59.104 E8843.11440
G1 X-279.061 Y66.220 E8856.38872
G1 X-343.689 Y1.592 E9022.47138
G1 X-344.503 Y5.346 E9029.45003
G1 X-344.575 Y6.171 E9030.95559
G1 X-276.653 Y74.093 E9205.50340
G1 X-273.353 Y82.858 E9222.52218
G1 X-345.017 Y11.194 E9406.68519
G1 X-345.458 Y16.218 E9415.84850
G1 X-268.778 Y92.897 E9612.90212
G1 X-264.325 Y101.259 E9630.11771
G1 X-260.694 Y106.446 E9641.62274
G1 X-345.899 Y21.241 E9860.58553
G1 X-345.938 Y21.685 E9861.39633
G1 X-345.859 Y26.746 E9870.59248
G1 X-170.210 Y202.395 E10321.98081
G1 X-174.658 Y201.820 E10330.13121
G1 X-176.719 Y201.351 E10333.97135
G1 X-345.773 Y32.297 E10768.41029
G1 X-345.766 Y32.744 E10769.22329
G1 X-345.098 Y38.436 E10779.63663
G1 X-183.795 Y199.740 E11194.15950
G1 X-190.870 Y198.129 E11207.34599
G1 X-344.372 Y44.626 E11601.82042
G1 X-343.793 Y49.569 E11610.86346
G1 X-343.445 Y51.018 E11613.57138
G1 X-198.410 Y196.053 E11986.28709
G1 X-206.582 Y193.346 E12001.92983
G1 X-341.721 Y58.207 E12349.21428
G1 X-339.996 Y65.396 E12362.64831
G1 X-214.759 Y190.634 E12684.48851
G1 X-224.495 Y186.362 E12703.80908
G1 X-336.879 Y73.978 E12992.61651
G1 X-333.644 Y82.678 E13009.48161
G1 X-234.231 Y182.091 E13264.95565
G1 X-246.557 Y175.230 E13290.58828
G1 X-328.059 Y93.728 E13500.03454
G1 X-326.048 Y97.703 E13508.12931
G1 X-319.575 Y107.676 E13529.73374
G1 X-261.290 Y165.961 E13679.51662
G1 X-270.957 Y159.277 E13700.87262
G1 X-287.159 Y145.557 E13739.45301
G1 X-290.173 Y142.543 E13747.19631
G1 X-170.210 Y202.395 F7800.000
G1 F1200
G1 X-163.934 Y203.206 E13758.69544
G1 X-222.842 Y144.298 E13910.07950
G1 X-214.506 Y150.065 E13928.49897
G1 X-208.318 Y153.358 E13941.23782
G1 X-157.658 Y204.017 E14071.42358
G1 X-155.020 Y204.358 E14076.25743
G1 X-151.726 Y204.485 E14082.24734
G1 X-196.723 Y159.488 E14197.88054
G1 X-187.719 Y163.027 E14215.45937
G1 X-146.043 Y204.703 E14322.55908
G1 X-140.361 Y204.921 E14332.89308
G1 X-178.716 Y166.566 E14431.45938
G1 X-177.897 Y166.888 E14433.05878
G1 X-171.105 Y168.712 E14445.83861
G1 X-134.678 Y205.139 E14539.44896
G1 X-134.345 Y205.152 E14540.05414
G1 X-129.434 Y204.919 E14548.98911
G1 X-163.633 Y170.720 E14636.87490
G1 X-157.995 Y172.234 E14647.48276
G1 X-156.409 Y172.479 E14650.39838
G1 X-124.217 Y204.671 E14733.12773
G1 X-118.999 Y204.423 E14742.61851
G1 X-149.949 Y173.474 E14822.15324
G1 X-143.489 Y174.470 E14834.03086
G1 X-113.782 Y204.176 E14910.37096
G1 X-111.465 Y204.066 E14914.58706
G1 X-108.795 Y203.698 E14919.48399
G1 X-137.080 Y175.414 E14992.17137
G1 X-131.373 Y175.656 E15002.55102
G1 X-103.992 Y203.037 E15072.91704
G1 X-99.188 Y202.376 E15081.72813
G1 X-125.666 Y175.898 E15149.77269
G1 X-119.959 Y176.140 E15160.15234
G1 X-94.384 Y201.715 E15225.87555
G1 X-89.581 Y201.054 E15234.68667
G1 X-114.463 Y176.172 E15298.62902
G1 X-109.356 Y175.815 E15307.93199
G1 X-85.057 Y200.114 E15370.37638
G1 X-80.622 Y199.084 E15378.64913
G1 X-104.249 Y175.457 E15439.36528
G1 X-99.142 Y175.100 E15448.66825
G1 X-76.188 Y198.054 E15507.65611
G1 X-71.753 Y197.023 E15515.92883
G1 X-94.147 Y174.630 E15573.47698
G1 X-89.500 Y173.812 E15582.05136
G1 X-67.318 Y195.993 E15639.05286
G1 X-65.048 Y195.466 E15643.28779
G1 X-63.035 Y194.812 E15647.13448
G1 X-84.852 Y172.995 E15703.20118
G1 X-80.205 Y172.177 E15711.77552
G1 X-58.910 Y193.473 E15766.50021
G1 X-54.785 Y192.133 E15774.38137
G1 X-75.573 Y171.344 E15827.80429
G1 X-71.289 Y170.164 E15835.87907
G1 X-50.660 Y190.793 E15888.89367
G1 X-46.535 Y189.454 E15896.77483
G1 X-67.006 Y168.983 E15949.38117
G1 X-62.722 Y167.802 E15957.45595
G1 X-42.522 Y188.002 E16009.36503
G1 X-38.676 Y186.383 E16016.94783
G1 X-58.438 Y166.621 E16067.73243
G1 X-54.859 Y165.635 E16074.47779
G1 X-54.207 Y165.388 E16075.74551
G1 X-34.830 Y184.765 E16125.54176
G1 X-30.983 Y183.147 E16133.12455
G1 X-50.245 Y163.885 E16182.62308
G1 X-46.282 Y162.383 E16190.32322
G1 X-27.137 Y181.528 E16239.52409
G1 X-24.386 Y180.371 E16244.94737
G1 X-23.372 Y179.828 E16247.03648
G1 X-42.320 Y160.880 E16295.72901
G1 X-38.358 Y159.378 E16303.42915
G1 X-19.814 Y177.922 E16351.08448
G1 X-16.255 Y176.016 E16358.42013
G1 X-34.396 Y157.875 E16405.03832
G1 X-33.369 Y157.486 E16407.03390
G1 X-30.667 Y156.140 E16412.51984
G1 X-12.697 Y174.110 E16458.69977
G1 X-9.138 Y172.204 E16466.03542
G1 X-27.019 Y154.323 E16511.98676
G1 X-23.372 Y152.506 E16519.39181
G1 X-5.580 Y170.298 E16565.11457
G1 X-2.109 Y168.304 E16572.38818
G1 X-19.724 Y150.689 E16617.65698
G1 X-16.077 Y148.871 E16625.06200
G1 X1.358 Y166.306 E16669.86538
G1 X4.824 Y164.308 E16677.13602
G1 X-12.430 Y147.054 E16721.47537
G1 X-9.092 Y144.927 E16728.66724
G1 X8.291 Y162.309 E16773.33757
G1 X11.757 Y160.311 E16780.60818
G1 X-5.754 Y142.800 E16825.60938
G1 X-2.417 Y140.673 E16832.80123
G1 X15.223 Y158.313 E16878.13347
G1 X18.690 Y156.315 E16885.40411
G1 X0.921 Y138.546 E16931.06734
G1 X4.259 Y136.419 E16938.25920
G1 X22.156 Y154.316 E16984.25329
G1 X25.623 Y152.318 E16991.52393
G1 X7.543 Y134.238 E17037.98710
G1 X10.619 Y131.849 E17045.06406
G1 X29.089 Y150.320 E17092.53035
G1 X32.556 Y148.322 E17099.80099
G1 X13.695 Y129.461 E17148.27052
G1 X15.521 Y128.042 E17152.47285
G1 X17.741 Y128.042 E17156.50639
G1 X53.705 Y164.006 E17248.92661
G1 X53.704 Y158.541 E17258.85671
G1 X23.206 Y128.042 E17337.23358
G1 X28.670 Y128.042 E17347.16360
G1 X53.705 Y153.077 E17411.49735
G1 X53.704 Y147.612 E17421.42746
G1 X34.135 Y128.042 E17471.71797
G1 X39.600 Y128.042 E17481.64807
G1 X53.704 Y142.147 E17517.89535
G1 X53.705 Y136.683 E17527.82537
G1 X45.064 Y128.042 E17550.02953
G1 X50.529 Y128.042 E17559.95964
G1 X53.704 Y131.218 E17568.12044
G1 X53.704 Y169.471 F7800.000
G1 F1200
G1 X31.808 Y147.574 E17624.39143
G1 X31.808 Y153.039 E17634.32145
G1 X53.705 Y174.935 E17690.59254
G1 X53.704 Y180.400 E17700.52257
G1 X31.808 Y158.503 E17756.79355
G1 X31.808 Y163.968 E17766.72357
G1 X53.705 Y185.865 E17822.99467
G1 X53.704 Y191.329 E17832.92469
G1 X31.808 Y169.432 E17889.19567
G1 X31.808 Y174.897 E17899.12569
G1 X53.705 Y196.794 E17955.39679
G1 X53.704 Y202.259 E17965.32681
G1 X31.808 Y180.362 E18021.59791
G1 X31.808 Y185.826 E18031.52801
G1 X52.380 Y206.399 E18084.39486
G1 X46.915 Y206.399 E18094.32488
G1 X31.808 Y191.291 E18133.14860
G1 X31.808 Y196.756 E18143.07871
G1 X41.451 Y206.399 E18167.85908
G1 X35.986 Y206.399 E18177.78910
G1 X31.808 Y202.220 E18188.52636
G1 E18186.52636 F2400.00000
G92 E0
G1 X-50.642 Y48.730 F7800.000
G1 E2.00000 F2400.00000
G1 F1200
G1 X-42.503 Y56.869 E22.91599
G1 X-37.039 Y56.869 E32.84606
G1 X-50.642 Y43.265 E67.80528
G1 X-50.642 Y37.801 E77.73535
G1 X-31.574 Y56.869 E126.73781
G1 X-26.109 Y56.869 E136.66787
G1 X-50.642 Y32.336 E199.71357
G1 X-50.642 Y26.871 E209.64364
G1 X-20.645 Y56.869 E286.73257
G1 X-15.180 Y56.869 E296.66263
G1 X-50.642 Y21.407 E387.79480
G1 X-50.642 Y15.942 E397.72486
G1 X-9.715 Y56.869 E502.90027
G1 X-4.251 Y56.869 E512.83033
G1 X-50.642 Y10.477 E632.04897
G1 X-50.642 Y5.013 E641.97904
G1 X-27.228 Y28.427 E702.14859
G1 X-28.633 Y21.558 E714.88865
G1 X-50.642 Y-0.452 E771.44933
G1 X-50.642 Y-5.917 E781.37939
G1 X-30.037 Y14.689 E834.33125
G1 X-31.441 Y7.820 E847.07132
G1 X-47.354 Y-8.093 E887.96403
G1 X-41.889 Y-8.093 E897.89409
G1 X-32.846 Y0.951 E921.13475
G1 E919.13475 F2400.00000
G92 E0
G1 X219.800 Y56.869 F7800.000
G1 E2.00000 F2400.00000
G1 F1200
G1 X225.265 Y56.869 E11.93010
G1 X194.569 Y26.173 E90.81426
G1 X200.033 Y26.173 E100.74428
G1 X230.729 Y56.869 E179.62844
G1 X236.194 Y56.869 E189.55854
G1 X205.498 Y26.173 E268.44282
G1 X210.962 Y26.173 E278.37292
G1 X241.659 Y56.869 E357.25708
G1 X247.123 Y56.869 E367.18718
G1 X216.427 Y26.173 E446.07146
G1 X221.892 Y26.173 E456.00156
G1 X252.588 Y56.869 E534.88572
G1 X258.053 Y56.869 E544.81582
G1 X227.356 Y26.173 E623.70009
G1 X232.821 Y26.173 E633.63020
G1 X263.517 Y56.869 E712.51435
G1 X268.982 Y56.869 E722.44438
G1 X238.286 Y26.173 E801.32853
G1 X243.750 Y26.173 E811.25863
G1 X274.447 Y56.869 E890.14279
G1 X279.911 Y56.869 E900.07281
G1 X249.215 Y26.173 E978.95697
G1 X254.680 Y26.173 E988.88707
G1 X285.376 Y56.869 E1067.77123
G1 X290.841 Y56.869 E1077.70125
G1 X260.144 Y26.173 E1156.58541
G1 X265.609 Y26.173 E1166.51543
G1 X296.305 Y56.869 E1245.39970
G1 X301.770 Y56.869 E1255.32972
G1 X271.074 Y26.173 E1334.21388
G1 X276.538 Y26.173 E1344.14390
G1 X307.235 Y56.869 E1423.02817
G1 X312.699 Y56.869 E1432.95820
G1 X282.003 Y26.173 E1511.84235
G1 X287.468 Y26.173 E1521.77238
G1 X318.164 Y56.869 E1600.65665
G1 X323.629 Y56.869 E1610.58667
G1 X292.932 Y26.173 E1689.47083
G1 X298.397 Y26.173 E1699.40085
G1 X329.093 Y56.869 E1778.28501
G1 X334.558 Y56.869 E1788.21511
G1 X303.862 Y26.173 E1867.09927
G1 X309.326 Y26.173 E1877.02929
G1 X340.022 Y56.869 E1955.91344
G1 X345.487 Y56.869 E1965.84355
G1 X314.791 Y26.173 E2044.72771
G1 X320.256 Y26.173 E2054.65773
G1 X345.938 Y51.856 E2120.65837
G1 X345.938 Y46.391 E2130.58847
G1 X323.936 Y24.389 E2187.13019
G1 X324.754 Y19.742 E2195.70413
G1 X345.938 Y40.926 E2250.14459
G1 X345.938 Y35.462 E2260.07461
G1 X325.572 Y15.095 E2312.41393
G1 X326.389 Y10.448 E2320.98794
G1 X345.938 Y29.997 E2371.22600
G1 X345.938 Y24.532 E2381.15602
G1 X327.207 Y5.801 E2429.29283
G1 X328.025 Y1.154 E2437.86683
G1 X345.938 Y19.068 E2483.90238
G1 X345.938 Y13.603 E2493.83240
G1 X328.842 Y-3.493 E2537.76669
G1 X329.652 Y-8.093 E2546.25360
G1 X329.707 Y-8.093 E2546.35444
G1 X345.938 Y8.138 E2588.06617
G1 X345.938 Y2.674 E2597.99619
G1 X335.172 Y-8.093 E2625.66481
G1 X340.636 Y-8.093 E2635.59491
G1 X345.938 Y-2.791 E2649.22017
G1 E2639.22017 F2400.00000
G92 E0
T0
G92 E0
G1 X-19.318 Y-26.518 F7800.000
G1 E10.00000 F2400.00000
G1 F3600
G1 X-12.312 Y7.748 E73.42367
G1 X27.733 Y7.748 E146.04310
G1 X26.867 Y-0.894 E161.79174
G1 X25.435 Y-9.419 E177.46842
G1 X21.414 Y-20.536 E198.90735
G1 X14.347 Y-34.049 E226.56121
G1 X5.533 Y-46.347 E253.99904
G1 X-5.227 Y-57.728 E282.40108
G1 X-17.839 Y-67.905 E311.78827
G1 X-31.718 Y-76.483 E341.37660
G1 X-47.455 Y-83.787 E372.83854
G1 X-64.300 Y-89.242 E404.94876
G1 X-82.158 Y-92.806 E437.96996
G1 X-100.806 Y-94.439 E471.91759
G1 X-122.198 Y-94.122 E510.71366
G1 X-143.834 Y-91.609 E550.21268
G1 X-164.843 Y-86.895 E589.25927
G1 X-184.767 Y-80.068 E627.45220
G1 X-200.468 Y-72.769 E658.84996
G1 X-215.529 Y-63.785 E690.65291
G1 X-228.211 Y-54.101 E719.58808
G1 X-238.873 Y-43.639 E746.67692
G1 X-248.436 Y-31.245 E775.06562
G1 X-255.968 Y-17.943 E802.78528
G1 X-261.688 Y-3.296 E831.30119
G1 X-262.505 Y-0.480 E836.61709
G1 X-265.368 Y14.295 E863.90894
G1 X-266.003 Y29.011 E890.62122
G1 X-264.698 Y43.982 E917.87235
G1 X-261.356 Y60.006 E947.55661
G1 X-256.413 Y74.391 E975.14051
G1 X-249.166 Y88.747 E1004.30204
G1 X-247.499 Y91.439 E1010.04396
G1 X-237.884 Y104.475 E1039.41901
G1 X-226.528 Y116.417 E1069.30356
G1 X-213.246 Y127.415 E1100.57442
G1 X-198.119 Y137.154 E1133.19912
G1 X-181.872 Y145.071 E1165.97472
G1 X-166.599 Y150.559 E1195.40425
G1 X-148.130 Y155.046 E1229.87207
G1 X-129.133 Y157.447 E1264.59552
G1 X-109.536 Y157.677 E1300.13587
G1 X-90.374 Y155.691 E1335.07087
G1 X-70.332 Y151.380 E1372.24648
G1 X-50.474 Y145.000 E1410.07083
G1 X-30.234 Y136.217 E1450.08191
G1 X-11.299 Y125.494 E1489.54238
G1 X4.506 Y114.199 E1524.76941
G1 X10.106 Y109.617 E1537.89148
G1 X72.130 Y109.617 E1650.36623
G1 X72.130 Y224.824 E1859.28453
G1 X13.383 Y224.824 E1965.81789
G1 X13.383 Y180.008 E2047.08791
G1 X2.219 Y186.443 E2070.45414
G1 X-18.443 Y197.416 E2112.88088
G1 X-40.318 Y206.469 E2155.81170
G1 X-63.718 Y213.874 E2200.31988
G1 X-89.587 Y219.595 E2248.36431
G1 X-115.007 Y222.755 E2294.81797
G1 X-140.326 Y223.574 E2340.75475
G1 X-162.964 Y222.292 E2381.87386
G1 X-186.981 Y218.542 E2425.95395
G1 X-209.468 Y212.632 E2468.11810
G1 X-222.111 Y208.249 E2492.38305
G1 X-244.049 Y198.731 E2535.74874
G1 X-265.426 Y186.864 E2580.08753
G1 X-285.112 Y173.211 E2623.53248
G1 X-303.193 Y157.771 E2666.64866
G1 X-319.197 Y141.022 E2708.65830
G1 X-333.290 Y122.758 E2750.49314
G1 X-344.818 Y103.753 E2790.80240
G1 X-352.915 Y86.247 E2825.77816
G1 X-359.245 Y66.925 E2862.65030
G1 X-363.027 Y47.614 E2898.33509
G1 X-364.427 Y28.133 E2933.75279
G1 X-363.383 Y8.599 E2969.22744
G1 X-359.929 Y-10.082 E3003.67924
G1 X-354.172 Y-28.049 E3037.89278
G1 X-346.154 Y-45.440 E3072.62028
G1 X-336.047 Y-61.887 E3107.62654
G1 X-323.771 Y-77.506 E3143.65264
G1 X-309.010 Y-92.507 E3181.81690
G1 X-292.665 Y-105.922 E3220.16259
G1 X-274.277 Y-118.108 E3260.16499
G1 X-254.399 Y-128.578 E3300.90719
G1 X-233.043 Y-137.252 E3342.70772
G1 X-212.464 Y-143.479 E3381.69740
G1 X-189.022 Y-148.347 E3425.11506
G1 X-164.448 Y-151.158 E3469.96883
G1 X-138.988 Y-151.769 E3516.15098
G1 X-113.450 Y-150.162 E3562.55433
G1 X-87.256 Y-146.365 E3610.55200
G1 X-60.002 Y-140.257 E3661.20074
G1 X-31.701 Y-131.725 E3714.80369
G1 X-2.692 Y-120.784 E3771.02740
G1 X17.627 Y-112.073 E3811.11786
G1 X17.627 Y-130.736 E3844.96143
G1 X81.288 Y-130.736 E3960.40689
G1 X81.288 Y7.748 E4211.53681
G1 X120.990 Y7.748 E4283.53226
G1 X120.990 Y-165.750 E4598.15759
G1 X81.213 Y-165.750 E4670.29070
G1 X81.213 Y-224.824 E4777.41683
G1 X245.725 Y-224.824 E5075.74879
G1 X245.725 Y-166.136 E5182.17530
G1 X205.905 Y-166.136 E5254.38599
G1 X205.905 Y7.748 E5569.71095
G1 X308.397 Y7.748 E5755.57268
G1 X314.426 Y-26.518 E5818.66563
G1 X364.363 Y-26.518 E5909.22318
G1 X364.363 Y75.294 E6093.85215
G1 X-69.067 Y75.294 E6879.84816
G1 X-69.067 Y-26.518 E7064.47713
G1 X-19.993 Y-26.518 E7153.47060
G1 X-22.465 Y-22.662 F7800.000
G1 F1800
G1 X-15.460 Y11.604 E7216.89427
G1 X31.995 Y11.604 E7302.95016
G1 X30.691 Y-1.406 E7326.66036
G1 X29.180 Y-10.402 E7343.20323
G1 X24.951 Y-22.093 E7365.74723
G1 X17.639 Y-36.076 E7394.36337
G1 X8.515 Y-48.807 E7422.76618
G1 X-2.604 Y-60.566 E7452.11358
G1 X-15.605 Y-71.058 E7482.41060
G1 X-29.886 Y-79.884 E7512.85459
G1 X-46.044 Y-87.384 E7545.15808
G1 X-63.326 Y-92.980 E7578.09995
G1 X-81.610 Y-96.629 E7611.91165
G1 X-100.666 Y-98.298 E7646.60059
G1 X-122.449 Y-97.975 E7686.10688
G1 X-144.480 Y-95.416 E7726.32649
G1 X-165.893 Y-90.611 E7766.12370
G1 X-186.209 Y-83.650 E7805.06707
G1 X-202.273 Y-76.183 E7837.19199
G1 X-217.694 Y-66.983 E7869.75432
G1 X-230.741 Y-57.021 E7899.52291
G1 X-241.763 Y-46.205 E7927.52735
G1 X-251.656 Y-33.383 E7956.89533
G1 X-259.459 Y-19.603 E7985.61270
G1 X-265.343 Y-4.537 E8014.94350
G1 X-266.257 Y-1.386 E8020.89237
G1 X-269.208 Y13.842 E8049.02225
G1 X-269.866 Y29.096 E8076.70947
G1 X-268.519 Y44.545 E8104.83133
G1 X-265.082 Y61.030 E8135.36983
G1 X-259.974 Y75.894 E8163.87074
G1 X-252.533 Y90.634 E8193.81425
G1 X-250.696 Y93.602 E8200.14404
G1 X-240.844 Y106.958 E8230.23978
G1 X-229.164 Y119.241 E8260.97726
G1 X-215.528 Y130.533 E8293.08311
G1 X-200.014 Y140.520 E8326.54171
G1 X-183.373 Y148.629 E8360.11193
G1 X-167.710 Y154.258 E8390.29433
G1 X-148.829 Y158.845 E8425.52948
G1 X-129.398 Y161.301 E8461.04608
G1 X-109.359 Y161.535 E8497.38796
G1 X-89.768 Y159.505 E8533.10557
G1 X-69.334 Y155.110 E8571.00766
G1 X-49.113 Y148.614 E8609.52332
G1 X-28.511 Y139.673 E8650.24991
G1 X-9.222 Y128.749 E8690.44898
G1 X6.850 Y117.263 E8726.27207
G1 X11.483 Y113.474 E8737.12617
G1 X68.273 Y113.474 E8840.11204
G1 X68.273 Y220.967 E9035.04447
G1 X17.239 Y220.967 E9127.59197
G1 X17.239 Y173.334 E9213.97167
G1 X0.352 Y183.069 E9249.31910
G1 X-20.089 Y193.924 E9291.28913
G1 X-41.639 Y202.842 E9333.58411
G1 X-64.718 Y210.145 E9377.48100
G1 X-90.242 Y215.790 E9424.88595
G1 X-115.308 Y218.907 E9470.69107
G1 X-140.279 Y219.714 E9515.99717
G1 X-162.557 Y218.453 E9556.46128
G1 X-186.191 Y214.762 E9599.83988
G1 X-208.345 Y208.940 E9641.37830
G1 X-220.710 Y204.653 E9665.11044
G1 X-242.341 Y195.269 E9707.87064
G1 X-263.386 Y183.586 E9751.51987
G1 X-282.755 Y170.153 E9794.26491
G1 X-300.540 Y154.965 E9836.67514
G1 X-316.268 Y138.505 E9877.96105
G1 X-330.105 Y120.573 E9919.03488
G1 X-341.409 Y101.938 E9958.56012
G1 X-349.320 Y84.833 E9992.73545
G1 X-355.506 Y65.950 E10028.76822
G1 X-359.198 Y47.103 E10063.59589
G1 X-360.563 Y28.098 E10098.14952
G1 X-359.546 Y9.054 E10132.73281
G1 X-356.182 Y-9.140 E10166.28587
G1 X-350.572 Y-26.649 E10199.62704
G1 X-342.748 Y-43.617 E10233.51102
G1 X-332.878 Y-59.679 E10267.69785
G1 X-320.871 Y-74.955 E10302.93188
G1 X-306.405 Y-89.656 E10340.33514
G1 X-290.370 Y-102.816 E10377.95224
G1 X-272.309 Y-114.787 E10417.24610
G1 X-252.771 Y-125.077 E10457.29028
G1 X-231.756 Y-133.613 E10498.42260
G1 X-211.511 Y-139.738 E10536.77885
G1 X-188.409 Y-144.536 E10579.56695
G1 X-164.182 Y-147.307 E10623.78819
G1 X-139.063 Y-147.910 E10669.35206
G1 X-113.848 Y-146.323 E10715.16787
G1 X-87.955 Y-142.570 E10762.61409
G1 X-60.982 Y-136.525 E10812.74207
G1 X-32.940 Y-128.071 E10865.85466
G1 X-4.133 Y-117.206 E10921.68600
G1 X21.483 Y-106.224 E10972.22775
G1 X21.483 Y-126.880 E11009.68477
G1 X77.432 Y-126.880 E11111.14436
G1 X77.432 Y11.604 E11362.27427
G1 X124.846 Y11.604 E11448.25559
G1 X124.846 Y-169.606 E11776.86680
G1 X85.069 Y-169.606 E11848.99990
G1 X85.069 Y-220.967 E11942.14017
G1 X241.869 Y-220.967 E12226.48626
G1 X241.869 Y-169.992 E12318.92689
G1 X202.049 Y-169.992 E12391.13758
G1 X202.049 Y11.604 E12720.44842
G1 X311.634 Y11.604 E12919.17301
G1 X317.663 Y-22.662 E12982.26596
G1 X360.507 Y-22.662 E13059.96065
G1 X360.507 Y71.438 E13230.60375
G1 X-65.211 Y71.438 E14002.61389
G1 X-65.211 Y-22.662 E14173.25699
G1 X-23.140 Y-22.662 E14249.54959
G1 X-18.551 Y-24.882 F7800.000
G1 X-9.221 Y3.960 F7800.000
G1 F3600
G1 X24.117 Y3.960 E14310.00545
G1 X21.941 Y-7.990 E14332.03301
G1 X18.158 Y-18.593 E14352.44724
G1 X10.843 Y-32.573 E14381.05926
G1 X1.468 Y-45.347 E14409.79355
G1 X-9.858 Y-56.843 E14439.05868
G1 X-22.921 Y-66.825 E14468.87208
G1 X-38.504 Y-75.743 E14501.43105
G1 X-55.161 Y-82.590 E14534.09054
G1 X-72.793 Y-87.356 E14567.21236
G1 X-91.380 Y-90.074 E14601.27735
G1 X-110.841 Y-90.785 E14636.59101
G1 X-133.312 Y-89.317 E14677.42788
G1 X-155.381 Y-85.442 E14718.06123
G1 X-176.368 Y-79.251 E14757.73975
G1 X-195.842 Y-70.910 E14796.15807
G1 X-211.594 Y-61.877 E14829.08735
G1 X-224.892 Y-51.989 E14859.13727
G1 X-235.985 Y-41.232 E14887.15992
G1 X-245.707 Y-28.561 E14916.12143
G1 X-253.447 Y-14.461 E14945.28876
G1 X-258.905 Y0.624 E14974.38115
G1 X-261.780 Y15.999 E15002.74613
G1 X-262.168 Y31.069 E15030.08352
G1 X-260.479 Y46.565 E15058.34973
G1 X-256.461 Y63.312 E15089.58120
G1 X-250.387 Y78.612 E15119.43249
G1 X-242.136 Y92.708 E15149.05200
G1 X-232.105 Y105.382 E15178.36313
G1 X-219.897 Y117.313 E15209.31782
G1 X-205.703 Y128.084 E15241.63080
G1 X-201.942 Y130.507 E15249.74452
G1 X-185.583 Y139.328 E15283.44801
G1 X-167.932 Y146.194 E15317.79274
G1 X-149.192 Y151.009 E15352.88094
G1 X-131.450 Y153.489 E15385.36758
G1 X-111.568 Y153.991 E15421.43310
G1 X-91.899 Y152.115 E15457.26271
G1 X-72.588 Y148.076 E15493.04065
G1 X-52.577 Y141.758 E15531.09468
G1 X-31.887 Y132.829 E15571.95983
G1 X-12.570 Y121.829 E15612.27123
G1 X4.748 Y109.132 E15651.21248
G1 X8.573 Y105.830 E15660.37550
G1 X75.917 Y105.830 E15782.49946
G1 X75.917 Y228.611 E16005.15495
G1 X9.595 Y228.611 E16125.42545
G1 X9.595 Y187.138 E16200.63374
G1 X-19.599 Y202.107 E16260.12825
G1 X-40.721 Y210.627 E16301.43009
G1 X-64.045 Y217.871 E16345.72043
G1 X-89.297 Y223.374 E16392.58703
G1 X-114.340 Y226.490 E16438.35199
G1 X-139.515 Y227.359 E16484.03059
G1 X-161.930 Y226.188 E16524.73454
G1 X-185.510 Y222.694 E16567.96238
G1 X-207.899 Y217.071 E16609.82413
G1 X-229.639 Y209.347 E16651.66251
G1 X-250.979 Y199.450 E16694.32139
G1 X-271.611 Y187.399 E16737.64994
G1 X-290.793 Y173.547 E16780.55667
G1 X-308.375 Y158.024 E16823.08902
G1 X-324.193 Y140.971 E16865.26806
G1 X-329.024 Y134.980 E16879.22547
G1 X-341.674 Y116.804 E16919.38351
G1 X-351.870 Y98.090 E16958.03060
G1 X-359.519 Y79.180 E16995.02149
G1 X-364.672 Y60.276 E17030.55314
G1 X-367.530 Y41.256 E17065.43102
G1 X-368.142 Y22.290 E17099.84270
G1 X-366.500 Y3.536 E17133.98227
G1 X-362.660 Y-14.467 E17167.36377
G1 X-356.758 Y-31.735 E17200.45593
G1 X-348.730 Y-48.593 E17234.31582
G1 X-338.642 Y-64.748 E17268.85479
G1 X-326.246 Y-80.398 E17305.05841
G1 X-312.151 Y-94.745 E17341.53198
G1 X-296.057 Y-108.100 E17379.45668
G1 X-278.137 Y-120.193 E17418.66057
G1 X-258.652 Y-130.741 E17458.84168
G1 X-237.912 Y-139.512 E17499.67644
G1 X-215.384 Y-146.619 E17542.51314
G1 X-192.255 Y-151.638 E17585.43325
G1 X-168.134 Y-154.667 E17629.51709
G1 X-143.292 Y-155.601 E17674.59965
G1 X-117.995 Y-154.396 E17720.52547
G1 X-92.093 Y-151.056 E17767.88509
G1 X-65.287 Y-145.500 E17817.52895
G1 X-37.576 Y-137.645 E17869.76112
G1 X-8.941 Y-127.394 E17924.91649
G1 X13.839 Y-117.994 E17969.60556
G1 X13.839 Y-134.523 E17999.58028
G1 X85.076 Y-134.523 E18128.76287
G1 X85.076 Y3.960 E18379.89282
G1 X117.202 Y3.960 E18438.15114
G1 X117.202 Y-161.962 E18739.03936
G1 X77.425 Y-161.962 E18811.17247
G1 X77.425 Y-228.611 E18932.03574
G1 X249.513 Y-228.611 E19244.10483
G1 X249.513 Y-162.348 E19364.26847
G1 X209.693 Y-162.348 E19436.47916
G1 X209.693 Y3.960 E19738.06702
G1 X305.218 Y3.960 E19911.29454
G1 X311.247 Y-30.306 E19974.38751
G1 X368.151 Y-30.306 E20077.57928
G1 X368.151 Y79.082 E20275.94538
G1 X-72.855 Y79.082 E21075.67852
G1 X-72.855 Y-30.306 E21274.04462
G1 X-16.226 Y-30.306 E21376.73712
G1 X-9.356 Y3.299 E21438.93676
G1 X-6.073 Y0.104 F7800.000
G1 F1800
G1 X19.495 Y0.104 E21485.30318
G1 X18.203 Y-6.990 E21498.37961
G1 X14.616 Y-17.044 E21517.73616
G1 X7.562 Y-30.526 E21545.33096
G1 X-1.475 Y-42.840 E21573.02872
G1 X-12.415 Y-53.943 E21601.29497
G1 X-25.059 Y-63.605 E21630.15222
G1 X-40.202 Y-72.271 E21661.79221
G1 X-56.402 Y-78.931 E21693.55606
G1 X-73.578 Y-83.574 E21725.82066
G1 X-91.731 Y-86.228 E21759.08946
G1 X-110.785 Y-86.924 E21793.66681
G1 X-132.852 Y-85.483 E21833.76760
G1 X-154.500 Y-81.682 E21873.62515
G1 X-175.058 Y-75.617 E21912.49555
G1 X-194.118 Y-67.453 E21950.09548
G1 X-209.477 Y-58.646 E21982.20328
G1 X-222.389 Y-49.045 E22011.38010
G1 X-233.098 Y-38.660 E22038.43270
G1 X-242.468 Y-26.447 E22066.34785
G1 X-249.923 Y-12.868 E22094.43855
G1 X-255.172 Y1.641 E22122.41967
G1 X-257.933 Y16.406 E22149.65831
G1 X-258.306 Y30.909 E22175.96785
G1 X-256.672 Y45.903 E22203.31962
G1 X-252.776 Y62.145 E22233.60781
G1 X-246.911 Y76.916 E22262.42890
G1 X-238.945 Y90.526 E22291.02690
G1 X-229.234 Y102.796 E22319.40218
G1 X-217.374 Y114.387 E22349.47421
G1 X-203.490 Y124.923 E22381.08104
G1 X-199.979 Y127.184 E22388.65390
G1 X-183.962 Y135.821 E22421.65318
G1 X-166.749 Y142.517 E22455.14703
G1 X-148.443 Y147.220 E22489.42261
G1 X-131.133 Y149.639 E22521.11739
G1 X-111.703 Y150.130 E22556.36408
G1 X-92.479 Y148.297 E22591.38368
G1 X-73.565 Y144.341 E22626.42395
G1 X-53.925 Y138.140 E22663.77373
G1 X-33.610 Y129.373 E22703.89760
G1 X-14.671 Y118.588 E22743.42068
G1 X2.345 Y106.113 E22781.68104
G1 X7.139 Y101.974 E22793.16677
G1 X79.773 Y101.974 E22924.88487
G1 X79.773 Y232.467 E23161.52622
G1 X5.739 Y232.467 E23295.78259
G1 X5.739 Y193.449 E23366.53980
G1 X-17.995 Y205.618 E23414.90639
G1 X-39.425 Y214.263 E23456.81237
G1 X-63.061 Y221.603 E23501.69336
G1 X-88.647 Y227.180 E23549.18044
G1 X-114.035 Y230.338 E23595.57553
G1 X-139.549 Y231.218 E23641.86974
G1 X-162.314 Y230.029 E23683.20903
G1 X-186.264 Y226.481 E23727.11534
G1 X-209.017 Y220.766 E23769.65703
G1 X-231.099 Y212.920 E23812.15380
G1 X-252.767 Y202.871 E23855.46779
G1 X-273.717 Y190.635 E23899.46530
G1 X-293.204 Y176.563 E23943.05329
G1 X-311.071 Y160.787 E23986.27687
G1 X-327.111 Y143.496 E24029.04666
G1 X-332.111 Y137.295 E24043.49314
G1 X-344.960 Y118.834 E24084.28024
G1 X-355.362 Y99.740 E24123.71017
G1 X-363.179 Y80.414 E24161.51571
G1 X-368.452 Y61.072 E24197.87082
G1 X-371.377 Y41.606 E24233.56728
G1 X-372.004 Y22.184 E24268.80664
G1 X-370.321 Y2.963 E24303.79504
G1 X-366.383 Y-15.497 E24338.02386
G1 X-360.335 Y-33.192 E24371.93600
G1 X-352.117 Y-50.449 E24406.59677
G1 X-341.799 Y-66.973 E24441.92494
G1 X-329.141 Y-82.953 E24478.89288
G1 X-314.764 Y-97.587 E24516.09522
G1 X-298.372 Y-111.189 E24554.72185
G1 X-280.138 Y-123.495 E24594.61333
G1 X-260.324 Y-134.221 E24635.47179
G1 X-239.246 Y-143.135 E24676.97337
G1 X-216.375 Y-150.350 E24720.46228
G1 X-192.905 Y-155.443 E24764.01458
G1 X-168.448 Y-158.514 E24808.71448
G1 X-143.272 Y-159.461 E24854.40063
G1 X-117.656 Y-158.240 E24900.90668
G1 X-91.455 Y-154.861 E24948.81465
G1 X-64.369 Y-149.248 E24998.97605
G1 X-36.399 Y-141.320 E25051.69590
G1 X-7.555 Y-130.994 E25107.25403
G1 X9.983 Y-123.757 E25141.65900
G1 X9.983 Y-138.380 E25168.17617
G1 X88.932 Y-138.380 E25311.34463
G1 X88.932 Y0.104 E25562.47458
G1 X113.346 Y0.104 E25606.74703
G1 X113.346 Y-158.106 E25893.64938
G1 X73.569 Y-158.106 E25965.78249
G1 X73.569 Y-232.467 E26100.63163
G1 X253.369 Y-232.467 E26426.68659
G1 X253.369 Y-158.492 E26560.83610
G1 X213.549 Y-158.492 E26633.04679
G1 X213.549 Y0.104 E26920.64878
G1 X301.981 Y0.104 E27081.01344
G1 X308.010 Y-34.162 E27144.10642
G1 X372.007 Y-34.162 E27260.16104
G1 X372.007 Y82.938 E27472.51301
G1 X-76.711 Y82.938 E28286.23202
G1 X-76.711 Y-34.162 E28498.58399
G1 X-13.078 Y-34.162 E28613.97735
G1 X-6.208 Y-0.557 E28676.17699
G1 X-4.433 Y4.294 F7800.000
G1 Z8.400 F7800.000
G1 X-19.318 Y-26.518 F7800.000
G1 F3600
G1 X-12.312 Y7.748 E28739.60066
G1 X27.733 Y7.748 E28812.22009
G1 X26.867 Y-0.894 E28827.96874
G1 X25.435 Y-9.419 E28843.64540
G1 X21.414 Y-20.536 E28865.08434
G1 X14.347 Y-34.049 E28892.73820
G1 X5.533 Y-46.347 E28920.17602
G1 X-5.227 Y-57.728 E28948.57807
G1 X-17.839 Y-67.905 E28977.96526
G1 X-31.718 Y-76.483 E29007.55358
G1 X-47.455 Y-83.787 E29039.01553
G1 X-64.300 Y-89.242 E29071.12575
G1 X-82.158 Y-92.806 E29104.14695
G1 X-100.806 Y-94.439 E29138.09458
G1 X-122.198 Y-94.122 E29176.89065
G1 X-143.834 Y-91.609 E29216.38967
G1 X-164.843 Y-86.895 E29255.43626
G1 X-184.767 Y-80.068 E29293.62919
G1 X-200.468 Y-72.769 E29325.02695
G1 X-215.529 Y-63.785 E29356.82990
G1 X-228.211 Y-54.101 E29385.76507
G1 X-238.873 Y-43.639 E29412.85391
G1 X-248.436 Y-31.245 E29441.24261
G1 X-255.968 Y-17.943 E29468.96227
G1 X-261.688 Y-3.296 E29497.47818
G1 X-262.505 Y-0.480 E29502.79408
G1 X-265.368 Y14.295 E29530.08593
G1 X-266.003 Y29.011 E29556.79821
G1 X-264.698 Y43.982 E29584.04934
G1 X-261.356 Y60.006 E29613.73359
G1 X-256.413 Y74.391 E29641.31750
G1 X-249.166 Y88.747 E29670.47903
G1 X-247.499 Y91.439 E29676.22095
G1 X-237.884 Y104.475 E29705.59600
G1 X-226.528 Y116.417 E29735.48055
G1 X-213.246 Y127.415 E29766.75141
G1 X-198.119 Y137.154 E29799.37611
G1 X-181.872 Y145.071 E29832.15171
G1 X-166.599 Y150.559 E29861.58124
G1 X-148.130 Y155.046 E29896.04906
G1 X-129.133 Y157.447 E29930.77251
G1 X-109.536 Y157.677 E29966.31286
G1 X-90.374 Y155.691 E30001.24786
G1 X-70.332 Y151.380 E30038.42347
G1 X-50.474 Y145.000 E30076.24782
G1 X-30.234 Y136.217 E30116.25890
G1 X-11.299 Y125.494 E30155.71936
G1 X4.506 Y114.199 E30190.94640
G1 X10.106 Y109.617 E30204.06846
G1 X72.130 Y109.617 E30316.54322
G1 X72.130 Y224.824 E30525.46152
G1 X13.383 Y224.824 E30631.99488
G1 X13.383 Y180.008 E30713.26490
G1 X2.219 Y186.443 E30736.63113
G1 X-18.443 Y197.416 E30779.05786
G1 X-40.318 Y206.469 E30821.98869
G1 X-63.718 Y213.874 E30866.49687
G1 X-89.587 Y219.595 E30914.54130
G1 X-115.007 Y222.755 E30960.99495
G1 X-140.326 Y223.574 E31006.93174
G1 X-162.964 Y222.292 E31048.05085
G1 X-186.981 Y218.542 E31092.13094
G1 X-209.468 Y212.632 E31134.29509
G1 X-222.111 Y208.249 E31158.56004
G1 X-244.049 Y198.731 E31201.92572
G1 X-265.426 Y186.864 E31246.26452
G1 X-285.112 Y173.211 E31289.70947
G1 X-303.193 Y157.771 E31332.82565
G1 X-319.197 Y141.022 E31374.83529
G1 X-333.290 Y122.758 E31416.67013
G1 X-344.818 Y103.753 E31456.97939
G1 X-352.915 Y86.247 E31491.95515
G1 X-359.245 Y66.925 E31528.82729
G1 X-363.027 Y47.614 E31564.51208
G1 X-364.427 Y28.133 E31599.92978
G1 X-363.383 Y8.599 E31635.40442
G1 X-359.929 Y-10.082 E31669.85622
G1 X-354.172 Y-28.049 E31704.06977
G1 X-346.154 Y-45.440 E31738.79727
G1 X-336.047 Y-61.887 E31773.80353
G1 X-323.771 Y-77.506 E31809.82963
G1 X-309.010 Y-92.507 E31847.99389
G1 X-292.665 Y-105.922 E31886.33957
G1 X-274.277 Y-118.108 E31926.34198
G1 X-254.399 Y-128.578 E31967.08418
G1 X-233.043 Y-137.252 E32008.88470
G1 X-212.464 Y-143.479 E32047.87439
G1 X-189.022 Y-148.347 E32091.29205
G1 X-164.448 Y-151.158 E32136.14583
G1 X-138.988 Y-151.769 E32182.32797
G1 X-113.450 Y-150.162 E32228.73132
G1 X-87.256 Y-146.365 E32276.72899
G1 X-60.002 Y-140.257 E32327.37774
G1 X-31.701 Y-131.725 E32380.98068
G1 X-2.692 Y-120.784 E32437.20440
G1 X17.627 Y-112.073 E32477.29485
G1 X17.627 Y-130.736 E32511.13842
G1 X81.288 Y-130.736 E32626.58388
G1 X81.288 Y7.748 E32877.71380
G1 X120.990 Y7.748 E32949.70925
G1 X120.990 Y-165.750 E33264.33458
G1 X81.213 Y-165.750 E33336.46769
G1 X81.213 Y-224.824 E33443.59382
G1 X245.725 Y-224.824 E33741.92578
G1 X245.725 Y-166.136 E33848.35229
G1 X205.905 Y-166.136 E33920.56298
G1 X205.905 Y7.748 E34235.88794
G1 X308.397 Y7.748 E34421.74968
G1 X314.426 Y-26.518 E34484.84262
G1 X364.363 Y-26.518 E34575.40018
G1 X364.363 Y75.294 E34760.02914
G1 X-69.067 Y75.294 E35546.02515
G1 X-69.067 Y-26.518 E35730.65412
G1 X-19.993 Y-26.518 E35819.64759
G1 X-22.465 Y-22.662 F7800.000
G1 F1800
G1 X-15.460 Y11.604 E35883.07126
G1 X31.995 Y11.604 E35969.12716
G1 X30.691 Y-1.406 E35992.83736
G1 X29.180 Y-10.402 E36009.38022
G1 X24.951 Y-22.093 E36031.92423
G1 X17.639 Y-36.076 E36060.54037
G1 X8.515 Y-48.807 E36088.94317
G1 X-2.604 Y-60.566 E36118.29057
G1 X-15.605 Y-71.058 E36148.58760
G1 X-29.886 Y-79.884 E36179.03159
G1 X-46.044 Y-87.384 E36211.33507
G1 X-63.326 Y-92.980 E36244.27694
G1 X-81.610 Y-96.629 E36278.08865
G1 X-100.666 Y-98.298 E36312.77759
G1 X-122.449 Y-97.975 E36352.28388
G1 X-144.480 Y-95.416 E36392.50349
G1 X-165.893 Y-90.611 E36432.30070
G1 X-186.209 Y-83.650 E36471.24406
G1 X-202.273 Y-76.183 E36503.36898
G1 X-217.694 Y-66.983 E36535.93131
G1 X-230.741 Y-57.021 E36565.69990
G1 X-241.763 Y-46.205 E36593.70435
G1 X-251.656 Y-33.383 E36623.07232
G1 X-259.459 Y-19.603 E36651.78969
G1 X-265.343 Y-4.537 E36681.12049
G1 X-266.257 Y-1.386 E36687.06937
G1 X-269.208 Y13.842 E36715.19924
G1 X-269.866 Y29.096 E36742.88646
G1 X-268.519 Y44.545 E36771.00833
G1 X-265.082 Y61.030 E36801.54682
G1 X-259.974 Y75.894 E36830.04773
G1 X-252.533 Y90.634 E36859.99124
G1 X-250.696 Y93.602 E36866.32104
G1 X-240.844 Y106.958 E36896.41678
G1 X-229.164 Y119.241 E36927.15426
G1 X-215.528 Y130.533 E36959.26011
G1 X-200.014 Y140.520 E36992.71870
G1 X-183.373 Y148.629 E37026.28892
G1 X-167.710 Y154.258 E37056.47132
G1 X-148.829 Y158.845 E37091.70648
G1 X-129.398 Y161.301 E37127.22307
G1 X-109.359 Y161.535 E37163.56495
G1 X-89.768 Y159.505 E37199.28256
G1 X-69.334 Y155.110 E37237.18466
G1 X-49.113 Y148.614 E37275.70032
G1 X-28.511 Y139.673 E37316.42690
G1 X-9.222 Y128.749 E37356.62597
G1 X6.850 Y117.263 E37392.44906
G1 X11.483 Y113.474 E37403.30316
G1 X68.273 Y113.474 E37506.28904
G1 X68.273 Y220.967 E37701.22147
G1 X17.239 Y220.967 E37793.76897
G1 X17.239 Y173.334 E37880.14867
G1 X0.352 Y183.069 E37915.49609
G1 X-20.089 Y193.924 E37957.46612
G1 X-41.639 Y202.842 E37999.76111
G1 X-64.718 Y210.145 E38043.65799
G1 X-90.242 Y215.790 E38091.06294
G1 X-115.308 Y218.907 E38136.86806
G1 X-140.279 Y219.714 E38182.17416
G1 X-162.557 Y218.453 E38222.63827
G1 X-186.191 Y214.762 E38266.01687
G1 X-208.345 Y208.940 E38307.55530
G1 X-220.710 Y204.653 E38331.28743
G1 X-242.341 Y195.269 E38374.04763
G1 X-263.386 Y183.586 E38417.69686
G1 X-282.755 Y170.153 E38460.44191
G1 X-300.540 Y154.965 E38502.85214
G1 X-316.268 Y138.505 E38544.13805
G1 X-330.105 Y120.573 E38585.21188
G1 X-341.409 Y101.938 E38624.73711
G1 X-349.320 Y84.833 E38658.91244
G1 X-355.506 Y65.950 E38694.94522
G1 X-359.198 Y47.103 E38729.77288
G1 X-360.563 Y28.098 E38764.32652
G1 X-359.546 Y9.054 E38798.90980
G1 X-356.182 Y-9.140 E38832.46286
G1 X-350.572 Y-26.649 E38865.80403
G1 X-342.748 Y-43.617 E38899.68802
G1 X-332.878 Y-59.679 E38933.87484
G1 X-320.871 Y-74.955 E38969.10888
G1 X-306.405 Y-89.656 E39006.51214
G1 X-290.370 Y-102.816 E39044.12923
G1 X-272.309 Y-114.787 E39083.42309
G1 X-252.771 Y-125.077 E39123.46727
G1 X-231.756 Y-133.613 E39164.59960
G1 X-211.511 Y-139.738 E39202.95584
G1 X-188.409 Y-144.536 E39245.74395
G1 X-164.182 Y-147.307 E39289.96519
G1 X-139.063 Y-147.910 E39335.52906
G1 X-113.848 Y-146.323 E39381.34486
G1 X-87.955 Y-142.570 E39428.79109
G1 X-60.982 Y-136.525 E39478.91906
G1 X-32.940 Y-128.071 E39532.03166
G1 X-4.133 Y-117.206 E39587.86300
G1 X21.483 Y-106.224 E39638.40474
G1 X21.483 Y-126.880 E39675.86176
G1 X77.432 Y-126.880 E39777.32135
G1 X77.432 Y11.604 E40028.45127
G1 X124.846 Y11.604 E40114.43259
G1 X124.846 Y-169.606 E40443.04379
G1 X85.069 Y-169.606 E40515.17690
G1 X85.069 Y-220.967 E40608.31716
G1 X241.869 Y-220.967 E40892.66325
G1 X241.869 Y-169.992 E40985.10389
G1 X202.049 Y-169.992 E41057.31458
G1 X202.049 Y11.604 E41386.62541
G1 X311.634 Y11.604 E41585.35000
G1 X317.663 Y-22.662 E41648.44295
G1 X360.507 Y-22.662 E41726.13765
G1 X360.507 Y71.438 E41896.78075
G1 X-65.211 Y71.438 E42668.79089
G1 X-65.211 Y-22.662 E42839.43398
G1 X-23.140 Y-22.662 E42915.72659
G1 X-18.551 Y-24.882 F7800.000
G1 X-9.221 Y3.960 F7800.000
G1 F3600
G1 X24.117 Y3.960 E42976.18244
G1 X21.941 Y-7.990 E42998.21000
G1 X18.158 Y-18.593 E43018.62423
G1 X10.843 Y-32.573 E43047.23625
G1 X1.468 Y-45.347 E43075.97054
G1 X-9.858 Y-56.843 E43105.23567
G1 X-22.921 Y-66.825 E43135.04907
G1 X-38.504 Y-75.743 E43167.60804
G1 X-55.161 Y-82.590 E43200.26753
G1 X-72.793 Y-87.356 E43233.38935
G1 X-91.380 Y-90.074 E43267.45434
G1 X-110.841 Y-90.785 E43302.76799
G1 X-133.312 Y-89.317 E43343.60487
G1 X-155.381 Y-85.442 E43384.23822
G1 X-176.368 Y-79.251 E43423.91674
G1 X-195.842 Y-70.910 E43462.33505
G1 X-211.594 Y-61.877 E43495.26435
G1 X-224.892 Y-51.989 E43525.31426
G1 X-235.985 Y-41.232 E43553.33691
G1 X-245.707 Y-28.561 E43582.29842
G1 X-253.447 Y-14.461 E43611.46575
G1 X-258.905 Y0.624 E43640.55814
G1 X-261.780 Y15.999 E43668.92312
G1 X-262.168 Y31.069 E43696.26051
G1 X-260.479 Y46.565 E43724.52672
G1 X-256.461 Y63.312 E43755.75819
G1 X-250.387 Y78.612 E43785.60948
G1 X-242.136 Y92.708 E43815.22898
G1 X-232.105 Y105.382 E43844.54012
G1 X-219.897 Y117.313 E43875.49481
G1 X-205.703 Y128.084 E43907.80779
G1 X-201.942 Y130.507 E43915.92151
G1 X-185.583 Y139.328 E43949.62500
G1 X-167.932 Y146.194 E43983.96973
G1 X-149.192 Y151.009 E44019.05792
G1 X-131.450 Y153.489 E44051.54457
G1 X-111.568 Y153.991 E44087.61008
G1 X-91.899 Y152.115 E44123.43970
G1 X-72.588 Y148.076 E44159.21764
G1 X-52.577 Y141.758 E44197.27167
G1 X-31.887 Y132.829 E44238.13682
G1 X-12.570 Y121.829 E44278.44822
G1 X4.748 Y109.132 E44317.38947
G1 X8.573 Y105.830 E44326.55249
G1 X75.917 Y105.830 E44448.67644
G1 X75.917 Y228.611 E44671.33193
G1 X9.595 Y228.611 E44791.60243
G1 X9.595 Y187.138 E44866.81073
G1 X-19.599 Y202.107 E44926.30524
G1 X-40.721 Y210.627 E44967.60708
G1 X-64.045 Y217.871 E45011.89742
G1 X-89.297 Y223.374 E45058.76401
G1 X-114.340 Y226.490 E45104.52897
G1 X-139.515 Y227.359 E45150.20758
G1 X-161.930 Y226.188 E45190.91152
G1 X-185.510 Y222.694 E45234.13937
G1 X-207.899 Y217.071 E45276.00112
G1 X-229.639 Y209.347 E45317.83950
G1 X-250.979 Y199.450 E45360.49838
G1 X-271.611 Y187.399 E45403.82692
G1 X-290.793 Y173.547 E45446.73365
G1 X-308.375 Y158.024 E45489.26601
G1 X-324.193 Y140.971 E45531.44505
G1 X-329.024 Y134.980 E45545.40245
G1 X-341.674 Y116.804 E45585.56050
G1 X-351.870 Y98.090 E45624.20759
G1 X-359.519 Y79.180 E45661.19848
G1 X-364.672 Y60.276 E45696.73013
G1 X-367.530 Y41.256 E45731.60801
G1 X-368.142 Y22.290 E45766.01969
G1 X-366.500 Y3.536 E45800.15925
G1 X-362.660 Y-14.467 E45833.54076
G1 X-356.758 Y-31.735 E45866.63292
G1 X-348.730 Y-48.593 E45900.49281
G1 X-338.642 Y-64.748 E45935.03178
G1 X-326.246 Y-80.398 E45971.23539
G1 X-312.151 Y-94.745 E46007.70897
G1 X-296.057 Y-108.100 E46045.63366
G1 X-278.137 Y-120.193 E46084.83756
G1 X-258.652 Y-130.741 E46125.01867
G1 X-237.912 Y-139.512 E46165.85343
G1 X-215.384 Y-146.619 E46208.69013
G1 X-192.255 Y-151.638 E46251.61024
G1 X-168.134 Y-154.667 E46295.69408
G1 X-143.292 Y-155.601 E46340.77664
G1 X-117.995 Y-154.396 E46386.70245
G1 X-92.093 Y-151.056 E46434.06207
G1 X-65.287 Y-145.500 E46483.70593
G1 X-37.576 Y-137.645 E46535.93810
G1 X-8.941 Y-127.394 E46591.09348
G1 X13.839 Y-117.994 E46635.78255
G1 X13.839 Y-134.523 E46665.75728
G1 X85.076 Y-134.523 E46794.93986
G1 X85.076 Y3.960 E47046.06981
G1 X117.202 Y3.960 E47104.32813
G1 X117.202 Y-161.962 E47405.21636
G1 X77.425 Y-161.962 E47477.34946
G1 X77.425 Y-228.611 E47598.21273
G1 X249.513 Y-228.611 E47910.28182
G1 X249.513 Y-162.348 E48030.44546
G1 X209.693 Y-162.348 E48102.65615
G1 X209.693 Y3.960 E48404.24401
G1 X305.218 Y3.960 E48577.47153
G1 X311.247 Y-30.306 E48640.56451
G1 X368.151 Y-30.306 E48743.75627
G1 X368.151 Y79.082 E48942.12237
G1 X-72.855 Y79.082 E49741.85551
G1 X-72.855 Y-30.306 E49940.22161
G1 X-16.226 Y-30.306 E50042.91411
G1 X-9.356 Y3.299 E50105.11375
G1 X-6.073 Y0.104 F7800.000
G1 F1800
G1 X19.495 Y0.104 E50151.48016
G1 X18.203 Y-6.990 E50164.55660
G1 X14.616 Y-17.044 E50183.91314
G1 X7.562 Y-30.526 E50211.50795
G1 X-1.475 Y-42.840 E50239.20571
G1 X-12.415 Y-53.943 E50267.47196
G1 X-25.059 Y-63.605 E50296.32921
G1 X-40.202 Y-72.271 E50327.96919
G1 X-56.402 Y-78.931 E50359.73304
G1 X-73.578 Y-83.574 E50391.99765
G1 X-91.731 Y-86.228 E50425.26645
G1 X-110.785 Y-86.924 E50459.84379
G1 X-132.852 Y-85.483 E50499.94459
G1 X-154.500 Y-81.682 E50539.80214
G1 X-175.058 Y-75.617 E50578.67254
G1 X-194.118 Y-67.453 E50616.27246
G1 X-209.477 Y-58.645 E50648.38027
G1 X-222.389 Y-49.045 E50677.55709
G1 X-233.098 Y-38.660 E50704.60969
G1 X-242.468 Y-26.447 E50732.52484
G1 X-249.923 Y-12.868 E50760.61554
G1 X-255.172 Y1.641 E50788.59665
G1 X-257.933 Y16.406 E50815.83529
G1 X-258.306 Y30.909 E50842.14484
G1 X-256.672 Y45.903 E50869.49660
G1 X-252.776 Y62.145 E50899.78480
G1 X-246.911 Y76.916 E50928.60589
G1 X-238.945 Y90.526 E50957.20388
G1 X-229.234 Y102.796 E50985.57917
G1 X-217.374 Y114.387 E51015.65120
G1 X-203.490 Y124.923 E51047.25803
G1 X-199.979 Y127.184 E51054.83089
G1 X-183.962 Y135.821 E51087.83017
G1 X-166.749 Y142.517 E51121.32402
G1 X-148.443 Y147.220 E51155.59960
G1 X-131.133 Y149.639 E51187.29438
G1 X-111.703 Y150.130 E51222.54106
G1 X-92.479 Y148.297 E51257.56067
G1 X-73.565 Y144.341 E51292.60094
G1 X-53.925 Y138.140 E51329.95072
G1 X-33.610 Y129.373 E51370.07459
G1 X-14.671 Y118.588 E51409.59767
G1 X2.345 Y106.113 E51447.85803
G1 X7.139 Y101.974 E51459.34376
G1 X79.773 Y101.974 E51591.06185
G1 X79.773 Y232.467 E51827.70321
G1 X5.739 Y232.467 E51961.95958
G1 X5.739 Y193.449 E52032.71678
G1 X-17.995 Y205.618 E52081.08338
G1 X-39.425 Y214.263 E52122.98936
G1 X-63.061 Y221.603 E52167.87035
G1 X-88.647 Y227.180 E52215.35742
G1 X-114.035 Y230.338 E52261.75251
G1 X-139.549 Y231.218 E52308.04673
G1 X-162.314 Y230.029 E52349.38602
G1 X-186.264 Y226.481 E52393.29232
G1 X-209.017 Y220.766 E52435.83402
G1 X-231.099 Y212.920 E52478.33078
G1 X-252.767 Y202.871 E52521.64477
G1 X-273.717 Y190.635 E52565.64228
G1 X-293.204 Y176.563 E52609.23027
G1 X-311.071 Y160.787 E52652.45385
G1 X-327.111 Y143.496 E52695.22364
G1 X-332.111 Y137.295 E52709.67012
G1 X-344.960 Y118.834 E52750.45723
G1 X-355.362 Y99.740 E52789.88716
G1 X-363.179 Y80.414 E52827.69270
G1 X-368.452 Y61.072 E52864.04781
G1 X-371.377 Y41.606 E52899.74427
G1 X-372.004 Y22.184 E52934.98363
G1 X-370.321 Y2.963 E52969.97203
G1 X-366.383 Y-15.497 E53004.20085
G1 X-360.335 Y-33.192 E53038.11299
G1 X-352.117 Y-50.449 E53072.77376
G1 X-341.799 Y-66.973 E53108.10192
G1 X-329.141 Y-82.953 E53145.06987
G1 X-314.764 Y-97.587 E53182.27220
G1 X-298.372 Y-111.189 E53220.89884
G1 X-280.138 Y-123.495 E53260.79032
G1 X-260.324 Y-134.221 E53301.64878
G1 X-239.246 Y-143.135 E53343.15036
G1 X-216.375 Y-150.350 E53386.63927
G1 X-192.905 Y-155.443 E53430.19157
G1 X-168.448 Y-158.514 E53474.89146
G1 X-143.272 Y-159.461 E53520.57762
G1 X-117.656 Y-158.240 E53567.08367
G1 X-91.455 Y-154.861 E53614.99163
G1 X-64.369 Y-149.248 E53665.15304
G1 X-36.399 Y-141.320 E53717.87288
G1 X-7.555 Y-130.994 E53773.43102
G1 X9.983 Y-123.757 E53807.83599
G1 X9.983 Y-138.380 E53834.35316
G1 X88.932 Y-138.380 E53977.52162
G1 X88.932 Y0.104 E54228.65157
G1 X113.346 Y0.104 E54272.92401
G1 X113.346 Y-158.106 E54559.82637
G1 X73.569 Y-158.106 E54631.95948
G1 X73.569 Y-232.467 E54766.80862
G1 X253.369 Y-232.467 E55092.86358
G1 X253.369 Y-158.492 E55227.01309
G1 X213.549 Y-158.492 E55299.22377
G1 X213.549 Y0.104 E55586.82577
G1 X301.981 Y0.104 E55747.19043
G1 X308.010 Y-34.162 E55810.28340
G1 X372.007 Y-34.162 E55926.33803
G1 X372.007 Y82.938 E56138.69000
G1 X-76.711 Y82.938 E56952.40901
G1 X-76.711 Y-34.162 E57164.76098
G1 X-13.078 Y-34.162 E57280.15434
G1 X-6.208 Y-0.557 E57342.35398
G1 X-4.433 Y4.294 F7800.000
G1 E57332.35398 F2400.00000
G92 E0
T1
G92 E0
G1 X-25.428 Y23.816 F7800.000
G1 E10.00000 F2400.00000
G1 F3600
G1 X45.492 Y23.816 E138.60857
G1 X42.847 Y-2.583 E186.72069
G1 X41.116 Y-13.230 E206.28297
G1 X36.440 Y-26.359 E231.55649
G1 X28.678 Y-41.487 E262.38992
G1 X18.994 Y-55.320 E293.01046
G1 X7.297 Y-68.056 E324.36993
G1 X-6.042 Y-79.246 E355.94235
G1 X-20.844 Y-88.856 E387.94687
G1 X-37.541 Y-97.127 E421.73765
G1 X-55.545 Y-103.524 E456.38497
G1 X-74.354 Y-107.866 E491.39126
G1 X-94.030 Y-110.200 E527.32195
G1 X-115.814 Y-110.536 E566.83082
G1 X-137.894 Y-108.759 E607.00128
G1 X-160.419 Y-104.659 E648.51951
G1 X-181.877 Y-98.371 E689.06879
G1 X-202.146 Y-89.945 E728.87380
G1 X-220.295 Y-79.894 E766.49659
G1 X-234.768 Y-69.588 E798.71549
G1 X-247.190 Y-58.326 E829.12214
G1 X-258.659 Y-44.752 E861.34853
G1 X-267.775 Y-30.264 E892.38973
G1 X-274.921 Y-14.407 E923.93027
G1 X-279.212 Y-0.049 E951.10411
G1 X-281.766 Y16.480 E981.43502
G1 X-281.959 Y32.987 E1011.37140
G1 X-280.102 Y49.639 E1041.75589
G1 X-275.969 Y67.451 E1074.91365
G1 X-269.469 Y84.713 E1108.36297
G1 X-262.531 Y97.740 E1135.12863
G1 X-252.677 Y111.817 E1166.28903
G1 X-240.734 Y125.087 E1198.66412
G1 X-226.883 Y137.276 E1232.12203
G1 X-210.997 Y148.266 E1267.15234
G1 X-193.895 Y157.367 E1302.28452
G1 X-175.188 Y164.719 E1338.73447
G1 X-155.699 Y169.955 E1375.32893
G1 X-135.594 Y173.053 E1412.21782
G1 X-114.807 Y173.936 E1449.94862
G1 X-94.252 Y172.496 E1487.31433
G1 X-75.106 Y169.129 E1522.56631
G1 X-54.558 Y163.465 E1561.21884
G1 X-33.417 Y155.448 E1602.22121
G1 X-12.837 Y145.196 E1643.91581
G1 X6.187 Y133.073 E1684.82406
G1 X15.700 Y125.686 E1706.66421
G1 X56.061 Y125.686 E1779.85680
G1 X56.061 Y208.755 E1930.49663
G1 X29.451 Y208.755 E1978.75153
G1 X29.451 Y152.198 E2081.31346
G1 X-5.034 Y172.077 E2153.49627
G1 X-24.224 Y182.356 E2192.97328
G1 X-44.228 Y190.772 E2232.32988
G1 X-65.514 Y197.685 E2272.91520
G1 X-89.213 Y203.190 E2317.03589
G1 X-112.610 Y206.410 E2359.86325
G1 X-135.827 Y207.512 E2402.01422
G1 X-156.842 Y206.705 E2440.15016
G1 X-176.835 Y204.121 E2476.70818
G1 X-197.485 Y199.419 E2515.11487
G1 X-217.611 Y192.752 E2553.56160
G1 X-237.463 Y184.042 E2592.87528
G1 X-256.919 Y173.210 E2633.25614
G1 X-274.805 Y160.842 E2672.69019
G1 X-291.286 Y146.885 E2711.85439
G1 X-303.698 Y134.271 E2743.94639
G1 X-316.964 Y117.972 E2782.05632
G1 X-327.895 Y101.128 E2818.46993
G1 X-335.668 Y85.766 E2849.69102
G1 X-342.059 Y68.579 E2882.94381
G1 X-346.096 Y51.745 E2914.33553
G1 X-348.118 Y34.499 E2945.82436
G1 X-348.297 Y23.046 E2966.59637
G1 X-346.823 Y6.266 E2997.14351
G1 X-343.350 Y-9.759 E3026.87827
G1 X-337.925 Y-25.300 E3056.72888
G1 X-330.572 Y-40.378 E3087.14892
G1 X-321.382 Y-54.743 E3118.07387
G1 X-310.247 Y-68.499 E3150.16764
G1 X-299.897 Y-79.025 E3176.93714
G1 X-285.357 Y-91.292 E3211.43602
G1 X-269.022 Y-102.488 E3247.34814
G1 X-251.291 Y-112.239 E3284.04400
G1 X-232.186 Y-120.452 E3321.75490
G1 X-211.745 Y-127.037 E3360.69865
G1 X-198.457 Y-130.242 E3385.48658
G1 X-176.268 Y-133.894 E3426.26725
G1 X-153.305 Y-135.615 E3468.02520
G1 X-129.810 Y-135.334 E3510.63467
G1 X-106.138 Y-133.097 E3553.75384
G1 X-81.424 Y-128.820 E3599.23656
G1 X-55.617 Y-122.377 E3647.47152
G1 X-28.820 Y-113.681 E3698.56128
G1 X-1.058 Y-102.638 E3752.74280
G1 X33.696 Y-87.676 E3821.35769
G1 X33.696 Y-114.667 E3870.30360
G1 X65.220 Y-114.667 E3927.47059
G1 X65.220 Y23.816 E4178.60050
G1 X137.058 Y23.816 E4308.87442
G1 X137.058 Y-181.818 E4681.77823
G1 X97.281 Y-181.818 E4753.91133
G1 X97.281 Y-208.755 E4802.75899
G1 X229.657 Y-208.755 E5042.81249
G1 X229.657 Y-182.204 E5090.96052
G1 X189.837 Y-182.204 E5163.17121
G1 X189.837 Y23.816 E5536.77465
G1 X321.885 Y23.816 E5776.23531
G1 X327.914 Y-10.449 E5839.32826
G1 X348.295 Y-10.449 E5876.28688
G1 X348.295 Y59.225 E6002.63738
G1 X-52.999 Y59.225 E6730.35492
G1 X-52.999 Y-10.449 E6856.70542
G1 X-32.434 Y-10.449 E6893.99904
G1 X-25.563 Y23.155 E6956.19864
G1 X-22.281 Y19.960 F7800.000
G1 F3600
G1 X41.230 Y19.960 E7071.37075
G1 X39.022 Y-2.081 E7111.53991
G1 X37.366 Y-12.266 E7130.25319
G1 X32.893 Y-24.825 E7154.43012
G1 X25.367 Y-39.492 E7184.32300
G1 X15.981 Y-52.899 E7214.00229
G1 X4.626 Y-65.263 E7244.44421
G1 X-8.339 Y-76.140 E7275.13407
G1 X-22.757 Y-85.500 E7306.30526
G1 X-39.048 Y-93.570 E7339.27538
G1 X-56.628 Y-99.816 E7373.10693
G1 X-75.017 Y-104.062 E7407.33148
G1 X-94.287 Y-106.347 E7442.52223
G1 X-115.689 Y-106.678 E7481.33702
G1 X-137.393 Y-104.931 E7520.82330
G1 X-159.529 Y-100.902 E7561.62496
G1 X-180.591 Y-94.730 E7601.42556
G1 X-200.466 Y-86.467 E7640.45812
G1 X-218.236 Y-76.626 E7677.29405
G1 X-232.346 Y-66.579 E7708.70544
G1 X-244.410 Y-55.642 E7738.23510
G1 X-255.539 Y-42.469 E7769.50651
G1 X-264.369 Y-28.436 E7799.57365
G1 X-271.300 Y-13.056 E7830.16436
G1 X-275.441 Y0.801 E7856.39243
G1 X-277.913 Y16.799 E7885.74728
G1 X-278.100 Y32.795 E7914.75801
G1 X-276.295 Y48.988 E7944.30334
G1 X-272.270 Y66.330 E7976.58908
G1 X-265.948 Y83.120 E8009.12330
G1 X-259.238 Y95.721 E8035.01156
G1 X-249.653 Y109.413 E8065.31972
G1 X-238.018 Y122.341 E8096.86015
G1 X-224.505 Y134.232 E8129.50318
G1 X-208.988 Y144.967 E8163.71930
G1 X-192.278 Y153.859 E8198.04398
G1 X-173.978 Y161.051 E8233.70079
G1 X-154.903 Y166.176 E8269.51964
G1 X-135.218 Y169.209 E8305.63847
G1 X-114.860 Y170.074 E8342.58943
G1 X-94.722 Y168.664 E8379.19728
G1 X-75.955 Y165.363 E8413.75277
G1 X-55.757 Y159.796 E8451.74629
G1 X-34.964 Y151.911 E8492.07245
G1 X-14.738 Y141.835 E8533.04989
G1 X3.964 Y129.917 E8573.26504
G1 X14.378 Y121.830 E8597.17646
G1 X59.917 Y121.830 E8679.75824
G1 X59.917 Y212.611 E8844.38394
G1 X25.595 Y212.611 E8906.62471
G1 X25.595 Y158.872 E9004.07692
G1 X-3.160 Y175.448 E9064.26610
G1 X-22.562 Y185.840 E9104.17924
G1 X-42.883 Y194.390 E9144.15770
G1 X-64.481 Y201.404 E9185.33781
G1 X-88.513 Y206.986 E9230.07866
G1 X-112.255 Y210.254 E9273.53868
G1 X-135.810 Y211.372 E9316.30233
G1 X-157.163 Y210.552 E9355.05398
G1 X-177.512 Y207.922 E9392.26107
G1 X-198.522 Y203.138 E9431.33729
G1 X-218.995 Y196.356 E9470.44741
G1 X-239.180 Y187.500 E9510.41940
G1 X-258.958 Y176.488 E9551.47045
G1 X-277.153 Y163.906 E9591.58544
G1 X-293.912 Y149.715 E9631.40916
G1 X-306.574 Y136.846 E9664.14849
G1 X-320.086 Y120.245 E9702.96421
G1 X-331.243 Y103.054 E9740.12939
G1 X-339.207 Y87.313 E9772.11929
G1 X-345.754 Y69.704 E9806.18769
G1 X-349.900 Y52.422 E9838.41699
G1 X-351.971 Y34.755 E9870.67512
G1 X-352.156 Y22.907 E9892.16223
G1 X-350.643 Y5.686 E9923.51115
G1 X-347.069 Y-10.807 E9954.11489
G1 X-341.491 Y-26.786 E9984.80668
G1 X-333.941 Y-42.268 E10016.04347
G1 X-324.514 Y-57.002 E10047.76218
G1 X-313.127 Y-71.069 E10080.58309
G1 X-302.521 Y-81.856 E10108.01566
G1 X-287.696 Y-94.364 E10143.18979
G1 X-271.046 Y-105.776 E10179.79486
G1 X-252.985 Y-115.708 E10217.17257
G1 X-233.542 Y-124.067 E10255.55228
G1 X-212.790 Y-130.752 E10295.08852
G1 X-199.223 Y-134.024 E10320.39596
G1 X-176.726 Y-137.727 E10361.74294
G1 X-153.426 Y-139.473 E10404.11345
G1 X-129.605 Y-139.188 E10447.31424
G1 X-105.627 Y-136.922 E10490.99117
G1 X-80.627 Y-132.595 E10537.00014
G1 X-54.554 Y-126.086 E10585.73322
G1 X-27.511 Y-117.310 E10637.29140
G1 X0.418 Y-106.201 E10691.79724
G1 X29.839 Y-93.535 E10749.88594
G1 X29.839 Y-118.523 E10795.20088
G1 X69.076 Y-118.523 E10866.35374
G1 X69.076 Y19.960 E11117.48365
G1 X133.202 Y19.960 E11233.77170
G1 X133.202 Y-177.962 E11592.68964
G1 X93.425 Y-177.962 E11664.82274
G1 X93.425 Y-212.611 E11727.65628
G1 X233.513 Y-212.611 E11981.69564
G1 X233.513 Y-178.348 E12043.82954
G1 X193.693 Y-178.348 E12116.04023
G1 X193.693 Y19.960 E12475.65780
G1 X318.648 Y19.960 E12702.25561
G1 X324.677 Y-14.306 E12765.34855
G1 X352.151 Y-14.306 E12815.17003
G1 X352.151 Y63.082 E12955.50640
G1 X-56.855 Y63.082 E13697.20981
G1 X-56.855 Y-14.306 E13837.54617
G1 X-29.286 Y-14.306 E13887.54066
G1 X-22.416 Y19.299 E13949.74026
G1 X-19.133 Y16.104 F7800.000
G1 F1800
G1 X36.968 Y16.104 E14051.47590
G1 X35.197 Y-1.579 E14083.70211
G1 X33.616 Y-11.302 E14101.56638
G1 X29.346 Y-23.292 E14124.64673
G1 X22.057 Y-37.496 E14153.59906
G1 X12.969 Y-50.479 E14182.33710
G1 X1.956 Y-62.470 E14211.86148
G1 X-10.637 Y-73.034 E14241.66876
G1 X-24.669 Y-82.143 E14272.00662
G1 X-40.555 Y-90.013 E14304.15609
G1 X-57.710 Y-96.108 E14337.17186
G1 X-75.680 Y-100.257 E14370.61467
G1 X-94.545 Y-102.494 E14405.06548
G1 X-115.564 Y-102.819 E14443.18620
G1 X-136.892 Y-101.103 E14481.98828
G1 X-158.639 Y-97.144 E14522.07338
G1 X-179.305 Y-91.088 E14561.12531
G1 X-198.787 Y-82.989 E14599.38542
G1 X-216.177 Y-73.358 E14635.43449
G1 X-229.924 Y-63.570 E14666.03837
G1 X-241.630 Y-52.957 E14694.69103
G1 X-252.419 Y-40.187 E14725.00746
G1 X-260.963 Y-26.608 E14754.10055
G1 X-267.679 Y-11.706 E14783.74142
G1 X-271.671 Y1.652 E14809.02372
G1 X-274.060 Y17.117 E14837.40251
G1 X-274.241 Y32.604 E14865.48760
G1 X-272.487 Y48.336 E14894.19378
G1 X-268.571 Y65.210 E14925.60749
G1 X-262.427 Y81.528 E14957.22662
G1 X-255.944 Y93.701 E14982.23746
G1 X-246.629 Y107.008 E15011.69339
G1 X-235.302 Y119.594 E15042.39916
G1 X-222.126 Y131.189 E15074.22731
G1 X-206.978 Y141.668 E15107.62924
G1 X-190.662 Y150.351 E15141.14641
G1 X-172.769 Y157.383 E15176.01008
G1 X-154.106 Y162.397 E15211.05333
G1 X-134.841 Y165.366 E15246.40210
G1 X-114.913 Y166.212 E15282.57323
G1 X-95.192 Y164.831 E15318.42321
G1 X-76.803 Y161.596 E15352.28221
G1 X-56.955 Y156.126 E15389.61671
G1 X-36.511 Y148.374 E15429.26666
G1 X-16.639 Y138.474 E15469.52695
G1 X1.740 Y126.761 E15509.04899
G1 X13.057 Y117.974 E15535.03169
G1 X63.773 Y117.974 E15627.00265
G1 X63.773 Y216.467 E15805.61422
G1 X21.739 Y216.467 E15881.84086
G1 X21.739 Y165.546 E15974.18335
G1 X-1.287 Y178.819 E16022.37890
G1 X-20.900 Y189.325 E16062.72818
G1 X-41.537 Y198.007 E16103.32850
G1 X-63.447 Y205.122 E16145.10340
G1 X-87.812 Y210.782 E16190.46441
G1 X-111.900 Y214.097 E16234.55709
G1 X-135.792 Y215.231 E16277.93342
G1 X-157.485 Y214.399 E16317.30078
G1 X-178.188 Y211.722 E16355.15694
G1 X-199.559 Y206.857 E16394.90269
G1 X-220.379 Y199.960 E16434.67621
G1 X-240.896 Y190.958 E16475.30650
G1 X-260.997 Y179.766 E16517.02774
G1 X-279.501 Y166.971 E16557.82366
G1 X-296.538 Y152.545 E16598.30691
G1 X-309.451 Y139.421 E16631.69357
G1 X-323.208 Y122.519 E16671.21507
G1 X-334.590 Y104.979 E16709.13182
G1 X-342.746 Y88.861 E16741.89054
G1 X-349.450 Y70.830 E16776.77454
G1 X-353.703 Y53.099 E16809.84143
G1 X-355.824 Y35.010 E16842.86886
G1 X-356.015 Y22.768 E16865.07106
G1 X-354.463 Y5.107 E16897.22176
G1 X-350.787 Y-11.855 E16928.69449
G1 X-345.057 Y-28.272 E16960.22746
G1 X-337.309 Y-44.159 E16992.28100
G1 X-327.647 Y-59.261 E17024.79347
G1 X-316.007 Y-73.640 E17058.34151
G1 X-305.145 Y-84.688 E17086.43716
G1 X-290.035 Y-97.435 E17122.28654
G1 X-273.070 Y-109.064 E17159.58456
G1 X-254.680 Y-119.177 E17197.64412
G1 X-234.897 Y-127.682 E17236.69264
G1 X-213.835 Y-134.467 E17276.82136
G1 X-199.990 Y-137.806 E17302.64831
G1 X-177.184 Y-141.560 E17344.56160
G1 X-153.547 Y-143.331 E17387.54468
G1 X-129.400 Y-143.042 E17431.33680
G1 X-105.116 Y-140.747 E17475.57147
G1 X-79.830 Y-136.371 E17522.10670
G1 X-53.491 Y-129.795 E17571.33789
G1 X-26.202 Y-120.939 E17623.36450
G1 X1.893 Y-109.764 E17678.19465
G1 X25.983 Y-99.393 E17725.75717
G1 X25.983 Y-122.380 E17767.44114
G1 X72.932 Y-122.380 E17852.57986
G1 X72.932 Y16.104 E18103.70978
G1 X129.346 Y16.104 E18206.01196
G1 X129.346 Y-174.106 E18550.94403
G1 X89.569 Y-174.106 E18623.07713
G1 X89.569 Y-216.467 E18699.89654
G1 X237.369 Y-216.467 E18967.92176
G1 X237.369 Y-174.492 E19044.04154
G1 X197.549 Y-174.492 E19116.25223
G1 X197.549 Y16.104 E19461.88392
G1 X315.411 Y16.104 E19675.61888
G1 X321.441 Y-18.162 E19738.71182
G1 X356.007 Y-18.162 E19801.39616
G1 X356.007 Y66.938 E19955.71840
G1 X-60.711 Y66.938 E20711.40767
G1 X-60.711 Y-18.162 E20865.72991
G1 X-26.138 Y-18.162 E20928.42526
G1 X-19.268 Y15.443 E20990.62486
G1 X-17.830 Y20.411 F7800.000
G1 X-47.289 Y-8.093 F7800.000
G1 F1200
G1 X-50.642 Y-4.740 E20999.27335
G1 X-50.642 Y0.745 E21009.27462
G1 X-41.805 Y-8.093 E21032.06704
G1 X-36.320 Y-8.093 E21042.06832
G1 X-50.642 Y6.229 E21079.00469
G1 X-50.642 Y11.713 E21089.00596
G1 X-33.531 Y-5.399 E21133.13760
G1 X-32.600 Y-0.845 E21141.61301
G1 X-50.642 Y17.197 E21188.14543
G1 X-50.642 Y22.681 E21198.14671
G1 X-31.669 Y3.708 E21247.07993
G1 X-30.738 Y8.261 E21255.55534
G1 X-50.642 Y28.166 E21306.88936
G1 X-50.642 Y33.650 E21316.89062
G1 X-29.807 Y12.815 E21370.62543
G1 X-28.876 Y17.368 E21379.10084
G1 X-50.642 Y39.134 E21435.23644
G1 X-50.642 Y44.618 E21445.23771
G1 X-27.945 Y21.921 E21503.77410
G1 X-27.076 Y26.173 E21511.68763
G1 X-26.712 Y26.173 E21512.35067
G1 X-50.642 Y50.103 E21574.06638
G1 X-50.642 Y55.587 E21584.06765
G1 X-21.228 Y26.173 E21659.92728
G1 X-15.744 Y26.173 E21669.92855
G1 X-46.440 Y56.869 E21749.09514
G1 X-40.956 Y56.869 E21759.09641
G1 X-10.260 Y26.173 E21838.26298
G1 X-4.776 Y26.173 E21848.26426
G1 X-35.472 Y56.869 E21927.43084
G1 X-29.988 Y56.869 E21937.43211
G1 X0.709 Y26.173 E22016.59870
G1 X6.193 Y26.173 E22026.59996
G1 X-24.503 Y56.869 E22105.76655
G1 X-19.019 Y56.869 E22115.76782
G1 X11.677 Y26.173 E22194.93441
G1 X17.161 Y26.173 E22204.93568
G1 X-13.535 Y56.869 E22284.10227
G1 X-8.051 Y56.869 E22294.10354
G1 X22.645 Y26.173 E22373.27013
G1 X28.130 Y26.173 E22383.27140
G1 X-2.567 Y56.869 E22462.43798
G1 X2.918 Y56.869 E22472.43925
G1 X33.614 Y26.173 E22551.60584
G1 X39.098 Y26.173 E22561.60711
G1 X8.402 Y56.869 E22640.77369
G1 X13.886 Y56.869 E22650.77498
G1 X44.582 Y26.173 E22729.94155
G1 X50.067 Y26.173 E22739.94283
G1 X19.370 Y56.869 E22819.10942
G1 X24.854 Y56.869 E22829.11070
G1 X62.863 Y18.860 E22927.13685
G1 X62.863 Y24.344 E22937.13812
G1 X30.339 Y56.869 E23021.02034
G1 X35.823 Y56.869 E23031.02160
G1 X66.519 Y26.173 E23110.18819
G1 X72.003 Y26.173 E23120.18946
G1 X41.307 Y56.869 E23199.35604
G1 X46.791 Y56.869 E23209.35731
G1 X77.488 Y26.173 E23288.52389
G1 X82.972 Y26.173 E23298.52517
G1 X52.276 Y56.869 E23377.69178
G1 X57.760 Y56.869 E23387.69306
G1 X88.456 Y26.173 E23466.85964
G1 X93.940 Y26.173 E23476.86091
G1 X63.244 Y56.869 E23556.02749
G1 X68.728 Y56.869 E23566.02875
G1 X99.424 Y26.173 E23645.19536
G1 X104.909 Y26.173 E23655.19662
G1 X74.212 Y56.869 E23734.36321
G1 X79.697 Y56.869 E23744.36449
G1 X110.393 Y26.173 E23823.53106
G1 X115.877 Y26.173 E23833.53235
G1 X85.181 Y56.869 E23912.69895
G1 X90.665 Y56.869 E23922.70023
G1 X121.361 Y26.173 E24001.86682
G1 X126.846 Y26.173 E24011.86809
G1 X96.149 Y56.869 E24091.03466
G1 X101.633 Y56.869 E24101.03593
G1 X132.330 Y26.173 E24180.20253
G1 X137.814 Y26.173 E24190.20380
G1 X107.118 Y56.869 E24269.37037
G1 X112.602 Y56.869 E24279.37163
G1 X187.480 Y-18.009 E24472.48478
G1 X187.480 Y-12.525 E24482.48604
G1 X118.086 Y56.869 E24661.45527
G1 X123.570 Y56.869 E24671.45656
G1 X187.480 Y-7.041 E24836.28180
G1 X187.480 Y-1.557 E24846.28307
G1 X129.055 Y56.869 E24996.96440
G1 X134.539 Y56.869 E25006.96566
G1 X187.480 Y3.928 E25143.50307
G1 X187.480 Y9.412 E25153.50433
G1 X140.023 Y56.869 E25275.89779
G1 X145.507 Y56.869 E25285.89906
G1 X187.480 Y14.896 E25394.14860
G1 X187.480 Y20.380 E25404.14987
G1 X150.991 Y56.869 E25498.25549
G1 X156.476 Y56.869 E25508.25677
G1 X187.480 Y25.864 E25588.21842
G1 X187.480 Y26.173 E25588.78061
G1 X192.656 Y26.173 E25598.21968
G1 X161.960 Y56.869 E25677.38627
G1 X167.444 Y56.869 E25687.38754
G1 X198.140 Y26.173 E25766.55415
G1 X203.625 Y26.173 E25776.55542
G1 X172.928 Y56.869 E25855.72201
G1 X178.412 Y56.869 E25865.72327
G1 X209.109 Y26.173 E25944.88986
G1 X214.593 Y26.173 E25954.89115
G1 X183.897 Y56.869 E26034.05777
G1 X189.381 Y56.869 E26044.05906
G1 X220.077 Y26.173 E26123.22565
G1 X225.561 Y26.173 E26133.22691
G1 X194.865 Y56.869 E26212.39350
G1 X200.349 Y56.869 E26222.39477
G1 X231.046 Y26.173 E26301.56139
G1 X236.530 Y26.173 E26311.56266
G1 X205.833 Y56.869 E26390.72924
G1 X211.318 Y56.869 E26400.73051
G1 X242.014 Y26.173 E26479.89710
G1 X247.498 Y26.173 E26489.89839
G1 X216.802 Y56.869 E26569.06500
G1 X222.286 Y56.869 E26579.06629
G1 X252.982 Y26.173 E26658.23288
G1 X258.467 Y26.173 E26668.23415
G1 X227.770 Y56.869 E26747.40074
G1 X233.255 Y56.869 E26757.40201
G1 X263.951 Y26.173 E26836.56862
G1 X269.435 Y26.173 E26846.56987
G1 X238.739 Y56.869 E26925.73643
G1 X244.223 Y56.869 E26935.73770
G1 X274.919 Y26.173 E27014.90426
G1 X280.403 Y26.173 E27024.90552
G1 X249.707 Y56.869 E27104.07208
G1 X255.191 Y56.869 E27114.07337
G1 X285.888 Y26.173 E27193.23996
G1 X291.372 Y26.173 E27203.24123
G1 X260.676 Y56.869 E27282.40781
G1 X266.160 Y56.869 E27292.40908
G1 X296.856 Y26.173 E27371.57567
G1 X302.340 Y26.173 E27381.57694
G1 X271.644 Y56.869 E27460.74353
G1 X277.128 Y56.869 E27470.74482
G1 X307.825 Y26.173 E27549.91138
G1 X313.309 Y26.173 E27559.91264
G1 X282.612 Y56.869 E27639.07920
G1 X288.097 Y56.869 E27649.08049
G1 X318.793 Y26.173 E27728.24708
G1 X324.277 Y26.173 E27738.24834
G1 X293.581 Y56.869 E27817.41493
G1 X342.939 Y56.869 F7800.000
G1 F1200
G1 X345.938 Y53.869 E27825.15088
G1 X345.938 Y48.385 E27835.15214
G1 X337.455 Y56.869 E27857.03201
G1 X331.970 Y56.869 E27867.03327
G1 X345.938 Y42.901 E27903.05706
G1 X345.938 Y37.417 E27913.05832
G1 X326.486 Y56.869 E27963.22602
G1 X321.002 Y56.869 E27973.22729
G1 X345.938 Y31.933 E28037.53891
G1 X345.938 Y26.448 E28047.54018
G1 X315.518 Y56.869 E28125.99572
G1 X310.034 Y56.869 E28135.99703
G1 X345.938 Y20.964 E28228.59655
G1 X345.938 Y15.480 E28238.59782
G1 X304.549 Y56.869 E28345.34126
G1 X299.065 Y56.869 E28355.34252
G1 X345.938 Y9.996 E28476.22988
G1 X345.938 Y4.512 E28486.23115
G1 X324.123 Y26.327 E28542.49363
G1 X325.294 Y19.672 E28554.81685
G1 X345.938 Y-0.973 E28608.05931
G1 X345.938 Y-6.457 E28618.06058
G1 X326.465 Y13.016 E28668.28296
G1 X327.636 Y6.361 E28680.60619
G1 X342.090 Y-8.093 E28717.88406
G1 X336.606 Y-8.093 E28727.88532
G1 X328.807 Y-0.294 E28747.99920
G1 X329.652 Y-5.094 E28756.88647
G1 X333.607 Y-5.094 E28764.09917
G1 E28762.09917 F2400.00000
G92 E0
G1 X139.415 Y24.572 F7800.000
G1 E2.00000 F2400.00000
G1 F1200
G1 X187.480 Y-23.493 E125.96188
G1 X187.480 Y-28.978 E135.96315
G1 X139.415 Y19.088 E259.92503
G1 X139.415 Y13.603 E269.92630
G1 X187.480 Y-34.462 E393.88818
G1 X187.480 Y-39.946 E403.88947
G1 X139.415 Y8.119 E527.85138
G1 X139.415 Y2.635 E537.85267
G1 X187.480 Y-45.430 E661.81455
G1 X187.480 Y-50.915 E671.81582
G1 X139.415 Y-2.849 E795.77770
G1 X139.415 Y-8.333 E805.77897
G1 X187.480 Y-56.399 E929.74083
G1 X187.480 Y-61.883 E939.74209
G1 X139.415 Y-13.818 E1063.70394
G1 X139.415 Y-19.302 E1073.70521
G1 X187.480 Y-67.367 E1197.66706
G1 X187.480 Y-72.851 E1207.66833
G1 X139.415 Y-24.786 E1331.63018
G1 X139.415 Y-30.270 E1341.63147
G1 X187.480 Y-78.336 E1465.59330
G1 X187.480 Y-83.820 E1475.59456
G1 X139.415 Y-35.754 E1599.55639
G1 X139.415 Y-41.239 E1609.55766
G1 X187.480 Y-89.304 E1733.51948
G1 X187.480 Y-94.788 E1743.52079
G1 X139.415 Y-46.723 E1867.48267
G1 X139.415 Y-52.207 E1877.48394
G1 X187.480 Y-100.272 E2001.44582
G1 X187.480 Y-105.757 E2011.44709
G1 X139.415 Y-57.691 E2135.40894
G1 X139.415 Y-63.176 E2145.41021
G1 X187.480 Y-111.241 E2269.37206
G1 X187.480 Y-116.725 E2279.37333
G1 X139.415 Y-68.660 E2403.33518
G1 X139.415 Y-74.144 E2413.33645
G1 X187.480 Y-122.209 E2537.29830
G1 X187.480 Y-127.693 E2547.29957
G1 X139.415 Y-79.628 E2671.26142
G1 X139.415 Y-85.112 E2681.26269
G1 X187.480 Y-133.178 E2805.22455
G1 X187.480 Y-138.662 E2815.22581
G1 X139.415 Y-90.597 E2939.18766
G1 X139.415 Y-96.081 E2949.18895
G1 X187.480 Y-144.146 E3073.15077
G1 X187.480 Y-149.630 E3083.15204
G1 X139.415 Y-101.565 E3207.11387
G1 X139.415 Y-107.049 E3217.11518
G1 X187.480 Y-155.115 E3341.07700
G1 X187.480 Y-160.599 E3351.07827
G1 X139.415 Y-112.533 E3475.04009
G1 X139.415 Y-118.018 E3485.04136
G1 X187.480 Y-166.083 E3609.00318
G1 X187.480 Y-171.567 E3619.00445
G1 X139.415 Y-123.502 E3742.96627
G1 X139.415 Y-128.986 E3752.96754
G1 X187.480 Y-177.051 E3876.92937
G1 X187.480 Y-182.536 E3886.93063
G1 X139.415 Y-134.470 E4010.89246
G1 X139.415 Y-139.954 E4020.89372
G1 X205.859 Y-206.399 E4192.25475
G1 X200.375 Y-206.399 E4202.25602
G1 X139.415 Y-145.439 E4359.47312
G1 X139.415 Y-150.923 E4369.47439
G1 X194.890 Y-206.399 E4512.54757
G1 X189.406 Y-206.399 E4522.54888
G1 X139.415 Y-156.407 E4651.47809
G1 X139.415 Y-161.891 E4661.47935
G1 X183.922 Y-206.399 E4776.26464
G1 X178.438 Y-206.399 E4786.26591
G1 X139.415 Y-167.376 E4886.90728
G1 X139.415 Y-172.860 E4896.90854
G1 X172.954 Y-206.399 E4983.40599
G1 X167.469 Y-206.399 E4993.40726
G1 X139.415 Y-178.344 E5065.76073
G1 X139.415 Y-183.828 E5075.76200
G1 X161.985 Y-206.399 E5133.97155
G1 X156.501 Y-206.399 E5143.97285
G1 X134.277 Y-184.175 E5201.28832
G1 X128.793 Y-184.175 E5211.28959
G1 X151.017 Y-206.399 E5268.60506
G1 X145.533 Y-206.399 E5278.60632
G1 X123.309 Y-184.175 E5335.92179
G1 X117.825 Y-184.175 E5345.92306
G1 X140.048 Y-206.399 E5403.23852
G1 X134.564 Y-206.399 E5413.23979
G1 X112.340 Y-184.175 E5470.55532
G1 X106.856 Y-184.175 E5480.55658
G1 X129.080 Y-206.399 E5537.87211
G1 X123.596 Y-206.399 E5547.87341
G1 X101.372 Y-184.175 E5605.18888
G1 X99.638 Y-184.175 E5608.35173
G1 X99.638 Y-187.925 E5615.19015
G1 X118.111 Y-206.399 E5662.83462
G1 X112.627 Y-206.399 E5672.83589
G1 X99.638 Y-193.409 E5706.33644
G1 X99.638 Y-198.893 E5716.33771
G1 X107.143 Y-206.399 E5735.69434
G1 X205.859 Y-206.399 F7800.000
G1 F1200
G1 X211.343 Y-206.399 E5745.69561
G1 X189.505 Y-184.561 E5802.01609
G1 X194.989 Y-184.561 E5812.01736
G1 X216.827 Y-206.399 E5868.33785
G1 X222.311 Y-206.399 E5878.33911
G1 X200.474 Y-184.561 E5934.65960
G1 X205.958 Y-184.561 E5944.66090
G1 X227.300 Y-205.903 E5999.70320
G1 X227.300 Y-200.419 E6009.70447
G1 X211.442 Y-184.561 E6050.60285
G1 X216.926 Y-184.561 E6060.60411
G1 X227.300 Y-194.935 E6087.35857
G1 X227.300 Y-189.450 E6097.35984
G1 X222.410 Y-184.561 E6109.97038
G1 E6107.97038 F2400.00000
G92 E0
G1 X37.477 Y-109.311 F7800.000
G1 E2.00000 F2400.00000
G1 F1200
G1 X36.052 Y-109.311 E4.59822
G1 X36.052 Y-107.887 E7.19644
G1 X40.476 Y-112.311 E18.60646
G1 X45.960 Y-112.311 E28.60773
G1 X36.052 Y-102.402 E54.16170
G1 X36.052 Y-96.918 E64.16297
G1 X51.445 Y-112.311 E103.86089
G1 X56.929 Y-112.311 E113.86216
G1 X36.052 Y-91.434 E167.70400
G1 X36.052 Y-85.950 E177.70527
G1 X62.413 Y-112.311 E245.69103
G1 X62.863 Y-112.311 E246.51223
G1 X62.863 Y-107.277 E255.69229
G1 X36.052 Y-80.466 E324.83941
G1 X48.146 Y28.093 F7800.000
G1 F1200
G1 X62.863 Y13.376 E362.79614
G1 X62.863 Y7.892 E372.79742
G1 X47.647 Y23.108 E412.04216
G1 X47.147 Y18.124 E421.17819
G1 X62.863 Y2.407 E461.71092
G1 X62.863 Y-3.077 E471.71220
G1 X46.648 Y13.139 E513.53295
G1 X46.148 Y8.154 E522.66899
G1 X62.863 Y-8.561 E565.77772
G1 X62.863 Y-14.045 E575.77898
G1 X45.649 Y3.169 E620.17570
G1 X45.188 Y-1.490 E628.71340
G1 X45.137 Y-1.803 E629.29263
G1 X62.863 Y-19.529 E675.00925
G1 X62.863 Y-25.014 E685.01051
G1 X44.370 Y-6.520 E732.70494
G1 X43.603 Y-11.238 E741.42065
G1 X62.863 Y-30.498 E791.09287
G1 X62.863 Y-35.982 E801.09414
G1 X42.371 Y-15.490 E853.94456
G1 X40.931 Y-19.534 E861.77302
G1 X62.863 Y-41.466 E918.33799
G1 X62.863 Y-46.951 E928.33926
G1 X39.490 Y-23.578 E988.61881
G1 X38.488 Y-26.393 E994.06993
G1 X37.923 Y-27.494 E996.32597
G1 X62.863 Y-52.435 E1060.64865
G1 X62.863 Y-57.919 E1070.64992
G1 X36.063 Y-31.118 E1139.76903
G1 X34.203 Y-34.743 E1147.19807
G1 X62.863 Y-63.403 E1221.11363
G1 X62.863 Y-68.887 E1231.11492
G1 X32.343 Y-38.367 E1309.82696
G1 X30.483 Y-41.991 E1317.25520
G1 X62.863 Y-74.372 E1400.76633
G1 X62.863 Y-79.856 E1410.76760
G1 X28.224 Y-45.217 E1500.10290
G1 X25.966 Y-48.443 E1507.28411
G1 X62.863 Y-85.340 E1602.44356
G1 X62.863 Y-90.824 E1612.44483
G1 X23.708 Y-51.669 E1713.42846
G1 X21.449 Y-54.894 E1720.60967
G1 X62.863 Y-96.308 E1827.41747
G1 X62.863 Y-101.793 E1837.41876
G1 X18.977 Y-57.906 E1950.60262
G1 X16.352 Y-60.765 E1957.68099
G1 X38.949 Y-83.362 E2015.95899
G1 X35.115 Y-85.012 E2023.57078
G1 X13.726 Y-63.624 E2078.73256
G1 X11.101 Y-66.483 E2085.81092
G1 X31.281 Y-86.663 E2137.85648
G1 X27.447 Y-88.313 E2145.46826
G1 X8.475 Y-69.341 E2194.39763
G1 X5.494 Y-71.844 E2201.49646
G1 X23.614 Y-89.964 E2248.22742
G1 X19.780 Y-91.614 E2255.83921
G1 X2.512 Y-74.346 E2300.37441
G1 X-0.471 Y-76.848 E2307.47347
G1 X15.946 Y-93.265 E2349.81291
G1 X12.112 Y-94.915 E2357.42470
G1 X-3.453 Y-79.350 E2397.56838
G1 X-5.173 Y-80.806 E2401.67693
G1 X-6.573 Y-81.715 E2404.72103
G1 X8.278 Y-96.566 E2443.02244
G1 X4.445 Y-98.216 E2450.63423
G1 X-9.898 Y-83.873 E2487.62443
G1 X-13.223 Y-86.032 E2494.85459
G1 X0.611 Y-99.867 E2530.53354
G1 X-1.033 Y-100.574 E2533.79828
G1 X-3.274 Y-101.466 E2538.19597
G1 X-16.549 Y-88.191 E2572.43144
G1 X-19.874 Y-90.350 E2579.66160
G1 X-7.198 Y-103.026 E2612.35424
G1 X-11.121 Y-104.587 E2620.05469
G1 X-23.484 Y-92.224 E2651.93876
G1 X-27.152 Y-94.041 E2659.40254
G1 X-15.045 Y-106.148 E2690.62607
G1 X-18.968 Y-107.708 E2698.32653
G1 X-30.819 Y-95.858 E2728.88949
G1 X-34.486 Y-97.674 E2736.35326
G1 X-22.892 Y-109.269 E2766.25565
G1 X-26.815 Y-110.830 E2773.95610
G1 X-38.218 Y-99.427 E2803.36305
G1 X-42.264 Y-100.865 E2811.19438
G1 X-30.856 Y-112.274 E2840.61749
G1 X-34.996 Y-113.617 E2848.55601
G1 X-46.311 Y-102.303 E2877.73662
G1 X-50.357 Y-103.740 E2885.56796
G1 X-39.137 Y-114.961 E2914.50604
G1 X-43.277 Y-116.305 E2922.44458
G1 X-54.404 Y-105.178 E2951.14013
G1 X-55.962 Y-105.732 E2954.15530
G1 X-58.702 Y-106.364 E2959.28373
G1 X-47.418 Y-117.648 E2988.38551
G1 X-51.558 Y-118.992 E2996.32406
G1 X-63.157 Y-107.393 E3026.23824
G1 X-67.613 Y-108.422 E3034.57734
G1 X-55.730 Y-120.305 E3065.22393
G1 X-60.119 Y-121.400 E3073.47278
G1 X-72.069 Y-109.450 E3104.29213
G1 X-75.191 Y-110.171 E3110.13610
G1 X-76.658 Y-110.345 E3112.83006
G1 X-64.507 Y-122.496 E3144.16727
G1 X-68.896 Y-123.591 E3152.41614
G1 X-81.561 Y-110.926 E3185.07952
G1 X-86.464 Y-111.508 E3194.08314
G1 X-73.284 Y-124.687 E3228.07272
G1 X-77.673 Y-125.783 E3236.32160
G1 X-91.366 Y-112.089 E3271.63735
G1 X-95.272 Y-112.552 E3278.80981
G1 X-96.370 Y-112.569 E3280.81312
G1 X-82.149 Y-126.791 E3317.49062
G1 X-86.824 Y-127.600 E3326.14297
G1 X-101.771 Y-112.653 E3364.69195
G1 X-107.172 Y-112.737 E3374.54205
G1 X-91.499 Y-128.409 E3414.96249
G1 X-96.174 Y-129.218 E3423.61484
G1 X-112.572 Y-112.820 E3465.90677
G1 X-117.439 Y-112.895 E3474.78260
G1 X-118.029 Y-112.848 E3475.86188
G1 X-100.849 Y-130.028 E3520.16902
G1 X-105.149 Y-130.772 E3528.12720
G1 X-105.551 Y-130.810 E3528.86359
G1 X-123.993 Y-112.368 E3576.42611
G1 X-129.957 Y-111.888 E3587.33789
G1 X-110.562 Y-131.283 E3637.35949
G1 X-115.572 Y-131.757 E3646.53799
G1 X-135.921 Y-111.408 E3699.01866
G1 X-139.895 Y-111.088 E3706.28893
G1 X-142.133 Y-110.681 E3710.43638
G1 X-120.583 Y-132.230 E3766.01341
G1 X-125.594 Y-132.704 E3775.19191
G1 X-148.837 Y-109.460 E3835.13763
G1 X-155.542 Y-108.240 E3847.56548
G1 X-130.775 Y-133.007 E3911.44037
G1 X-136.194 Y-133.072 E3921.32417
G1 X-162.247 Y-107.019 E3988.51373
G1 X-162.809 Y-106.917 E3989.55554
G1 X-169.916 Y-104.834 E4003.06170
G1 X-141.614 Y-133.137 E4076.05372
G1 X-147.033 Y-133.201 E4085.93752
G1 X-177.674 Y-102.561 E4164.95963
G1 X-184.663 Y-100.513 E4178.24218
G1 X-185.592 Y-100.127 E4180.07729
G1 X-152.525 Y-133.194 E4265.35904
G1 X-158.453 Y-132.750 E4276.20088
G1 X-194.978 Y-96.225 E4370.39988
G1 X-204.365 Y-92.323 E4388.93698
G1 X-164.382 Y-132.305 E4492.05325
G1 X-170.310 Y-131.861 E4502.89509
G1 X-216.359 Y-85.813 E4621.65442
G1 X-223.854 Y-81.662 E4637.27950
G1 X-231.286 Y-76.370 E4653.91785
G1 X-176.446 Y-131.210 E4795.35155
G1 X-183.011 Y-130.129 E4807.48431
G1 X-345.813 Y32.674 E5227.35721
G1 X-345.898 Y27.274 E5237.20587
G1 X-189.575 Y-129.049 E5640.36579
G1 X-196.140 Y-127.968 E5652.49854
G1 X-345.663 Y21.555 E6038.12308
G1 X-345.135 Y15.543 E6049.12981
G1 X-203.362 Y-126.230 E6414.76560
G1 X-209.201 Y-124.822 E6425.71812
G1 X-210.756 Y-124.321 E6428.69726
G1 X-344.607 Y9.530 E6773.90327
G1 X-344.503 Y8.345 E6776.07288
G1 X-343.284 Y2.723 E6786.56271
G1 X-218.846 Y-121.715 E7107.49246
G1 X-226.937 Y-119.109 E7122.99318
G1 X-341.767 Y-4.278 E7419.14376
G1 X-341.131 Y-7.212 E7424.61719
G1 X-339.422 Y-12.107 E7434.07321
G1 X-236.104 Y-115.425 E7700.53410
G1 X-245.724 Y-111.290 E7719.63014
G1 X-336.481 Y-20.532 E7953.69622
G1 X-335.859 Y-22.315 E7957.13960
G1 X-331.744 Y-30.754 E7974.26220
G1 X-257.276 Y-105.222 E8166.31606
G1 X-265.498 Y-100.700 E8183.42808
G1 X-271.168 Y-96.814 E8195.96334
G1 X-324.636 Y-43.347 E8333.85746
G1 X-319.749 Y-50.984 E8350.39193
G1 X-308.866 Y-64.428 E8381.93531
G1 X-298.790 Y-74.676 E8408.14464
G1 X-295.772 Y-77.694 E8415.92884
G1 X-262.243 Y-45.413 F7800.000
G1 F1200
G1 X-345.517 Y37.861 E8630.69505
G1 X-344.942 Y42.770 E8639.70806
G1 X-270.585 Y-31.587 E8831.47652
G1 X-275.084 Y-21.604 E8851.44513
G1 X-344.366 Y47.679 E9030.12683
G1 X-343.789 Y52.586 E9039.13685
G1 X-278.362 Y-12.841 E9207.87378
G1 X-280.700 Y-5.019 E9222.76107
G1 X-342.728 Y57.009 E9382.73334
G1 X-341.667 Y61.432 E9391.02858
G1 X-282.149 Y1.914 E9544.52633
G1 X-283.151 Y8.401 E9556.49581
G1 X-340.606 Y65.855 E9704.67237
G1 X-339.863 Y68.953 E9710.48088
G1 X-339.417 Y70.151 E9712.81260
G1 X-284.121 Y14.855 E9855.42304
G1 X-284.186 Y20.404 E9865.54333
G1 X-337.931 Y74.149 E10004.15283
G1 X-336.444 Y78.147 E10011.93098
G1 X-284.251 Y25.953 E10146.53952
G1 X-284.316 Y31.502 E10156.65979
G1 X-334.958 Y82.144 E10287.26741
G1 X-333.629 Y85.718 E10294.22123
G1 X-333.434 Y86.104 E10295.01002
G1 X-283.785 Y36.456 E10423.05483
G1 X-283.235 Y41.390 E10432.10861
G1 X-331.591 Y89.746 E10556.82018
G1 X-329.749 Y93.388 E10564.26296
G1 X-282.685 Y46.324 E10685.64131
G1 X-282.410 Y48.791 E10690.16878
G1 X-281.893 Y51.017 E10694.33485
G1 X-327.906 Y97.029 E10813.00252
G1 X-326.063 Y100.671 E10820.44528
G1 X-280.860 Y55.468 E10937.02489
G1 X-279.828 Y59.919 E10945.35814
G1 X-323.908 Y103.999 E11059.04229
G1 X-321.749 Y107.325 E11066.27273
G1 X-278.795 Y64.370 E11177.05446
G1 X-278.168 Y67.071 E11182.11020
G1 X-277.578 Y68.638 E11185.16363
G1 X-319.591 Y110.651 E11293.51679
G1 X-317.433 Y113.977 E11300.74723
G1 X-276.078 Y72.622 E11407.40281
G1 X-274.578 Y76.606 E11415.16633
G1 X-315.265 Y117.293 E11520.09990
G1 X-312.804 Y120.317 E11527.20899
G1 X-273.077 Y80.590 E11629.66501
G1 X-271.577 Y84.574 E11637.42855
G1 X-310.343 Y123.340 E11737.40707
G1 X-307.883 Y126.364 E11744.51616
G1 X-269.695 Y88.176 E11843.00265
G1 X-267.789 Y91.755 E11850.39622
G1 X-305.422 Y129.387 E11947.45136
G1 X-302.961 Y132.411 E11954.56046
G1 X-265.884 Y95.333 E12050.18431
G1 X-264.325 Y98.260 E12056.23146
G1 X-263.914 Y98.847 E12057.53921
G1 X-300.308 Y135.242 E12151.40236
G1 X-297.588 Y138.006 E12158.47456
G1 X-261.655 Y102.073 E12251.14676
G1 X-259.397 Y105.299 E12258.32800
G1 X-294.868 Y140.771 E12349.80929
G1 X-292.148 Y143.535 E12356.88148
G1 X-257.139 Y108.525 E12447.17183
G1 X-254.881 Y111.751 E12454.35307
G1 X-289.361 Y146.232 E12543.27933
G1 X-286.392 Y148.747 E12550.37559
G1 X-252.385 Y114.740 E12638.07948
G1 X-249.787 Y117.626 E12645.16123
G1 X-283.422 Y151.261 E12731.90623
G1 X-280.453 Y153.776 E12739.00249
G1 X-247.190 Y120.513 E12824.78860
G1 X-244.592 Y123.399 E12831.87036
G1 X-277.483 Y156.290 E12916.69755
G1 X-274.513 Y158.805 E12923.79381
G1 X-241.994 Y126.286 E13007.66208
G1 X-239.082 Y128.858 E13014.74758
G1 X-271.322 Y161.098 E13097.89562
G1 X-268.080 Y163.340 E13105.08426
G1 X-236.165 Y131.425 E13187.39389
G1 X-233.248 Y133.992 E13194.48025
G1 X-264.838 Y165.582 E13275.95150
G1 X-261.596 Y167.824 E13283.14014
G1 X-230.331 Y136.559 E13363.77297
G1 X-227.762 Y138.819 E13370.01199
G1 X-227.375 Y139.087 E13370.87154
G1 X-258.353 Y170.066 E13450.76607
G1 X-256.379 Y171.431 E13455.14310
G1 X-255.001 Y172.198 E13458.01900
G1 X-224.133 Y141.330 E13537.62901
G1 X-220.891 Y143.573 E13544.81738
G1 X-251.478 Y174.160 E13623.70240
G1 X-247.956 Y176.121 E13631.05540
G1 X-217.650 Y145.815 E13709.21542
G1 X-214.408 Y148.058 E13716.40379
G1 X-244.433 Y178.083 E13793.83882
G1 X-240.910 Y180.044 E13801.19182
G1 X-211.131 Y150.265 E13877.99330
G1 X-207.551 Y152.169 E13885.38761
G1 X-237.387 Y182.005 E13962.33510
G1 X-237.247 Y182.084 E13962.62867
G1 X-233.587 Y183.689 E13969.91661
G1 X-203.972 Y154.074 E14046.29451
G1 X-200.393 Y155.979 E14053.68881
G1 X-229.775 Y185.362 E14129.46733
G1 X-225.963 Y187.034 E14137.05835
G1 X-196.813 Y157.884 E14212.23748
G1 X-194.011 Y159.375 E14218.02587
G1 X-193.156 Y159.711 E14219.70124
G1 X-222.152 Y188.707 E14294.48121
G1 X-218.340 Y190.379 E14302.07222
G1 X-189.219 Y161.258 E14377.17470
G1 X-185.282 Y162.806 E14384.88878
G1 X-214.270 Y191.793 E14459.64781
G1 X-210.150 Y193.158 E14467.56185
G1 X-181.346 Y164.353 E14541.84976
G1 X-177.409 Y165.901 E14549.56384
G1 X-206.031 Y194.523 E14623.38064
G1 X-201.911 Y195.887 E14631.29470
G1 X-173.332 Y167.308 E14705.00082
G1 X-169.009 Y168.469 E14713.16378
G1 X-197.778 Y197.239 E14787.36033
G1 X-193.311 Y198.256 E14795.71529
G1 X-164.686 Y169.631 E14869.53987
G1 X-160.363 Y170.792 E14877.70285
G1 X-188.844 Y199.273 E14951.15547
G1 X-184.377 Y200.290 E14959.51043
G1 X-156.041 Y171.953 E15032.59106
G1 X-154.995 Y172.234 E15034.56452
G1 X-151.392 Y172.789 E15041.21290
G1 X-179.910 Y201.307 E15114.76053
G1 X-177.658 Y201.820 E15118.97284
G1 X-175.250 Y202.131 E15123.40067
G1 X-146.640 Y173.522 E15197.18497
G1 X-141.888 Y174.254 E15205.95312
G1 X-170.393 Y202.759 E15279.46792
G1 X-165.537 Y203.387 E15288.39804
G1 X-137.137 Y174.986 E15361.64333
G1 X-134.471 Y175.397 E15366.56165
G1 X-132.161 Y175.495 E15370.77787
G1 X-160.680 Y204.014 E15444.32993
G1 X-158.019 Y204.358 E15449.22301
G1 X-155.632 Y204.450 E15453.58037
G1 X-126.900 Y175.718 E15527.67988
G1 X-121.639 Y175.942 E15537.28249
G1 X-150.350 Y204.653 E15611.32876
G1 X-145.069 Y204.855 E15620.96745
G1 X-116.379 Y176.165 E15694.96051
G1 X-113.213 Y176.295 E15700.73839
G1 X-110.859 Y176.130 E15705.04099
G1 X-139.787 Y205.058 E15779.64710
G1 X-137.344 Y205.152 E15784.10530
G1 X-134.250 Y205.005 E15789.75487
G1 X-104.962 Y175.717 E15865.28895
G1 X-99.065 Y175.304 E15876.06961
G1 X-128.493 Y204.732 E15951.96391
G1 X-122.735 Y204.458 E15962.47536
G1 X-93.168 Y174.891 E16038.72982
G1 X-92.282 Y174.829 E16040.34892
G1 X-86.627 Y173.835 E16050.82046
G1 X-116.978 Y204.185 E16129.09548
G1 X-114.464 Y204.066 E16133.68394
G1 X-110.881 Y203.573 E16140.28030
G1 X-79.972 Y172.664 E16219.99467
G1 X-73.318 Y171.494 E16232.31681
G1 X-104.522 Y202.698 E16312.79292
G1 X-98.162 Y201.822 E16324.49943
G1 X-65.824 Y169.484 E16407.90168
G1 X-58.253 Y167.397 E16422.22317
G1 X-91.803 Y200.947 E16508.75006
G1 X-91.414 Y200.894 E16509.46662
G1 X-84.707 Y199.336 E16522.02237
G1 X-50.485 Y165.114 E16610.28183
G1 X-41.651 Y161.764 E16627.51157
G1 X-77.564 Y197.676 E16720.13082
G1 X-70.420 Y196.017 E16733.50521
G1 X-32.817 Y158.414 E16830.48424
G1 X-30.370 Y157.486 E16835.25747
G1 X-22.469 Y153.550 E16851.35508
G1 X-62.623 Y193.704 E16954.91419
G1 X-54.501 Y191.067 E16970.48686
G1 X-11.540 Y148.106 E17081.28488
G1 X-9.436 Y147.057 E17085.57192
G1 X2.773 Y139.277 E17111.97253
G1 X-46.264 Y188.314 E17238.44030
G1 X-36.797 Y184.331 E17257.17183
G1 X19.492 Y128.042 E17402.34093
G1 X24.976 Y128.042 E17412.34221
G1 X-27.315 Y180.333 E17547.20221
G1 X-15.505 Y174.008 E17571.63437
G1 X30.460 Y128.042 E17690.18006
G1 X35.944 Y128.042 E17700.18134
G1 X-3.241 Y167.228 E17801.24152
G1 X9.707 Y159.764 E17828.49665
G1 X41.428 Y128.042 E17910.30714
G1 X46.913 Y128.042 E17920.30842
G1 X22.655 Y152.300 E17982.86924
G1 X31.808 Y147.024 E18002.13498
G1 X31.808 Y148.632 E18005.06669
G1 X52.397 Y128.042 E18058.16661
G1 X53.705 Y128.042 E18060.55137
G1 X53.705 Y132.219 E18068.16787
G1 X31.808 Y154.116 E18124.64036
G1 X31.808 Y159.600 E18134.64163
G1 X53.705 Y137.703 E18191.11412
G1 X53.705 Y143.187 E18201.11539
G1 X31.808 Y165.084 E18257.58788
G1 X31.808 Y170.568 E18267.58915
G1 X53.705 Y148.672 E18324.06163
G1 X53.705 Y154.156 E18334.06290
G1 X31.808 Y176.053 E18390.53539
G1 X31.808 Y181.537 E18400.53666
G1 X53.705 Y159.640 E18457.00914
G1 X53.705 Y165.124 E18467.01041
G1 X31.808 Y187.021 E18523.48289
G1 X31.808 Y192.505 E18533.48416
G1 X53.705 Y170.608 E18589.95665
G1 X53.705 Y176.093 E18599.95792
G1 X31.808 Y197.989 E18656.43040
G1 X31.808 Y203.474 E18666.43168
G1 X53.705 Y181.577 E18722.90416
G1 X53.705 Y187.061 E18732.90543
G1 X34.367 Y206.399 E18782.77732
G1 X39.851 Y206.399 E18792.77859
G1 X53.705 Y192.545 E18828.50655
G1 X53.705 Y198.030 E18838.50781
G1 X45.335 Y206.399 E18860.09184
G1 Z11.400 F7800.000
G1 E18858.09184 F2400.00000
G92 E0
G1 X-25.428 Y23.816 F7800.000
G1 E2.00000 F2400.00000
G1 F3600
G1 X45.492 Y23.816 E130.60857
G1 X42.847 Y-2.583 E178.72069
G1 X41.116 Y-13.230 E198.28297
G1 X36.440 Y-26.359 E223.55649
G1 X28.678 Y-41.487 E254.38993
G1 X18.994 Y-55.320 E285.01046
G1 X7.297 Y-68.056 E316.36992
G1 X-6.042 Y-79.246 E347.94235
G1 X-20.844 Y-88.856 E379.94687
G1 X-37.541 Y-97.127 E413.73764
G1 X-55.545 Y-103.524 E448.38498
G1 X-74.354 Y-107.866 E483.39126
G1 X-94.030 Y-110.200 E519.32196
G1 X-115.814 Y-110.536 E558.83082
G1 X-137.894 Y-108.759 E599.00129
G1 X-160.419 Y-104.659 E640.51951
G1 X-181.877 Y-98.371 E681.06879
G1 X-202.146 Y-89.945 E720.87380
G1 X-220.295 Y-79.894 E758.49659
G1 X-234.768 Y-69.588 E790.71549
G1 X-247.190 Y-58.326 E821.12214
G1 X-258.659 Y-44.752 E853.34853
G1 X-267.775 Y-30.264 E884.38973
G1 X-274.921 Y-14.407 E915.93028
G1 X-279.212 Y-0.049 E943.10411
G1 X-281.766 Y16.480 E973.43502
G1 X-281.959 Y32.987 E1003.37139
G1 X-280.102 Y49.639 E1033.75589
G1 X-275.969 Y67.451 E1066.91364
G1 X-269.469 Y84.713 E1100.36297
G1 X-262.531 Y97.740 E1127.12862
G1 X-252.677 Y111.817 E1158.28903
G1 X-240.734 Y125.087 E1190.66412
G1 X-226.883 Y137.276 E1224.12203
G1 X-210.997 Y148.266 E1259.15233
G1 X-193.895 Y157.367 E1294.28452
G1 X-175.188 Y164.719 E1330.73447
G1 X-155.699 Y169.955 E1367.32893
G1 X-135.594 Y173.053 E1404.21782
G1 X-114.807 Y173.936 E1441.94863
G1 X-94.252 Y172.496 E1479.31433
G1 X-75.106 Y169.129 E1514.56631
G1 X-54.558 Y163.465 E1553.21884
G1 X-33.417 Y155.448 E1594.22121
G1 X-12.837 Y145.196 E1635.91581
G1 X6.187 Y133.073 E1676.82406
G1 X15.700 Y125.686 E1698.66421
G1 X56.061 Y125.686 E1771.85680
G1 X56.061 Y208.755 E1922.49663
G1 X29.451 Y208.755 E1970.75153
G1 X29.451 Y152.198 E2073.31347
G1 X-5.034 Y172.077 E2145.49627
G1 X-24.224 Y182.356 E2184.97328
G1 X-44.228 Y190.772 E2224.32988
G1 X-65.514 Y197.685 E2264.91521
G1 X-89.213 Y203.190 E2309.03590
G1 X-112.610 Y206.410 E2351.86325
G1 X-135.827 Y207.512 E2394.01422
G1 X-156.842 Y206.705 E2432.15016
G1 X-176.835 Y204.121 E2468.70818
G1 X-197.485 Y199.419 E2507.11487
G1 X-217.611 Y192.752 E2545.56160
G1 X-237.463 Y184.042 E2584.87528
G1 X-256.919 Y173.210 E2625.25614
G1 X-274.805 Y160.842 E2664.69019
G1 X-291.286 Y146.885 E2703.85439
G1 X-303.698 Y134.271 E2735.94639
G1 X-316.964 Y117.972 E2774.05632
G1 X-327.895 Y101.128 E2810.46993
G1 X-335.668 Y85.766 E2841.69102
G1 X-342.059 Y68.579 E2874.94382
G1 X-346.096 Y51.745 E2906.33553
G1 X-348.118 Y34.499 E2937.82436
G1 X-348.297 Y23.046 E2958.59638
G1 X-346.823 Y6.266 E2989.14351
G1 X-343.350 Y-9.759 E3018.87827
G1 X-337.925 Y-25.300 E3048.72888
G1 X-330.572 Y-40.378 E3079.14892
G1 X-321.382 Y-54.743 E3110.07388
G1 X-310.247 Y-68.499 E3142.16764
G1 X-299.897 Y-79.025 E3168.93714
G1 X-285.357 Y-91.292 E3203.43602
G1 X-269.022 Y-102.488 E3239.34814
G1 X-251.291 Y-112.239 E3276.04400
G1 X-232.186 Y-120.452 E3313.75490
G1 X-211.745 Y-127.037 E3352.69865
G1 X-198.457 Y-130.242 E3377.48658
G1 X-176.268 Y-133.894 E3418.26725
G1 X-153.305 Y-135.615 E3460.02520
G1 X-129.810 Y-135.334 E3502.63467
G1 X-106.138 Y-133.097 E3545.75384
G1 X-81.424 Y-128.820 E3591.23656
G1 X-55.617 Y-122.377 E3639.47152
G1 X-28.820 Y-113.681 E3690.56128
G1 X-1.058 Y-102.638 E3744.74280
G1 X33.696 Y-87.676 E3813.35769
G1 X33.696 Y-114.667 E3862.30360
G1 X65.220 Y-114.667 E3919.47059
G1 X65.220 Y23.816 E4170.60050
G1 X137.058 Y23.816 E4300.87442
G1 X137.058 Y-181.818 E4673.77823
G1 X97.281 Y-181.818 E4745.91133
G1 X97.281 Y-208.755 E4794.75899
G1 X229.657 Y-208.755 E5034.81249
G1 X229.657 Y-182.204 E5082.96052
G1 X189.837 Y-182.204 E5155.17121
G1 X189.837 Y23.816 E5528.77465
G1 X321.885 Y23.816 E5768.23531
G1 X327.914 Y-10.449 E5831.32826
G1 X348.295 Y-10.449 E5868.28688
G1 X348.295 Y59.225 E5994.63738
G1 X-52.999 Y59.225 E6722.35492
G1 X-52.999 Y-10.449 E6848.70542
G1 X-32.434 Y-10.449 E6885.99904
G1 X-25.563 Y23.155 E6948.19864
G1 X-22.281 Y19.960 F7800.000
G1 F3600
G1 X41.230 Y19.960 E7063.37075
G1 X39.022 Y-2.081 E7103.53991
G1 X37.366 Y-12.266 E7122.25319
G1 X32.893 Y-24.825 E7146.43012
G1 X25.367 Y-39.492 E7176.32301
G1 X15.981 Y-52.899 E7206.00229
G1 X4.626 Y-65.263 E7236.44421
G1 X-8.339 Y-76.140 E7267.13407
G1 X-22.757 Y-85.500 E7298.30525
G1 X-39.048 Y-93.570 E7331.27538
G1 X-56.628 Y-99.816 E7365.10693
G1 X-75.017 Y-104.062 E7399.33148
G1 X-94.287 Y-106.347 E7434.52223
G1 X-115.689 Y-106.678 E7473.33702
G1 X-137.393 Y-104.931 E7512.82330
G1 X-159.529 Y-100.902 E7553.62496
G1 X-180.591 Y-94.730 E7593.42556
G1 X-200.466 Y-86.467 E7632.45813
G1 X-218.236 Y-76.626 E7669.29405
G1 X-232.346 Y-66.579 E7700.70544
G1 X-244.410 Y-55.642 E7730.23510
G1 X-255.539 Y-42.469 E7761.50651
G1 X-264.369 Y-28.436 E7791.57365
G1 X-271.300 Y-13.056 E7822.16436
G1 X-275.441 Y0.801 E7848.39243
G1 X-277.913 Y16.799 E7877.74728
G1 X-278.100 Y32.795 E7906.75801
G1 X-276.295 Y48.988 E7936.30335
G1 X-272.270 Y66.330 E7968.58908
G1 X-265.948 Y83.120 E8001.12330
G1 X-259.238 Y95.721 E8027.01155
G1 X-249.653 Y109.413 E8057.31972
G1 X-238.018 Y122.341 E8088.86015
G1 X-224.505 Y134.232 E8121.50318
G1 X-208.988 Y144.967 E8155.71930
G1 X-192.278 Y153.859 E8190.04398
G1 X-173.978 Y161.051 E8225.70079
G1 X-154.903 Y166.176 E8261.51964
G1 X-135.218 Y169.209 E8297.63847
G1 X-114.860 Y170.074 E8334.58944
G1 X-94.722 Y168.664 E8371.19728
G1 X-75.955 Y165.363 E8405.75277
G1 X-55.757 Y159.796 E8443.74629
G1 X-34.964 Y151.911 E8484.07245
G1 X-14.738 Y141.835 E8525.04989
G1 X3.964 Y129.917 E8565.26504
G1 X14.378 Y121.830 E8589.17646
G1 X59.917 Y121.830 E8671.75824
G1 X59.917 Y212.611 E8836.38394
G1 X25.595 Y212.611 E8898.62471
G1 X25.595 Y158.872 E8996.07692
G1 X-3.160 Y175.448 E9056.26610
G1 X-22.562 Y185.840 E9096.17924
G1 X-42.883 Y194.390 E9136.15770
G1 X-64.481 Y201.404 E9177.33781
G1 X-88.513 Y206.986 E9222.07867
G1 X-112.255 Y210.254 E9265.53868
G1 X-135.810 Y211.372 E9308.30233
G1 X-157.163 Y210.552 E9347.05398
G1 X-177.512 Y207.922 E9384.26107
G1 X-198.522 Y203.138 E9423.33729
G1 X-218.995 Y196.356 E9462.44742
G1 X-239.180 Y187.500 E9502.41940
G1 X-258.958 Y176.488 E9543.47045
G1 X-277.153 Y163.906 E9583.58544
G1 X-293.912 Y149.715 E9623.40916
G1 X-306.574 Y136.846 E9656.14849
G1 X-320.086 Y120.245 E9694.96421
G1 X-331.243 Y103.054 E9732.12939
G1 X-339.207 Y87.313 E9764.11929
G1 X-345.754 Y69.704 E9798.18769
G1 X-349.900 Y52.422 E9830.41699
G1 X-351.971 Y34.755 E9862.67513
G1 X-352.156 Y22.907 E9884.16223
G1 X-350.643 Y5.686 E9915.51115
G1 X-347.069 Y-10.807 E9946.11489
G1 X-341.491 Y-26.786 E9976.80668
G1 X-333.941 Y-42.268 E10008.04347
G1 X-324.514 Y-57.002 E10039.76219
G1 X-313.127 Y-71.069 E10072.58309
G1 X-302.521 Y-81.856 E10100.01566
G1 X-287.696 Y-94.364 E10135.18979
G1 X-271.046 Y-105.776 E10171.79486
G1 X-252.985 Y-115.708 E10209.17257
G1 X-233.542 Y-124.067 E10247.55228
G1 X-212.790 Y-130.752 E10287.08852
G1 X-199.223 Y-134.024 E10312.39596
G1 X-176.726 Y-137.727 E10353.74294
G1 X-153.426 Y-139.473 E10396.11345
G1 X-129.605 Y-139.188 E10439.31425
G1 X-105.627 Y-136.922 E10482.99117
G1 X-80.627 Y-132.595 E10529.00014
G1 X-54.554 Y-126.086 E10577.73322
G1 X-27.511 Y-117.310 E10629.29140
G1 X0.418 Y-106.201 E10683.79724
G1 X29.839 Y-93.535 E10741.88594
G1 X29.839 Y-118.523 E10787.20088
G1 X69.076 Y-118.523 E10858.35374
G1 X69.076 Y19.960 E11109.48365
G1 X133.202 Y19.960 E11225.77170
G1 X133.202 Y-177.962 E11584.68964
G1 X93.425 Y-177.962 E11656.82274
G1 X93.425 Y-212.611 E11719.65628
G1 X233.513 Y-212.611 E11973.69564
G1 X233.513 Y-178.348 E12035.82954
G1 X193.693 Y-178.348 E12108.04023
G1 X193.693 Y19.960 E12467.65780
G1 X318.648 Y19.960 E12694.25561
G1 X324.677 Y-14.306 E12757.34855
G1 X352.151 Y-14.306 E12807.17003
G1 X352.151 Y63.082 E12947.50640
G1 X-56.855 Y63.082 E13689.20981
G1 X-56.855 Y-14.306 E13829.54618
G1 X-29.286 Y-14.306 E13879.54066
G1 X-22.416 Y19.299 E13941.74027
G1 X-19.133 Y16.104 F7800.000
G1 F1800
G1 X36.968 Y16.104 E14043.47590
G1 X35.197 Y-1.579 E14075.70211
G1 X33.616 Y-11.302 E14093.56638
G1 X29.346 Y-23.292 E14116.64673
G1 X22.057 Y-37.496 E14145.59906
G1 X12.969 Y-50.479 E14174.33710
G1 X1.956 Y-62.470 E14203.86148
G1 X-10.637 Y-73.034 E14233.66877
G1 X-24.669 Y-82.143 E14264.00662
G1 X-40.555 Y-90.013 E14296.15609
G1 X-57.710 Y-96.108 E14329.17187
G1 X-75.680 Y-100.257 E14362.61467
G1 X-94.545 Y-102.494 E14397.06549
G1 X-115.564 Y-102.819 E14435.18620
G1 X-136.892 Y-101.103 E14473.98829
G1 X-158.639 Y-97.144 E14514.07338
G1 X-179.305 Y-91.088 E14553.12531
G1 X-198.787 Y-82.989 E14591.38542
G1 X-216.177 Y-73.358 E14627.43449
G1 X-229.924 Y-63.570 E14658.03838
G1 X-241.630 Y-52.957 E14686.69104
G1 X-252.419 Y-40.187 E14717.00746
G1 X-260.963 Y-26.608 E14746.10055
G1 X-267.679 Y-11.706 E14775.74142
G1 X-271.671 Y1.652 E14801.02373
G1 X-274.060 Y17.117 E14829.40251
G1 X-274.241 Y32.604 E14857.48760
G1 X-272.487 Y48.336 E14886.19378
G1 X-268.571 Y65.210 E14917.60749
G1 X-262.427 Y81.528 E14949.22662
G1 X-255.944 Y93.701 E14974.23746
G1 X-246.629 Y107.008 E15003.69339
G1 X-235.302 Y119.594 E15034.39916
G1 X-222.126 Y131.189 E15066.22731
G1 X-206.978 Y141.668 E15099.62924
G1 X-190.662 Y150.351 E15133.14642
G1 X-172.769 Y157.383 E15168.01008
G1 X-154.106 Y162.397 E15203.05333
G1 X-134.841 Y165.366 E15238.40210
G1 X-114.913 Y166.212 E15274.57323
G1 X-95.192 Y164.831 E15310.42321
G1 X-76.803 Y161.596 E15344.28221
G1 X-56.955 Y156.126 E15381.61671
G1 X-36.511 Y148.374 E15421.26666
G1 X-16.639 Y138.474 E15461.52695
G1 X1.740 Y126.761 E15501.04899
G1 X13.057 Y117.974 E15527.03169
G1 X63.773 Y117.974 E15619.00265
G1 X63.773 Y216.467 E15797.61422
G1 X21.739 Y216.467 E15873.84086
G1 X21.739 Y165.546 E15966.18335
G1 X-1.287 Y178.819 E16014.37890
G1 X-20.900 Y189.325 E16054.72818
G1 X-41.537 Y198.007 E16095.32850
G1 X-63.447 Y205.122 E16137.10340
G1 X-87.812 Y210.782 E16182.46441
G1 X-111.900 Y214.097 E16226.55709
G1 X-135.792 Y215.231 E16269.93342
G1 X-157.485 Y214.399 E16309.30078
G1 X-178.188 Y211.722 E16347.15695
G1 X-199.559 Y206.857 E16386.90269
G1 X-220.379 Y199.960 E16426.67621
G1 X-240.896 Y190.958 E16467.30651
G1 X-260.997 Y179.766 E16509.02774
G1 X-279.501 Y166.971 E16549.82366
G1 X-296.538 Y152.545 E16590.30691
G1 X-309.451 Y139.421 E16623.69357
G1 X-323.208 Y122.519 E16663.21507
G1 X-334.590 Y104.979 E16701.13182
G1 X-342.746 Y88.861 E16733.89054
G1 X-349.450 Y70.830 E16768.77455
G1 X-353.703 Y53.099 E16801.84143
G1 X-355.824 Y35.010 E16834.86887
G1 X-356.015 Y22.768 E16857.07107
G1 X-354.463 Y5.107 E16889.22176
G1 X-350.787 Y-11.855 E16920.69449
G1 X-345.057 Y-28.272 E16952.22746
G1 X-337.309 Y-44.159 E16984.28100
G1 X-327.647 Y-59.261 E17016.79348
G1 X-316.007 Y-73.640 E17050.34151
G1 X-305.145 Y-84.688 E17078.43716
G1 X-290.035 Y-97.435 E17114.28654
G1 X-273.070 Y-109.064 E17151.58456
G1 X-254.680 Y-119.177 E17189.64412
G1 X-234.897 Y-127.682 E17228.69265
G1 X-213.835 Y-134.467 E17268.82136
G1 X-199.990 Y-137.806 E17294.64831
G1 X-177.184 Y-141.560 E17336.56160
G1 X-153.547 Y-143.331 E17379.54468
G1 X-129.400 Y-143.042 E17423.33680
G1 X-105.116 Y-140.747 E17467.57147
G1 X-79.830 Y-136.371 E17514.10670
G1 X-53.491 Y-129.795 E17563.33789
G1 X-26.202 Y-120.939 E17615.36450
G1 X1.893 Y-109.764 E17670.19465
G1 X25.983 Y-99.393 E17717.75717
G1 X25.983 Y-122.380 E17759.44114
G1 X72.932 Y-122.380 E17844.57987
G1 X72.932 Y16.104 E18095.70978
G1 X129.346 Y16.104 E18198.01196
G1 X129.346 Y-174.106 E18542.94403
G1 X89.569 Y-174.106 E18615.07713
G1 X89.569 Y-216.467 E18691.89654
G1 X237.369 Y-216.467 E18959.92177
G1 X237.369 Y-174.492 E19036.04154
G1 X197.549 Y-174.492 E19108.25223
G1 X197.549 Y16.104 E19453.88393
G1 X315.411 Y16.104 E19667.61888
G1 X321.441 Y-18.162 E19730.71183
G1 X356.007 Y-18.162 E19793.39616
G1 X356.007 Y66.938 E19947.71840
G1 X-60.711 Y66.938 E20703.40767
G1 X-60.711 Y-18.162 E20857.72991
G1 X-26.138 Y-18.162 E20920.42526
G1 X-19.268 Y15.443 E20982.62487
G1 X-17.830 Y20.411 F7800.000
G1 X-29.482 Y26.173 F7800.000
G1 F4800
G1 X1.214 Y56.869 E21061.34777
G1 X6.679 Y56.869 E21071.25753
G1 X-24.018 Y26.173 E21149.98043
G1 X-18.553 Y26.173 E21159.89020
G1 X12.143 Y56.869 E21238.61310
G1 X17.608 Y56.869 E21248.52282
G1 X-13.088 Y26.173 E21327.24566
G1 X-7.624 Y26.173 E21337.15543
G1 X23.073 Y56.869 E21415.87827
G1 X28.537 Y56.869 E21425.78804
G1 X-2.159 Y26.173 E21504.51088
G1 X3.306 Y26.173 E21514.42061
G1 X34.002 Y56.869 E21593.14351
G1 X39.467 Y56.869 E21603.05327
G1 X8.770 Y26.173 E21681.77617
G1 X14.235 Y26.173 E21691.68593
G1 X44.931 Y56.869 E21770.40884
G1 X50.396 Y56.869 E21780.31860
G1 X19.700 Y26.173 E21859.04150
G1 X25.164 Y26.173 E21868.95127
G1 X55.861 Y56.869 E21947.67417
G1 X61.325 Y56.869 E21957.58393
G1 X30.629 Y26.173 E22036.30683
G1 X36.094 Y26.173 E22046.21660
G1 X66.790 Y56.869 E22124.93950
G1 X72.254 Y56.869 E22134.84922
G1 X41.558 Y26.173 E22213.57207
G1 X47.023 Y26.173 E22223.48183
G1 X77.719 Y56.869 E22302.20467
G1 X83.184 Y56.869 E22312.11444
G1 X47.783 Y21.468 E22402.90317
G1 X47.174 Y15.395 E22413.97141
G1 X88.648 Y56.869 E22520.33503
G1 X66.416 Y29.172 F7800.000
G1 F4800
G1 X62.863 Y29.172 E22526.77778
G1 X62.863 Y25.619 E22533.22056
G1 X46.566 Y9.322 E22575.01700
G1 X45.957 Y3.249 E22586.08528
G1 X62.863 Y20.155 E22629.44213
G1 X62.863 Y14.690 E22639.35190
G1 X45.349 Y-2.824 E22684.26912
G1 X45.173 Y-4.584 E22687.47655
G1 X44.419 Y-9.219 E22695.99116
G1 X62.863 Y9.225 E22743.29270
G1 X62.863 Y3.761 E22753.20246
G1 X43.343 Y-15.759 E22803.26326
G1 X40.320 Y-24.247 E22819.60213
G1 X62.863 Y-1.704 E22877.41564
G1 X62.863 Y-7.169 E22887.32541
G1 X36.220 Y-33.812 E22955.65478
G1 X30.488 Y-44.982 E22978.42111
G1 X30.427 Y-45.070 E22978.61639
G1 X62.863 Y-12.633 E23061.80288
G1 X63.417 Y26.173 F7800.000
G1 F4800
G1 X94.113 Y56.869 E23140.52584
G1 X99.578 Y56.869 E23150.43557
G1 X68.881 Y26.173 E23229.15847
G1 X74.346 Y26.173 E23239.06823
G1 X105.042 Y56.869 E23317.79108
G1 X110.507 Y56.869 E23327.70088
G1 X79.811 Y26.173 E23406.42378
G1 X85.275 Y26.173 E23416.33355
G1 X115.972 Y56.869 E23495.05639
G1 X121.436 Y56.869 E23504.96620
G1 X90.740 Y26.173 E23583.68910
G1 X96.205 Y26.173 E23593.59886
G1 X126.901 Y56.869 E23672.32170
G1 X132.366 Y56.869 E23682.23151
G1 X101.669 Y26.173 E23760.95441
G1 X107.134 Y26.173 E23770.86418
G1 X137.830 Y56.869 E23849.58702
G1 X143.295 Y56.869 E23859.49682
G1 X112.599 Y26.173 E23938.21973
G1 X118.063 Y26.173 E23948.12945
G1 X148.760 Y56.869 E24026.85235
G1 X154.224 Y56.869 E24036.76207
G1 X123.528 Y26.173 E24115.48486
G1 X128.993 Y26.173 E24125.39458
G1 X159.689 Y56.869 E24204.11748
G1 X165.154 Y56.869 E24214.02721
G1 X134.457 Y26.173 E24292.74999
G1 X139.415 Y26.173 E24301.74006
G1 X139.415 Y25.666 E24302.65972
G1 X170.618 Y56.869 E24382.68318
G1 X176.083 Y56.869 E24392.59290
G1 X139.415 Y20.201 E24486.63090
G1 X139.415 Y14.736 E24496.54062
G1 X181.548 Y56.869 E24604.59314
G1 X187.012 Y56.869 E24614.50286
G1 X139.415 Y9.272 E24736.56991
G1 X139.415 Y3.807 E24746.47964
G1 X192.477 Y56.869 E24882.56121
G1 X197.941 Y56.869 E24892.47094
G1 X139.415 Y-1.658 E25042.56698
G1 X139.415 Y-7.122 E25052.47675
G1 X203.406 Y56.869 E25216.58738
G1 X208.871 Y56.869 E25226.49711
G1 X139.415 Y-12.587 E25404.62221
G1 X139.415 Y-18.052 E25414.53197
G1 X214.335 Y56.869 E25606.67155
G1 X219.800 Y56.869 E25616.58135
G1 X192.103 Y29.172 E25687.61207
G1 X187.480 Y29.172 E25695.99568
G1 X187.480 Y24.549 E25704.37937
G1 X139.415 Y-23.516 E25827.64653
G1 X139.415 Y-28.981 E25837.55630
G1 X187.480 Y19.084 E25960.82352
G1 X187.480 Y13.620 E25970.73332
G1 X139.415 Y-34.446 E26094.00048
G1 X139.415 Y-39.910 E26103.91025
G1 X187.480 Y8.155 E26227.17747
G1 X187.480 Y2.690 E26237.08728
G1 X139.415 Y-45.375 E26360.35444
G1 X139.415 Y-50.840 E26370.26416
G1 X187.480 Y-2.774 E26493.53132
G1 X187.480 Y-8.239 E26503.44105
G1 X139.415 Y-56.304 E26626.70827
G1 X139.415 Y-61.769 E26636.61803
G1 X187.480 Y-13.704 E26759.88519
G1 X187.480 Y-19.168 E26769.79491
G1 X139.415 Y-67.234 E26893.06213
G1 X139.415 Y-72.698 E26902.97190
G1 X187.480 Y-24.633 E27026.23906
G1 X187.480 Y-30.097 E27036.14878
G1 X139.415 Y-78.163 E27159.41600
G1 X139.415 Y-83.627 E27169.32577
G1 X187.480 Y-35.562 E27292.59304
G1 X187.480 Y-41.027 E27302.50285
G1 X139.415 Y-89.092 E27425.77007
G1 X139.415 Y-94.557 E27435.67983
G1 X187.480 Y-46.491 E27558.94705
G1 X187.480 Y-51.956 E27568.85682
G1 X139.415 Y-100.021 E27692.12404
G1 X139.415 Y-105.486 E27702.03380
G1 X187.480 Y-57.421 E27825.30102
G1 X187.480 Y-62.885 E27835.21078
G1 X139.415 Y-110.951 E27958.47795
G1 X139.415 Y-116.415 E27968.38771
G1 X187.480 Y-68.350 E28091.65487
G1 X187.480 Y-73.815 E28101.56464
G1 X139.415 Y-121.880 E28224.83180
G1 X139.415 Y-127.345 E28234.74156
G1 X187.480 Y-79.279 E28358.00872
G1 X187.480 Y-84.744 E28367.91849
G1 X139.415 Y-132.809 E28491.18565
G1 X139.415 Y-138.274 E28501.09541
G1 X187.480 Y-90.209 E28624.36263
G1 X187.480 Y-95.673 E28634.27240
G1 X139.415 Y-143.739 E28757.53962
G1 X139.415 Y-149.203 E28767.44938
G1 X187.480 Y-101.138 E28890.71660
G1 X187.480 Y-106.603 E28900.62637
G1 X139.415 Y-154.668 E29023.89358
G1 X139.415 Y-160.133 E29033.80335
G1 X187.480 Y-112.067 E29157.07057
G1 X187.480 Y-117.532 E29166.98033
G1 X139.415 Y-165.597 E29290.24749
G1 X139.415 Y-171.062 E29300.15726
G1 X187.480 Y-122.997 E29423.42442
G1 X187.480 Y-128.461 E29433.33418
G1 X139.415 Y-176.527 E29556.60135
G1 X139.415 Y-181.991 E29566.51111
G1 X187.480 Y-133.926 E29689.77827
G1 X187.480 Y-139.391 E29699.68804
G1 X120.472 Y-206.399 E29871.53508
G1 X125.937 Y-206.399 E29881.44484
G1 X187.480 Y-144.855 E30039.27736
G1 X187.480 Y-150.320 E30049.18708
G1 X131.401 Y-206.399 E30193.00512
G1 X136.866 Y-206.399 E30202.91489
G1 X187.480 Y-155.785 E30332.71840
G1 X187.480 Y-161.249 E30342.62817
G1 X142.331 Y-206.399 E30458.41715
G1 X147.795 Y-206.399 E30468.32692
G1 X187.480 Y-166.714 E30570.10138
G1 X187.480 Y-172.178 E30580.01114
G1 X153.260 Y-206.399 E30667.77107
G1 X158.725 Y-206.399 E30677.68083
G1 X187.480 Y-177.643 E30751.42624
G1 X187.480 Y-183.108 E30761.33600
G1 X164.189 Y-206.399 E30821.06693
G1 X169.654 Y-206.399 E30830.97670
G1 X191.492 Y-184.561 E30886.98154
G1 X196.957 Y-184.561 E30896.89131
G1 X175.119 Y-206.399 E30952.89615
G1 X180.583 Y-206.399 E30962.80591
G1 X202.421 Y-184.561 E31018.81075
G1 X207.886 Y-184.561 E31028.72052
G1 X186.048 Y-206.399 E31084.72536
G1 X191.513 Y-206.399 E31094.63513
G1 X213.351 Y-184.561 E31150.63997
G1 X218.815 Y-184.561 E31160.54973
G1 X196.977 Y-206.399 E31216.55457
G1 X202.442 Y-206.399 E31226.46434
G1 X224.280 Y-184.561 E31282.46918
G1 X227.300 Y-184.561 E31287.94628
G1 X227.300 Y-187.005 E31292.37898
G1 X207.907 Y-206.399 E31342.11505
G1 X213.371 Y-206.399 E31352.02481
G1 X227.300 Y-192.470 E31387.74641
G1 X227.300 Y-197.934 E31397.65617
G1 X218.836 Y-206.399 E31419.36324
G1 X224.301 Y-206.399 E31429.27296
G1 X227.300 Y-203.399 E31436.96556
G1 X137.231 Y-184.175 F7800.000
G1 F4800
G1 X115.008 Y-206.399 E31493.95986
G1 X109.543 Y-206.399 E31503.86963
G1 X131.767 Y-184.175 E31560.86393
G1 X126.302 Y-184.175 E31570.77369
G1 X104.078 Y-206.399 E31627.76794
G1 X99.638 Y-206.399 E31635.82063
G1 X99.638 Y-205.374 E31637.67771
G1 X120.837 Y-184.175 E31692.04565
G1 X115.373 Y-184.175 E31701.95541
G1 X99.638 Y-199.910 E31742.30882
G1 X99.638 Y-194.445 E31752.21859
G1 X109.908 Y-184.175 E31778.55747
G1 X104.443 Y-184.175 E31788.46724
G1 X99.638 Y-188.981 E31800.79165
G1 E31798.79165 F2400.00000
G92 E0
G1 X62.863 Y-105.532 F7800.000
G1 E2.00000 F2400.00000
G1 F4800
G1 X56.085 Y-112.311 E19.38362
G1 X50.620 Y-112.311 E29.29338
G1 X62.863 Y-100.068 E60.69153
G1 X62.863 Y-94.603 E70.60129
G1 X45.156 Y-112.311 E116.01397
G1 X39.691 Y-112.311 E125.92373
G1 X62.863 Y-89.138 E185.35094
G1 X62.863 Y-83.674 E195.26070
G1 X36.052 Y-110.485 E264.02030
G1 X36.052 Y-105.020 E273.93007
G1 X62.863 Y-78.209 E342.68961
G1 X62.863 Y-72.744 E352.59938
G1 X36.052 Y-99.556 E421.35892
G1 X36.052 Y-94.091 E431.26869
G1 X62.863 Y-67.280 E500.02823
G1 X62.863 Y-61.815 E509.93800
G1 X36.052 Y-88.626 E578.69754
G1 X36.052 Y-83.318 E588.32459
G1 X35.778 Y-83.436 E588.86505
G1 X62.863 Y-56.350 E658.32664
G1 X62.863 Y-50.886 E668.23641
G1 X26.183 Y-87.566 E762.30666
G1 X16.587 Y-91.697 E781.25156
G1 X62.863 Y-45.421 E899.93043
G1 X62.863 Y-39.957 E909.84019
G1 X6.992 Y-95.828 E1053.12767
G1 X-2.604 Y-99.959 E1072.07262
G1 X62.863 Y-34.492 E1239.96876
G1 X62.863 Y-29.027 E1249.87853
G1 X-11.756 Y-103.646 E1441.24462
G1 X-20.830 Y-107.255 E1458.95349
G1 X62.863 Y-23.563 E1673.59038
G1 X62.863 Y-18.098 E1683.50010
G1 X-29.903 Y-110.865 E1921.40772
G1 X-31.629 Y-111.551 E1924.77521
G1 X-38.181 Y-113.677 E1937.26596
G1 X-11.112 Y-86.609 E2006.68408
G1 X-17.432 Y-90.712 E2020.34835
G1 X-23.868 Y-93.900 E2033.37308
G1 X-46.270 Y-116.303 E2090.82501
G1 X-54.360 Y-118.928 E2106.24871
G1 X-34.662 Y-99.230 E2156.76603
G1 X-43.139 Y-102.241 E2173.07837
G1 X-62.024 Y-121.127 E2221.51266
G1 X-69.307 Y-122.945 E2235.12501
G1 X-51.615 Y-105.253 E2280.49893
G1 X-52.962 Y-105.732 E2283.09248
G1 X-58.938 Y-107.111 E2294.21342
G1 X-76.590 Y-124.764 E2339.48438
G1 X-83.721 Y-126.544 E2352.81200
G1 X-83.859 Y-126.568 E2353.06638
G1 X-66.043 Y-108.751 E2398.75737
G1 X-72.192 Y-110.171 E2410.20115
G1 X-73.026 Y-110.270 E2411.72478
G1 X-90.467 Y-127.712 E2456.45491
G1 X-97.076 Y-128.855 E2468.61713
G1 X-79.226 Y-111.005 E2514.39517
G1 X-85.426 Y-111.740 E2525.71700
G1 X-103.684 Y-129.999 E2572.54302
G1 X-108.148 Y-130.772 E2580.75835
G1 X-110.107 Y-130.957 E2584.32573
G1 X-91.626 Y-112.476 E2631.72227
G1 X-92.273 Y-112.552 E2632.90370
G1 X-97.244 Y-112.629 E2641.91990
G1 X-116.142 Y-131.527 E2690.38500
G1 X-122.177 Y-132.098 E2701.37768
G1 X-102.794 Y-112.715 E2751.08513
G1 X-108.345 Y-112.801 E2761.15178
G1 X-128.212 Y-132.668 E2812.10159
G1 X-131.514 Y-132.980 E2818.11760
G1 X-134.018 Y-133.010 E2822.65864
G1 X-113.895 Y-112.887 E2874.26544
G1 X-114.439 Y-112.895 E2875.25218
G1 X-119.001 Y-112.528 E2883.55153
G1 X-139.549 Y-133.076 E2936.24792
G1 X-145.080 Y-133.142 E2946.27832
G1 X-124.059 Y-112.121 E3000.18817
G1 X-129.117 Y-111.714 E3009.38947
G1 X-150.611 Y-133.208 E3064.51278
G1 X-154.683 Y-133.257 E3071.89868
G1 X-156.024 Y-133.157 E3074.33602
G1 X-134.174 Y-111.307 E3130.37046
G1 X-136.896 Y-111.088 E3135.32189
G1 X-139.031 Y-110.699 E3139.25776
G1 X-161.107 Y-132.776 E3195.87369
G1 X-166.191 Y-132.395 E3205.11841
G1 X-143.654 Y-109.858 E3262.91547
G1 X-148.277 Y-109.016 E3271.43693
G1 X-171.275 Y-132.014 E3330.41510
G1 X-176.358 Y-131.633 E3339.65982
G1 X-152.900 Y-108.175 E3399.81909
G1 X-157.524 Y-107.333 E3408.34053
G1 X-181.124 Y-130.933 E3468.86511
G1 X-185.816 Y-130.161 E3477.48882
G1 X-161.946 Y-106.291 E3538.70557
G1 X-166.172 Y-105.053 E3546.69174
G1 X-190.509 Y-129.389 E3609.10402
G1 X-195.201 Y-128.617 E3617.72773
G1 X-170.398 Y-103.814 E3681.33551
G1 X-174.625 Y-102.576 E3689.32170
G1 X-199.850 Y-127.801 E3754.01377
G1 X-204.253 Y-126.739 E3762.22674
G1 X-178.851 Y-101.337 E3827.37156
G1 X-181.664 Y-100.513 E3832.68708
G1 X-182.954 Y-99.976 E3835.22211
G1 X-208.655 Y-125.677 E3901.13373
G1 X-212.200 Y-124.822 E3907.74646
G1 X-213.005 Y-124.563 E3909.28076
G1 X-186.814 Y-98.372 E3976.44951
G1 X-190.674 Y-96.767 E3984.03011
G1 X-217.139 Y-123.231 E4051.89948
G1 X-221.272 Y-121.900 E4059.77406
G1 X-194.535 Y-95.162 E4128.34408
G1 X-198.395 Y-93.558 E4135.92468
G1 X-225.405 Y-120.568 E4205.19532
G1 X-229.538 Y-119.237 E4213.06989
G1 X-202.255 Y-91.953 E4283.04115
G1 X-205.778 Y-90.012 E4290.33608
G1 X-233.570 Y-117.804 E4361.61231
G1 X-237.392 Y-116.161 E4369.15594
G1 X-209.295 Y-88.064 E4441.21366
G1 X-212.812 Y-86.116 E4448.50410
G1 X-241.214 Y-114.518 E4521.34334
G1 X-245.035 Y-112.875 E4528.88697
G1 X-216.329 Y-84.168 E4602.50773
G1 X-219.845 Y-82.221 E4609.79817
G1 X-248.857 Y-111.232 E4684.20041
G1 X-251.096 Y-110.270 E4688.61950
G1 X-252.556 Y-109.467 E4691.64178
G1 X-223.131 Y-80.041 E4767.10579
G1 X-226.322 Y-77.768 E4774.21145
G1 X-256.082 Y-107.528 E4850.53189
G1 X-259.608 Y-105.589 E4857.82863
G1 X-229.514 Y-75.496 E4935.00548
G1 X-232.706 Y-73.223 E4942.11114
G1 X-263.133 Y-103.650 E5020.14441
G1 X-266.659 Y-101.711 E5027.44116
G1 X-235.877 Y-70.929 E5106.38536
G1 X-238.743 Y-68.330 E5113.40101
G1 X-270.049 Y-99.637 E5193.68895
G1 X-273.292 Y-97.414 E5200.81721
G1 X-241.609 Y-65.732 E5282.06974
G1 X-244.475 Y-63.133 E5289.08540
G1 X-276.534 Y-95.192 E5371.30256
G1 X-279.776 Y-92.970 E5378.43083
G1 X-247.341 Y-60.535 E5461.61265
G1 X-248.470 Y-59.511 E5464.37615
G1 X-249.987 Y-57.716 E5468.63820
G1 X-283.019 Y-90.747 E5553.34971
G1 X-284.517 Y-89.720 E5556.64451
G1 X-286.111 Y-88.375 E5560.42643
G1 X-252.490 Y-54.754 E5646.65112
G1 X-254.992 Y-51.792 E5653.68310
G1 X-289.075 Y-85.875 E5741.09114
G1 X-292.039 Y-83.374 E5748.12355
G1 X-257.495 Y-48.830 E5836.71490
G1 X-259.998 Y-45.868 E5843.74688
G1 X-295.003 Y-80.873 E5933.52157
G1 X-297.967 Y-78.373 E5940.55398
G1 X-262.152 Y-42.558 E6032.40442
G1 X-264.263 Y-39.203 E6039.59085
G1 X-300.746 Y-75.687 E6133.15439
G1 X-303.455 Y-72.931 E6140.16190
G1 X-266.373 Y-35.849 E6235.26082
G1 X-268.484 Y-32.495 E6242.44724
G1 X-306.164 Y-70.176 E6339.08160
G1 X-308.873 Y-67.420 E6346.08913
G1 X-270.416 Y-28.963 E6444.71509
G1 X-272.113 Y-25.195 E6452.20799
G1 X-311.317 Y-64.400 E6552.74984
G1 X-313.762 Y-61.380 E6559.79583
G1 X-273.811 Y-21.428 E6662.25356
G1 X-275.508 Y-17.661 E6669.74645
G1 X-316.207 Y-58.360 E6774.12003
G1 X-318.651 Y-55.340 E6781.16602
G1 X-277.164 Y-13.852 E6887.56426
G1 X-278.421 Y-9.645 E6895.52735
G1 X-320.924 Y-52.147 E7004.52900
G1 X-323.056 Y-48.815 E7011.70333
G1 X-279.678 Y-5.437 E7122.94848
G1 X-280.936 Y-1.230 E7130.91156
G1 X-325.188 Y-45.482 E7244.40019
G1 X-327.320 Y-42.150 E7251.57452
G1 X-281.896 Y3.275 E7368.06885
G1 X-282.627 Y8.008 E7376.75417
G1 X-329.333 Y-38.698 E7496.53400
G1 X-331.124 Y-35.024 E7503.94518
G1 X-283.359 Y12.741 E7626.44334
G1 X-284.090 Y17.474 E7635.12865
G1 X-332.915 Y-31.351 E7760.34509
G1 X-334.707 Y-27.678 E7767.75627
G1 X-284.179 Y22.850 E7897.33704
G1 X-284.243 Y28.251 E7907.13295
G1 X-336.363 Y-23.870 E8040.80060
G1 X-337.777 Y-19.819 E8048.58093
G1 X-284.306 Y33.653 E8185.71276
G1 X-284.318 Y34.679 E8187.57395
G1 X-283.762 Y39.661 E8196.66417
G1 X-339.191 Y-15.768 E8338.81595
G1 X-340.605 Y-11.718 E8346.59628
G1 X-283.077 Y45.811 E8494.13287
G1 X-282.410 Y51.791 E8505.04386
G1 X-282.364 Y51.988 E8505.41150
G1 X-341.742 Y-7.390 E8657.69208
G1 X-342.716 Y-2.899 E8666.02571
G1 X-280.713 Y59.104 E8825.03756
G1 X-279.061 Y66.220 E8838.28479
G1 X-343.689 Y1.592 E9004.02798
G1 X-344.503 Y5.346 E9010.99234
G1 X-344.575 Y6.171 E9012.49486
G1 X-276.653 Y74.093 E9186.68587
G1 X-273.353 Y82.858 E9203.66980
G1 X-345.017 Y11.194 E9387.45632
G1 X-345.458 Y16.218 E9396.60089
G1 X-268.778 Y92.897 E9593.25173
G1 X-264.325 Y101.259 E9610.43207
G1 X-260.694 Y106.446 E9621.91358
G1 X-345.899 Y21.241 E9840.42871
G1 X-345.938 Y21.685 E9841.23778
G1 X-345.859 Y26.746 E9850.41521
G1 X-170.210 Y202.395 E10300.88063
G1 X-174.658 Y201.820 E10309.01426
G1 X-176.719 Y201.351 E10312.84662
G1 X-345.772 Y32.297 E10746.39736
G1 X-345.766 Y32.744 E10747.20863
G1 X-345.098 Y38.436 E10757.60076
G1 X-183.795 Y199.740 E11171.27615
G1 X-190.870 Y198.129 E11184.43568
G1 X-344.372 Y44.626 E11578.10361
G1 X-343.793 Y49.569 E11587.12811
G1 X-343.445 Y51.018 E11589.83056
G1 X-198.410 Y196.053 E11961.78423
G1 X-206.582 Y193.346 E11977.39505
G1 X-341.721 Y58.207 E12323.96941
G1 X-339.996 Y65.396 E12337.37600
G1 X-214.759 Y190.634 E12658.55809
G1 X-224.495 Y186.362 E12677.83917
G1 X-336.879 Y73.979 E12966.05602
G1 X-333.644 Y82.678 E12982.88667
G1 X-234.232 Y182.091 E13237.83823
G1 X-246.557 Y175.230 E13263.41852
G1 X-328.059 Y93.728 E13472.43630
G1 X-326.048 Y97.703 E13480.51443
G1 X-319.575 Y107.676 E13502.07488
G1 X-261.290 Y165.961 E13651.55105
G1 X-270.957 Y159.277 E13672.86310
G1 X-287.160 Y145.556 E13711.36515
G1 X-290.170 Y142.546 E13719.08670
G1 X-170.210 Y202.395 F7800.000
G1 F4800
G1 X-163.934 Y203.206 E13730.56237
G1 X-222.842 Y144.298 E13881.63691
G1 X-214.506 Y150.065 E13900.01874
G1 X-208.318 Y153.358 E13912.73154
G1 X-157.658 Y204.017 E14042.65112
G1 X-155.020 Y204.358 E14047.47515
G1 X-151.726 Y204.485 E14053.45275
G1 X-196.723 Y159.488 E14168.84951
G1 X-187.719 Y163.027 E14186.39236
G1 X-146.043 Y204.703 E14293.27314
G1 X-140.361 Y204.921 E14303.58601
G1 X-178.716 Y166.566 E14401.95076
G1 X-177.897 Y166.888 E14403.54689
G1 X-171.105 Y168.712 E14416.30055
G1 X-134.678 Y205.139 E14509.71954
G1 X-134.345 Y205.152 E14510.32355
G1 X-129.434 Y204.919 E14519.24019
G1 X-163.633 Y170.720 E14606.94627
G1 X-157.995 Y172.234 E14617.53244
G1 X-156.409 Y172.479 E14620.44210
G1 X-124.217 Y204.671 E14703.00233
G1 X-119.000 Y204.423 E14712.47368
G1 X-149.949 Y173.474 E14791.84576
G1 X-143.489 Y174.470 E14803.69910
G1 X-113.782 Y204.176 E14879.88309
G1 X-111.465 Y204.066 E14884.09060
G1 X-108.795 Y203.698 E14888.97749
G1 X-137.080 Y175.414 E14961.51622
G1 X-131.373 Y175.656 E14971.87465
G1 X-103.992 Y203.037 E15042.09678
G1 X-99.188 Y202.376 E15050.88989
G1 X-125.666 Y175.898 E15118.79535
G1 X-119.959 Y176.140 E15129.15378
G1 X-94.384 Y201.715 E15194.74258
G1 X-89.581 Y201.054 E15203.53570
G1 X-114.463 Y176.172 E15267.34722
G1 X-109.356 Y175.815 E15276.63113
G1 X-85.057 Y200.114 E15338.94787
G1 X-80.622 Y199.084 E15347.20368
G1 X-104.249 Y175.457 E15407.79565
G1 X-99.142 Y175.100 E15417.07960
G1 X-76.188 Y198.054 E15475.94682
G1 X-71.753 Y197.023 E15484.20266
G1 X-94.147 Y174.630 E15541.63318
G1 X-89.500 Y173.812 E15550.19002
G1 X-67.319 Y195.993 E15607.07494
G1 X-65.048 Y195.466 E15611.30128
G1 X-63.035 Y194.812 E15615.14004
G1 X-84.852 Y172.995 E15671.09208
G1 X-80.205 Y172.177 E15679.64889
G1 X-58.910 Y193.473 E15734.26172
G1 X-54.785 Y192.133 E15742.12676
G1 X-75.573 Y171.344 E15795.44047
G1 X-71.290 Y170.164 E15803.49875
G1 X-50.660 Y190.793 E15856.40498
G1 X-46.535 Y189.454 E15864.27002
G1 X-67.006 Y168.983 E15916.76883
G1 X-62.722 Y167.802 E15924.82710
G1 X-42.522 Y188.002 E15976.63001
G1 X-38.676 Y186.383 E15984.19731
G1 X-58.438 Y166.621 E16034.87804
G1 X-54.859 Y165.635 E16041.60962
G1 X-54.207 Y165.388 E16042.87476
G1 X-34.830 Y184.765 E16092.56910
G1 X-30.983 Y183.147 E16100.13642
G1 X-50.245 Y163.885 E16149.53376
G1 X-46.282 Y162.383 E16157.21816
G1 X-27.137 Y181.528 E16206.31833
G1 X-24.386 Y180.371 E16211.73056
G1 X-23.372 Y179.828 E16213.81540
G1 X-42.320 Y160.880 E16262.40840
G1 X-38.358 Y159.378 E16270.09279
G1 X-19.814 Y177.922 E16317.65071
G1 X-16.255 Y176.016 E16324.97133
G1 X-34.396 Y157.875 E16371.49411
G1 X-33.369 Y157.486 E16373.48565
G1 X-30.667 Y156.140 E16378.96034
G1 X-12.697 Y174.110 E16425.04587
G1 X-9.138 Y172.204 E16432.36652
G1 X-27.019 Y154.323 E16478.22393
G1 X-23.372 Y152.506 E16485.61384
G1 X-5.580 Y170.298 E16531.24314
G1 X-2.109 Y168.304 E16538.50184
G1 X-19.724 Y150.689 E16583.67799
G1 X-16.077 Y148.871 E16591.06790
G1 X1.358 Y166.306 E16635.77963
G1 X4.824 Y164.308 E16643.03541
G1 X-12.430 Y147.054 E16687.28412
G1 X-9.092 Y144.927 E16694.46128
G1 X8.291 Y162.309 E16739.04019
G1 X11.757 Y160.311 E16746.29596
G1 X-5.754 Y142.800 E16791.20517
G1 X-2.417 Y140.673 E16798.38232
G1 X15.223 Y158.313 E16843.62190
G1 X18.690 Y156.315 E16850.87764
G1 X0.921 Y138.546 E16896.44740
G1 X4.259 Y136.419 E16903.62457
G1 X22.156 Y154.316 E16949.52463
G1 X25.623 Y152.318 E16956.78041
G1 X7.543 Y134.238 E17003.14855
G1 X10.619 Y131.849 E17010.21104
G1 X29.089 Y150.320 E17057.58024
G1 X32.556 Y148.322 E17064.83602
G1 X13.695 Y129.461 E17113.20641
G1 X15.521 Y128.042 E17117.40016
G1 X17.741 Y128.042 E17121.42544
G1 X53.704 Y164.006 E17213.65673
G1 X53.704 Y158.541 E17223.56654
G1 X23.206 Y128.042 E17301.78319
G1 X28.670 Y128.042 E17311.69291
G1 X53.704 Y153.077 E17375.89515
G1 X53.704 Y147.612 E17385.80495
G1 X34.135 Y128.042 E17435.99266
G1 X39.600 Y128.042 E17445.90247
G1 X53.704 Y142.147 E17482.07565
G1 X53.705 Y136.683 E17491.98537
G1 X45.064 Y128.042 E17514.14414
G1 X50.529 Y128.042 E17524.05395
G1 X53.704 Y131.218 E17532.19807
G1 X53.704 Y169.471 F7800.000
G1 F4800
G1 X31.808 Y147.574 E17588.35402
G1 X31.808 Y153.039 E17598.26383
G1 X53.704 Y174.935 E17654.41978
G1 X53.704 Y180.400 E17664.32950
G1 X31.808 Y158.503 E17720.48545
G1 X31.808 Y163.968 E17730.39526
G1 X53.705 Y185.865 E17786.55121
G1 X53.704 Y191.329 E17796.46093
G1 X31.808 Y169.432 E17852.61689
G1 X31.808 Y174.897 E17862.52661
G1 X53.705 Y196.794 E17918.68268
G1 X53.704 Y202.259 E17928.59240
G1 X31.808 Y180.362 E17984.74835
G1 X31.808 Y185.826 E17994.65808
G1 X52.380 Y206.399 E18047.41685
G1 X46.915 Y206.399 E18057.32666
G1 X31.808 Y191.291 E18096.07079
G1 X31.808 Y196.756 E18105.98051
G1 X41.451 Y206.399 E18130.71023
G1 X35.986 Y206.399 E18140.62003
G1 X31.808 Y202.220 E18151.33511
G1 E18149.33511 F2400.00000
G92 E0
G1 X-50.642 Y48.730 F7800.000
G1 E2.00000 F2400.00000
G1 F4800
G1 X-42.503 Y56.869 E22.87312
G1 X-37.039 Y56.869 E32.78288
G1 X-50.642 Y43.265 E67.67053
G1 X-50.642 Y37.801 E77.58030
G1 X-31.574 Y56.869 E126.48247
G1 X-26.109 Y56.869 E136.39224
G1 X-50.642 Y32.336 E199.30894
G1 X-50.642 Y26.871 E209.21871
G1 X-20.645 Y56.869 E286.14994
G1 X-15.180 Y56.869 E296.05971
G1 X-50.642 Y21.407 E387.00547
G1 X-50.642 Y15.942 E396.91523
G1 X-9.715 Y56.869 E501.87552
G1 X-4.251 Y56.869 E511.78529
G1 X-50.642 Y10.477 E630.76011
G1 X-50.642 Y5.013 E640.66987
G1 X-27.228 Y28.427 E700.71637
G1 X-28.633 Y21.558 E713.43039
G1 X-50.642 Y-0.452 E769.87544
G1 X-50.642 Y-5.917 E779.78517
G1 X-30.037 Y14.689 E832.62872
G1 X-31.441 Y7.820 E845.34274
G1 X-47.354 Y-8.093 E886.15186
G1 X-41.889 Y-8.093 E896.06163
G1 X-32.846 Y0.951 E919.25478
G1 E917.25478 F2400.00000
G92 E0
G1 X219.800 Y56.869 F7800.000
G1 E2.00000 F2400.00000
G1 F4800
G1 X225.265 Y56.869 E11.90972
G1 X194.568 Y26.173 E90.63251
G1 X200.033 Y26.173 E100.54223
G1 X230.729 Y56.869 E179.26513
G1 X236.194 Y56.869 E189.17486
G1 X205.498 Y26.173 E267.89776
G1 X210.962 Y26.173 E277.80756
G1 X241.659 Y56.869 E356.53046
G1 X247.123 Y56.869 E366.44019
G1 X216.427 Y26.173 E445.16309
G1 X221.892 Y26.173 E455.07289
G1 X252.588 Y56.869 E533.79580
G1 X258.053 Y56.869 E543.70552
G1 X227.356 Y26.173 E622.42842
G1 X232.821 Y26.173 E632.33822
G1 X263.517 Y56.869 E711.06113
G1 X268.982 Y56.869 E720.97085
G1 X238.286 Y26.173 E799.69375
G1 X243.750 Y26.173 E809.60356
G1 X274.447 Y56.869 E888.32634
G1 X279.911 Y56.869 E898.23615
G1 X249.215 Y26.173 E976.95905
G1 X254.680 Y26.173 E986.86886
G1 X285.376 Y56.869 E1065.59164
G1 X290.841 Y56.869 E1075.50145
G1 X260.144 Y26.173 E1154.22435
G1 X265.609 Y26.173 E1164.13407
G1 X296.305 Y56.869 E1242.85697
G1 X301.770 Y56.869 E1252.76678
G1 X271.074 Y26.173 E1331.48968
G1 X276.538 Y26.173 E1341.39940
G1 X307.235 Y56.869 E1420.12230
G1 X312.699 Y56.869 E1430.03211
G1 X282.003 Y26.173 E1508.75501
G1 X287.468 Y26.173 E1518.66474
G1 X318.164 Y56.869 E1597.38764
G1 X323.629 Y56.869 E1607.29744
G1 X292.932 Y26.173 E1686.02035
G1 X298.397 Y26.173 E1695.93007
G1 X329.093 Y56.869 E1774.65297
G1 X334.558 Y56.869 E1784.56269
G1 X303.862 Y26.173 E1863.28548
G1 X309.326 Y26.173 E1873.19520
G1 X340.022 Y56.869 E1951.91810
G1 X345.487 Y56.869 E1961.82783
G1 X314.791 Y26.173 E2040.55061
G1 X320.255 Y26.173 E2050.46033
G1 X345.938 Y51.856 E2116.32605
G1 X345.938 Y46.391 E2126.23586
G1 X323.936 Y24.389 E2182.66188
G1 X324.754 Y19.742 E2191.21836
G1 X345.938 Y40.926 E2245.54753
G1 X345.938 Y35.462 E2255.45725
G1 X325.572 Y15.095 E2307.68958
G1 X326.389 Y10.448 E2316.24599
G1 X345.938 Y29.997 E2366.38124
G1 X345.938 Y24.532 E2376.29097
G1 X327.207 Y5.801 E2424.32937
G1 X328.025 Y1.154 E2432.88578
G1 X345.938 Y19.068 E2478.82711
G1 X345.938 Y13.603 E2488.73683
G1 X328.842 Y-3.493 E2532.58131
G1 X329.652 Y-8.093 E2541.05089
G1 X329.707 Y-8.093 E2541.15150
G1 X345.938 Y8.138 E2582.77797
G1 X345.938 Y2.674 E2592.68769
G1 X335.172 Y-8.093 E2620.29974
G1 X340.636 Y-8.093 E2630.20955
G1 X345.938 Y-2.791 E2643.80696
G1 E2633.80696 F2400.00000
G92 E0
T0
G92 E0
G1 X-19.318 Y-26.518 F7800.000
G1 E10.00000 F2400.00000
G1 F3600
G1 X-12.312 Y7.748 E73.42367
G1 X27.733 Y7.748 E146.04310
G1 X26.867 Y-0.894 E161.79174
G1 X25.435 Y-9.419 E177.46842
G1 X21.414 Y-20.536 E198.90735
G1 X14.347 Y-34.049 E226.56121
G1 X5.533 Y-46.347 E253.99904
G1 X-5.227 Y-57.728 E282.40108
G1 X-17.839 Y-67.905 E311.78827
G1 X-31.718 Y-76.483 E341.37659
G1 X-47.455 Y-83.787 E372.83854
G1 X-64.300 Y-89.242 E404.94876
G1 X-82.158 Y-92.806 E437.96996
G1 X-100.806 Y-94.439 E471.91760
G1 X-122.198 Y-94.122 E510.71366
G1 X-143.834 Y-91.609 E550.21268
G1 X-164.843 Y-86.895 E589.25927
G1 X-184.767 Y-80.068 E627.45220
G1 X-200.468 Y-72.769 E658.84996
G1 X-215.529 Y-63.785 E690.65291
G1 X-228.211 Y-54.101 E719.58808
G1 X-238.873 Y-43.639 E746.67692
G1 X-248.436 Y-31.245 E775.06562
G1 X-255.968 Y-17.943 E802.78528
G1 X-261.688 Y-3.296 E831.30119
G1 X-262.505 Y-0.480 E836.61709
G1 X-265.368 Y14.295 E863.90894
G1 X-266.003 Y29.011 E890.62122
G1 X-264.698 Y43.982 E917.87235
G1 X-261.356 Y60.006 E947.55660
G1 X-256.413 Y74.391 E975.14051
G1 X-249.166 Y88.747 E1004.30204
G1 X-247.499 Y91.439 E1010.04396
G1 X-237.884 Y104.475 E1039.41901
G1 X-226.528 Y116.417 E1069.30356
G1 X-213.246 Y127.415 E1100.57442
G1 X-198.119 Y137.154 E1133.19912
G1 X-181.872 Y145.071 E1165.97472
G1 X-166.599 Y150.559 E1195.40425
G1 X-148.130 Y155.046 E1229.87207
G1 X-129.133 Y157.447 E1264.59552
G1 X-109.536 Y157.677 E1300.13587
G1 X-90.374 Y155.691 E1335.07087
G1 X-70.332 Y151.380 E1372.24648
G1 X-50.474 Y145.000 E1410.07083
G1 X-30.234 Y136.217 E1450.08191
G1 X-11.299 Y125.494 E1489.54237
G1 X4.506 Y114.199 E1524.76941
G1 X10.106 Y109.617 E1537.89148
G1 X72.130 Y109.617 E1650.36623
G1 X72.130 Y224.824 E1859.28452
G1 X13.383 Y224.824 E1965.81789
G1 X13.383 Y180.008 E2047.08791
G1 X2.219 Y186.443 E2070.45414
G1 X-18.443 Y197.416 E2112.88087
G1 X-40.318 Y206.469 E2155.81170
G1 X-63.718 Y213.874 E2200.31988
G1 X-89.587 Y219.595 E2248.36431
G1 X-115.007 Y222.755 E2294.81796
G1 X-140.326 Y223.574 E2340.75475
G1 X-162.964 Y222.292 E2381.87386
G1 X-186.981 Y218.542 E2425.95394
G1 X-209.468 Y212.632 E2468.11810
G1 X-222.111 Y208.249 E2492.38305
G1 X-244.049 Y198.731 E2535.74873
G1 X-265.426 Y186.864 E2580.08753
G1 X-285.112 Y173.211 E2623.53248
G1 X-303.193 Y157.771 E2666.64865
G1 X-319.197 Y141.022 E2708.65830
G1 X-333.290 Y122.758 E2750.49314
G1 X-344.818 Y103.753 E2790.80240
G1 X-352.915 Y86.247 E2825.77816
G1 X-359.245 Y66.925 E2862.65030
G1 X-363.027 Y47.614 E2898.33509
G1 X-364.427 Y28.133 E2933.75279
G1 X-363.383 Y8.599 E2969.22743
G1 X-359.929 Y-10.082 E3003.67924
G1 X-354.172 Y-28.049 E3037.89278
G1 X-346.154 Y-45.440 E3072.62028
G1 X-336.047 Y-61.887 E3107.62654
G1 X-323.771 Y-77.506 E3143.65264
G1 X-309.010 Y-92.507 E3181.81690
G1 X-292.665 Y-105.922 E3220.16259
G1 X-274.277 Y-118.108 E3260.16499
G1 X-254.399 Y-128.578 E3300.90719
G1 X-233.043 Y-137.252 E3342.70771
G1 X-212.464 Y-143.479 E3381.69740
G1 X-189.022 Y-148.347 E3425.11506
G1 X-164.448 Y-151.158 E3469.96883
G1 X-138.988 Y-151.769 E3516.15098
G1 X-113.450 Y-150.162 E3562.55433
G1 X-87.256 Y-146.365 E3610.55200
G1 X-60.002 Y-140.257 E3661.20075
G1 X-31.701 Y-131.725 E3714.80368
G1 X-2.692 Y-120.784 E3771.02740
G1 X17.627 Y-112.073 E3811.11786
G1 X17.627 Y-130.736 E3844.96143
G1 X81.288 Y-130.736 E3960.40689
G1 X81.288 Y7.748 E4211.53680
G1 X120.990 Y7.748 E4283.53225
G1 X120.990 Y-165.750 E4598.15759
G1 X81.213 Y-165.750 E4670.29069
G1 X81.213 Y-224.824 E4777.41683
G1 X245.725 Y-224.824 E5075.74879
G1 X245.725 Y-166.136 E5182.17529
G1 X205.905 Y-166.136 E5254.38598
G1 X205.905 Y7.748 E5569.71095
G1 X308.397 Y7.748 E5755.57268
G1 X314.426 Y-26.518 E5818.66563
G1 X364.363 Y-26.518 E5909.22318
G1 X364.363 Y75.294 E6093.85215
G1 X-69.067 Y75.294 E6879.84816
G1 X-69.067 Y-26.518 E7064.47713
G1 X-19.993 Y-26.518 E7153.47059
G1 X-22.465 Y-22.662 F7800.000
G1 F1800
G1 X-15.460 Y11.604 E7216.89427
G1 X31.995 Y11.604 E7302.95016
G1 X30.691 Y-1.406 E7326.66036
G1 X29.180 Y-10.402 E7343.20323
G1 X24.951 Y-22.093 E7365.74723
G1 X17.639 Y-36.076 E7394.36337
G1 X8.515 Y-48.807 E7422.76618
G1 X-2.604 Y-60.566 E7452.11358
G1 X-15.605 Y-71.058 E7482.41060
G1 X-29.886 Y-79.884 E7512.85459
G1 X-46.044 Y-87.384 E7545.15808
G1 X-63.326 Y-92.980 E7578.09995
G1 X-81.610 Y-96.629 E7611.91165
G1 X-100.666 Y-98.298 E7646.60059
G1 X-122.449 Y-97.975 E7686.10688
G1 X-144.480 Y-95.416 E7726.32649
G1 X-165.893 Y-90.611 E7766.12370
G1 X-186.209 Y-83.650 E7805.06707
G1 X-202.273 Y-76.183 E7837.19198
G1 X-217.694 Y-66.983 E7869.75432
G1 X-230.741 Y-57.021 E7899.52290
G1 X-241.763 Y-46.205 E7927.52735
G1 X-251.656 Y-33.383 E7956.89533
G1 X-259.459 Y-19.603 E7985.61269
G1 X-265.343 Y-4.537 E8014.94350
G1 X-266.257 Y-1.386 E8020.89237
G1 X-269.208 Y13.842 E8049.02225
G1 X-269.866 Y29.096 E8076.70947
G1 X-268.519 Y44.545 E8104.83133
G1 X-265.082 Y61.030 E8135.36982
G1 X-259.974 Y75.894 E8163.87074
G1 X-252.533 Y90.634 E8193.81425
G1 X-250.696 Y93.602 E8200.14404
G1 X-240.844 Y106.958 E8230.23978
G1 X-229.164 Y119.241 E8260.97726
G1 X-215.528 Y130.533 E8293.08311
G1 X-200.014 Y140.520 E8326.54171
G1 X-183.373 Y148.629 E8360.11192
G1 X-167.710 Y154.258 E8390.29433
G1 X-148.829 Y158.845 E8425.52948
G1 X-129.398 Y161.301 E8461.04607
G1 X-109.359 Y161.535 E8497.38796
G1 X-89.768 Y159.505 E8533.10557
G1 X-69.334 Y155.110 E8571.00766
G1 X-49.113 Y148.614 E8609.52332
G1 X-28.511 Y139.673 E8650.24991
G1 X-9.222 Y128.749 E8690.44897
G1 X6.850 Y117.263 E8726.27206
G1 X11.483 Y113.474 E8737.12617
G1 X68.273 Y113.474 E8840.11204
G1 X68.273 Y220.967 E9035.04447
G1 X17.239 Y220.967 E9127.59197
G1 X17.239 Y173.334 E9213.97167
G1 X0.352 Y183.069 E9249.31910
G1 X-20.089 Y193.924 E9291.28913
G1 X-41.639 Y202.842 E9333.58411
G1 X-64.718 Y210.145 E9377.48099
G1 X-90.242 Y215.790 E9424.88595
G1 X-115.308 Y218.907 E9470.69106
G1 X-140.279 Y219.714 E9515.99717
G1 X-162.557 Y218.453 E9556.46128
G1 X-186.191 Y214.762 E9599.83987
G1 X-208.345 Y208.940 E9641.37830
G1 X-220.710 Y204.653 E9665.11043
G1 X-242.341 Y195.269 E9707.87064
G1 X-263.386 Y183.586 E9751.51987
G1 X-282.755 Y170.153 E9794.26491
G1 X-300.540 Y154.965 E9836.67514
G1 X-316.268 Y138.505 E9877.96105
G1 X-330.105 Y120.573 E9919.03488
G1 X-341.409 Y101.938 E9958.56011
G1 X-349.320 Y84.833 E9992.73545
G1 X-355.506 Y65.950 E10028.76822
G1 X-359.198 Y47.103 E10063.59589
G1 X-360.563 Y28.098 E10098.14952
G1 X-359.546 Y9.054 E10132.73281
G1 X-356.182 Y-9.140 E10166.28586
G1 X-350.572 Y-26.649 E10199.62704
G1 X-342.748 Y-43.617 E10233.51102
G1 X-332.878 Y-59.679 E10267.69784
G1 X-320.871 Y-74.955 E10302.93188
G1 X-306.405 Y-89.656 E10340.33514
G1 X-290.370 Y-102.816 E10377.95224
G1 X-272.309 Y-114.787 E10417.24609
G1 X-252.771 Y-125.077 E10457.29028
G1 X-231.756 Y-133.613 E10498.42260
G1 X-211.511 Y-139.738 E10536.77884
G1 X-188.409 Y-144.536 E10579.56695
G1 X-164.182 Y-147.307 E10623.78819
G1 X-139.063 Y-147.910 E10669.35206
G1 X-113.848 Y-146.323 E10715.16787
G1 X-87.955 Y-142.570 E10762.61409
G1 X-60.982 Y-136.525 E10812.74207
G1 X-32.940 Y-128.071 E10865.85466
G1 X-4.133 Y-117.206 E10921.68600
G1 X21.483 Y-106.224 E10972.22775
G1 X21.483 Y-126.880 E11009.68476
G1 X77.432 Y-126.880 E11111.14435
G1 X77.432 Y11.604 E11362.27427
G1 X124.846 Y11.604 E11448.25559
G1 X124.846 Y-169.606 E11776.86679
G1 X85.069 Y-169.606 E11848.99989
G1 X85.069 Y-220.967 E11942.14016
G1 X241.869 Y-220.967 E12226.48625
G1 X241.869 Y-169.992 E12318.92689
G1 X202.049 Y-169.992 E12391.13758
G1 X202.049 Y11.604 E12720.44841
G1 X311.634 Y11.604 E12919.17300
G1 X317.663 Y-22.662 E12982.26595
G1 X360.507 Y-22.662 E13059.96065
G1 X360.507 Y71.438 E13230.60375
G1 X-65.211 Y71.438 E14002.61388
G1 X-65.211 Y-22.662 E14173.25698
G1 X-23.140 Y-22.662 E14249.54959
G1 X-18.551 Y-24.882 F7800.000
G1 X-9.221 Y3.960 F7800.000
G1 F3600
G1 X24.117 Y3.960 E14310.00545
G1 X21.941 Y-7.990 E14332.03301
G1 X18.158 Y-18.593 E14352.44724
G1 X10.843 Y-32.573 E14381.05926
G1 X1.468 Y-45.347 E14409.79355
G1 X-9.858 Y-56.843 E14439.05868
G1 X-22.921 Y-66.825 E14468.87208
G1 X-38.504 Y-75.743 E14501.43105
G1 X-55.161 Y-82.590 E14534.09054
G1 X-72.793 Y-87.356 E14567.21236
G1 X-91.380 Y-90.074 E14601.27735
G1 X-110.841 Y-90.785 E14636.59100
G1 X-133.312 Y-89.317 E14677.42788
G1 X-155.381 Y-85.442 E14718.06123
G1 X-176.368 Y-79.251 E14757.73975
G1 X-195.842 Y-70.910 E14796.15806
G1 X-211.594 Y-61.877 E14829.08735
G1 X-224.892 Y-51.989 E14859.13726
G1 X-235.985 Y-41.232 E14887.15992
G1 X-245.707 Y-28.561 E14916.12143
G1 X-253.447 Y-14.461 E14945.28876
G1 X-258.905 Y0.624 E14974.38115
G1 X-261.780 Y15.999 E15002.74613
G1 X-262.168 Y31.069 E15030.08352
G1 X-260.479 Y46.565 E15058.34973
G1 X-256.461 Y63.312 E15089.58120
G1 X-250.387 Y78.612 E15119.43249
G1 X-242.136 Y92.708 E15149.05199
G1 X-232.105 Y105.382 E15178.36313
G1 X-219.897 Y117.313 E15209.31781
G1 X-205.703 Y128.084 E15241.63080
G1 X-201.942 Y130.507 E15249.74452
G1 X-185.583 Y139.328 E15283.44801
G1 X-167.932 Y146.194 E15317.79273
G1 X-149.192 Y151.009 E15352.88093
G1 X-131.450 Y153.489 E15385.36758
G1 X-111.568 Y153.991 E15421.43309
G1 X-91.899 Y152.115 E15457.26271
G1 X-72.588 Y148.076 E15493.04065
G1 X-52.577 Y141.758 E15531.09468
G1 X-31.887 Y132.829 E15571.95982
G1 X-12.570 Y121.829 E15612.27122
G1 X4.748 Y109.132 E15651.21248
G1 X8.573 Y105.830 E15660.37550
G1 X75.917 Y105.830 E15782.49945
G1 X75.917 Y228.611 E16005.15494
G1 X9.595 Y228.611 E16125.42544
G1 X9.595 Y187.138 E16200.63374
G1 X-19.599 Y202.107 E16260.12825
G1 X-40.721 Y210.627 E16301.43009
G1 X-64.045 Y217.871 E16345.72043
G1 X-89.297 Y223.374 E16392.58702
G1 X-114.340 Y226.490 E16438.35198
G1 X-139.515 Y227.359 E16484.03059
G1 X-161.930 Y226.188 E16524.73453
G1 X-185.510 Y222.694 E16567.96238
G1 X-207.899 Y217.071 E16609.82413
G1 X-229.639 Y209.347 E16651.66251
G1 X-250.979 Y199.450 E16694.32139
G1 X-271.611 Y187.399 E16737.64993
G1 X-290.793 Y173.547 E16780.55666
G1 X-308.375 Y158.024 E16823.08902
G1 X-324.193 Y140.971 E16865.26806
G1 X-329.024 Y134.980 E16879.22546
G1 X-341.674 Y116.804 E16919.38351
G1 X-351.870 Y98.090 E16958.03059
G1 X-359.519 Y79.180 E16995.02148
G1 X-364.672 Y60.276 E17030.55313
G1 X-367.530 Y41.256 E17065.43102
G1 X-368.142 Y22.290 E17099.84270
G1 X-366.500 Y3.536 E17133.98226
G1 X-362.660 Y-14.467 E17167.36377
G1 X-356.758 Y-31.735 E17200.45593
G1 X-348.730 Y-48.593 E17234.31582
G1 X-338.642 Y-64.748 E17268.85479
G1 X-326.246 Y-80.398 E17305.05840
G1 X-312.151 Y-94.745 E17341.53198
G1 X-296.057 Y-108.100 E17379.45667
G1 X-278.137 Y-120.193 E17418.66056
G1 X-258.652 Y-130.741 E17458.84168
G1 X-237.912 Y-139.512 E17499.67644
G1 X-215.384 Y-146.619 E17542.51314
G1 X-192.255 Y-151.638 E17585.43325
G1 X-168.134 Y-154.667 E17629.51709
G1 X-143.292 Y-155.601 E17674.59965
G1 X-117.995 Y-154.396 E17720.52546
G1 X-92.093 Y-151.056 E17767.88508
G1 X-65.287 Y-145.500 E17817.52894
G1 X-37.576 Y-137.645 E17869.76111
G1 X-8.941 Y-127.394 E17924.91649
G1 X13.839 Y-117.994 E17969.60555
G1 X13.839 Y-134.523 E17999.58028
G1 X85.076 Y-134.523 E18128.76287
G1 X85.076 Y3.960 E18379.89282
G1 X117.202 Y3.960 E18438.15114
G1 X117.202 Y-161.962 E18739.03936
G1 X77.425 Y-161.962 E18811.17247
G1 X77.425 Y-228.611 E18932.03574
G1 X249.513 Y-228.611 E19244.10483
G1 X249.513 Y-162.348 E19364.26847
G1 X209.693 Y-162.348 E19436.47916
G1 X209.693 Y3.960 E19738.06702
G1 X305.218 Y3.960 E19911.29454
G1 X311.247 Y-30.306 E19974.38751
G1 X368.151 Y-30.306 E20077.57928
G1 X368.151 Y79.082 E20275.94538
G1 X-72.855 Y79.082 E21075.67852
G1 X-72.855 Y-30.306 E21274.04462
G1 X-16.226 Y-30.306 E21376.73712
G1 X-9.356 Y3.299 E21438.93676
G1 X-6.073 Y0.104 F7800.000
G1 F1800
G1 X19.495 Y0.104 E21485.30317
G1 X18.203 Y-6.990 E21498.37961
G1 X14.616 Y-17.044 E21517.73616
G1 X7.562 Y-30.526 E21545.33096
G1 X-1.475 Y-42.840 E21573.02872
G1 X-12.415 Y-53.943 E21601.29498
G1 X-25.059 Y-63.605 E21630.15222
G1 X-40.202 Y-72.271 E21661.79220
G1 X-56.402 Y-78.931 E21693.55605
G1 X-73.578 Y-83.574 E21725.82065
G1 X-91.731 Y-86.228 E21759.08946
G1 X-110.785 Y-86.924 E21793.66680
G1 X-132.852 Y-85.483 E21833.76760
G1 X-154.500 Y-81.682 E21873.62516
G1 X-175.058 Y-75.617 E21912.49555
G1 X-194.118 Y-67.453 E21950.09547
G1 X-209.477 Y-58.646 E21982.20328
G1 X-222.389 Y-49.045 E22011.38010
G1 X-233.098 Y-38.660 E22038.43270
G1 X-242.468 Y-26.447 E22066.34785
G1 X-249.923 Y-12.868 E22094.43855
G1 X-255.172 Y1.641 E22122.41967
G1 X-257.933 Y16.406 E22149.65830
G1 X-258.306 Y30.909 E22175.96785
G1 X-256.672 Y45.903 E22203.31962
G1 X-252.776 Y62.145 E22233.60781
G1 X-246.911 Y76.916 E22262.42890
G1 X-238.945 Y90.526 E22291.02689
G1 X-229.234 Y102.796 E22319.40218
G1 X-217.374 Y114.387 E22349.47421
G1 X-203.490 Y124.923 E22381.08104
G1 X-199.979 Y127.184 E22388.65390
G1 X-183.962 Y135.821 E22421.65318
G1 X-166.749 Y142.517 E22455.14703
G1 X-148.443 Y147.220 E22489.42261
G1 X-131.133 Y149.639 E22521.11739
G1 X-111.703 Y150.130 E22556.36408
G1 X-92.479 Y148.297 E22591.38368
G1 X-73.565 Y144.341 E22626.42395
G1 X-53.925 Y138.140 E22663.77373
G1 X-33.610 Y129.373 E22703.89760
G1 X-14.671 Y118.588 E22743.42068
G1 X2.345 Y106.113 E22781.68104
G1 X7.139 Y101.974 E22793.16677
G1 X79.773 Y101.974 E22924.88486
G1 X79.773 Y232.467 E23161.52622
G1 X5.739 Y232.467 E23295.78259
G1 X5.739 Y193.449 E23366.53979
G1 X-17.995 Y205.618 E23414.90639
G1 X-39.425 Y214.263 E23456.81237
G1 X-63.061 Y221.603 E23501.69336
G1 X-88.647 Y227.180 E23549.18043
G1 X-114.035 Y230.338 E23595.57552
G1 X-139.549 Y231.218 E23641.86974
G1 X-162.314 Y230.029 E23683.20903
G1 X-186.264 Y226.481 E23727.11533
G1 X-209.017 Y220.766 E23769.65703
G1 X-231.099 Y212.920 E23812.15380
G1 X-252.767 Y202.871 E23855.46778
G1 X-273.717 Y190.635 E23899.46529
G1 X-293.204 Y176.563 E23943.05328
G1 X-311.071 Y160.787 E23986.27687
G1 X-327.111 Y143.496 E24029.04665
G1 X-332.111 Y137.295 E24043.49314
G1 X-344.960 Y118.834 E24084.28024
G1 X-355.362 Y99.740 E24123.71017
G1 X-363.179 Y80.414 E24161.51571
G1 X-368.452 Y61.072 E24197.87082
G1 X-371.377 Y41.606 E24233.56728
G1 X-372.004 Y22.184 E24268.80664
G1 X-370.321 Y2.963 E24303.79504
G1 X-366.383 Y-15.497 E24338.02386
G1 X-360.335 Y-33.192 E24371.93600
G1 X-352.117 Y-50.449 E24406.59677
G1 X-341.799 Y-66.973 E24441.92493
G1 X-329.141 Y-82.953 E24478.89288
G1 X-314.764 Y-97.587 E24516.09522
G1 X-298.372 Y-111.189 E24554.72185
G1 X-280.138 Y-123.495 E24594.61333
G1 X-260.324 Y-134.221 E24635.47179
G1 X-239.246 Y-143.135 E24676.97337
G1 X-216.375 Y-150.350 E24720.46228
G1 X-192.905 Y-155.443 E24764.01458
G1 X-168.448 Y-158.514 E24808.71448
G1 X-143.272 Y-159.461 E24854.40063
G1 X-117.656 Y-158.240 E24900.90668
G1 X-91.455 Y-154.861 E24948.81464
G1 X-64.369 Y-149.248 E24998.97605
G1 X-36.399 Y-141.320 E25051.69589
G1 X-7.555 Y-130.994 E25107.25403
G1 X9.983 Y-123.757 E25141.65900
G1 X9.983 Y-138.380 E25168.17617
G1 X88.932 Y-138.380 E25311.34463
G1 X88.932 Y0.104 E25562.47458
G1 X113.346 Y0.104 E25606.74703
G1 X113.346 Y-158.106 E25893.64938
G1 X73.569 Y-158.106 E25965.78249
G1 X73.569 Y-232.467 E26100.63163
G1 X253.369 Y-232.467 E26426.68659
G1 X253.369 Y-158.492 E26560.83610
G1 X213.549 Y-158.492 E26633.04679
G1 X213.549 Y0.104 E26920.64878
G1 X301.981 Y0.104 E27081.01344
G1 X308.010 Y-34.162 E27144.10642
G1 X372.007 Y-34.162 E27260.16104
G1 X372.007 Y82.938 E27472.51301
G1 X-76.711 Y82.938 E28286.23202
G1 X-76.711 Y-34.162 E28498.58399
G1 X-13.078 Y-34.162 E28613.97735
G1 X-6.208 Y-0.557 E28676.17699
G1 X-4.433 Y4.294 F7800.000
G1 Z14.400 F7800.000
G1 X-19.318 Y-26.518 F7800.000
G1 F3600
G1 X-12.312 Y7.748 E28739.60066
G1 X27.733 Y7.748 E28812.22009
G1 X26.867 Y-0.894 E28827.96873
G1 X25.435 Y-9.419 E28843.64540
G1 X21.414 Y-20.536 E28865.08433
G1 X14.347 Y-34.049 E28892.73820
G1 X5.533 Y-46.347 E28920.17602
G1 X-5.227 Y-57.728 E28948.57806
G1 X-17.839 Y-67.905 E28977.96526
G1 X-31.718 Y-76.483 E29007.55358
G1 X-47.455 Y-83.787 E29039.01553
G1 X-64.300 Y-89.242 E29071.12575
G1 X-82.158 Y-92.806 E29104.14694
G1 X-100.806 Y-94.439 E29138.09458
G1 X-122.198 Y-94.122 E29176.89065
G1 X-143.834 Y-91.609 E29216.38966
G1 X-164.843 Y-86.895 E29255.43626
G1 X-184.767 Y-80.068 E29293.62919
G1 X-200.468 Y-72.769 E29325.02695
G1 X-215.529 Y-63.785 E29356.82990
G1 X-228.211 Y-54.101 E29385.76507
G1 X-238.873 Y-43.639 E29412.85391
G1 X-248.436 Y-31.245 E29441.24261
G1 X-255.968 Y-17.943 E29468.96227
G1 X-261.688 Y-3.296 E29497.47818
G1 X-262.505 Y-0.480 E29502.79409
G1 X-265.368 Y14.295 E29530.08593
G1 X-266.003 Y29.011 E29556.79821
G1 X-264.698 Y43.982 E29584.04934
G1 X-261.356 Y60.006 E29613.73359
G1 X-256.413 Y74.391 E29641.31750
G1 X-249.166 Y88.747 E29670.47903
G1 X-247.499 Y91.439 E29676.22095
G1 X-237.884 Y104.475 E29705.59600
G1 X-226.528 Y116.417 E29735.48055
G1 X-213.246 Y127.415 E29766.75141
G1 X-198.119 Y137.154 E29799.37611
G1 X-181.872 Y145.071 E29832.15171
G1 X-166.599 Y150.559 E29861.58124
G1 X-148.130 Y155.046 E29896.04906
G1 X-129.133 Y157.447 E29930.77251
G1 X-109.536 Y157.677 E29966.31286
G1 X-90.374 Y155.691 E30001.24786
G1 X-70.332 Y151.380 E30038.42347
G1 X-50.474 Y145.000 E30076.24782
G1 X-30.234 Y136.217 E30116.25890
G1 X-11.299 Y125.494 E30155.71936
G1 X4.506 Y114.199 E30190.94640
G1 X10.106 Y109.617 E30204.06847
G1 X72.130 Y109.617 E30316.54321
G1 X72.130 Y224.824 E30525.46151
G1 X13.383 Y224.824 E30631.99488
G1 X13.383 Y180.008 E30713.26489
G1 X2.219 Y186.443 E30736.63113
G1 X-18.443 Y197.416 E30779.05786
G1 X-40.318 Y206.469 E30821.98868
G1 X-63.718 Y213.874 E30866.49686
G1 X-89.587 Y219.595 E30914.54130
G1 X-115.007 Y222.755 E30960.99495
G1 X-140.326 Y223.574 E31006.93174
G1 X-162.964 Y222.292 E31048.05085
G1 X-186.981 Y218.542 E31092.13093
G1 X-209.468 Y212.632 E31134.29509
G1 X-222.111 Y208.249 E31158.56004
G1 X-244.049 Y198.731 E31201.92572
G1 X-265.426 Y186.864 E31246.26452
G1 X-285.112 Y173.211 E31289.70947
G1 X-303.193 Y157.771 E31332.82564
G1 X-319.197 Y141.022 E31374.83529
G1 X-333.290 Y122.758 E31416.67013
G1 X-344.818 Y103.753 E31456.97939
G1 X-352.915 Y86.247 E31491.95514
G1 X-359.245 Y66.925 E31528.82729
G1 X-363.027 Y47.614 E31564.51208
G1 X-364.427 Y28.133 E31599.92978
G1 X-363.383 Y8.599 E31635.40442
G1 X-359.929 Y-10.082 E31669.85622
G1 X-354.172 Y-28.049 E31704.06977
G1 X-346.154 Y-45.440 E31738.79727
G1 X-336.047 Y-61.887 E31773.80353
G1 X-323.771 Y-77.506 E31809.82963
G1 X-309.010 Y-92.507 E31847.99389
G1 X-292.665 Y-105.922 E31886.33957
G1 X-274.277 Y-118.108 E31926.34198
G1 X-254.399 Y-128.578 E31967.08418
G1 X-233.043 Y-137.252 E32008.88470
G1 X-212.464 Y-143.479 E32047.87439
G1 X-189.022 Y-148.347 E32091.29205
G1 X-164.448 Y-151.158 E32136.14582
G1 X-138.988 Y-151.769 E32182.32797
G1 X-113.450 Y-150.162 E32228.73132
G1 X-87.256 Y-146.365 E32276.72899
G1 X-60.002 Y-140.257 E32327.37773
G1 X-31.701 Y-131.725 E32380.98067
G1 X-2.692 Y-120.784 E32437.20439
G1 X17.627 Y-112.073 E32477.29485
G1 X17.627 Y-130.736 E32511.13842
G1 X81.288 Y-130.736 E32626.58388
G1 X81.288 Y7.748 E32877.71379
G1 X120.990 Y7.748 E32949.70924
G1 X120.990 Y-165.750 E33264.33458
G1 X81.213 Y-165.750 E33336.46768
G1 X81.213 Y-224.824 E33443.59382
G1 X245.725 Y-224.824 E33741.92578
G1 X245.725 Y-166.136 E33848.35228
G1 X205.905 Y-166.136 E33920.56297
G1 X205.905 Y7.748 E34235.88794
G1 X308.397 Y7.748 E34421.74967
G1 X314.426 Y-26.518 E34484.84262
G1 X364.363 Y-26.518 E34575.40017
G1 X364.363 Y75.294 E34760.02914
G1 X-69.067 Y75.294 E35546.02515
G1 X-69.067 Y-26.518 E35730.65412
G1 X-19.993 Y-26.518 E35819.64758
G1 X-22.465 Y-22.662 F7800.000
G1 F1800
G1 X-15.460 Y11.604 E35883.07126
G1 X31.995 Y11.604 E35969.12715
G1 X30.691 Y-1.406 E35992.83735
G1 X29.180 Y-10.402 E36009.38022
G1 X24.951 Y-22.093 E36031.92422
G1 X17.639 Y-36.076 E36060.54036
G1 X8.515 Y-48.807 E36088.94317
G1 X-2.604 Y-60.566 E36118.29057
G1 X-15.605 Y-71.058 E36148.58759
G1 X-29.886 Y-79.884 E36179.03158
G1 X-46.044 Y-87.384 E36211.33507
G1 X-63.326 Y-92.980 E36244.27694
G1 X-81.610 Y-96.629 E36278.08864
G1 X-100.666 Y-98.298 E36312.77758
G1 X-122.449 Y-97.975 E36352.28387
G1 X-144.480 Y-95.416 E36392.50348
G1 X-165.893 Y-90.611 E36432.30069
G1 X-186.209 Y-83.650 E36471.24406
G1 X-202.273 Y-76.183 E36503.36898
G1 X-217.694 Y-66.983 E36535.93131
G1 X-230.741 Y-57.021 E36565.69989
G1 X-241.763 Y-46.205 E36593.70434
G1 X-251.656 Y-33.383 E36623.07232
G1 X-259.459 Y-19.603 E36651.78968
G1 X-265.343 Y-4.537 E36681.12049
G1 X-266.257 Y-1.386 E36687.06937
G1 X-269.208 Y13.842 E36715.19924
G1 X-269.866 Y29.096 E36742.88646
G1 X-268.519 Y44.545 E36771.00832
G1 X-265.082 Y61.030 E36801.54682
G1 X-259.974 Y75.894 E36830.04773
G1 X-252.533 Y90.634 E36859.99124
G1 X-250.696 Y93.602 E36866.32103
G1 X-240.844 Y106.958 E36896.41677
G1 X-229.164 Y119.241 E36927.15425
G1 X-215.528 Y130.533 E36959.26010
G1 X-200.014 Y140.520 E36992.71870
G1 X-183.373 Y148.629 E37026.28891
G1 X-167.710 Y154.258 E37056.47132
G1 X-148.829 Y158.845 E37091.70647
G1 X-129.398 Y161.301 E37127.22306
G1 X-109.359 Y161.535 E37163.56495
G1 X-89.768 Y159.505 E37199.28255
G1 X-69.334 Y155.110 E37237.18465
G1 X-49.113 Y148.614 E37275.70031
G1 X-28.511 Y139.673 E37316.42690
G1 X-9.222 Y128.749 E37356.62596
G1 X6.850 Y117.263 E37392.44906
G1 X11.483 Y113.474 E37403.30316
G1 X68.273 Y113.474 E37506.28903
G1 X68.273 Y220.967 E37701.22146
G1 X17.239 Y220.967 E37793.76896
G1 X17.239 Y173.334 E37880.14866
G1 X0.352 Y183.069 E37915.49609
G1 X-20.089 Y193.924 E37957.46612
G1 X-41.639 Y202.842 E37999.76110
G1 X-64.718 Y210.145 E38043.65798
G1 X-90.242 Y215.790 E38091.06294
G1 X-115.308 Y218.907 E38136.86805
G1 X-140.279 Y219.714 E38182.17416
G1 X-162.557 Y218.453 E38222.63827
G1 X-186.191 Y214.762 E38266.01686
G1 X-208.345 Y208.940 E38307.55529
G1 X-220.710 Y204.653 E38331.28742
G1 X-242.341 Y195.269 E38374.04763
G1 X-263.386 Y183.586 E38417.69685
G1 X-282.755 Y170.153 E38460.44190
G1 X-300.540 Y154.965 E38502.85213
G1 X-316.268 Y138.505 E38544.13804
G1 X-330.105 Y120.573 E38585.21187
G1 X-341.409 Y101.938 E38624.73710
G1 X-349.320 Y84.833 E38658.91243
G1 X-355.506 Y65.950 E38694.94521
G1 X-359.198 Y47.103 E38729.77288
G1 X-360.563 Y28.098 E38764.32651
G1 X-359.546 Y9.054 E38798.90980
G1 X-356.182 Y-9.140 E38832.46285
G1 X-350.572 Y-26.649 E38865.80403
G1 X-342.748 Y-43.617 E38899.68801
G1 X-332.878 Y-59.679 E38933.87483
G1 X-320.871 Y-74.955 E38969.10887
G1 X-306.405 Y-89.656 E39006.51213
G1 X-290.370 Y-102.816 E39044.12923
G1 X-272.309 Y-114.787 E39083.42309
G1 X-252.771 Y-125.077 E39123.46727
G1 X-231.756 Y-133.613 E39164.59959
G1 X-211.511 Y-139.738 E39202.95584
G1 X-188.409 Y-144.536 E39245.74394
G1 X-164.182 Y-147.307 E39289.96518
G1 X-139.063 Y-147.910 E39335.52905
G1 X-113.848 Y-146.323 E39381.34486
G1 X-87.955 Y-142.570 E39428.79108
G1 X-60.982 Y-136.525 E39478.91906
G1 X-32.940 Y-128.071 E39532.03165
G1 X-4.133 Y-117.206 E39587.86299
G1 X21.483 Y-106.224 E39638.40474
G1 X21.483 Y-126.880 E39675.86176
G1 X77.432 Y-126.880 E39777.32134
G1 X77.432 Y11.604 E40028.45126
G1 X124.846 Y11.604 E40114.43258
G1 X124.846 Y-169.606 E40443.04378
G1 X85.069 Y-169.606 E40515.17689
G1 X85.069 Y-220.967 E40608.31715
G1 X241.869 Y-220.967 E40892.66324
G1 X241.869 Y-169.992 E40985.10388
G1 X202.049 Y-169.992 E41057.31457
G1 X202.049 Y11.604 E41386.62540
G1 X311.634 Y11.604 E41585.35000
G1 X317.663 Y-22.662 E41648.44294
G1 X360.507 Y-22.662 E41726.13764
G1 X360.507 Y71.438 E41896.78074
G1 X-65.211 Y71.438 E42668.79088
G1 X-65.211 Y-22.662 E42839.43398
G1 X-23.140 Y-22.662 E42915.72658
G1 X-18.551 Y-24.882 F7800.000
G1 X-9.221 Y3.960 F7800.000
G1 F3600
G1 X24.117 Y3.960 E42976.18244
G1 X21.941 Y-7.990 E42998.21000
G1 X18.158 Y-18.593 E43018.62423
G1 X10.843 Y-32.573 E43047.23625
G1 X1.468 Y-45.347 E43075.97054
G1 X-9.858 Y-56.843 E43105.23567
G1 X-22.921 Y-66.825 E43135.04907
G1 X-38.504 Y-75.743 E43167.60804
G1 X-55.161 Y-82.590 E43200.26753
G1 X-72.793 Y-87.356 E43233.38935
G1 X-91.380 Y-90.074 E43267.45434
G1 X-110.841 Y-90.785 E43302.76800
G1 X-133.312 Y-89.317 E43343.60487
G1 X-155.381 Y-85.442 E43384.23822
G1 X-176.368 Y-79.251 E43423.91674
G1 X-195.842 Y-70.910 E43462.33505
G1 X-211.594 Y-61.877 E43495.26434
G1 X-224.892 Y-51.989 E43525.31426
G1 X-235.985 Y-41.232 E43553.33691
G1 X-245.707 Y-28.561 E43582.29842
G1 X-253.447 Y-14.461 E43611.46575
G1 X-258.905 Y0.624 E43640.55814
G1 X-261.780 Y15.999 E43668.92312
G1 X-262.168 Y31.069 E43696.26051
G1 X-260.479 Y46.565 E43724.52672
G1 X-256.461 Y63.312 E43755.75819
G1 X-250.387 Y78.612 E43785.60948
G1 X-242.136 Y92.708 E43815.22899
G1 X-232.105 Y105.382 E43844.54012
G1 X-219.897 Y117.313 E43875.49481
G1 X-205.703 Y128.084 E43907.80779
G1 X-201.942 Y130.507 E43915.92151
G1 X-185.583 Y139.328 E43949.62500
G1 X-167.932 Y146.194 E43983.96972
G1 X-149.192 Y151.009 E44019.05793
G1 X-131.450 Y153.489 E44051.54457
G1 X-111.568 Y153.991 E44087.61008
G1 X-91.899 Y152.115 E44123.43970
G1 X-72.588 Y148.076 E44159.21764
G1 X-52.577 Y141.758 E44197.27167
G1 X-31.887 Y132.829 E44238.13681
G1 X-12.570 Y121.829 E44278.44821
G1 X4.748 Y109.132 E44317.38947
G1 X8.573 Y105.830 E44326.55249
G1 X75.917 Y105.830 E44448.67645
G1 X75.917 Y228.611 E44671.33193
G1 X9.595 Y228.611 E44791.60243
G1 X9.595 Y187.138 E44866.81073
G1 X-19.599 Y202.107 E44926.30524
G1 X-40.721 Y210.627 E44967.60708
G1 X-64.045 Y217.871 E45011.89742
G1 X-89.297 Y223.374 E45058.76401
G1 X-114.340 Y226.490 E45104.52898
G1 X-139.515 Y227.359 E45150.20758
G1 X-161.930 Y226.188 E45190.91152
G1 X-185.510 Y222.694 E45234.13937
G1 X-207.899 Y217.071 E45276.00112
G1 X-229.639 Y209.347 E45317.83950
G1 X-250.979 Y199.450 E45360.49838
G1 X-271.611 Y187.399 E45403.82692
G1 X-290.793 Y173.547 E45446.73365
G1 X-308.375 Y158.024 E45489.26601
G1 X-324.193 Y140.971 E45531.44505
G1 X-329.024 Y134.980 E45545.40246
G1 X-341.674 Y116.804 E45585.56050
G1 X-351.870 Y98.090 E45624.20759
G1 X-359.519 Y79.180 E45661.19848
G1 X-364.672 Y60.276 E45696.73013
G1 X-367.530 Y41.256 E45731.60801
G1 X-368.142 Y22.290 E45766.01969
G1 X-366.500 Y3.536 E45800.15926
G1 X-362.660 Y-14.467 E45833.54076
G1 X-356.758 Y-31.735 E45866.63292
G1 X-348.730 Y-48.593 E45900.49281
G1 X-338.642 Y-64.748 E45935.03178
G1 X-326.246 Y-80.398 E45971.23539
G1 X-312.151 Y-94.745 E46007.70897
G1 X-296.057 Y-108.100 E46045.63366
G1 X-278.137 Y-120.193 E46084.83755
G1 X-258.652 Y-130.741 E46125.01867
G1 X-237.912 Y-139.512 E46165.85343
G1 X-215.384 Y-146.619 E46208.69013
G1 X-192.255 Y-151.638 E46251.61024
G1 X-168.134 Y-154.667 E46295.69408
G1 X-143.292 Y-155.601 E46340.77664
G1 X-117.995 Y-154.396 E46386.70245
G1 X-92.093 Y-151.056 E46434.06207
G1 X-65.287 Y-145.500 E46483.70594
G1 X-37.576 Y-137.645 E46535.93810
G1 X-8.941 Y-127.394 E46591.09348
G1 X13.839 Y-117.994 E46635.78254
G1 X13.839 Y-134.523 E46665.75727
G1 X85.076 Y-134.523 E46794.93986
G1 X85.076 Y3.960 E47046.06981
G1 X117.202 Y3.960 E47104.32813
G1 X117.202 Y-161.962 E47405.21635
G1 X77.425 Y-161.962 E47477.34946
G1 X77.425 Y-228.611 E47598.21273
G1 X249.513 Y-228.611 E47910.28182
G1 X249.513 Y-162.348 E48030.44546
G1 X209.693 Y-162.348 E48102.65615
G1 X209.693 Y3.960 E48404.24401
G1 X305.218 Y3.960 E48577.47153
G1 X311.247 Y-30.306 E48640.56451
G1 X368.151 Y-30.306 E48743.75627
G1 X368.151 Y79.082 E48942.12237
G1 X-72.855 Y79.082 E49741.85551
G1 X-72.855 Y-30.306 E49940.22161
G1 X-16.226 Y-30.306 E50042.91411
G1 X-9.356 Y3.299 E50105.11375
G1 X-6.073 Y0.104 F7800.000
G1 F1800
G1 X19.495 Y0.104 E50151.48017
G1 X18.203 Y-6.990 E50164.55660
G1 X14.616 Y-17.044 E50183.91315
G1 X7.562 Y-30.526 E50211.50795
G1 X-1.475 Y-42.840 E50239.20571
G1 X-12.415 Y-53.943 E50267.47196
G1 X-25.059 Y-63.605 E50296.32921
G1 X-40.202 Y-72.271 E50327.96920
G1 X-56.402 Y-78.931 E50359.73305
G1 X-73.578 Y-83.574 E50391.99765
G1 X-91.731 Y-86.228 E50425.26645
G1 X-110.785 Y-86.924 E50459.84380
G1 X-132.852 Y-85.483 E50499.94459
G1 X-154.500 Y-81.682 E50539.80215
G1 X-175.058 Y-75.617 E50578.67254
G1 X-194.118 Y-67.453 E50616.27246
G1 X-209.477 Y-58.645 E50648.38027
G1 X-222.389 Y-49.045 E50677.55709
G1 X-233.098 Y-38.660 E50704.60969
G1 X-242.468 Y-26.447 E50732.52484
G1 X-249.923 Y-12.868 E50760.61554
G1 X-255.172 Y1.641 E50788.59666
G1 X-257.933 Y16.406 E50815.83529
G1 X-258.306 Y30.909 E50842.14484
G1 X-256.672 Y45.903 E50869.49661
G1 X-252.776 Y62.145 E50899.78480
G1 X-246.911 Y76.916 E50928.60589
G1 X-238.945 Y90.526 E50957.20389
G1 X-229.234 Y102.796 E50985.57917
G1 X-217.374 Y114.387 E51015.65121
G1 X-203.490 Y124.923 E51047.25803
G1 X-199.979 Y127.184 E51054.83089
G1 X-183.962 Y135.821 E51087.83017
G1 X-166.749 Y142.517 E51121.32402
G1 X-148.443 Y147.220 E51155.59960
G1 X-131.133 Y149.639 E51187.29438
G1 X-111.703 Y150.130 E51222.54107
G1 X-92.479 Y148.297 E51257.56067
G1 X-73.565 Y144.341 E51292.60094
G1 X-53.925 Y138.140 E51329.95072
G1 X-33.610 Y129.373 E51370.07459
G1 X-14.671 Y118.588 E51409.59767
G1 X2.345 Y106.113 E51447.85803
G1 X7.139 Y101.974 E51459.34377
G1 X79.773 Y101.974 E51591.06185
G1 X79.773 Y232.467 E51827.70321
G1 X5.739 Y232.467 E51961.95958
G1 X5.739 Y193.449 E52032.71679
G1 X-17.995 Y205.618 E52081.08338
G1 X-39.425 Y214.263 E52122.98936
G1 X-63.061 Y221.603 E52167.87035
G1 X-88.647 Y227.180 E52215.35743
G1 X-114.035 Y230.338 E52261.75251
G1 X-139.549 Y231.218 E52308.04674
G1 X-162.314 Y230.029 E52349.38602
G1 X-186.264 Y226.481 E52393.29233
G1 X-209.017 Y220.766 E52435.83402
G1 X-231.099 Y212.920 E52478.33079
G1 X-252.767 Y202.871 E52521.64478
G1 X-273.717 Y190.635 E52565.64228
G1 X-293.204 Y176.563 E52609.23028
G1 X-311.071 Y160.787 E52652.45386
G1 X-327.111 Y143.496 E52695.22364
G1 X-332.111 Y137.295 E52709.67013
G1 X-344.960 Y118.834 E52750.45723
G1 X-355.362 Y99.740 E52789.88716
G1 X-363.179 Y80.414 E52827.69270
G1 X-368.452 Y61.072 E52864.04781
G1 X-371.377 Y41.606 E52899.74427
G1 X-372.004 Y22.184 E52934.98363
G1 X-370.321 Y2.963 E52969.97204
G1 X-366.383 Y-15.497 E53004.20085
G1 X-360.335 Y-33.192 E53038.11299
G1 X-352.117 Y-50.449 E53072.77376
G1 X-341.799 Y-66.973 E53108.10193
G1 X-329.141 Y-82.953 E53145.06987
G1 X-314.764 Y-97.587 E53182.27221
G1 X-298.372 Y-111.189 E53220.89884
G1 X-280.138 Y-123.495 E53260.79032
G1 X-260.324 Y-134.221 E53301.64878
G1 X-239.246 Y-143.135 E53343.15036
G1 X-216.375 Y-150.350 E53386.63927
G1 X-192.905 Y-155.443 E53430.19157
G1 X-168.448 Y-158.514 E53474.89147
G1 X-143.272 Y-159.461 E53520.57762
G1 X-117.656 Y-158.240 E53567.08367
G1 X-91.455 Y-154.861 E53614.99164
G1 X-64.369 Y-149.248 E53665.15304
G1 X-36.399 Y-141.320 E53717.87288
G1 X-7.555 Y-130.994 E53773.43102
G1 X9.983 Y-123.757 E53807.83599
G1 X9.983 Y-138.380 E53834.35317
G1 X88.932 Y-138.380 E53977.52162
G1 X88.932 Y0.104 E54228.65157
G1 X113.346 Y0.104 E54272.92402
G1 X113.346 Y-158.106 E54559.82638
G1 X73.569 Y-158.106 E54631.95948
G1 X73.569 Y-232.467 E54766.80862
G1 X253.369 Y-232.467 E55092.86358
G1 X253.369 Y-158.492 E55227.01309
G1 X213.549 Y-158.492 E55299.22378
G1 X213.549 Y0.104 E55586.82577
G1 X301.981 Y0.104 E55747.19043
G1 X308.010 Y-34.162 E55810.28341
G1 X372.007 Y-34.162 E55926.33803
G1 X372.007 Y82.938 E56138.69000
G1 X-76.711 Y82.938 E56952.40901
G1 X-76.711 Y-34.162 E57164.76098
G1 X-13.078 Y-34.162 E57280.15434
G1 X-6.208 Y-0.557 E57342.35398
G1 X-4.433 Y4.294 F7800.000
G1 E57332.35398 F2400.00000
G92 E0
T1
G92 E0
G1 X-25.428 Y23.816 F7800.000
G1 E10.00000 F2400.00000
G1 F3600
G1 X45.492 Y23.816 E138.60857
G1 X42.847 Y-2.583 E186.72069
G1 X41.116 Y-13.230 E206.28297
G1 X36.440 Y-26.359 E231.55649
G1 X28.678 Y-41.487 E262.38993
G1 X18.994 Y-55.320 E293.01046
G1 X7.297 Y-68.056 E324.36993
G1 X-6.042 Y-79.246 E355.94236
G1 X-20.844 Y-88.856 E387.94687
G1 X-37.541 Y-97.127 E421.73765
G1 X-55.545 Y-103.524 E456.38498
G1 X-74.354 Y-107.866 E491.39126
G1 X-94.030 Y-110.200 E527.32195
G1 X-115.814 Y-110.536 E566.83082
G1 X-137.894 Y-108.759 E607.00129
G1 X-160.419 Y-104.659 E648.51951
G1 X-181.877 Y-98.371 E689.06879
G1 X-202.146 Y-89.945 E728.87381
G1 X-220.295 Y-79.894 E766.49659
G1 X-234.768 Y-69.588 E798.71548
G1 X-247.190 Y-58.326 E829.12214
G1 X-258.659 Y-44.752 E861.34853
G1 X-267.775 Y-30.264 E892.38973
G1 X-274.921 Y-14.407 E923.93027
G1 X-279.212 Y-0.049 E951.10411
G1 X-281.766 Y16.480 E981.43502
G1 X-281.959 Y32.987 E1011.37140
G1 X-280.102 Y49.639 E1041.75589
G1 X-275.969 Y67.451 E1074.91365
G1 X-269.469 Y84.713 E1108.36297
G1 X-262.531 Y97.740 E1135.12863
G1 X-252.677 Y111.817 E1166.28903
G1 X-240.734 Y125.087 E1198.66412
G1 X-226.883 Y137.276 E1232.12203
G1 X-210.997 Y148.266 E1267.15233
G1 X-193.895 Y157.367 E1302.28451
G1 X-175.188 Y164.719 E1338.73447
G1 X-155.699 Y169.955 E1375.32893
G1 X-135.594 Y173.053 E1412.21782
G1 X-114.807 Y173.936 E1449.94862
G1 X-94.252 Y172.496 E1487.31433
G1 X-75.106 Y169.129 E1522.56631
G1 X-54.558 Y163.465 E1561.21884
G1 X-33.417 Y155.448 E1602.22121
G1 X-12.837 Y145.196 E1643.91581
G1 X6.187 Y133.073 E1684.82406
G1 X15.700 Y125.686 E1706.66421
G1 X56.061 Y125.686 E1779.85680
G1 X56.061 Y208.755 E1930.49663
G1 X29.451 Y208.755 E1978.75153
G1 X29.451 Y152.198 E2081.31346
G1 X-5.034 Y172.077 E2153.49627
G1 X-24.224 Y182.356 E2192.97328
G1 X-44.228 Y190.772 E2232.32988
G1 X-65.514 Y197.685 E2272.91521
G1 X-89.213 Y203.190 E2317.03590
G1 X-112.610 Y206.410 E2359.86325
G1 X-135.827 Y207.512 E2402.01422
G1 X-156.842 Y206.705 E2440.15016
G1 X-176.835 Y204.121 E2476.70818
G1 X-197.485 Y199.419 E2515.11487
G1 X-217.611 Y192.752 E2553.56159
G1 X-237.463 Y184.042 E2592.87528
G1 X-256.919 Y173.210 E2633.25614
G1 X-274.805 Y160.842 E2672.69019
G1 X-291.286 Y146.885 E2711.85439
G1 X-303.698 Y134.271 E2743.94639
G1 X-316.964 Y117.972 E2782.05632
G1 X-327.895 Y101.128 E2818.46993
G1 X-335.668 Y85.766 E2849.69101
G1 X-342.059 Y68.579 E2882.94382
G1 X-346.096 Y51.745 E2914.33553
G1 X-348.118 Y34.499 E2945.82436
G1 X-348.297 Y23.046 E2966.59638
G1 X-346.823 Y6.266 E2997.14351
G1 X-343.350 Y-9.759 E3026.87827
G1 X-337.925 Y-25.300 E3056.72888
G1 X-330.572 Y-40.378 E3087.14892
G1 X-321.382 Y-54.743 E3118.07388
G1 X-310.247 Y-68.499 E3150.16763
G1 X-299.897 Y-79.025 E3176.93714
G1 X-285.357 Y-91.292 E3211.43602
G1 X-269.022 Y-102.488 E3247.34814
G1 X-251.291 Y-112.239 E3284.04400
G1 X-232.186 Y-120.452 E3321.75490
G1 X-211.745 Y-127.037 E3360.69864
G1 X-198.457 Y-130.242 E3385.48658
G1 X-176.268 Y-133.894 E3426.26725
G1 X-153.305 Y-135.615 E3468.02520
G1 X-129.810 Y-135.334 E3510.63467
G1 X-106.138 Y-133.097 E3553.75384
G1 X-81.424 Y-128.820 E3599.23656
G1 X-55.617 Y-122.377 E3647.47153
G1 X-28.820 Y-113.681 E3698.56128
G1 X-1.058 Y-102.638 E3752.74280
G1 X33.696 Y-87.676 E3821.35769
G1 X33.696 Y-114.667 E3870.30360
G1 X65.220 Y-114.667 E3927.47059
G1 X65.220 Y23.816 E4178.60050
G1 X137.058 Y23.816 E4308.87442
G1 X137.058 Y-181.818 E4681.77823
G1 X97.281 Y-181.818 E4753.91133
G1 X97.281 Y-208.755 E4802.75899
G1 X229.657 Y-208.755 E5042.81249
G1 X229.657 Y-182.204 E5090.96052
G1 X189.837 Y-182.204 E5163.17121
G1 X189.837 Y23.816 E5536.77465
G1 X321.885 Y23.816 E5776.23531
G1 X327.914 Y-10.449 E5839.32826
G1 X348.295 Y-10.449 E5876.28688
G1 X348.295 Y59.225 E6002.63738
G1 X-52.999 Y59.225 E6730.35492
G1 X-52.999 Y-10.449 E6856.70542
G1 X-32.434 Y-10.449 E6893.99904
G1 X-25.563 Y23.155 E6956.19864
G1 X-22.281 Y19.960 F7800.000
G1 F3600
G1 X41.230 Y19.960 E7071.37075
G1 X39.022 Y-2.081 E7111.53991
G1 X37.366 Y-12.266 E7130.25319
G1 X32.893 Y-24.825 E7154.43012
G1 X25.367 Y-39.492 E7184.32300
G1 X15.981 Y-52.899 E7214.00229
G1 X4.626 Y-65.263 E7244.44421
G1 X-8.339 Y-76.140 E7275.13407
G1 X-22.757 Y-85.500 E7306.30526
G1 X-39.048 Y-93.570 E7339.27538
G1 X-56.628 Y-99.816 E7373.10693
G1 X-75.017 Y-104.062 E7407.33148
G1 X-94.287 Y-106.347 E7442.52223
G1 X-115.689 Y-106.678 E7481.33702
G1 X-137.393 Y-104.931 E7520.82330
G1 X-159.529 Y-100.902 E7561.62496
G1 X-180.591 Y-94.730 E7601.42556
G1 X-200.466 Y-86.467 E7640.45813
G1 X-218.236 Y-76.626 E7677.29405
G1 X-232.346 Y-66.579 E7708.70544
G1 X-244.410 Y-55.642 E7738.23510
G1 X-255.539 Y-42.469 E7769.50651
G1 X-264.369 Y-28.436 E7799.57365
G1 X-271.300 Y-13.056 E7830.16436
G1 X-275.441 Y0.801 E7856.39243
G1 X-277.913 Y16.799 E7885.74728
G1 X-278.100 Y32.795 E7914.75801
G1 X-276.295 Y48.988 E7944.30335
G1 X-272.270 Y66.330 E7976.58908
G1 X-265.948 Y83.120 E8009.12331
G1 X-259.238 Y95.721 E8035.01156
G1 X-249.653 Y109.413 E8065.31972
G1 X-238.018 Y122.341 E8096.86015
G1 X-224.505 Y134.232 E8129.50318
G1 X-208.988 Y144.967 E8163.71930
G1 X-192.278 Y153.859 E8198.04397
G1 X-173.978 Y161.051 E8233.70079
G1 X-154.903 Y166.176 E8269.51964
G1 X-135.218 Y169.209 E8305.63847
G1 X-114.860 Y170.074 E8342.58944
G1 X-94.722 Y168.664 E8379.19728
G1 X-75.955 Y165.363 E8413.75277
G1 X-55.757 Y159.796 E8451.74629
G1 X-34.964 Y151.911 E8492.07245
G1 X-14.738 Y141.835 E8533.04989
G1 X3.964 Y129.917 E8573.26504
G1 X14.378 Y121.830 E8597.17646
G1 X59.917 Y121.830 E8679.75824
G1 X59.917 Y212.611 E8844.38394
G1 X25.595 Y212.611 E8906.62471
G1 X25.595 Y158.872 E9004.07692
G1 X-3.160 Y175.448 E9064.26610
G1 X-22.562 Y185.840 E9104.17924
G1 X-42.883 Y194.390 E9144.15771
G1 X-64.481 Y201.404 E9185.33781
G1 X-88.513 Y206.986 E9230.07866
G1 X-112.255 Y210.254 E9273.53868
G1 X-135.810 Y211.372 E9316.30233
G1 X-157.163 Y210.552 E9355.05398
G1 X-177.512 Y207.922 E9392.26107
G1 X-198.522 Y203.138 E9431.33729
G1 X-218.995 Y196.356 E9470.44741
G1 X-239.180 Y187.500 E9510.41940
G1 X-258.958 Y176.488 E9551.47045
G1 X-277.153 Y163.906 E9591.58544
G1 X-293.912 Y149.715 E9631.40916
G1 X-306.574 Y136.846 E9664.14849
G1 X-320.086 Y120.245 E9702.96421
G1 X-331.243 Y103.054 E9740.12939
G1 X-339.207 Y87.313 E9772.11929
G1 X-345.754 Y69.704 E9806.18769
G1 X-349.900 Y52.422 E9838.41699
G1 X-351.971 Y34.755 E9870.67512
G1 X-352.156 Y22.907 E9892.16223
G1 X-350.643 Y5.686 E9923.51115
G1 X-347.069 Y-10.807 E9954.11489
G1 X-341.491 Y-26.786 E9984.80668
G1 X-333.941 Y-42.268 E10016.04347
G1 X-324.514 Y-57.002 E10047.76219
G1 X-313.127 Y-71.069 E10080.58308
G1 X-302.521 Y-81.856 E10108.01566
G1 X-287.696 Y-94.364 E10143.18979
G1 X-271.046 Y-105.776 E10179.79486
G1 X-252.985 Y-115.708 E10217.17257
G1 X-233.542 Y-124.067 E10255.55228
G1 X-212.790 Y-130.752 E10295.08851
G1 X-199.223 Y-134.024 E10320.39596
G1 X-176.726 Y-137.727 E10361.74293
G1 X-153.426 Y-139.473 E10404.11345
G1 X-129.605 Y-139.188 E10447.31424
G1 X-105.627 Y-136.922 E10490.99117
G1 X-80.627 Y-132.595 E10537.00014
G1 X-54.554 Y-126.086 E10585.73322
G1 X-27.511 Y-117.310 E10637.29140
G1 X0.418 Y-106.201 E10691.79724
G1 X29.839 Y-93.535 E10749.88594
G1 X29.839 Y-118.523 E10795.20088
G1 X69.076 Y-118.523 E10866.35374
G1 X69.076 Y19.960 E11117.48365
G1 X133.202 Y19.960 E11233.77170
G1 X133.202 Y-177.962 E11592.68964
G1 X93.425 Y-177.962 E11664.82274
G1 X93.425 Y-212.611 E11727.65628
G1 X233.513 Y-212.611 E11981.69564
G1 X233.513 Y-178.348 E12043.82954
G1 X193.693 Y-178.348 E12116.04023
G1 X193.693 Y19.960 E12475.65780
G1 X318.648 Y19.960 E12702.25561
G1 X324.677 Y-14.306 E12765.34855
G1 X352.151 Y-14.306 E12815.17003
G1 X352.151 Y63.082 E12955.50640
G1 X-56.855 Y63.082 E13697.20981
G1 X-56.855 Y-14.306 E13837.54617
G1 X-29.286 Y-14.306 E13887.54066
G1 X-22.416 Y19.299 E13949.74026
G1 X-19.133 Y16.104 F7800.000
G1 F1800
G1 X36.968 Y16.104 E14051.47590
G1 X35.197 Y-1.579 E14083.70211
G1 X33.616 Y-11.302 E14101.56638
G1 X29.346 Y-23.292 E14124.64673
G1 X22.057 Y-37.496 E14153.59906
G1 X12.969 Y-50.479 E14182.33710
G1 X1.956 Y-62.470 E14211.86148
G1 X-10.637 Y-73.034 E14241.66877
G1 X-24.669 Y-82.143 E14272.00662
G1 X-40.555 Y-90.013 E14304.15609
G1 X-57.710 Y-96.108 E14337.17187
G1 X-75.680 Y-100.257 E14370.61467
G1 X-94.545 Y-102.494 E14405.06548
G1 X-115.564 Y-102.819 E14443.18620
G1 X-136.892 Y-101.103 E14481.98828
G1 X-158.639 Y-97.144 E14522.07338
G1 X-179.305 Y-91.088 E14561.12531
G1 X-198.787 Y-82.989 E14599.38542
G1 X-216.177 Y-73.358 E14635.43449
G1 X-229.924 Y-63.570 E14666.03837
G1 X-241.630 Y-52.957 E14694.69104
G1 X-252.419 Y-40.187 E14725.00746
G1 X-260.963 Y-26.608 E14754.10055
G1 X-267.679 Y-11.706 E14783.74142
G1 X-271.671 Y1.652 E14809.02372
G1 X-274.060 Y17.117 E14837.40251
G1 X-274.241 Y32.604 E14865.48760
G1 X-272.487 Y48.336 E14894.19378
G1 X-268.571 Y65.210 E14925.60749
G1 X-262.427 Y81.528 E14957.22662
G1 X-255.944 Y93.701 E14982.23746
G1 X-246.629 Y107.008 E15011.69339
G1 X-235.302 Y119.594 E15042.39916
G1 X-222.126 Y131.189 E15074.22731
G1 X-206.978 Y141.668 E15107.62924
G1 X-190.662 Y150.351 E15141.14641
G1 X-172.769 Y157.383 E15176.01008
G1 X-154.106 Y162.397 E15211.05333
G1 X-134.841 Y165.366 E15246.40210
G1 X-114.913 Y166.212 E15282.57323
G1 X-95.192 Y164.831 E15318.42321
G1 X-76.803 Y161.596 E15352.28221
G1 X-56.955 Y156.126 E15389.61671
G1 X-36.511 Y148.374 E15429.26666
G1 X-16.639 Y138.474 E15469.52695
G1 X1.740 Y126.761 E15509.04899
G1 X13.057 Y117.974 E15535.03169
G1 X63.773 Y117.974 E15627.00265
G1 X63.773 Y216.467 E15805.61422
G1 X21.739 Y216.467 E15881.84086
G1 X21.739 Y165.546 E15974.18335
G1 X-1.287 Y178.819 E16022.37890
G1 X-20.900 Y189.325 E16062.72818
G1 X-41.537 Y198.007 E16103.32851
G1 X-63.447 Y205.122 E16145.10340
G1 X-87.812 Y210.782 E16190.46441
G1 X-111.900 Y214.097 E16234.55709
G1 X-135.792 Y215.231 E16277.93342
G1 X-157.485 Y214.399 E16317.30078
G1 X-178.188 Y211.722 E16355.15694
G1 X-199.559 Y206.857 E16394.90269
G1 X-220.379 Y199.960 E16434.67621
G1 X-240.896 Y190.958 E16475.30651
G1 X-260.997 Y179.766 E16517.02774
G1 X-279.501 Y166.971 E16557.82366
G1 X-296.538 Y152.545 E16598.30691
G1 X-309.451 Y139.421 E16631.69357
G1 X-323.208 Y122.519 E16671.21507
G1 X-334.590 Y104.979 E16709.13182
G1 X-342.746 Y88.861 E16741.89054
G1 X-349.450 Y70.830 E16776.77454
G1 X-353.703 Y53.099 E16809.84143
G1 X-355.824 Y35.010 E16842.86886
G1 X-356.015 Y22.768 E16865.07107
G1 X-354.463 Y5.107 E16897.22176
G1 X-350.787 Y-11.855 E16928.69449
G1 X-345.057 Y-28.272 E16960.22745
G1 X-337.309 Y-44.159 E16992.28100
G1 X-327.647 Y-59.261 E17024.79348
G1 X-316.007 Y-73.640 E17058.34151
G1 X-305.145 Y-84.688 E17086.43715
G1 X-290.035 Y-97.435 E17122.28654
G1 X-273.070 Y-109.064 E17159.58456
G1 X-254.680 Y-119.177 E17197.64412
G1 X-234.897 Y-127.682 E17236.69264
G1 X-213.835 Y-134.467 E17276.82136
G1 X-199.990 Y-137.806 E17302.64831
G1 X-177.184 Y-141.560 E17344.56160
G1 X-153.547 Y-143.331 E17387.54468
G1 X-129.400 Y-143.042 E17431.33680
G1 X-105.116 Y-140.747 E17475.57147
G1 X-79.830 Y-136.371 E17522.10670
G1 X-53.491 Y-129.795 E17571.33789
G1 X-26.202 Y-120.939 E17623.36450
G1 X1.893 Y-109.764 E17678.19465
G1 X25.983 Y-99.393 E17725.75717
G1 X25.983 Y-122.380 E17767.44114
G1 X72.932 Y-122.380 E17852.57986
G1 X72.932 Y16.104 E18103.70978
G1 X129.346 Y16.104 E18206.01196
G1 X129.346 Y-174.106 E18550.94403
G1 X89.569 Y-174.106 E18623.07713
G1 X89.569 Y-216.467 E18699.89654
G1 X237.369 Y-216.467 E18967.92176
G1 X237.369 Y-174.492 E19044.04154
G1 X197.549 Y-174.492 E19116.25223
G1 X197.549 Y16.104 E19461.88392
G1 X315.411 Y16.104 E19675.61888
G1 X321.441 Y-18.162 E19738.71182
G1 X356.007 Y-18.162 E19801.39616
G1 X356.007 Y66.938 E19955.71840
G1 X-60.711 Y66.938 E20711.40767
G1 X-60.711 Y-18.162 E20865.72991
G1 X-26.138 Y-18.162 E20928.42526
G1 X-19.268 Y15.443 E20990.62486
G1 X-17.830 Y20.411 F7800.000
G1 X-47.289 Y-8.093 F7800.000
G1 F1200
G1 X-50.642 Y-4.740 E20999.27335
G1 X-50.642 Y0.745 E21009.27462
G1 X-41.805 Y-8.093 E21032.06704
G1 X-36.320 Y-8.093 E21042.06832
G1 X-50.642 Y6.229 E21079.00469
G1 X-50.642 Y11.713 E21089.00596
G1 X-33.531 Y-5.399 E21133.13760
G1 X-32.600 Y-0.845 E21141.61301
G1 X-50.642 Y17.197 E21188.14543
G1 X-50.642 Y22.681 E21198.14671
G1 X-31.669 Y3.708 E21247.07993
G1 X-30.738 Y8.261 E21255.55534
G1 X-50.642 Y28.166 E21306.88936
G1 X-50.642 Y33.650 E21316.89062
G1 X-29.807 Y12.815 E21370.62543
G1 X-28.876 Y17.368 E21379.10084
G1 X-50.642 Y39.134 E21435.23644
G1 X-50.642 Y44.618 E21445.23771
G1 X-27.945 Y21.921 E21503.77410
G1 X-27.076 Y26.173 E21511.68763
G1 X-26.712 Y26.173 E21512.35067
G1 X-50.642 Y50.103 E21574.06638
G1 X-50.642 Y55.587 E21584.06765
G1 X-21.228 Y26.173 E21659.92728
G1 X-15.744 Y26.173 E21669.92855
G1 X-46.440 Y56.869 E21749.09514
G1 X-40.956 Y56.869 E21759.09641
G1 X-10.260 Y26.173 E21838.26298
G1 X-4.776 Y26.173 E21848.26426
G1 X-35.472 Y56.869 E21927.43084
G1 X-29.988 Y56.869 E21937.43211
G1 X0.709 Y26.173 E22016.59870
G1 X6.193 Y26.173 E22026.59996
G1 X-24.503 Y56.869 E22105.76655
G1 X-19.019 Y56.869 E22115.76782
G1 X11.677 Y26.173 E22194.93441
G1 X17.161 Y26.173 E22204.93568
G1 X-13.535 Y56.869 E22284.10227
G1 X-8.051 Y56.869 E22294.10354
G1 X22.645 Y26.173 E22373.27013
G1 X28.130 Y26.173 E22383.27140
G1 X-2.567 Y56.869 E22462.43798
G1 X2.918 Y56.869 E22472.43925
G1 X33.614 Y26.173 E22551.60584
G1 X39.098 Y26.173 E22561.60711
G1 X8.402 Y56.869 E22640.77369
G1 X13.886 Y56.869 E22650.77498
G1 X44.582 Y26.173 E22729.94155
G1 X50.067 Y26.173 E22739.94283
G1 X19.370 Y56.869 E22819.10942
G1 X24.854 Y56.869 E22829.11070
G1 X62.863 Y18.860 E22927.13685
G1 X62.863 Y24.344 E22937.13812
G1 X30.339 Y56.869 E23021.02034
G1 X35.823 Y56.869 E23031.02160
G1 X66.519 Y26.173 E23110.18819
G1 X72.003 Y26.173 E23120.18946
G1 X41.307 Y56.869 E23199.35604
G1 X46.791 Y56.869 E23209.35731
G1 X77.488 Y26.173 E23288.52389
G1 X82.972 Y26.173 E23298.52517
G1 X52.276 Y56.869 E23377.69178
G1 X57.760 Y56.869 E23387.69306
G1 X88.456 Y26.173 E23466.85964
G1 X93.940 Y26.173 E23476.86091
G1 X63.244 Y56.869 E23556.02749
G1 X68.728 Y56.869 E23566.02875
G1 X99.424 Y26.173 E23645.19536
G1 X104.909 Y26.173 E23655.19662
G1 X74.212 Y56.869 E23734.36321
G1 X79.697 Y56.869 E23744.36449
G1 X110.393 Y26.173 E23823.53106
G1 X115.877 Y26.173 E23833.53235
G1 X85.181 Y56.869 E23912.69895
G1 X90.665 Y56.869 E23922.70023
G1 X121.361 Y26.173 E24001.86682
G1 X126.846 Y26.173 E24011.86809
G1 X96.149 Y56.869 E24091.03466
G1 X101.633 Y56.869 E24101.03593
G1 X132.330 Y26.173 E24180.20253
G1 X137.814 Y26.173 E24190.20380
G1 X107.118 Y56.869 E24269.37037
G1 X112.602 Y56.869 E24279.37163
G1 X187.480 Y-18.009 E24472.48478
G1 X187.480 Y-12.525 E24482.48604
G1 X118.086 Y56.869 E24661.45527
G1 X123.570 Y56.869 E24671.45656
G1 X187.480 Y-7.041 E24836.28180
G1 X187.480 Y-1.557 E24846.28307
G1 X129.055 Y56.869 E24996.96440
G1 X134.539 Y56.869 E25006.96566
G1 X187.480 Y3.928 E25143.50307
G1 X187.480 Y9.412 E25153.50433
G1 X140.023 Y56.869 E25275.89779
G1 X145.507 Y56.869 E25285.89906
G1 X187.480 Y14.896 E25394.14860
G1 X187.480 Y20.380 E25404.14987
G1 X150.991 Y56.869 E25498.25549
G1 X156.476 Y56.869 E25508.25677
G1 X187.480 Y25.864 E25588.21842
G1 X187.480 Y26.173 E25588.78061
G1 X192.656 Y26.173 E25598.21968
G1 X161.960 Y56.869 E25677.38627
G1 X167.444 Y56.869 E25687.38754
G1 X198.140 Y26.173 E25766.55415
G1 X203.625 Y26.173 E25776.55542
G1 X172.928 Y56.869 E25855.72201
G1 X178.412 Y56.869 E25865.72327
G1 X209.109 Y26.173 E25944.88986
G1 X214.593 Y26.173 E25954.89115
G1 X183.897 Y56.869 E26034.05777
G1 X189.381 Y56.869 E26044.05906
G1 X220.077 Y26.173 E26123.22565
G1 X225.561 Y26.173 E26133.22691
G1 X194.865 Y56.869 E26212.39350
G1 X200.349 Y56.869 E26222.39477
G1 X231.046 Y26.173 E26301.56139
G1 X236.530 Y26.173 E26311.56266
G1 X205.833 Y56.869 E26390.72924
G1 X211.318 Y56.869 E26400.73051
G1 X242.014 Y26.173 E26479.89710
G1 X247.498 Y26.173 E26489.89839
G1 X216.802 Y56.869 E26569.06500
G1 X222.286 Y56.869 E26579.06629
G1 X252.982 Y26.173 E26658.23288
G1 X258.467 Y26.173 E26668.23415
G1 X227.770 Y56.869 E26747.40074
G1 X233.255 Y56.869 E26757.40201
G1 X263.951 Y26.173 E26836.56862
G1 X269.435 Y26.173 E26846.56987
G1 X238.739 Y56.869 E26925.73643
G1 X244.223 Y56.869 E26935.73770
G1 X274.919 Y26.173 E27014.90426
G1 X280.403 Y26.173 E27024.90552
G1 X249.707 Y56.869 E27104.07208
G1 X255.191 Y56.869 E27114.07337
G1 X285.888 Y26.173 E27193.23996
G1 X291.372 Y26.173 E27203.24123
G1 X260.676 Y56.869 E27282.40781
G1 X266.160 Y56.869 E27292.40908
G1 X296.856 Y26.173 E27371.57567
G1 X302.340 Y26.173 E27381.57694
G1 X271.644 Y56.869 E27460.74353
G1 X277.128 Y56.869 E27470.74482
G1 X307.825 Y26.173 E27549.91138
G1 X313.309 Y26.173 E27559.91264
G1 X282.612 Y56.869 E27639.07920
G1 X288.097 Y56.869 E27649.08049
G1 X318.793 Y26.173 E27728.24708
G1 X324.277 Y26.173 E27738.24834
G1 X293.581 Y56.869 E27817.41493
G1 X342.939 Y56.869 F7800.000
G1 F1200
G1 X345.938 Y53.869 E27825.15088
G1 X345.938 Y48.385 E27835.15214
G1 X337.455 Y56.869 E27857.03201
G1 X331.970 Y56.869 E27867.03327
G1 X345.938 Y42.901 E27903.05706
G1 X345.938 Y37.417 E27913.05832
G1 X326.486 Y56.869 E27963.22602
G1 X321.002 Y56.869 E27973.22729
G1 X345.938 Y31.933 E28037.53891
G1 X345.938 Y26.448 E28047.54018
G1 X315.518 Y56.869 E28125.99572
G1 X310.034 Y56.869 E28135.99703
G1 X345.938 Y20.964 E28228.59655
G1 X345.938 Y15.480 E28238.59782
G1 X304.549 Y56.869 E28345.34126
G1 X299.065 Y56.869 E28355.34252
G1 X345.938 Y9.996 E28476.22988
G1 X345.938 Y4.512 E28486.23115
G1 X324.123 Y26.327 E28542.49363
G1 X325.294 Y19.672 E28554.81685
G1 X345.938 Y-0.973 E28608.05931
G1 X345.938 Y-6.457 E28618.06058
G1 X326.465 Y13.016 E28668.28296
G1 X327.636 Y6.361 E28680.60619
G1 X342.090 Y-8.093 E28717.88406
G1 X336.606 Y-8.093 E28727.88532
G1 X328.807 Y-0.294 E28747.99920
G1 X329.652 Y-5.094 E28756.88647
G1 X333.607 Y-5.094 E28764.09917
G1 E28762.09917 F2400.00000
G92 E0
G1 X139.415 Y24.572 F7800.000
G1 E2.00000 F2400.00000
G1 F1200
G1 X187.480 Y-23.493 E125.96188
G1 X187.480 Y-28.978 E135.96315
G1 X139.415 Y19.088 E259.92503
G1 X139.415 Y13.603 E269.92630
G1 X187.480 Y-34.462 E393.88818
G1 X187.480 Y-39.946 E403.88947
G1 X139.415 Y8.119 E527.85138
G1 X139.415 Y2.635 E537.85267
G1 X187.480 Y-45.430 E661.81455
G1 X187.480 Y-50.915 E671.81582
G1 X139.415 Y-2.849 E795.77770
G1 X139.415 Y-8.333 E805.77897
G1 X187.480 Y-56.399 E929.74083
G1 X187.480 Y-61.883 E939.74209
G1 X139.415 Y-13.818 E1063.70394
G1 X139.415 Y-19.302 E1073.70521
G1 X187.480 Y-67.367 E1197.66706
G1 X187.480 Y-72.851 E1207.66833
G1 X139.415 Y-24.786 E1331.63018
G1 X139.415 Y-30.270 E1341.63147
G1 X187.480 Y-78.336 E1465.59330
G1 X187.480 Y-83.820 E1475.59456
G1 X139.415 Y-35.754 E1599.55639
G1 X139.415 Y-41.239 E1609.55766
G1 X187.480 Y-89.304 E1733.51948
G1 X187.480 Y-94.788 E1743.52079
G1 X139.415 Y-46.723 E1867.48267
G1 X139.415 Y-52.207 E1877.48394
G1 X187.480 Y-100.272 E2001.44582
G1 X187.480 Y-105.757 E2011.44709
G1 X139.415 Y-57.691 E2135.40894
G1 X139.415 Y-63.176 E2145.41021
G1 X187.480 Y-111.241 E2269.37206
G1 X187.480 Y-116.725 E2279.37333
G1 X139.415 Y-68.660 E2403.33518
G1 X139.415 Y-74.144 E2413.33645
G1 X187.480 Y-122.209 E2537.29830
G1 X187.480 Y-127.693 E2547.29957
G1 X139.415 Y-79.628 E2671.26142
G1 X139.415 Y-85.112 E2681.26269
G1 X187.480 Y-133.178 E2805.22455
G1 X187.480 Y-138.662 E2815.22581
G1 X139.415 Y-90.597 E2939.18766
G1 X139.415 Y-96.081 E2949.18895
G1 X187.480 Y-144.146 E3073.15077
G1 X187.480 Y-149.630 E3083.15204
G1 X139.415 Y-101.565 E3207.11387
G1 X139.415 Y-107.049 E3217.11518
G1 X187.480 Y-155.115 E3341.07700
G1 X187.480 Y-160.599 E3351.07827
G1 X139.415 Y-112.533 E3475.04009
G1 X139.415 Y-118.018 E3485.04136
G1 X187.480 Y-166.083 E3609.00318
G1 X187.480 Y-171.567 E3619.00445
G1 X139.415 Y-123.502 E3742.96627
G1 X139.415 Y-128.986 E3752.96754
G1 X187.480 Y-177.051 E3876.92937
G1 X187.480 Y-182.536 E3886.93063
G1 X139.415 Y-134.470 E4010.89246
G1 X139.415 Y-139.954 E4020.89372
G1 X205.859 Y-206.399 E4192.25475
G1 X200.375 Y-206.399 E4202.25602
G1 X139.415 Y-145.439 E4359.47312
G1 X139.415 Y-150.923 E4369.47439
G1 X194.890 Y-206.399 E4512.54757
G1 X189.406 Y-206.399 E4522.54888
G1 X139.415 Y-156.407 E4651.47809
G1 X139.415 Y-161.891 E4661.47935
G1 X183.922 Y-206.399 E4776.26464
G1 X178.438 Y-206.399 E4786.26591
G1 X139.415 Y-167.376 E4886.90728
G1 X139.415 Y-172.860 E4896.90854
G1 X172.954 Y-206.399 E4983.40599
G1 X167.469 Y-206.399 E4993.40726
G1 X139.415 Y-178.344 E5065.76073
G1 X139.415 Y-183.828 E5075.76200
G1 X161.985 Y-206.399 E5133.97155
G1 X156.501 Y-206.399 E5143.97285
G1 X134.277 Y-184.175 E5201.28832
G1 X128.793 Y-184.175 E5211.28959
G1 X151.017 Y-206.399 E5268.60506
G1 X145.533 Y-206.399 E5278.60632
G1 X123.309 Y-184.175 E5335.92179
G1 X117.825 Y-184.175 E5345.92306
G1 X140.048 Y-206.399 E5403.23852
G1 X134.564 Y-206.399 E5413.23979
G1 X112.340 Y-184.175 E5470.55532
G1 X106.856 Y-184.175 E5480.55658
G1 X129.080 Y-206.399 E5537.87211
G1 X123.596 Y-206.399 E5547.87341
G1 X101.372 Y-184.175 E5605.18888
G1 X99.638 Y-184.175 E5608.35173
G1 X99.638 Y-187.925 E5615.19015
G1 X118.111 Y-206.399 E5662.83462
G1 X112.627 Y-206.399 E5672.83589
G1 X99.638 Y-193.409 E5706.33644
G1 X99.638 Y-198.893 E5716.33771
G1 X107.143 Y-206.399 E5735.69434
G1 X205.859 Y-206.399 F7800.000
G1 F1200
G1 X211.343 Y-206.399 E5745.69561
G1 X189.505 Y-184.561 E5802.01609
G1 X194.989 Y-184.561 E5812.01736
G1 X216.827 Y-206.399 E5868.33785
G1 X222.311 Y-206.399 E5878.33911
G1 X200.474 Y-184.561 E5934.65960
G1 X205.958 Y-184.561 E5944.66090
G1 X227.300 Y-205.903 E5999.70320
G1 X227.300 Y-200.419 E6009.70447
G1 X211.442 Y-184.561 E6050.60285
G1 X216.926 Y-184.561 E6060.60411
G1 X227.300 Y-194.935 E6087.35857
G1 X227.300 Y-189.450 E6097.35984
G1 X222.410 Y-184.561 E6109.97038
G1 E6107.97038 F2400.00000
G92 E0
G1 X37.477 Y-109.311 F7800.000
G1 E2.00000 F2400.00000
G1 F1200
G1 X36.052 Y-109.311 E4.59822
G1 X36.052 Y-107.887 E7.19644
G1 X40.476 Y-112.311 E18.60646
G1 X45.960 Y-112.311 E28.60773
G1 X36.052 Y-102.402 E54.16170
G1 X36.052 Y-96.918 E64.16297
G1 X51.445 Y-112.311 E103.86089
G1 X56.929 Y-112.311 E113.86216
G1 X36.052 Y-91.434 E167.70400
G1 X36.052 Y-85.950 E177.70527
G1 X62.413 Y-112.311 E245.69103
G1 X62.863 Y-112.311 E246.51223
G1 X62.863 Y-107.277 E255.69229
G1 X36.052 Y-80.466 E324.83941
G1 X48.146 Y28.093 F7800.000
G1 F1200
G1 X62.863 Y13.376 E362.79614
G1 X62.863 Y7.892 E372.79742
G1 X47.647 Y23.108 E412.04216
G1 X47.147 Y18.124 E421.17819
G1 X62.863 Y2.407 E461.71092
G1 X62.863 Y-3.077 E471.71220
G1 X46.648 Y13.139 E513.53295
G1 X46.148 Y8.154 E522.66899
G1 X62.863 Y-8.561 E565.77772
G1 X62.863 Y-14.045 E575.77898
G1 X45.649 Y3.169 E620.17570
G1 X45.173 Y-1.585 E628.88919
G1 X45.137 Y-1.803 E629.29229
G1 X62.863 Y-19.529 E675.00891
G1 X62.863 Y-25.014 E685.01017
G1 X44.370 Y-6.520 E732.70460
G1 X43.603 Y-11.238 E741.42031
G1 X62.863 Y-30.498 E791.09253
G1 X62.863 Y-35.982 E801.09380
G1 X42.371 Y-15.490 E853.94422
G1 X40.931 Y-19.534 E861.77269
G1 X62.863 Y-41.466 E918.33766
G1 X62.863 Y-46.951 E928.33892
G1 X39.490 Y-23.578 E988.61847
G1 X38.491 Y-26.384 E994.05113
G1 X37.923 Y-27.494 E996.32547
G1 X62.863 Y-52.435 E1060.64815
G1 X62.863 Y-57.919 E1070.64942
G1 X36.063 Y-31.118 E1139.76853
G1 X34.203 Y-34.743 E1147.19757
G1 X62.863 Y-63.403 E1221.11313
G1 X62.863 Y-68.887 E1231.11442
G1 X32.343 Y-38.367 E1309.82646
G1 X30.483 Y-41.991 E1317.25470
G1 X62.863 Y-74.372 E1400.76583
G1 X62.863 Y-79.856 E1410.76710
G1 X28.224 Y-45.217 E1500.10240
G1 X25.966 Y-48.443 E1507.28361
G1 X62.863 Y-85.340 E1602.44306
G1 X62.863 Y-90.824 E1612.44433
G1 X23.708 Y-51.669 E1713.42796
G1 X21.449 Y-54.894 E1720.60917
G1 X62.863 Y-96.308 E1827.41697
G1 X62.863 Y-101.793 E1837.41826
G1 X18.977 Y-57.906 E1950.60212
G1 X16.352 Y-60.765 E1957.68049
G1 X38.949 Y-83.362 E2015.95849
G1 X35.115 Y-85.012 E2023.57028
G1 X13.726 Y-63.624 E2078.73206
G1 X11.101 Y-66.483 E2085.81042
G1 X31.281 Y-86.663 E2137.85598
G1 X27.447 Y-88.313 E2145.46776
G1 X8.475 Y-69.341 E2194.39713
G1 X5.494 Y-71.844 E2201.49596
G1 X23.614 Y-89.964 E2248.22692
G1 X19.780 Y-91.614 E2255.83871
G1 X2.512 Y-74.346 E2300.37391
G1 X-0.471 Y-76.848 E2307.47297
G1 X15.946 Y-93.265 E2349.81241
G1 X12.112 Y-94.915 E2357.42420
G1 X-3.453 Y-79.350 E2397.56788
G1 X-5.244 Y-80.852 E2401.82997
G1 X-6.573 Y-81.715 E2404.71933
G1 X8.278 Y-96.566 E2443.02075
G1 X4.445 Y-98.216 E2450.63253
G1 X-9.898 Y-83.873 E2487.62273
G1 X-13.223 Y-86.032 E2494.85289
G1 X0.611 Y-99.867 E2530.53185
G1 X-1.033 Y-100.574 E2533.79659
G1 X-3.274 Y-101.466 E2538.19427
G1 X-16.549 Y-88.191 E2572.42975
G1 X-19.874 Y-90.350 E2579.65991
G1 X-7.198 Y-103.026 E2612.35254
G1 X-11.121 Y-104.587 E2620.05300
G1 X-23.484 Y-92.224 E2651.93707
G1 X-27.152 Y-94.041 E2659.40084
G1 X-15.045 Y-106.148 E2690.62438
G1 X-18.968 Y-107.708 E2698.32483
G1 X-30.819 Y-95.858 E2728.88779
G1 X-34.486 Y-97.674 E2736.35156
G1 X-22.892 Y-109.269 E2766.25396
G1 X-26.815 Y-110.830 E2773.95441
G1 X-38.218 Y-99.427 E2803.36136
G1 X-42.264 Y-100.865 E2811.19268
G1 X-30.856 Y-112.274 E2840.61579
G1 X-34.996 Y-113.617 E2848.55432
G1 X-46.311 Y-102.303 E2877.73493
G1 X-50.357 Y-103.740 E2885.56626
G1 X-39.137 Y-114.961 E2914.50434
G1 X-43.277 Y-116.305 E2922.44288
G1 X-54.404 Y-105.178 E2951.13843
G1 X-55.962 Y-105.732 E2954.15361
G1 X-58.702 Y-106.364 E2959.28203
G1 X-47.418 Y-117.648 E2988.38382
G1 X-51.558 Y-118.992 E2996.32236
G1 X-63.157 Y-107.393 E3026.23654
G1 X-67.613 Y-108.422 E3034.57564
G1 X-55.730 Y-120.305 E3065.22223
G1 X-60.119 Y-121.400 E3073.47108
G1 X-72.069 Y-109.450 E3104.29044
G1 X-75.191 Y-110.171 E3110.13440
G1 X-76.658 Y-110.345 E3112.82837
G1 X-64.507 Y-122.496 E3144.16558
G1 X-68.896 Y-123.591 E3152.41444
G1 X-81.561 Y-110.926 E3185.07783
G1 X-86.464 Y-111.508 E3194.08144
G1 X-73.284 Y-124.687 E3228.07103
G1 X-77.673 Y-125.783 E3236.31990
G1 X-91.366 Y-112.089 E3271.63566
G1 X-95.272 Y-112.552 E3278.80810
G1 X-96.370 Y-112.569 E3280.81143
G1 X-82.149 Y-126.791 E3317.48892
G1 X-86.824 Y-127.600 E3326.14128
G1 X-101.771 Y-112.653 E3364.69026
G1 X-107.172 Y-112.737 E3374.54035
G1 X-91.499 Y-128.409 E3414.96079
G1 X-96.174 Y-129.218 E3423.61315
G1 X-112.572 Y-112.820 E3465.90507
G1 X-117.439 Y-112.895 E3474.78091
G1 X-118.029 Y-112.848 E3475.86019
G1 X-100.849 Y-130.028 E3520.16733
G1 X-105.149 Y-130.772 E3528.12550
G1 X-105.551 Y-130.810 E3528.86189
G1 X-123.993 Y-112.368 E3576.42442
G1 X-129.957 Y-111.888 E3587.33619
G1 X-110.562 Y-131.283 E3637.35780
G1 X-115.572 Y-131.757 E3646.53630
G1 X-135.921 Y-111.408 E3699.01695
G1 X-139.895 Y-111.088 E3706.28723
G1 X-142.133 Y-110.681 E3710.43468
G1 X-120.583 Y-132.230 E3766.01172
G1 X-125.594 Y-132.704 E3775.19021
G1 X-148.837 Y-109.460 E3835.13593
G1 X-155.542 Y-108.240 E3847.56378
G1 X-130.775 Y-133.007 E3911.43867
G1 X-136.194 Y-133.072 E3921.32247
G1 X-162.247 Y-107.019 E3988.51203
G1 X-162.809 Y-106.917 E3989.55384
G1 X-169.916 Y-104.834 E4003.06000
G1 X-141.614 Y-133.137 E4076.05201
G1 X-147.033 Y-133.201 E4085.93581
G1 X-177.674 Y-102.561 E4164.95791
G1 X-184.663 Y-100.513 E4178.24047
G1 X-185.592 Y-100.127 E4180.07558
G1 X-152.525 Y-133.194 E4265.35733
G1 X-158.453 Y-132.750 E4276.19917
G1 X-194.978 Y-96.225 E4370.39817
G1 X-204.365 Y-92.323 E4388.93527
G1 X-164.382 Y-132.305 E4492.05153
G1 X-170.310 Y-131.861 E4502.89338
G1 X-216.359 Y-85.813 E4621.65271
G1 X-223.854 Y-81.662 E4637.27778
G1 X-231.286 Y-76.370 E4653.91614
G1 X-176.446 Y-131.210 E4795.34983
G1 X-183.011 Y-130.129 E4807.48260
G1 X-345.813 Y32.674 E5227.35550
G1 X-345.898 Y27.274 E5237.20415
G1 X-189.575 Y-129.049 E5640.36407
G1 X-196.140 Y-127.968 E5652.49683
G1 X-345.663 Y21.555 E6038.12136
G1 X-345.135 Y15.543 E6049.12810
G1 X-203.362 Y-126.230 E6414.76388
G1 X-209.201 Y-124.822 E6425.71640
G1 X-210.756 Y-124.321 E6428.69554
G1 X-344.607 Y9.530 E6773.90154
G1 X-344.503 Y8.345 E6776.07115
G1 X-343.284 Y2.723 E6786.56098
G1 X-218.846 Y-121.715 E7107.49073
G1 X-226.937 Y-119.109 E7122.99145
G1 X-341.767 Y-4.278 E7419.14203
G1 X-341.131 Y-7.212 E7424.61545
G1 X-339.422 Y-12.107 E7434.07148
G1 X-236.104 Y-115.425 E7700.53237
G1 X-245.724 Y-111.290 E7719.62841
G1 X-336.481 Y-20.532 E7953.69449
G1 X-335.859 Y-22.315 E7957.13787
G1 X-331.744 Y-30.754 E7974.26047
G1 X-257.276 Y-105.222 E8166.31433
G1 X-265.498 Y-100.700 E8183.42635
G1 X-271.168 Y-96.814 E8195.96161
G1 X-324.636 Y-43.347 E8333.85571
G1 X-319.749 Y-50.984 E8350.39017
G1 X-308.866 Y-64.428 E8381.93354
G1 X-298.790 Y-74.676 E8408.14288
G1 X-295.772 Y-77.694 E8415.92707
G1 X-262.243 Y-45.413 F7800.000
G1 F1200
G1 X-345.517 Y37.861 E8630.69328
G1 X-344.942 Y42.770 E8639.70629
G1 X-270.585 Y-31.587 E8831.47473
G1 X-275.084 Y-21.604 E8851.44333
G1 X-344.366 Y47.679 E9030.12503
G1 X-343.789 Y52.586 E9039.13506
G1 X-278.362 Y-12.841 E9207.87199
G1 X-280.700 Y-5.019 E9222.75927
G1 X-342.728 Y57.009 E9382.73157
G1 X-341.667 Y61.432 E9391.02680
G1 X-282.149 Y1.914 E9544.52455
G1 X-283.151 Y8.401 E9556.49403
G1 X-340.606 Y65.855 E9704.67058
G1 X-339.863 Y68.953 E9710.47909
G1 X-339.417 Y70.151 E9712.81081
G1 X-284.121 Y14.855 E9855.42126
G1 X-284.186 Y20.404 E9865.54154
G1 X-337.931 Y74.149 E10004.15105
G1 X-336.444 Y78.147 E10011.92919
G1 X-284.251 Y25.953 E10146.53775
G1 X-284.316 Y31.502 E10156.65803
G1 X-334.958 Y82.144 E10287.26565
G1 X-333.629 Y85.718 E10294.21947
G1 X-333.434 Y86.104 E10295.00826
G1 X-283.785 Y36.456 E10423.05309
G1 X-283.235 Y41.390 E10432.10687
G1 X-331.591 Y89.746 E10556.81845
G1 X-329.749 Y93.388 E10564.26122
G1 X-282.685 Y46.324 E10685.63958
G1 X-282.410 Y48.791 E10690.16705
G1 X-281.893 Y51.017 E10694.33313
G1 X-327.906 Y97.029 E10813.00077
G1 X-326.063 Y100.671 E10820.44354
G1 X-280.860 Y55.468 E10937.02315
G1 X-279.828 Y59.919 E10945.35639
G1 X-323.908 Y103.999 E11059.04054
G1 X-321.749 Y107.325 E11066.27099
G1 X-278.795 Y64.370 E11177.05271
G1 X-278.168 Y67.071 E11182.10845
G1 X-277.578 Y68.638 E11185.16189
G1 X-319.591 Y110.651 E11293.51504
G1 X-317.433 Y113.977 E11300.74548
G1 X-276.078 Y72.622 E11407.40107
G1 X-274.578 Y76.606 E11415.16459
G1 X-315.265 Y117.293 E11520.09815
G1 X-312.804 Y120.317 E11527.20724
G1 X-273.077 Y80.590 E11629.66327
G1 X-271.577 Y84.574 E11637.42680
G1 X-310.343 Y123.340 E11737.40533
G1 X-307.883 Y126.364 E11744.51441
G1 X-269.695 Y88.176 E11843.00090
G1 X-267.789 Y91.755 E11850.39447
G1 X-305.422 Y129.387 E11947.44962
G1 X-302.961 Y132.411 E11954.55871
G1 X-265.884 Y95.333 E12050.18257
G1 X-264.325 Y98.260 E12056.22972
G1 X-263.914 Y98.847 E12057.53747
G1 X-300.308 Y135.242 E12151.40061
G1 X-297.588 Y138.006 E12158.47281
G1 X-261.655 Y102.073 E12251.14502
G1 X-259.397 Y105.299 E12258.32626
G1 X-294.868 Y140.771 E12349.80754
G1 X-292.148 Y143.535 E12356.87974
G1 X-257.139 Y108.525 E12447.17008
G1 X-254.881 Y111.751 E12454.35133
G1 X-289.361 Y146.232 E12543.27758
G1 X-286.392 Y148.747 E12550.37384
G1 X-252.385 Y114.740 E12638.07773
G1 X-249.787 Y117.626 E12645.15949
G1 X-283.422 Y151.261 E12731.90448
G1 X-280.453 Y153.776 E12739.00074
G1 X-247.190 Y120.513 E12824.78685
G1 X-244.592 Y123.399 E12831.86861
G1 X-277.483 Y156.290 E12916.69580
G1 X-274.513 Y158.805 E12923.79206
G1 X-241.994 Y126.286 E13007.66034
G1 X-239.082 Y128.858 E13014.74584
G1 X-271.322 Y161.098 E13097.89387
G1 X-268.080 Y163.340 E13105.08252
G1 X-236.165 Y131.425 E13187.39214
G1 X-233.248 Y133.992 E13194.47851
G1 X-264.838 Y165.582 E13275.94975
G1 X-261.596 Y167.824 E13283.13840
G1 X-230.331 Y136.559 E13363.77123
G1 X-227.762 Y138.819 E13370.01024
G1 X-227.375 Y139.087 E13370.86979
G1 X-258.353 Y170.066 E13450.76429
G1 X-256.379 Y171.431 E13455.14131
G1 X-255.001 Y172.198 E13458.01722
G1 X-224.133 Y141.330 E13537.62723
G1 X-220.891 Y143.573 E13544.81560
G1 X-251.478 Y174.160 E13623.70062
G1 X-247.956 Y176.121 E13631.05362
G1 X-217.650 Y145.815 E13709.21364
G1 X-214.408 Y148.058 E13716.40201
G1 X-244.433 Y178.083 E13793.83704
G1 X-240.910 Y180.044 E13801.19004
G1 X-211.131 Y150.265 E13877.99152
G1 X-207.551 Y152.169 E13885.38583
G1 X-237.387 Y182.005 E13962.33332
G1 X-237.247 Y182.084 E13962.62688
G1 X-233.587 Y183.689 E13969.91483
G1 X-203.972 Y154.074 E14046.29273
G1 X-200.393 Y155.979 E14053.68703
G1 X-229.775 Y185.362 E14129.46555
G1 X-225.963 Y187.034 E14137.05657
G1 X-196.813 Y157.884 E14212.23570
G1 X-194.011 Y159.375 E14218.02409
G1 X-193.156 Y159.711 E14219.69946
G1 X-222.152 Y188.707 E14294.47943
G1 X-218.340 Y190.379 E14302.07044
G1 X-189.219 Y161.258 E14377.17292
G1 X-185.282 Y162.806 E14384.88700
G1 X-214.270 Y191.793 E14459.64603
G1 X-210.150 Y193.158 E14467.56007
G1 X-181.346 Y164.353 E14541.84798
G1 X-177.409 Y165.901 E14549.56207
G1 X-206.031 Y194.523 E14623.37886
G1 X-201.911 Y195.887 E14631.29292
G1 X-173.332 Y167.308 E14704.99904
G1 X-169.009 Y168.469 E14713.16200
G1 X-197.778 Y197.239 E14787.35855
G1 X-193.311 Y198.256 E14795.71351
G1 X-164.686 Y169.631 E14869.53812
G1 X-160.363 Y170.792 E14877.70108
G1 X-188.844 Y199.273 E14951.15370
G1 X-184.377 Y200.290 E14959.50866
G1 X-156.041 Y171.953 E15032.58930
G1 X-154.995 Y172.234 E15034.56276
G1 X-151.392 Y172.789 E15041.21114
G1 X-179.910 Y201.307 E15114.75876
G1 X-177.658 Y201.820 E15118.97107
G1 X-175.250 Y202.131 E15123.39890
G1 X-146.640 Y173.522 E15197.18321
G1 X-141.888 Y174.254 E15205.95136
G1 X-170.393 Y202.759 E15279.46615
G1 X-165.537 Y203.387 E15288.39627
G1 X-137.137 Y174.986 E15361.64156
G1 X-134.471 Y175.397 E15366.55988
G1 X-132.161 Y175.495 E15370.77610
G1 X-160.680 Y204.014 E15444.32816
G1 X-158.019 Y204.358 E15449.22124
G1 X-155.632 Y204.450 E15453.57861
G1 X-126.900 Y175.718 E15527.67811
G1 X-121.639 Y175.942 E15537.28073
G1 X-150.350 Y204.653 E15611.32699
G1 X-145.069 Y204.855 E15620.96569
G1 X-116.379 Y176.165 E15694.95875
G1 X-113.254 Y176.298 E15700.66234
G1 X-110.859 Y176.130 E15705.03969
G1 X-139.787 Y205.058 E15779.64580
G1 X-137.344 Y205.152 E15784.10398
G1 X-134.250 Y205.005 E15789.75357
G1 X-104.962 Y175.717 E15865.28766
G1 X-99.065 Y175.304 E15876.06831
G1 X-128.493 Y204.732 E15951.96261
G1 X-122.735 Y204.458 E15962.47407
G1 X-93.168 Y174.891 E16038.72852
G1 X-92.282 Y174.829 E16040.34762
G1 X-86.627 Y173.835 E16050.81916
G1 X-116.978 Y204.185 E16129.09418
G1 X-114.464 Y204.066 E16133.68263
G1 X-110.881 Y203.573 E16140.27900
G1 X-79.972 Y172.664 E16219.99337
G1 X-73.318 Y171.494 E16232.31551
G1 X-104.522 Y202.698 E16312.79161
G1 X-98.162 Y201.822 E16324.49811
G1 X-65.824 Y169.484 E16407.90034
G1 X-58.253 Y167.397 E16422.22183
G1 X-91.803 Y200.947 E16508.74871
G1 X-91.414 Y200.894 E16509.46527
G1 X-84.707 Y199.336 E16522.02101
G1 X-50.485 Y165.114 E16610.28046
G1 X-41.651 Y161.764 E16627.51021
G1 X-77.564 Y197.676 E16720.12944
G1 X-70.420 Y196.017 E16733.50382
G1 X-32.817 Y158.414 E16830.48286
G1 X-30.370 Y157.486 E16835.25608
G1 X-22.469 Y153.550 E16851.35370
G1 X-62.623 Y193.704 E16954.91282
G1 X-54.501 Y191.067 E16970.48549
G1 X-11.540 Y148.106 E17081.28351
G1 X-9.436 Y147.057 E17085.57055
G1 X2.773 Y139.277 E17111.97116
G1 X-46.264 Y188.314 E17238.43893
G1 X-36.797 Y184.331 E17257.17045
G1 X19.492 Y128.042 E17402.33956
G1 X24.976 Y128.042 E17412.34083
G1 X-27.315 Y180.333 E17547.20083
G1 X-15.505 Y174.008 E17571.63300
G1 X30.460 Y128.042 E17690.17869
G1 X35.944 Y128.042 E17700.17996
G1 X-3.241 Y167.228 E17801.24014
G1 X9.707 Y159.764 E17828.49527
G1 X41.428 Y128.042 E17910.30577
G1 X46.913 Y128.042 E17920.30705
G1 X22.655 Y152.300 E17982.86787
G1 X31.808 Y147.024 E18002.13361
G1 X31.808 Y148.632 E18005.06532
G1 X52.397 Y128.042 E18058.16523
G1 X53.705 Y128.042 E18060.55000
G1 X53.705 Y132.219 E18068.16650
G1 X31.808 Y154.116 E18124.63899
G1 X31.808 Y159.600 E18134.64026
G1 X53.705 Y137.703 E18191.11275
G1 X53.705 Y143.187 E18201.11401
G1 X31.808 Y165.084 E18257.58650
G1 X31.808 Y170.568 E18267.58778
G1 X53.705 Y148.672 E18324.06026
G1 X53.705 Y154.156 E18334.06153
G1 X31.808 Y176.053 E18390.53401
G1 X31.808 Y181.537 E18400.53528
G1 X53.705 Y159.640 E18457.00776
G1 X53.705 Y165.124 E18467.00904
G1 X31.808 Y187.021 E18523.48152
G1 X31.808 Y192.505 E18533.48279
G1 X53.705 Y170.608 E18589.95527
G1 X53.705 Y176.093 E18599.95654
G1 X31.808 Y197.989 E18656.42903
G1 X31.808 Y203.474 E18666.43030
G1 X53.705 Y181.577 E18722.90279
G1 X53.705 Y187.061 E18732.90406
G1 X34.367 Y206.399 E18782.77594
G1 X39.851 Y206.399 E18792.77722
G1 X53.705 Y192.545 E18828.50517
G1 X53.705 Y198.030 E18838.50644
G1 X45.335 Y206.399 E18860.09046
G1 Z17.400 F7800.000
G1 E18858.09046 F2400.00000
G92 E0
G1 X-25.428 Y23.816 F7800.000
G1 E2.00000 F2400.00000
G1 F3600
G1 X45.492 Y23.816 E130.60857
G1 X42.847 Y-2.583 E178.72069
G1 X41.116 Y-13.230 E198.28297
G1 X36.440 Y-26.359 E223.55649
G1 X28.678 Y-41.487 E254.38993
G1 X18.994 Y-55.320 E285.01047
G1 X7.297 Y-68.056 E316.36992
G1 X-6.042 Y-79.246 E347.94236
G1 X-20.844 Y-88.856 E379.94687
G1 X-37.541 Y-97.127 E413.73765
G1 X-55.545 Y-103.524 E448.38497
G1 X-74.354 Y-107.866 E483.39126
G1 X-94.030 Y-110.200 E519.32196
G1 X-115.814 Y-110.536 E558.83082
G1 X-137.894 Y-108.759 E599.00128
G1 X-160.419 Y-104.659 E640.51951
G1 X-181.877 Y-98.371 E681.06879
G1 X-202.146 Y-89.945 E720.87381
G1 X-220.295 Y-79.894 E758.49659
G1 X-234.768 Y-69.588 E790.71549
G1 X-247.190 Y-58.326 E821.12214
G1 X-258.659 Y-44.752 E853.34853
G1 X-267.775 Y-30.264 E884.38973
G1 X-274.921 Y-14.407 E915.93027
G1 X-279.212 Y-0.049 E943.10412
G1 X-281.766 Y16.480 E973.43502
G1 X-281.959 Y32.987 E1003.37140
G1 X-280.102 Y49.639 E1033.75589
G1 X-275.969 Y67.451 E1066.91365
G1 X-269.469 Y84.713 E1100.36297
G1 X-262.531 Y97.740 E1127.12863
G1 X-252.677 Y111.817 E1158.28903
G1 X-240.734 Y125.087 E1190.66412
G1 X-226.883 Y137.276 E1224.12203
G1 X-210.997 Y148.266 E1259.15233
G1 X-193.895 Y157.367 E1294.28452
G1 X-175.188 Y164.719 E1330.73447
G1 X-155.699 Y169.955 E1367.32893
G1 X-135.594 Y173.053 E1404.21782
G1 X-114.807 Y173.936 E1441.94862
G1 X-94.252 Y172.496 E1479.31433
G1 X-75.106 Y169.129 E1514.56632
G1 X-54.558 Y163.465 E1553.21884
G1 X-33.417 Y155.448 E1594.22121
G1 X-12.837 Y145.196 E1635.91582
G1 X6.187 Y133.073 E1676.82406
G1 X15.700 Y125.686 E1698.66421
G1 X56.061 Y125.686 E1771.85680
G1 X56.061 Y208.755 E1922.49663
G1 X29.451 Y208.755 E1970.75153
G1 X29.451 Y152.198 E2073.31347
G1 X-5.034 Y172.077 E2145.49627
G1 X-24.224 Y182.356 E2184.97328
G1 X-44.228 Y190.772 E2224.32988
G1 X-65.514 Y197.685 E2264.91520
G1 X-89.213 Y203.190 E2309.03589
G1 X-112.610 Y206.410 E2351.86325
G1 X-135.827 Y207.512 E2394.01422
G1 X-156.842 Y206.705 E2432.15016
G1 X-176.835 Y204.121 E2468.70818
G1 X-197.485 Y199.419 E2507.11487
G1 X-217.611 Y192.752 E2545.56160
G1 X-237.463 Y184.042 E2584.87528
G1 X-256.919 Y173.210 E2625.25614
G1 X-274.805 Y160.842 E2664.69019
G1 X-291.286 Y146.885 E2703.85439
G1 X-303.698 Y134.271 E2735.94639
G1 X-316.964 Y117.972 E2774.05632
G1 X-327.895 Y101.128 E2810.46993
G1 X-335.668 Y85.766 E2841.69101
G1 X-342.059 Y68.579 E2874.94382
G1 X-346.096 Y51.745 E2906.33553
G1 X-348.118 Y34.499 E2937.82436
G1 X-348.297 Y23.046 E2958.59638
G1 X-346.823 Y6.266 E2989.14351
G1 X-343.350 Y-9.759 E3018.87827
G1 X-337.925 Y-25.300 E3048.72888
G1 X-330.572 Y-40.378 E3079.14892
G1 X-321.382 Y-54.743 E3110.07387
G1 X-310.247 Y-68.499 E3142.16764
G1 X-299.897 Y-79.025 E3168.93714
G1 X-285.357 Y-91.292 E3203.43602
G1 X-269.022 Y-102.488 E3239.34814
G1 X-251.291 Y-112.239 E3276.04400
G1 X-232.186 Y-120.452 E3313.75490
G1 X-211.745 Y-127.037 E3352.69865
G1 X-198.457 Y-130.242 E3377.48658
G1 X-176.268 Y-133.894 E3418.26725
G1 X-153.305 Y-135.615 E3460.02520
G1 X-129.810 Y-135.334 E3502.63467
G1 X-106.138 Y-133.097 E3545.75384
G1 X-81.424 Y-128.820 E3591.23657
G1 X-55.617 Y-122.377 E3639.47153
G1 X-28.820 Y-113.681 E3690.56128
G1 X-1.058 Y-102.638 E3744.74280
G1 X33.696 Y-87.676 E3813.35769
G1 X33.696 Y-114.667 E3862.30360
G1 X65.220 Y-114.667 E3919.47059
G1 X65.220 Y23.816 E4170.60050
G1 X137.058 Y23.816 E4300.87442
G1 X137.058 Y-181.818 E4673.77823
G1 X97.281 Y-181.818 E4745.91133
G1 X97.281 Y-208.755 E4794.75899
G1 X229.657 Y-208.755 E5034.81249
G1 X229.657 Y-182.204 E5082.96052
G1 X189.837 Y-182.204 E5155.17121
G1 X189.837 Y23.816 E5528.77465
G1 X321.885 Y23.816 E5768.23531
G1 X327.914 Y-10.449 E5831.32826
G1 X348.295 Y-10.449 E5868.28688
G1 X348.295 Y59.225 E5994.63738
G1 X-52.999 Y59.225 E6722.35492
G1 X-52.999 Y-10.449 E6848.70542
G1 X-32.434 Y-10.449 E6885.99904
G1 X-25.563 Y23.155 E6948.19864
G1 X-22.281 Y19.960 F7800.000
G1 F3600
G1 X41.230 Y19.960 E7063.37075
G1 X39.022 Y-2.081 E7103.53991
G1 X37.366 Y-12.266 E7122.25319
G1 X32.893 Y-24.825 E7146.43012
G1 X25.367 Y-39.492 E7176.32301
G1 X15.981 Y-52.899 E7206.00229
G1 X4.626 Y-65.263 E7236.44421
G1 X-8.339 Y-76.140 E7267.13407
G1 X-22.757 Y-85.500 E7298.30526
G1 X-39.048 Y-93.570 E7331.27538
G1 X-56.628 Y-99.816 E7365.10693
G1 X-75.017 Y-104.062 E7399.33148
G1 X-94.287 Y-106.347 E7434.52223
G1 X-115.689 Y-106.678 E7473.33702
G1 X-137.393 Y-104.931 E7512.82330
G1 X-159.529 Y-100.902 E7553.62496
G1 X-180.591 Y-94.730 E7593.42556
G1 X-200.466 Y-86.467 E7632.45813
G1 X-218.236 Y-76.626 E7669.29405
G1 X-232.346 Y-66.579 E7700.70544
G1 X-244.410 Y-55.642 E7730.23510
G1 X-255.539 Y-42.469 E7761.50651
G1 X-264.369 Y-28.436 E7791.57365
G1 X-271.300 Y-13.056 E7822.16436
G1 X-275.441 Y0.801 E7848.39243
G1 X-277.913 Y16.799 E7877.74728
G1 X-278.100 Y32.795 E7906.75801
G1 X-276.295 Y48.988 E7936.30334
G1 X-272.270 Y66.330 E7968.58908
G1 X-265.948 Y83.120 E8001.12330
G1 X-259.238 Y95.721 E8027.01156
G1 X-249.653 Y109.413 E8057.31972
G1 X-238.018 Y122.341 E8088.86015
G1 X-224.505 Y134.232 E8121.50318
G1 X-208.988 Y144.967 E8155.71930
G1 X-192.278 Y153.859 E8190.04398
G1 X-173.978 Y161.051 E8225.70079
G1 X-154.903 Y166.176 E8261.51964
G1 X-135.218 Y169.209 E8297.63847
G1 X-114.860 Y170.074 E8334.58944
G1 X-94.722 Y168.664 E8371.19729
G1 X-75.955 Y165.363 E8405.75277
G1 X-55.757 Y159.796 E8443.74629
G1 X-34.964 Y151.911 E8484.07245
G1 X-14.738 Y141.835 E8525.04990
G1 X3.964 Y129.917 E8565.26504
G1 X14.378 Y121.830 E8589.17646
G1 X59.917 Y121.830 E8671.75824
G1 X59.917 Y212.611 E8836.38394
G1 X25.595 Y212.611 E8898.62471
G1 X25.595 Y158.872 E8996.07692
G1 X-3.160 Y175.448 E9056.26610
G1 X-22.562 Y185.840 E9096.17924
G1 X-42.883 Y194.390 E9136.15770
G1 X-64.481 Y201.404 E9177.33781
G1 X-88.513 Y206.986 E9222.07866
G1 X-112.255 Y210.254 E9265.53868
G1 X-135.810 Y211.372 E9308.30233
G1 X-157.163 Y210.552 E9347.05398
G1 X-177.512 Y207.922 E9384.26107
G1 X-198.522 Y203.138 E9423.33729
G1 X-218.995 Y196.356 E9462.44742
G1 X-239.180 Y187.500 E9502.41940
G1 X-258.958 Y176.488 E9543.47045
G1 X-277.153 Y163.906 E9583.58544
G1 X-293.912 Y149.715 E9623.40916
G1 X-306.574 Y136.846 E9656.14849
G1 X-320.086 Y120.245 E9694.96421
G1 X-331.243 Y103.054 E9732.12939
G1 X-339.207 Y87.313 E9764.11929
G1 X-345.754 Y69.704 E9798.18769
G1 X-349.900 Y52.422 E9830.41699
G1 X-351.971 Y34.755 E9862.67512
G1 X-352.156 Y22.907 E9884.16223
G1 X-350.643 Y5.686 E9915.51115
G1 X-347.069 Y-10.807 E9946.11489
G1 X-341.491 Y-26.786 E9976.80668
G1 X-333.941 Y-42.268 E10008.04347
G1 X-324.514 Y-57.002 E10039.76219
G1 X-313.127 Y-71.069 E10072.58309
G1 X-302.521 Y-81.856 E10100.01566
G1 X-287.696 Y-94.364 E10135.18979
G1 X-271.046 Y-105.776 E10171.79486
G1 X-252.985 Y-115.708 E10209.17257
G1 X-233.542 Y-124.067 E10247.55228
G1 X-212.790 Y-130.752 E10287.08852
G1 X-199.223 Y-134.024 E10312.39596
G1 X-176.726 Y-137.727 E10353.74293
G1 X-153.426 Y-139.473 E10396.11345
G1 X-129.605 Y-139.188 E10439.31424
G1 X-105.627 Y-136.922 E10482.99117
G1 X-80.627 Y-132.595 E10529.00014
G1 X-54.554 Y-126.086 E10577.73322
G1 X-27.511 Y-117.310 E10629.29140
G1 X0.418 Y-106.201 E10683.79724
G1 X29.839 Y-93.535 E10741.88594
G1 X29.839 Y-118.523 E10787.20088
G1 X69.076 Y-118.523 E10858.35374
G1 X69.076 Y19.960 E11109.48365
G1 X133.202 Y19.960 E11225.77170
G1 X133.202 Y-177.962 E11584.68964
G1 X93.425 Y-177.962 E11656.82274
G1 X93.425 Y-212.611 E11719.65628
G1 X233.513 Y-212.611 E11973.69564
G1 X233.513 Y-178.348 E12035.82954
G1 X193.693 Y-178.348 E12108.04023
G1 X193.693 Y19.960 E12467.65780
G1 X318.648 Y19.960 E12694.25561
G1 X324.677 Y-14.306 E12757.34855
G1 X352.151 Y-14.306 E12807.17003
G1 X352.151 Y63.082 E12947.50640
G1 X-56.855 Y63.082 E13689.20981
G1 X-56.855 Y-14.306 E13829.54617
G1 X-29.286 Y-14.306 E13879.54066
G1 X-22.416 Y19.299 E13941.74026
G1 X-19.133 Y16.104 F7800.000
G1 F1800
G1 X36.968 Y16.104 E14043.47590
G1 X35.197 Y-1.579 E14075.70211
G1 X33.616 Y-11.302 E14093.56638
G1 X29.346 Y-23.292 E14116.64673
G1 X22.057 Y-37.496 E14145.59906
G1 X12.969 Y-50.479 E14174.33710
G1 X1.956 Y-62.470 E14203.86148
G1 X-10.637 Y-73.034 E14233.66877
G1 X-24.669 Y-82.143 E14264.00662
G1 X-40.555 Y-90.013 E14296.15609
G1 X-57.710 Y-96.108 E14329.17186
G1 X-75.680 Y-100.257 E14362.61467
G1 X-94.545 Y-102.494 E14397.06549
G1 X-115.564 Y-102.819 E14435.18620
G1 X-136.892 Y-101.103 E14473.98828
G1 X-158.639 Y-97.144 E14514.07338
G1 X-179.305 Y-91.088 E14553.12531
G1 X-198.787 Y-82.989 E14591.38543
G1 X-216.177 Y-73.358 E14627.43449
G1 X-229.924 Y-63.570 E14658.03837
G1 X-241.630 Y-52.957 E14686.69103
G1 X-252.419 Y-40.187 E14717.00746
G1 X-260.963 Y-26.608 E14746.10055
G1 X-267.679 Y-11.706 E14775.74142
G1 X-271.671 Y1.652 E14801.02373
G1 X-274.060 Y17.117 E14829.40251
G1 X-274.241 Y32.604 E14857.48760
G1 X-272.487 Y48.336 E14886.19378
G1 X-268.571 Y65.210 E14917.60750
G1 X-262.427 Y81.528 E14949.22662
G1 X-255.944 Y93.701 E14974.23746
G1 X-246.629 Y107.008 E15003.69339
G1 X-235.302 Y119.594 E15034.39916
G1 X-222.126 Y131.189 E15066.22731
G1 X-206.978 Y141.668 E15099.62924
G1 X-190.662 Y150.351 E15133.14642
G1 X-172.769 Y157.383 E15168.01008
G1 X-154.106 Y162.397 E15203.05333
G1 X-134.841 Y165.366 E15238.40210
G1 X-114.913 Y166.212 E15274.57323
G1 X-95.192 Y164.831 E15310.42322
G1 X-76.803 Y161.596 E15344.28221
G1 X-56.955 Y156.126 E15381.61671
G1 X-36.511 Y148.374 E15421.26666
G1 X-16.639 Y138.474 E15461.52695
G1 X1.740 Y126.761 E15501.04899
G1 X13.057 Y117.974 E15527.03169
G1 X63.773 Y117.974 E15619.00265
G1 X63.773 Y216.467 E15797.61422
G1 X21.739 Y216.467 E15873.84086
G1 X21.739 Y165.546 E15966.18335
G1 X-1.287 Y178.819 E16014.37890
G1 X-20.900 Y189.325 E16054.72818
G1 X-41.537 Y198.007 E16095.32850
G1 X-63.447 Y205.122 E16137.10340
G1 X-87.812 Y210.782 E16182.46441
G1 X-111.900 Y214.097 E16226.55709
G1 X-135.792 Y215.231 E16269.93342
G1 X-157.485 Y214.399 E16309.30078
G1 X-178.188 Y211.722 E16347.15695
G1 X-199.559 Y206.857 E16386.90269
G1 X-220.379 Y199.960 E16426.67621
G1 X-240.896 Y190.958 E16467.30650
G1 X-260.997 Y179.766 E16509.02774
G1 X-279.501 Y166.971 E16549.82367
G1 X-296.538 Y152.545 E16590.30691
G1 X-309.451 Y139.421 E16623.69357
G1 X-323.208 Y122.519 E16663.21507
G1 X-334.590 Y104.979 E16701.13182
G1 X-342.746 Y88.861 E16733.89054
G1 X-349.450 Y70.830 E16768.77455
G1 X-353.703 Y53.099 E16801.84143
G1 X-355.824 Y35.010 E16834.86886
G1 X-356.015 Y22.768 E16857.07107
G1 X-354.463 Y5.107 E16889.22176
G1 X-350.787 Y-11.855 E16920.69450
G1 X-345.057 Y-28.272 E16952.22746
G1 X-337.309 Y-44.159 E16984.28100
G1 X-327.647 Y-59.261 E17016.79347
G1 X-316.007 Y-73.640 E17050.34151
G1 X-305.145 Y-84.688 E17078.43716
G1 X-290.035 Y-97.435 E17114.28654
G1 X-273.070 Y-109.064 E17151.58457
G1 X-254.680 Y-119.177 E17189.64412
G1 X-234.897 Y-127.682 E17228.69264
G1 X-213.835 Y-134.467 E17268.82136
G1 X-199.990 Y-137.806 E17294.64831
G1 X-177.184 Y-141.560 E17336.56160
G1 X-153.547 Y-143.331 E17379.54468
G1 X-129.400 Y-143.042 E17423.33679
G1 X-105.116 Y-140.747 E17467.57147
G1 X-79.830 Y-136.371 E17514.10670
G1 X-53.491 Y-129.795 E17563.33789
G1 X-26.202 Y-120.939 E17615.36450
G1 X1.893 Y-109.764 E17670.19466
G1 X25.983 Y-99.393 E17717.75717
G1 X25.983 Y-122.380 E17759.44114
G1 X72.932 Y-122.380 E17844.57986
G1 X72.932 Y16.104 E18095.70978
G1 X129.346 Y16.104 E18198.01196
G1 X129.346 Y-174.106 E18542.94403
G1 X89.569 Y-174.106 E18615.07713
G1 X89.569 Y-216.467 E18691.89654
G1 X237.369 Y-216.467 E18959.92176
G1 X237.369 Y-174.492 E19036.04154
G1 X197.549 Y-174.492 E19108.25223
G1 X197.549 Y16.104 E19453.88393
G1 X315.411 Y16.104 E19667.61888
G1 X321.441 Y-18.162 E19730.71182
G1 X356.007 Y-18.162 E19793.39616
G1 X356.007 Y66.938 E19947.71840
G1 X-60.711 Y66.938 E20703.40767
G1 X-60.711 Y-18.162 E20857.72991
G1 X-26.138 Y-18.162 E20920.42526
G1 X-19.268 Y15.443 E20982.62486
G1 X-17.830 Y20.411 F7800.000
G1 X-29.482 Y26.173 F7800.000
G1 F1200
G1 X1.214 Y56.869 E21061.50908
G1 X6.679 Y56.869 E21071.43910
G1 X-24.018 Y26.173 E21150.32326
G1 X-18.553 Y26.173 E21160.25332
G1 X12.143 Y56.869 E21239.13748
G1 X17.608 Y56.869 E21249.06754
G1 X-13.088 Y26.173 E21327.95170
G1 X-7.624 Y26.173 E21337.88176
G1 X23.073 Y56.869 E21416.76592
G1 X28.537 Y56.869 E21426.69598
G1 X-2.159 Y26.173 E21505.58014
G1 X3.306 Y26.173 E21515.51016
G1 X34.002 Y56.869 E21594.39437
G1 X39.467 Y56.869 E21604.32444
G1 X8.770 Y26.173 E21683.20865
G1 X14.235 Y26.173 E21693.13872
G1 X44.931 Y56.869 E21772.02293
G1 X50.396 Y56.869 E21781.95299
G1 X19.700 Y26.173 E21860.83721
G1 X25.164 Y26.173 E21870.76727
G1 X55.861 Y56.869 E21949.65149
G1 X61.325 Y56.869 E21959.58155
G1 X30.629 Y26.173 E22038.46577
G1 X36.094 Y26.173 E22048.39583
G1 X66.790 Y56.869 E22127.27998
G1 X72.254 Y56.869 E22137.21005
G1 X41.558 Y26.173 E22216.09420
G1 X47.023 Y26.173 E22226.02427
G1 X77.719 Y56.869 E22304.90842
G1 X83.184 Y56.869 E22314.83848
G1 X47.783 Y21.468 E22405.81330
G1 X47.174 Y15.395 E22416.90421
G1 X88.648 Y56.869 E22523.48582
G1 X66.416 Y29.172 F7800.000
G1 F1200
G1 X62.863 Y29.172 E22529.94176
G1 X62.863 Y25.619 E22536.39774
G1 X46.566 Y9.322 E22578.27986
G1 X45.957 Y3.249 E22589.37081
G1 X62.863 Y20.155 E22632.81654
G1 X62.863 Y14.690 E22642.74660
G1 X45.349 Y-2.825 E22687.75588
G1 X45.173 Y-4.584 E22690.96982
G1 X44.419 Y-9.219 E22699.50198
G1 X62.863 Y9.225 E22746.90053
G1 X62.863 Y3.761 E22756.83059
G1 X43.343 Y-15.759 E22806.99399
G1 X40.320 Y-24.247 E22823.36638
G1 X62.863 Y-1.704 E22881.29844
G1 X62.863 Y-7.169 E22891.22850
G1 X36.220 Y-33.812 E22959.69795
G1 X30.488 Y-44.982 E22982.51080
G1 X30.427 Y-45.070 E22982.70672
G1 X62.863 Y-12.633 E23066.06384
G1 X63.417 Y26.173 F7800.000
G1 F1200
G1 X94.113 Y56.869 E23144.94805
G1 X99.578 Y56.869 E23154.87807
G1 X68.881 Y26.173 E23233.76223
G1 X74.346 Y26.173 E23243.69229
G1 X105.042 Y56.869 E23322.57651
G1 X110.507 Y56.869 E23332.50653
G1 X79.811 Y26.173 E23411.39068
G1 X85.275 Y26.173 E23421.32075
G1 X115.972 Y56.869 E23500.20496
G1 X121.436 Y56.869 E23510.13498
G1 X90.740 Y26.173 E23589.01914
G1 X96.205 Y26.173 E23598.94920
G1 X126.901 Y56.869 E23677.83342
G1 X132.366 Y56.869 E23687.76344
G1 X101.669 Y26.173 E23766.64759
G1 X107.134 Y26.173 E23776.57766
G1 X137.830 Y56.869 E23855.46187
G1 X143.295 Y56.869 E23865.39189
G1 X112.599 Y26.173 E23944.27605
G1 X118.063 Y26.173 E23954.20607
G1 X148.760 Y56.869 E24033.09023
G1 X154.224 Y56.869 E24043.02033
G1 X123.528 Y26.173 E24121.90449
G1 X128.993 Y26.173 E24131.83451
G1 X159.689 Y56.869 E24210.71867
G1 X165.154 Y56.869 E24220.64877
G1 X134.457 Y26.173 E24299.53293
G1 X139.415 Y26.173 E24308.54140
G1 X139.415 Y25.666 E24309.46303
G1 X170.618 Y56.869 E24389.65053
G1 X176.083 Y56.869 E24399.58064
G1 X139.415 Y20.201 E24493.81137
G1 X139.415 Y14.736 E24503.74148
G1 X181.548 Y56.869 E24612.01545
G1 X187.012 Y56.869 E24621.94555
G1 X139.415 Y9.272 E24744.26276
G1 X139.415 Y3.807 E24754.19282
G1 X192.477 Y56.869 E24890.55320
G1 X197.942 Y56.869 E24900.48330
G1 X139.415 Y-1.658 E25050.88698
G1 X139.415 Y-7.122 E25060.81704
G1 X203.406 Y56.869 E25225.26390
G1 X208.871 Y56.869 E25235.19392
G1 X139.415 Y-12.587 E25413.68395
G1 X139.415 Y-18.052 E25423.61401
G1 X214.335 Y56.869 E25616.14734
G1 X219.800 Y56.869 E25626.07736
G1 X192.103 Y29.172 E25697.25357
G1 X187.480 Y29.172 E25705.65436
G1 X187.480 Y24.549 E25714.05522
G1 X139.415 Y-23.516 E25837.57494
G1 X139.415 Y-28.981 E25847.50501
G1 X187.480 Y19.084 E25971.02478
G1 X187.480 Y13.620 E25980.95489
G1 X139.415 Y-34.446 E26104.47461
G1 X139.415 Y-39.910 E26114.40463
G1 X187.480 Y8.155 E26237.92435
G1 X187.480 Y2.690 E26247.85446
G1 X139.415 Y-45.375 E26371.37411
G1 X139.415 Y-50.840 E26381.30418
G1 X187.480 Y-2.774 E26504.82390
G1 X187.480 Y-8.239 E26514.75392
G1 X139.415 Y-56.304 E26638.27369
G1 X139.415 Y-61.769 E26648.20376
G1 X187.480 Y-13.704 E26771.72347
G1 X187.480 Y-19.168 E26781.65350
G1 X139.415 Y-67.234 E26905.17327
G1 X139.415 Y-72.698 E26915.10334
G1 X187.480 Y-24.633 E27038.62306
G1 X187.480 Y-30.097 E27048.55308
G1 X139.415 Y-78.163 E27172.07286
G1 X139.415 Y-83.628 E27182.00292
G1 X187.480 Y-35.562 E27305.52275
G1 X187.480 Y-41.027 E27315.45286
G1 X139.415 Y-89.092 E27438.97263
G1 X139.415 Y-94.557 E27448.90270
G1 X187.480 Y-46.491 E27572.42247
G1 X187.480 Y-51.956 E27582.35254
G1 X139.415 Y-100.021 E27705.87225
G1 X139.415 Y-105.486 E27715.80232
G1 X187.480 Y-57.421 E27839.32203
G1 X187.480 Y-62.885 E27849.25210
G1 X139.415 Y-110.951 E27972.77182
G1 X139.415 Y-116.415 E27982.70188
G1 X187.480 Y-68.350 E28106.22160
G1 X187.480 Y-73.815 E28116.15166
G1 X139.415 Y-121.880 E28239.67138
G1 X139.415 Y-127.345 E28249.60145
G1 X187.480 Y-79.279 E28373.12116
G1 X187.480 Y-84.744 E28383.05123
G1 X139.415 Y-132.809 E28506.57095
G1 X139.415 Y-138.274 E28516.50101
G1 X187.480 Y-90.209 E28640.02079
G1 X187.480 Y-95.673 E28649.95085
G1 X139.415 Y-143.739 E28773.47062
G1 X139.415 Y-149.203 E28783.40069
G1 X187.480 Y-101.138 E28906.92046
G1 X187.480 Y-106.603 E28916.85053
G1 X139.415 Y-154.668 E29040.37030
G1 X139.415 Y-160.133 E29050.30032
G1 X187.480 Y-112.067 E29173.82004
G1 X187.480 Y-117.532 E29183.75010
G1 X139.415 Y-165.597 E29307.26982
G1 X139.415 Y-171.062 E29317.19989
G1 X187.480 Y-122.997 E29440.71961
G1 X187.480 Y-128.461 E29450.64967
G1 X139.415 Y-176.527 E29574.16939
G1 X139.415 Y-181.991 E29584.09945
G1 X187.480 Y-133.926 E29707.61917
G1 X187.480 Y-139.391 E29717.54923
G1 X120.472 Y-206.399 E29889.74828
G1 X125.937 Y-206.399 E29899.67835
G1 X187.480 Y-144.855 E30057.83416
G1 X187.480 Y-150.320 E30067.76418
G1 X131.401 Y-206.399 E30211.87682
G1 X136.866 Y-206.399 E30221.80688
G1 X187.480 Y-155.785 E30351.87629
G1 X187.480 Y-161.249 E30361.80635
G1 X142.331 Y-206.399 E30477.83252
G1 X147.795 Y-206.399 E30487.76258
G1 X187.480 Y-166.714 E30589.74551
G1 X187.480 Y-172.178 E30599.67557
G1 X153.260 Y-206.399 E30687.61527
G1 X158.725 Y-206.399 E30697.54533
G1 X187.480 Y-177.643 E30771.44179
G1 X187.480 Y-183.108 E30781.37186
G1 X164.189 Y-206.399 E30841.22514
G1 X169.654 Y-206.399 E30851.15520
G1 X191.492 Y-184.561 E30907.27482
G1 X196.957 Y-184.561 E30917.20489
G1 X175.119 Y-206.399 E30973.32451
G1 X180.583 Y-206.399 E30983.25457
G1 X202.421 Y-184.561 E31039.37419
G1 X207.886 Y-184.561 E31049.30425
G1 X186.048 Y-206.399 E31105.42387
G1 X191.513 Y-206.399 E31115.35393
G1 X213.351 Y-184.561 E31171.47355
G1 X218.815 Y-184.561 E31181.40362
G1 X196.977 Y-206.399 E31237.52324
G1 X202.442 Y-206.399 E31247.45330
G1 X224.280 Y-184.561 E31303.57292
G1 X227.300 Y-184.561 E31309.06118
G1 X227.300 Y-187.005 E31313.50298
G1 X207.907 Y-206.399 E31363.34093
G1 X213.371 Y-206.399 E31373.27099
G1 X227.300 Y-192.470 E31409.06576
G1 X227.300 Y-197.934 E31418.99582
G1 X218.836 Y-206.399 E31440.74735
G1 X224.301 Y-206.399 E31450.67737
G1 X227.300 Y-203.399 E31458.38572
G1 X137.231 Y-184.175 F7800.000
G1 F1200
G1 X115.008 Y-206.399 E31515.49683
G1 X109.543 Y-206.399 E31525.42690
G1 X131.767 Y-184.175 E31582.53801
G1 X126.302 Y-184.175 E31592.46807
G1 X104.078 Y-206.399 E31649.57913
G1 X99.638 Y-206.399 E31657.64836
G1 X99.638 Y-205.374 E31659.50923
G1 X120.837 Y-184.175 E31713.98865
G1 X115.373 Y-184.175 E31723.91871
G1 X99.638 Y-199.910 E31764.35490
G1 X99.638 Y-194.445 E31774.28496
G1 X109.908 Y-184.175 E31800.67792
G1 X104.443 Y-184.175 E31810.60798
G1 X99.638 Y-188.981 E31822.95769
G1 E31820.95769 F2400.00000
G92 E0
G1 X62.863 Y-105.532 F7800.000
G1 E2.00000 F2400.00000
G1 F1200
G1 X56.085 Y-112.311 E19.41923
G1 X50.620 Y-112.311 E29.34929
G1 X62.863 Y-100.068 E60.81175
G1 X62.863 Y-94.603 E70.74182
G1 X45.156 Y-112.311 E116.24752
G1 X39.691 Y-112.311 E126.17758
G1 X62.863 Y-89.138 E185.72651
G1 X62.863 Y-83.674 E195.65657
G1 X36.052 Y-110.485 E264.55708
G1 X36.052 Y-105.020 E274.48715
G1 X62.863 Y-78.209 E343.38760
G1 X62.863 Y-72.744 E353.31766
G1 X36.052 Y-99.556 E422.21811
G1 X36.052 Y-94.091 E432.14817
G1 X62.863 Y-67.280 E501.04862
G1 X62.863 Y-61.815 E510.97868
G1 X36.052 Y-88.626 E579.87913
G1 X36.052 Y-83.318 E589.52591
G1 X35.778 Y-83.436 E590.06742
G1 X62.863 Y-56.350 E659.67129
G1 X62.863 Y-50.886 E669.60135
G1 X26.183 Y-87.566 E763.86430
G1 X16.587 Y-91.697 E782.84801
G1 X62.863 Y-45.421 E901.76997
G1 X62.863 Y-39.957 E911.70004
G1 X6.992 Y-95.828 E1055.28102
G1 X-2.604 Y-99.959 E1074.26478
G1 X62.863 Y-34.492 E1242.50484
G1 X62.863 Y-29.027 E1252.43490
G1 X-11.756 Y-103.646 E1444.19299
G1 X-20.830 Y-107.256 E1461.93813
G1 X62.863 Y-23.563 E1677.01468
G1 X62.863 Y-18.098 E1686.94470
G1 X-29.903 Y-110.865 E1925.33965
G1 X-31.629 Y-111.551 E1928.71408
G1 X-38.181 Y-113.677 E1941.23037
G1 X-11.112 Y-86.609 E2010.79092
G1 X-17.432 Y-90.712 E2024.48342
G1 X-23.868 Y-93.900 E2037.53470
G1 X-46.270 Y-116.303 E2095.10443
G1 X-54.360 Y-118.928 E2110.55973
G1 X-34.662 Y-99.230 E2161.18064
G1 X-43.138 Y-102.241 E2177.52640
G1 X-62.024 Y-121.127 E2226.06001
G1 X-69.307 Y-122.945 E2239.70025
G1 X-51.615 Y-105.253 E2285.16716
G1 X-52.962 Y-105.732 E2287.76610
G1 X-58.938 Y-107.111 E2298.90970
G1 X-76.590 Y-124.764 E2344.27351
G1 X-83.721 Y-126.544 E2357.62843
G1 X-83.859 Y-126.568 E2357.88333
G1 X-66.043 Y-108.751 E2403.66803
G1 X-72.192 Y-110.171 E2415.13537
G1 X-73.026 Y-110.270 E2416.66205
G1 X-90.467 Y-127.712 E2461.48386
G1 X-97.076 Y-128.855 E2473.67100
G1 X-79.226 Y-111.005 E2519.54286
G1 X-85.426 Y-111.740 E2530.88789
G1 X-103.684 Y-129.999 E2577.80988
G1 X-108.148 Y-130.772 E2586.04205
G1 X-110.107 Y-130.957 E2589.61672
G1 X-91.626 Y-112.476 E2637.11040
G1 X-92.273 Y-112.552 E2638.29432
G1 X-97.244 Y-112.629 E2647.32892
G1 X-116.142 Y-131.527 E2695.89336
G1 X-122.177 Y-132.098 E2706.90855
G1 X-102.794 Y-112.715 E2756.71788
G1 X-108.345 Y-112.801 E2766.80519
G1 X-128.212 Y-132.668 E2817.85937
G1 X-131.514 Y-132.980 E2823.88774
G1 X-134.018 Y-133.010 E2828.43805
G1 X-113.895 Y-112.887 E2880.15061
G1 X-114.439 Y-112.895 E2881.13944
G1 X-119.001 Y-112.528 E2889.45575
G1 X-139.549 Y-133.076 E2942.26011
G1 X-145.080 Y-133.142 E2952.31106
G1 X-124.059 Y-112.121 E3006.33137
G1 X-129.117 Y-111.714 E3015.55151
G1 X-150.611 Y-133.208 E3070.78776
G1 X-154.683 Y-133.257 E3078.18882
G1 X-156.024 Y-133.157 E3080.63115
G1 X-134.174 Y-111.307 E3136.78042
G1 X-136.896 Y-111.088 E3141.74204
G1 X-139.031 Y-110.699 E3145.68593
G1 X-161.107 Y-132.776 E3202.41785
G1 X-166.191 Y-132.395 E3211.68151
G1 X-143.654 Y-109.858 E3269.59699
G1 X-148.277 Y-109.016 E3278.13590
G1 X-171.275 Y-132.014 E3337.23491
G1 X-176.358 Y-131.633 E3346.49857
G1 X-152.900 Y-108.175 E3406.78113
G1 X-157.524 Y-107.333 E3415.32005
G1 X-181.124 Y-130.933 E3475.96863
G1 X-185.816 Y-130.161 E3484.61000
G1 X-161.946 Y-106.291 E3545.95218
G1 X-166.172 Y-105.053 E3553.95471
G1 X-190.508 Y-129.389 E3616.49486
G1 X-195.201 Y-128.617 E3625.13624
G1 X-170.398 Y-103.814 E3688.87434
G1 X-174.625 Y-102.576 E3696.87689
G1 X-199.850 Y-127.801 E3761.70149
G1 X-204.253 Y-126.739 E3769.93129
G1 X-178.851 Y-101.337 E3835.20958
G1 X-181.664 Y-100.513 E3840.53603
G1 X-182.954 Y-99.976 E3843.07621
G1 X-208.655 Y-125.677 E3909.12287
G1 X-212.200 Y-124.822 E3915.74916
G1 X-213.005 Y-124.563 E3917.28661
G1 X-186.814 Y-98.372 E3984.59300
G1 X-190.674 Y-96.767 E3992.18912
G1 X-217.139 Y-123.231 E4060.19757
G1 X-221.272 Y-121.900 E4068.08827
G1 X-194.534 Y-95.162 E4136.79878
G1 X-198.394 Y-93.558 E4144.39491
G1 X-225.405 Y-120.568 E4213.80747
G1 X-229.538 Y-119.237 E4221.69817
G1 X-202.255 Y-91.953 E4291.81279
G1 X-205.778 Y-90.012 E4299.12266
G1 X-233.570 Y-117.804 E4370.54493
G1 X-237.392 Y-116.161 E4378.10402
G1 X-209.295 Y-88.064 E4450.30940
G1 X-212.812 Y-86.116 E4457.61477
G1 X-241.214 Y-114.518 E4530.60324
G1 X-245.035 Y-112.875 E4538.16233
G1 X-216.329 Y-84.168 E4611.93391
G1 X-219.845 Y-82.221 E4619.23929
G1 X-248.857 Y-111.232 E4693.79399
G1 X-251.096 Y-110.270 E4698.22215
G1 X-252.556 Y-109.467 E4701.25060
G1 X-223.131 Y-80.041 E4776.86922
G1 X-226.322 Y-77.768 E4783.98943
G1 X-256.082 Y-107.528 E4860.46624
G1 X-259.608 Y-105.589 E4867.77793
G1 X-229.514 Y-75.496 E4945.11292
G1 X-232.706 Y-73.223 E4952.23314
G1 X-263.133 Y-103.650 E5030.42631
G1 X-266.659 Y-101.711 E5037.73800
G1 X-235.877 Y-70.929 E5116.84393
G1 X-238.743 Y-68.330 E5123.87396
G1 X-270.049 Y-99.637 E5204.32636
G1 X-273.292 Y-97.414 E5211.46922
G1 X-241.609 Y-65.732 E5292.88825
G1 X-244.475 Y-63.133 E5299.91828
G1 X-276.534 Y-95.192 E5382.30391
G1 X-279.776 Y-92.970 E5389.44677
G1 X-247.341 Y-60.535 E5472.79898
G1 X-248.470 Y-59.511 E5475.56816
G1 X-249.987 Y-57.716 E5479.83892
G1 X-283.019 Y-90.747 E5564.72398
G1 X-284.517 Y-89.720 E5568.02555
G1 X-286.111 Y-88.375 E5571.81519
G1 X-252.490 Y-54.754 E5658.21653
G1 X-254.992 Y-51.792 E5665.26292
G1 X-289.075 Y-85.875 E5752.85000
G1 X-292.039 Y-83.374 E5759.89682
G1 X-257.495 Y-48.830 E5848.66969
G1 X-259.998 Y-45.868 E5855.71608
G1 X-295.003 Y-80.873 E5945.67472
G1 X-297.967 Y-78.373 E5952.72153
G1 X-262.152 Y-42.558 E6044.76012
G1 X-264.263 Y-39.203 E6051.96127
G1 X-300.746 Y-75.687 E6145.71649
G1 X-303.455 Y-72.931 E6152.73836
G1 X-266.373 Y-35.849 E6248.03213
G1 X-268.484 Y-32.495 E6255.23327
G1 X-306.164 Y-70.176 E6352.06561
G1 X-308.873 Y-67.420 E6359.08749
G1 X-270.416 Y-28.963 E6457.91554
G1 X-272.113 Y-25.195 E6465.42378
G1 X-311.317 Y-64.400 E6566.17163
G1 X-313.762 Y-61.380 E6573.23206
G1 X-273.811 Y-21.428 E6675.89966
G1 X-275.508 Y-17.661 E6683.40791
G1 X-316.207 Y-58.360 E6787.99531
G1 X-318.651 Y-55.340 E6795.05573
G1 X-277.164 Y-13.852 E6901.67195
G1 X-278.421 Y-9.645 E6909.65135
G1 X-320.924 Y-52.147 E7018.87634
G1 X-323.056 Y-48.815 E7026.06537
G1 X-279.678 Y-5.437 E7137.53842
G1 X-280.936 Y-1.230 E7145.51781
G1 X-325.188 Y-45.482 E7259.23894
G1 X-327.320 Y-42.150 E7266.42796
G1 X-281.896 Y3.275 E7383.16095
G1 X-282.627 Y8.008 E7391.86407
G1 X-329.333 Y-38.698 E7511.88932
G1 X-331.124 Y-35.024 E7519.31568
G1 X-283.359 Y12.741 E7642.06479
G1 X-284.090 Y17.474 E7650.76789
G1 X-332.915 Y-31.351 E7776.24085
G1 X-334.707 Y-27.678 E7783.66721
G1 X-284.179 Y22.850 E7913.51344
G1 X-284.243 Y28.251 E7923.32942
G1 X-336.363 Y-23.870 E8057.27090
G1 X-337.777 Y-19.819 E8065.06717
G1 X-284.306 Y33.653 E8202.47993
G1 X-284.318 Y34.679 E8204.34494
G1 X-283.762 Y39.661 E8213.45377
G1 X-339.191 Y-15.768 E8355.89676
G1 X-340.605 Y-11.718 E8363.69302
G1 X-283.077 Y45.811 E8511.53185
G1 X-282.410 Y51.791 E8522.46521
G1 X-282.364 Y51.988 E8522.83356
G1 X-341.742 Y-7.390 E8675.42607
G1 X-342.716 Y-2.899 E8683.77677
G1 X-280.713 Y59.104 E8843.11437
G1 X-279.061 Y66.220 E8856.38869
G1 X-343.689 Y1.592 E9022.47138
G1 X-344.503 Y5.346 E9029.45005
G1 X-344.575 Y6.171 E9030.95560
G1 X-276.653 Y74.093 E9205.50342
G1 X-273.353 Y82.858 E9222.52220
G1 X-345.017 Y11.194 E9406.68521
G1 X-345.458 Y16.218 E9415.84852
G1 X-268.778 Y92.897 E9612.90214
G1 X-264.325 Y101.259 E9630.11772
G1 X-260.694 Y106.446 E9641.62276
G1 X-345.899 Y21.241 E9860.58555
G1 X-345.938 Y21.685 E9861.39634
G1 X-345.859 Y26.746 E9870.59250
G1 X-170.210 Y202.395 E10321.98082
G1 X-174.658 Y201.820 E10330.13123
G1 X-176.719 Y201.351 E10333.97136
G1 X-345.773 Y32.297 E10768.41030
G1 X-345.766 Y32.744 E10769.22330
G1 X-345.098 Y38.436 E10779.63665
G1 X-183.795 Y199.740 E11194.15952
G1 X-190.870 Y198.129 E11207.34601
G1 X-344.372 Y44.626 E11601.82044
G1 X-343.793 Y49.569 E11610.86348
G1 X-343.445 Y51.018 E11613.57139
G1 X-198.410 Y196.053 E11986.28710
G1 X-206.582 Y193.346 E12001.92985
G1 X-341.721 Y58.207 E12349.21430
G1 X-339.996 Y65.396 E12362.64833
G1 X-214.759 Y190.634 E12684.48852
G1 X-224.495 Y186.362 E12703.80910
G1 X-336.879 Y73.978 E12992.61653
G1 X-333.644 Y82.678 E13009.48163
G1 X-234.231 Y182.091 E13264.95567
G1 X-246.557 Y175.230 E13290.58830
G1 X-328.059 Y93.728 E13500.03455
G1 X-326.048 Y97.703 E13508.12933
G1 X-319.575 Y107.676 E13529.73376
G1 X-261.290 Y165.961 E13679.51664
G1 X-270.957 Y159.277 E13700.87264
G1 X-287.159 Y145.557 E13739.45303
G1 X-290.173 Y142.543 E13747.19633
G1 X-170.210 Y202.395 F7800.000
G1 F1200
G1 X-163.934 Y203.206 E13758.69545
G1 X-222.842 Y144.298 E13910.07952
G1 X-214.506 Y150.065 E13928.49899
G1 X-208.318 Y153.358 E13941.23784
G1 X-157.658 Y204.017 E14071.42360
G1 X-155.020 Y204.358 E14076.25745
G1 X-151.726 Y204.485 E14082.24736
G1 X-196.723 Y159.488 E14197.88055
G1 X-187.719 Y163.027 E14215.45939
G1 X-146.043 Y204.703 E14322.55910
G1 X-140.361 Y204.921 E14332.89310
G1 X-178.716 Y166.566 E14431.45939
G1 X-177.897 Y166.888 E14433.05879
G1 X-171.105 Y168.712 E14445.83863
G1 X-134.678 Y205.139 E14539.44897
G1 X-134.345 Y205.152 E14540.05416
G1 X-129.434 Y204.919 E14548.98913
G1 X-163.633 Y170.720 E14636.87492
G1 X-157.995 Y172.234 E14647.48277
G1 X-156.409 Y172.479 E14650.39839
G1 X-124.217 Y204.671 E14733.12774
G1 X-118.999 Y204.423 E14742.61853
G1 X-149.949 Y173.474 E14822.15325
G1 X-143.489 Y174.470 E14834.03088
G1 X-113.782 Y204.176 E14910.37098
G1 X-111.465 Y204.066 E14914.58707
G1 X-108.795 Y203.698 E14919.48401
G1 X-137.080 Y175.414 E14992.17139
G1 X-131.373 Y175.656 E15002.55104
G1 X-103.992 Y203.037 E15072.91706
G1 X-99.188 Y202.376 E15081.72815
G1 X-125.666 Y175.898 E15149.77271
G1 X-119.959 Y176.140 E15160.15236
G1 X-94.384 Y201.715 E15225.87557
G1 X-89.581 Y201.054 E15234.68669
G1 X-114.463 Y176.172 E15298.62904
G1 X-109.356 Y175.815 E15307.93201
G1 X-85.057 Y200.114 E15370.37639
G1 X-80.622 Y199.084 E15378.64915
G1 X-104.249 Y175.457 E15439.36530
G1 X-99.142 Y175.100 E15448.66827
G1 X-76.188 Y198.054 E15507.65612
G1 X-71.753 Y197.023 E15515.92885
G1 X-94.147 Y174.630 E15573.47700
G1 X-89.500 Y173.812 E15582.05137
G1 X-67.318 Y195.993 E15639.05287
G1 X-65.048 Y195.466 E15643.28781
G1 X-63.035 Y194.812 E15647.13447
G1 X-84.852 Y172.995 E15703.20111
G1 X-80.205 Y172.177 E15711.77545
G1 X-58.910 Y193.473 E15766.50014
G1 X-54.785 Y192.133 E15774.38130
G1 X-75.573 Y171.344 E15827.80422
G1 X-71.289 Y170.164 E15835.87900
G1 X-50.660 Y190.793 E15888.89360
G1 X-46.535 Y189.454 E15896.77476
G1 X-67.006 Y168.983 E15949.38110
G1 X-62.722 Y167.802 E15957.45588
G1 X-42.522 Y188.002 E16009.36496
G1 X-38.676 Y186.383 E16016.94776
G1 X-58.438 Y166.621 E16067.73236
G1 X-54.859 Y165.635 E16074.47772
G1 X-54.207 Y165.388 E16075.74544
G1 X-34.830 Y184.765 E16125.54169
G1 X-30.983 Y183.147 E16133.12449
G1 X-50.245 Y163.885 E16182.62302
G1 X-46.282 Y162.383 E16190.32315
G1 X-27.137 Y181.528 E16239.52402
G1 X-24.386 Y180.371 E16244.94730
G1 X-23.372 Y179.828 E16247.03641
G1 X-42.320 Y160.880 E16295.72894
G1 X-38.358 Y159.378 E16303.42908
G1 X-19.814 Y177.922 E16351.08441
G1 X-16.255 Y176.016 E16358.42006
G1 X-34.396 Y157.875 E16405.03825
G1 X-33.369 Y157.486 E16407.03383
G1 X-30.667 Y156.140 E16412.51977
G1 X-12.697 Y174.110 E16458.69970
G1 X-9.138 Y172.204 E16466.03535
G1 X-27.019 Y154.323 E16511.98669
G1 X-23.372 Y152.506 E16519.39174
G1 X-5.580 Y170.298 E16565.11450
G1 X-2.109 Y168.304 E16572.38811
G1 X-19.724 Y150.689 E16617.65691
G1 X-16.077 Y148.871 E16625.06193
G1 X1.358 Y166.306 E16669.86531
G1 X4.824 Y164.308 E16677.13595
G1 X-12.430 Y147.054 E16721.47531
G1 X-9.092 Y144.927 E16728.66717
G1 X8.291 Y162.309 E16773.33750
G1 X11.757 Y160.311 E16780.60811
G1 X-5.754 Y142.800 E16825.60931
G1 X-2.417 Y140.673 E16832.80116
G1 X15.223 Y158.313 E16878.13340
G1 X18.690 Y156.315 E16885.40404
G1 X0.921 Y138.546 E16931.06727
G1 X4.259 Y136.419 E16938.25913
G1 X22.156 Y154.316 E16984.25322
G1 X25.623 Y152.318 E16991.52386
G1 X7.543 Y134.238 E17037.98703
G1 X10.619 Y131.849 E17045.06399
G1 X29.089 Y150.320 E17092.53028
G1 X32.556 Y148.322 E17099.80092
G1 X13.695 Y129.461 E17148.27045
G1 X15.521 Y128.042 E17152.47278
G1 X17.741 Y128.042 E17156.50632
G1 X53.705 Y164.006 E17248.92654
G1 X53.704 Y158.541 E17258.85664
G1 X23.206 Y128.042 E17337.23351
G1 X28.670 Y128.042 E17347.16353
G1 X53.705 Y153.077 E17411.49728
G1 X53.704 Y147.612 E17421.42739
G1 X34.135 Y128.042 E17471.71790
G1 X39.600 Y128.042 E17481.64800
G1 X53.704 Y142.147 E17517.89528
G1 X53.705 Y136.683 E17527.82530
G1 X45.064 Y128.042 E17550.02946
G1 X50.529 Y128.042 E17559.95957
G1 X53.704 Y131.218 E17568.12037
G1 X53.704 Y169.471 F7800.000
G1 F1200
G1 X31.808 Y147.574 E17624.39136
G1 X31.808 Y153.039 E17634.32138
G1 X53.705 Y174.935 E17690.59247
G1 X53.704 Y180.400 E17700.52250
G1 X31.808 Y158.503 E17756.79348
G1 X31.808 Y163.968 E17766.72350
G1 X53.705 Y185.865 E17822.99460
G1 X53.704 Y191.329 E17832.92462
G1 X31.808 Y169.432 E17889.19560
G1 X31.808 Y174.897 E17899.12562
G1 X53.705 Y196.794 E17955.39672
G1 X53.704 Y202.259 E17965.32674
G1 X31.808 Y180.362 E18021.59784
G1 X31.808 Y185.826 E18031.52794
G1 X52.380 Y206.399 E18084.39479
G1 X46.915 Y206.399 E18094.32481
G1 X31.808 Y191.291 E18133.14854
G1 X31.808 Y196.756 E18143.07864
G1 X41.451 Y206.399 E18167.85901
G1 X35.986 Y206.399 E18177.78903
G1 X31.808 Y202.220 E18188.52629
G1 E18186.52629 F2400.00000
G92 E0
G1 X-50.642 Y48.730 F7800.000
G1 E2.00000 F2400.00000
G1 F1200
G1 X-42.503 Y56.869 E22.91599
G1 X-37.039 Y56.869 E32.84606
G1 X-50.642 Y43.265 E67.80528
G1 X-50.642 Y37.801 E77.73535
G1 X-31.574 Y56.869 E126.73781
G1 X-26.109 Y56.869 E136.66787
G1 X-50.642 Y32.336 E199.71357
G1 X-50.642 Y26.871 E209.64364
G1 X-20.645 Y56.869 E286.73257
G1 X-15.180 Y56.869 E296.66263
G1 X-50.642 Y21.407 E387.79480
G1 X-50.642 Y15.942 E397.72486
G1 X-9.715 Y56.869 E502.90027
G1 X-4.251 Y56.869 E512.83033
G1 X-50.642 Y10.477 E632.04897
G1 X-50.642 Y5.013 E641.97904
G1 X-27.228 Y28.427 E702.14859
G1 X-28.633 Y21.558 E714.88865
G1 X-50.642 Y-0.452 E771.44933
G1 X-50.642 Y-5.917 E781.37939
G1 X-30.037 Y14.689 E834.33125
G1 X-31.441 Y7.820 E847.07132
G1 X-47.354 Y-8.093 E887.96403
G1 X-41.889 Y-8.093 E897.89409
G1 X-32.846 Y0.951 E921.13475
G1 E919.13475 F2400.00000
G92 E0
G1 X219.800 Y56.869 F7800.000
G1 E2.00000 F2400.00000
G1 F1200
G1 X225.265 Y56.869 E11.93010
G1 X194.569 Y26.173 E90.81426
G1 X200.033 Y26.173 E100.74428
G1 X230.729 Y56.869 E179.62844
G1 X236.194 Y56.869 E189.55854
G1 X205.498 Y26.173 E268.44282
G1 X210.962 Y26.173 E278.37292
G1 X241.659 Y56.869 E357.25708
G1 X247.123 Y56.869 E367.18718
G1 X216.427 Y26.173 E446.07146
G1 X221.892 Y26.173 E456.00156
G1 X252.588 Y56.869 E534.88572
G1 X258.053 Y56.869 E544.81582
G1 X227.356 Y26.173 E623.70009
G1 X232.821 Y26.173 E633.63020
G1 X263.517 Y56.869 E712.51435
G1 X268.982 Y56.869 E722.44438
G1 X238.286 Y26.173 E801.32853
G1 X243.750 Y26.173 E811.25863
G1 X274.447 Y56.869 E890.14279
G1 X279.911 Y56.869 E900.07281
G1 X249.215 Y26.173 E978.95697
G1 X254.680 Y26.173 E988.88707
G1 X285.376 Y56.869 E1067.77123
G1 X290.841 Y56.869 E1077.70125
G1 X260.144 Y26.173 E1156.58541
G1 X265.609 Y26.173 E1166.51543
G1 X296.305 Y56.869 E1245.39970
G1 X301.770 Y56.869 E1255.32972
G1 X271.074 Y26.173 E1334.21388
G1 X276.538 Y26.173 E1344.14390
G1 X307.235 Y56.869 E1423.02817
G1 X312.699 Y56.869 E1432.95820
G1 X282.003 Y26.173 E1511.84235
G1 X287.468 Y26.173 E1521.77238
G1 X318.164 Y56.869 E1600.65665
G1 X323.629 Y56.869 E1610.58667
G1 X292.932 Y26.173 E1689.47083
G1 X298.397 Y26.173 E1699.40085
G1 X329.093 Y56.869 E1778.28501
G1 X334.558 Y56.869 E1788.21511
G1 X303.862 Y26.173 E1867.09927
G1 X309.326 Y26.173 E1877.02929
G1 X340.022 Y56.869 E1955.91344
G1 X345.487 Y56.869 E1965.84355
G1 X314.791 Y26.173 E2044.72771
G1 X320.256 Y26.173 E2054.65773
G1 X345.938 Y51.856 E2120.65837
G1 X345.938 Y46.391 E2130.58847
G1 X323.936 Y24.389 E2187.13019
G1 X324.754 Y19.742 E2195.70413
G1 X345.938 Y40.926 E2250.14459
G1 X345.938 Y35.462 E2260.07461
G1 X325.572 Y15.095 E2312.41393
G1 X326.389 Y10.448 E2320.98794
G1 X345.938 Y29.997 E2371.22600
G1 X345.938 Y24.532 E2381.15602
G1 X327.207 Y5.801 E2429.29283
G1 X328.025 Y1.154 E2437.86683
G1 X345.938 Y19.068 E2483.90238
G1 X345.938 Y13.603 E2493.83240
G1 X328.842 Y-3.493 E2537.76669
G1 X329.652 Y-8.093 E2546.25360
G1 X329.707 Y-8.093 E2546.35444
G1 X345.938 Y8.138 E2588.06617
G1 X345.938 Y2.674 E2597.99619
G1 X335.172 Y-8.093 E2625.66481
G1 X340.636 Y-8.093 E2635.59491
G1 X345.938 Y-2.791 E2649.22017
G1 E2639.22017 F2400.00000
G92 E0
T0
G92 E0
G1 X-19.318 Y-26.518 F7800.000
G1 E10.00000 F2400.00000
G1 F3600
G1 X-12.312 Y7.748 E73.42367
G1 X27.733 Y7.748 E146.04310
G1 X26.867 Y-0.894 E161.79175
G1 X25.435 Y-9.419 E177.46841
G1 X21.414 Y-20.536 E198.90734
G1 X14.347 Y-34.049 E226.56121
G1 X5.533 Y-46.347 E253.99904
G1 X-5.227 Y-57.728 E282.40108
G1 X-17.839 Y-67.905 E311.78827
G1 X-31.718 Y-76.483 E341.37659
G1 X-47.455 Y-83.787 E372.83854
G1 X-64.300 Y-89.242 E404.94876
G1 X-82.158 Y-92.806 E437.96996
G1 X-100.806 Y-94.439 E471.91760
G1 X-122.198 Y-94.122 E510.71366
G1 X-143.834 Y-91.609 E550.21268
G1 X-164.843 Y-86.895 E589.25927
G1 X-184.767 Y-80.068 E627.45220
G1 X-200.468 Y-72.769 E658.84996
G1 X-215.529 Y-63.785 E690.65292
G1 X-228.211 Y-54.101 E719.58808
G1 X-238.873 Y-43.639 E746.67692
G1 X-248.436 Y-31.245 E775.06562
G1 X-255.968 Y-17.943 E802.78528
G1 X-261.688 Y-3.296 E831.30119
G1 X-262.505 Y-0.480 E836.61709
G1 X-265.368 Y14.295 E863.90894
G1 X-266.003 Y29.011 E890.62122
G1 X-264.698 Y43.982 E917.87236
G1 X-261.356 Y60.006 E947.55660
G1 X-256.413 Y74.391 E975.14051
G1 X-249.166 Y88.747 E1004.30205
G1 X-247.499 Y91.439 E1010.04396
G1 X-237.884 Y104.475 E1039.41902
G1 X-226.528 Y116.417 E1069.30356
G1 X-213.246 Y127.415 E1100.57442
G1 X-198.119 Y137.154 E1133.19912
G1 X-181.872 Y145.071 E1165.97472
G1 X-166.599 Y150.559 E1195.40425
G1 X-148.130 Y155.046 E1229.87207
G1 X-129.133 Y157.447 E1264.59552
G1 X-109.536 Y157.677 E1300.13587
G1 X-90.374 Y155.691 E1335.07087
G1 X-70.332 Y151.380 E1372.24648
G1 X-50.474 Y145.000 E1410.07083
G1 X-30.234 Y136.217 E1450.08191
G1 X-11.299 Y125.494 E1489.54237
G1 X4.506 Y114.199 E1524.76941
G1 X10.106 Y109.617 E1537.89148
G1 X72.130 Y109.617 E1650.36623
G1 X72.130 Y224.824 E1859.28453
G1 X13.383 Y224.824 E1965.81789
G1 X13.383 Y180.008 E2047.08791
G1 X2.219 Y186.443 E2070.45414
G1 X-18.443 Y197.416 E2112.88088
G1 X-40.318 Y206.469 E2155.81170
G1 X-63.718 Y213.874 E2200.31988
G1 X-89.587 Y219.595 E2248.36431
G1 X-115.007 Y222.755 E2294.81796
G1 X-140.326 Y223.574 E2340.75475
G1 X-162.964 Y222.292 E2381.87386
G1 X-186.981 Y218.542 E2425.95395
G1 X-209.468 Y212.632 E2468.11810
G1 X-222.111 Y208.249 E2492.38305
G1 X-244.049 Y198.731 E2535.74873
G1 X-265.426 Y186.864 E2580.08753
G1 X-285.112 Y173.211 E2623.53248
G1 X-303.193 Y157.771 E2666.64866
G1 X-319.197 Y141.022 E2708.65830
G1 X-333.290 Y122.758 E2750.49314
G1 X-344.818 Y103.753 E2790.80240
G1 X-352.915 Y86.247 E2825.77816
G1 X-359.245 Y66.925 E2862.65030
G1 X-363.027 Y47.614 E2898.33509
G1 X-364.427 Y28.133 E2933.75279
G1 X-363.383 Y8.599 E2969.22743
G1 X-359.929 Y-10.082 E3003.67924
G1 X-354.172 Y-28.049 E3037.89278
G1 X-346.154 Y-45.440 E3072.62028
G1 X-336.047 Y-61.887 E3107.62654
G1 X-323.771 Y-77.506 E3143.65264
G1 X-309.010 Y-92.507 E3181.81690
G1 X-292.665 Y-105.922 E3220.16259
G1 X-274.277 Y-118.108 E3260.16500
G1 X-254.399 Y-128.578 E3300.90720
G1 X-233.043 Y-137.252 E3342.70772
G1 X-212.464 Y-143.479 E3381.69740
G1 X-189.022 Y-148.347 E3425.11506
G1 X-164.448 Y-151.158 E3469.96883
G1 X-138.988 Y-151.769 E3516.15098
G1 X-113.450 Y-150.162 E3562.55434
G1 X-87.256 Y-146.365 E3610.55200
G1 X-60.002 Y-140.257 E3661.20075
G1 X-31.701 Y-131.725 E3714.80368
G1 X-2.692 Y-120.784 E3771.02741
G1 X17.627 Y-112.073 E3811.11786
G1 X17.627 Y-130.736 E3844.96143
G1 X81.288 Y-130.736 E3960.40689
G1 X81.288 Y7.748 E4211.53681
G1 X120.990 Y7.748 E4283.53226
G1 X120.990 Y-165.750 E4598.15760
G1 X81.213 Y-165.750 E4670.29070
G1 X81.213 Y-224.824 E4777.41683
G1 X245.725 Y-224.824 E5075.74879
G1 X245.725 Y-166.136 E5182.17530
G1 X205.905 Y-166.136 E5254.38599
G1 X205.905 Y7.748 E5569.71095
G1 X308.397 Y7.748 E5755.57269
G1 X314.426 Y-26.518 E5818.66563
G1 X364.363 Y-26.518 E5909.22319
G1 X364.363 Y75.294 E6093.85215
G1 X-69.067 Y75.294 E6879.84816
G1 X-69.067 Y-26.518 E7064.47713
G1 X-19.993 Y-26.518 E7153.47060
G1 X-22.465 Y-22.662 F7800.000
G1 F1800
G1 X-15.460 Y11.604 E7216.89427
G1 X31.995 Y11.604 E7302.95016
G1 X30.691 Y-1.406 E7326.66037
G1 X29.180 Y-10.402 E7343.20323
G1 X24.951 Y-22.093 E7365.74723
G1 X17.639 Y-36.076 E7394.36337
G1 X8.515 Y-48.807 E7422.76618
G1 X-2.604 Y-60.566 E7452.11358
G1 X-15.605 Y-71.058 E7482.41061
G1 X-29.886 Y-79.884 E7512.85460
G1 X-46.044 Y-87.384 E7545.15808
G1 X-63.326 Y-92.980 E7578.09995
G1 X-81.610 Y-96.629 E7611.91166
G1 X-100.666 Y-98.298 E7646.60060
G1 X-122.449 Y-97.975 E7686.10689
G1 X-144.480 Y-95.416 E7726.32649
G1 X-165.893 Y-90.611 E7766.12371
G1 X-186.209 Y-83.650 E7805.06707
G1 X-202.273 Y-76.183 E7837.19199
G1 X-217.694 Y-66.983 E7869.75432
G1 X-230.741 Y-57.021 E7899.52291
G1 X-241.763 Y-46.205 E7927.52736
G1 X-251.656 Y-33.383 E7956.89534
G1 X-259.459 Y-19.603 E7985.61270
G1 X-265.343 Y-4.537 E8014.94350
G1 X-266.257 Y-1.386 E8020.89238
G1 X-269.208 Y13.842 E8049.02225
G1 X-269.866 Y29.096 E8076.70947
G1 X-268.519 Y44.545 E8104.83134
G1 X-265.082 Y61.030 E8135.36983
G1 X-259.974 Y75.894 E8163.87074
G1 X-252.533 Y90.634 E8193.81425
G1 X-250.696 Y93.602 E8200.14404
G1 X-240.844 Y106.958 E8230.23979
G1 X-229.164 Y119.241 E8260.97727
G1 X-215.528 Y130.533 E8293.08312
G1 X-200.014 Y140.520 E8326.54171
G1 X-183.373 Y148.629 E8360.11193
G1 X-167.710 Y154.258 E8390.29433
G1 X-148.829 Y158.845 E8425.52949
G1 X-129.398 Y161.301 E8461.04608
G1 X-109.359 Y161.535 E8497.38796
G1 X-89.768 Y159.505 E8533.10557
G1 X-69.334 Y155.110 E8571.00767
G1 X-49.113 Y148.614 E8609.52333
G1 X-28.511 Y139.673 E8650.24991
G1 X-9.222 Y128.749 E8690.44898
G1 X6.850 Y117.263 E8726.27207
G1 X11.483 Y113.474 E8737.12617
G1 X68.273 Y113.474 E8840.11205
G1 X68.273 Y220.967 E9035.04448
G1 X17.239 Y220.967 E9127.59197
G1 X17.239 Y173.334 E9213.97168
G1 X0.352 Y183.069 E9249.31910
G1 X-20.089 Y193.924 E9291.28913
G1 X-41.639 Y202.842 E9333.58412
G1 X-64.718 Y210.145 E9377.48100
G1 X-90.242 Y215.790 E9424.88595
G1 X-115.308 Y218.907 E9470.69107
G1 X-140.279 Y219.714 E9515.99717
G1 X-162.557 Y218.453 E9556.46128
G1 X-186.191 Y214.762 E9599.83988
G1 X-208.345 Y208.940 E9641.37830
G1 X-220.710 Y204.653 E9665.11044
G1 X-242.341 Y195.269 E9707.87064
G1 X-263.386 Y183.586 E9751.51987
G1 X-282.755 Y170.153 E9794.26491
G1 X-300.540 Y154.965 E9836.67515
G1 X-316.268 Y138.505 E9877.96105
G1 X-330.105 Y120.573 E9919.03489
G1 X-341.409 Y101.938 E9958.56012
G1 X-349.320 Y84.833 E9992.73545
G1 X-355.506 Y65.950 E10028.76823
G1 X-359.198 Y47.103 E10063.59589
G1 X-360.563 Y28.098 E10098.14953
G1 X-359.546 Y9.054 E10132.73281
G1 X-356.182 Y-9.140 E10166.28587
G1 X-350.572 Y-26.649 E10199.62704
G1 X-342.748 Y-43.617 E10233.51103
G1 X-332.878 Y-59.679 E10267.69785
G1 X-320.871 Y-74.955 E10302.93189
G1 X-306.405 Y-89.656 E10340.33514
G1 X-290.370 Y-102.816 E10377.95224
G1 X-272.309 Y-114.787 E10417.24610
G1 X-252.771 Y-125.077 E10457.29029
G1 X-231.756 Y-133.613 E10498.42261
G1 X-211.511 Y-139.738 E10536.77885
G1 X-188.409 Y-144.536 E10579.56695
G1 X-164.182 Y-147.307 E10623.78820
G1 X-139.063 Y-147.910 E10669.35207
G1 X-113.848 Y-146.323 E10715.16787
G1 X-87.955 Y-142.570 E10762.61410
G1 X-60.982 Y-136.525 E10812.74207
G1 X-32.940 Y-128.071 E10865.85467
G1 X-4.133 Y-117.206 E10921.68601
G1 X21.483 Y-106.224 E10972.22775
G1 X21.483 Y-126.880 E11009.68477
G1 X77.432 Y-126.880 E11111.14436
G1 X77.432 Y11.604 E11362.27428
G1 X124.846 Y11.604 E11448.25559
G1 X124.846 Y-169.606 E11776.86680
G1 X85.069 Y-169.606 E11848.99990
G1 X85.069 Y-220.967 E11942.14017
G1 X241.869 Y-220.967 E12226.48626
G1 X241.869 Y-169.992 E12318.92690
G1 X202.049 Y-169.992 E12391.13759
G1 X202.049 Y11.604 E12720.44842
G1 X311.634 Y11.604 E12919.17301
G1 X317.663 Y-22.662 E12982.26596
G1 X360.507 Y-22.662 E13059.96065
G1 X360.507 Y71.438 E13230.60375
G1 X-65.211 Y71.438 E14002.61389
G1 X-65.211 Y-22.662 E14173.25699
G1 X-23.140 Y-22.662 E14249.54960
G1 X-18.551 Y-24.882 F7800.000
G1 X-9.221 Y3.960 F7800.000
G1 F3600
G1 X24.117 Y3.960 E14310.00546
G1 X21.941 Y-7.990 E14332.03302
G1 X18.158 Y-18.593 E14352.44725
G1 X10.843 Y-32.573 E14381.05927
G1 X1.468 Y-45.347 E14409.79356
G1 X-9.858 Y-56.843 E14439.05869
G1 X-22.921 Y-66.825 E14468.87208
G1 X-38.504 Y-75.743 E14501.43105
G1 X-55.161 Y-82.590 E14534.09055
G1 X-72.793 Y-87.356 E14567.21237
G1 X-91.380 Y-90.074 E14601.27736
G1 X-110.841 Y-90.785 E14636.59101
G1 X-133.312 Y-89.317 E14677.42788
G1 X-155.381 Y-85.442 E14718.06124
G1 X-176.368 Y-79.251 E14757.73976
G1 X-195.842 Y-70.910 E14796.15807
G1 X-211.594 Y-61.877 E14829.08736
G1 X-224.892 Y-51.989 E14859.13727
G1 X-235.985 Y-41.232 E14887.15993
G1 X-245.707 Y-28.561 E14916.12143
G1 X-253.447 Y-14.461 E14945.28877
G1 X-258.905 Y0.624 E14974.38116
G1 X-261.780 Y15.999 E15002.74613
G1 X-262.168 Y31.069 E15030.08352
G1 X-260.479 Y46.565 E15058.34973
G1 X-256.461 Y63.312 E15089.58121
G1 X-250.387 Y78.612 E15119.43249
G1 X-242.136 Y92.708 E15149.05200
G1 X-232.105 Y105.382 E15178.36314
G1 X-219.897 Y117.313 E15209.31782
G1 X-205.703 Y128.084 E15241.63080
G1 X-201.942 Y130.507 E15249.74452
G1 X-185.583 Y139.328 E15283.44801
G1 X-167.932 Y146.194 E15317.79274
G1 X-149.192 Y151.009 E15352.88094
G1 X-131.450 Y153.489 E15385.36758
G1 X-111.568 Y153.991 E15421.43310
G1 X-91.899 Y152.115 E15457.26271
G1 X-72.588 Y148.076 E15493.04065
G1 X-52.577 Y141.758 E15531.09469
G1 X-31.887 Y132.829 E15571.95983
G1 X-12.570 Y121.829 E15612.27123
G1 X4.748 Y109.132 E15651.21248
G1 X8.573 Y105.830 E15660.37550
G1 X75.917 Y105.830 E15782.49946
G1 X75.917 Y228.611 E16005.15495
G1 X9.595 Y228.611 E16125.42545
G1 X9.595 Y187.138 E16200.63374
G1 X-19.599 Y202.107 E16260.12826
G1 X-40.721 Y210.627 E16301.43009
G1 X-64.045 Y217.871 E16345.72043
G1 X-89.297 Y223.374 E16392.58703
G1 X-114.340 Y226.490 E16438.35199
G1 X-139.515 Y227.359 E16484.03060
G1 X-161.930 Y226.188 E16524.73454
G1 X-185.510 Y222.694 E16567.96238
G1 X-207.899 Y217.071 E16609.82414
G1 X-229.639 Y209.347 E16651.66252
G1 X-250.979 Y199.450 E16694.32140
G1 X-271.611 Y187.399 E16737.64994
G1 X-290.793 Y173.547 E16780.55667
G1 X-308.375 Y158.024 E16823.08903
G1 X-324.193 Y140.971 E16865.26807
G1 X-329.024 Y134.980 E16879.22547
G1 X-341.674 Y116.804 E16919.38351
G1 X-351.870 Y98.090 E16958.03060
G1 X-359.519 Y79.180 E16995.02149
G1 X-364.672 Y60.276 E17030.55314
G1 X-367.530 Y41.256 E17065.43103
G1 X-368.142 Y22.290 E17099.84271
G1 X-366.500 Y3.536 E17133.98227
G1 X-362.660 Y-14.467 E17167.36378
G1 X-356.758 Y-31.735 E17200.45593
G1 X-348.730 Y-48.593 E17234.31583
G1 X-338.642 Y-64.748 E17268.85480
G1 X-326.246 Y-80.398 E17305.05841
G1 X-312.151 Y-94.745 E17341.53199
G1 X-296.057 Y-108.100 E17379.45668
G1 X-278.137 Y-120.193 E17418.66057
G1 X-258.652 Y-130.741 E17458.84168
G1 X-237.912 Y-139.512 E17499.67644
G1 X-215.384 Y-146.619 E17542.51314
G1 X-192.255 Y-151.638 E17585.43326
G1 X-168.134 Y-154.667 E17629.51709
G1 X-143.292 Y-155.601 E17674.59965
G1 X-117.995 Y-154.396 E17720.52547
G1 X-92.093 Y-151.056 E17767.88509
G1 X-65.287 Y-145.500 E17817.52895
G1 X-37.576 Y-137.645 E17869.76112
G1 X-8.941 Y-127.394 E17924.91650
G1 X13.839 Y-117.994 E17969.60556
G1 X13.839 Y-134.523 E17999.58029
G1 X85.076 Y-134.523 E18128.76288
G1 X85.076 Y3.960 E18379.89282
G1 X117.202 Y3.960 E18438.15114
G1 X117.202 Y-161.962 E18739.03937
G1 X77.425 Y-161.962 E18811.17247
G1 X77.425 Y-228.611 E18932.03575
G1 X249.513 Y-228.611 E19244.10484
G1 X249.513 Y-162.348 E19364.26848
G1 X209.693 Y-162.348 E19436.47916
G1 X209.693 Y3.960 E19738.06703
G1 X305.218 Y3.960 E19911.29455
G1 X311.247 Y-30.306 E19974.38752
G1 X368.151 Y-30.306 E20077.57929
G1 X368.151 Y79.082 E20275.94539
G1 X-72.855 Y79.082 E21075.67853
G1 X-72.855 Y-30.306 E21274.04463
G1 X-16.226 Y-30.306 E21376.73713
G1 X-9.356 Y3.299 E21438.93676
G1 X-6.073 Y0.104 F7800.000
G1 F1800
G1 X19.495 Y0.104 E21485.30318
G1 X18.203 Y-6.990 E21498.37962
G1 X14.616 Y-17.044 E21517.73616
G1 X7.562 Y-30.526 E21545.33097
G1 X-1.475 Y-42.840 E21573.02873
G1 X-12.415 Y-53.943 E21601.29498
G1 X-25.059 Y-63.605 E21630.15223
G1 X-40.202 Y-72.271 E21661.79221
G1 X-56.402 Y-78.931 E21693.55606
G1 X-73.578 Y-83.574 E21725.82066
G1 X-91.731 Y-86.228 E21759.08947
G1 X-110.785 Y-86.924 E21793.66681
G1 X-132.852 Y-85.483 E21833.76761
G1 X-154.500 Y-81.682 E21873.62516
G1 X-175.058 Y-75.617 E21912.49556
G1 X-194.118 Y-67.453 E21950.09548
G1 X-209.477 Y-58.645 E21982.20329
G1 X-222.389 Y-49.045 E22011.38011
G1 X-233.098 Y-38.660 E22038.43271
G1 X-242.468 Y-26.447 E22066.34786
G1 X-249.923 Y-12.868 E22094.43856
G1 X-255.172 Y1.641 E22122.41968
G1 X-257.933 Y16.406 E22149.65831
G1 X-258.306 Y30.909 E22175.96786
G1 X-256.672 Y45.903 E22203.31962
G1 X-252.776 Y62.145 E22233.60782
G1 X-246.911 Y76.916 E22262.42891
G1 X-238.945 Y90.526 E22291.02690
G1 X-229.234 Y102.796 E22319.40219
G1 X-217.374 Y114.387 E22349.47422
G1 X-203.490 Y124.923 E22381.08104
G1 X-199.979 Y127.184 E22388.65391
G1 X-183.962 Y135.821 E22421.65319
G1 X-166.749 Y142.517 E22455.14704
G1 X-148.443 Y147.220 E22489.42261
G1 X-131.133 Y149.639 E22521.11740
G1 X-111.703 Y150.130 E22556.36408
G1 X-92.479 Y148.297 E22591.38368
G1 X-73.565 Y144.341 E22626.42395
G1 X-53.925 Y138.140 E22663.77374
G1 X-33.610 Y129.373 E22703.89761
G1 X-14.671 Y118.588 E22743.42068
G1 X2.345 Y106.113 E22781.68105
G1 X7.139 Y101.974 E22793.16678
G1 X79.773 Y101.974 E22924.88487
G1 X79.773 Y232.467 E23161.52623
G1 X5.739 Y232.467 E23295.78260
G1 X5.739 Y193.449 E23366.53980
G1 X-17.995 Y205.618 E23414.90640
G1 X-39.425 Y214.263 E23456.81237
G1 X-63.061 Y221.603 E23501.69337
G1 X-88.647 Y227.180 E23549.18044
G1 X-114.035 Y230.338 E23595.57553
G1 X-139.549 Y231.218 E23641.86975
G1 X-162.314 Y230.029 E23683.20904
G1 X-186.264 Y226.481 E23727.11534
G1 X-209.017 Y220.766 E23769.65704
G1 X-231.099 Y212.920 E23812.15380
G1 X-252.767 Y202.871 E23855.46779
G1 X-273.717 Y190.635 E23899.46530
G1 X-293.204 Y176.563 E23943.05329
G1 X-311.071 Y160.787 E23986.27687
G1 X-327.111 Y143.496 E24029.04666
G1 X-332.111 Y137.295 E24043.49314
G1 X-344.960 Y118.834 E24084.28024
G1 X-355.362 Y99.740 E24123.71018
G1 X-363.179 Y80.414 E24161.51572
G1 X-368.452 Y61.072 E24197.87083
G1 X-371.377 Y41.606 E24233.56729
G1 X-372.004 Y22.184 E24268.80665
G1 X-370.321 Y2.963 E24303.79505
G1 X-366.383 Y-15.497 E24338.02387
G1 X-360.335 Y-33.192 E24371.93601
G1 X-352.117 Y-50.449 E24406.59678
G1 X-341.799 Y-66.973 E24441.92494
G1 X-329.141 Y-82.953 E24478.89289
G1 X-314.764 Y-97.587 E24516.09522
G1 X-298.372 Y-111.189 E24554.72185
G1 X-280.138 Y-123.495 E24594.61334
G1 X-260.324 Y-134.221 E24635.47180
G1 X-239.246 Y-143.135 E24676.97337
G1 X-216.375 Y-150.350 E24720.46229
G1 X-192.905 Y-155.443 E24764.01459
G1 X-168.448 Y-158.514 E24808.71448
G1 X-143.272 Y-159.461 E24854.40064
G1 X-117.656 Y-158.240 E24900.90669
G1 X-91.455 Y-154.861 E24948.81465
G1 X-64.369 Y-149.248 E24998.97606
G1 X-36.399 Y-141.320 E25051.69590
G1 X-7.555 Y-130.994 E25107.25404
G1 X9.983 Y-123.757 E25141.65900
G1 X9.983 Y-138.380 E25168.17618
G1 X88.932 Y-138.380 E25311.34464
G1 X88.932 Y0.104 E25562.47458
G1 X113.346 Y0.104 E25606.74703
G1 X113.346 Y-158.106 E25893.64939
G1 X73.569 Y-158.106 E25965.78249
G1 X73.569 Y-232.467 E26100.63164
G1 X253.369 Y-232.467 E26426.68660
G1 X253.369 Y-158.492 E26560.83610
G1 X213.549 Y-158.492 E26633.04679
G1 X213.549 Y0.104 E26920.64879
G1 X301.981 Y0.104 E27081.01345
G1 X308.010 Y-34.162 E27144.10642
G1 X372.007 Y-34.162 E27260.16105
G1 X372.007 Y82.938 E27472.51302
G1 X-76.711 Y82.938 E28286.23203
G1 X-76.711 Y-34.162 E28498.58400
G1 X-13.078 Y-34.162 E28613.97736
G1 X-6.208 Y-0.557 E28676.17700
G1 X-4.433 Y4.294 F7800.000
G1 Z20.400 F7800.000
G1 E28674.17700 F2400.00000
G92 E0
G1 X-19.318 Y-26.518 F7800.000
G1 E2.00000 F2400.00000
G1 F3600
G1 X-12.312 Y7.748 E65.42367
G1 X27.733 Y7.748 E138.04310
G1 X26.867 Y-0.894 E153.79175
G1 X25.435 Y-9.419 E169.46841
G1 X21.414 Y-20.536 E190.90734
G1 X14.347 Y-34.049 E218.56121
G1 X5.533 Y-46.347 E245.99904
G1 X-5.227 Y-57.728 E274.40108
G1 X-17.839 Y-67.905 E303.78827
G1 X-31.718 Y-76.483 E333.37659
G1 X-47.455 Y-83.787 E364.83854
G1 X-64.300 Y-89.242 E396.94876
G1 X-82.158 Y-92.806 E429.96996
G1 X-100.806 Y-94.439 E463.91759
G1 X-122.198 Y-94.122 E502.71366
G1 X-143.834 Y-91.609 E542.21267
G1 X-164.843 Y-86.895 E581.25927
G1 X-184.767 Y-80.068 E619.45220
G1 X-200.468 Y-72.769 E650.84996
G1 X-215.529 Y-63.785 E682.65292
G1 X-228.211 Y-54.101 E711.58808
G1 X-238.873 Y-43.639 E738.67692
G1 X-248.436 Y-31.245 E767.06562
G1 X-255.968 Y-17.943 E794.78528
G1 X-261.688 Y-3.296 E823.30119
G1 X-262.505 Y-0.480 E828.61710
G1 X-265.368 Y14.295 E855.90894
G1 X-266.003 Y29.011 E882.62122
G1 X-264.698 Y43.982 E909.87235
G1 X-261.356 Y60.006 E939.55661
G1 X-256.413 Y74.391 E967.14051
G1 X-249.166 Y88.747 E996.30204
G1 X-247.499 Y91.439 E1002.04396
G1 X-237.884 Y104.475 E1031.41901
G1 X-226.528 Y116.417 E1061.30356
G1 X-213.246 Y127.415 E1092.57442
G1 X-198.119 Y137.154 E1125.19912
G1 X-181.872 Y145.071 E1157.97472
G1 X-166.599 Y150.559 E1187.40425
G1 X-148.130 Y155.046 E1221.87207
G1 X-129.133 Y157.447 E1256.59552
G1 X-109.536 Y157.677 E1292.13587
G1 X-90.374 Y155.691 E1327.07087
G1 X-70.332 Y151.380 E1364.24648
G1 X-50.474 Y145.000 E1402.07083
G1 X-30.234 Y136.217 E1442.08191
G1 X-11.299 Y125.494 E1481.54237
G1 X4.506 Y114.199 E1516.76941
G1 X10.106 Y109.617 E1529.89148
G1 X72.130 Y109.617 E1642.36623
G1 X72.130 Y224.824 E1851.28453
G1 X13.383 Y224.824 E1957.81789
G1 X13.383 Y180.008 E2039.08791
G1 X2.219 Y186.443 E2062.45414
G1 X-18.443 Y197.416 E2104.88088
G1 X-40.318 Y206.469 E2147.81170
G1 X-63.718 Y213.874 E2192.31988
G1 X-89.587 Y219.595 E2240.36431
G1 X-115.007 Y222.755 E2286.81797
G1 X-140.326 Y223.574 E2332.75475
G1 X-162.964 Y222.292 E2373.87386
G1 X-186.981 Y218.542 E2417.95395
G1 X-209.468 Y212.632 E2460.11810
G1 X-222.111 Y208.249 E2484.38305
G1 X-244.049 Y198.731 E2527.74873
G1 X-265.426 Y186.864 E2572.08753
G1 X-285.112 Y173.211 E2615.53248
G1 X-303.193 Y157.771 E2658.64866
G1 X-319.197 Y141.022 E2700.65830
G1 X-333.290 Y122.758 E2742.49314
G1 X-344.818 Y103.753 E2782.80240
G1 X-352.915 Y86.247 E2817.77816
G1 X-359.245 Y66.925 E2854.65030
G1 X-363.027 Y47.614 E2890.33509
G1 X-364.427 Y28.133 E2925.75279
G1 X-363.383 Y8.599 E2961.22744
G1 X-359.929 Y-10.082 E2995.67923
G1 X-354.172 Y-28.049 E3029.89278
G1 X-346.154 Y-45.440 E3064.62028
G1 X-336.047 Y-61.887 E3099.62655
G1 X-323.771 Y-77.506 E3135.65264
G1 X-309.010 Y-92.507 E3173.81690
G1 X-292.665 Y-105.922 E3212.16259
G1 X-274.277 Y-118.108 E3252.16499
G1 X-254.399 Y-128.578 E3292.90719
G1 X-233.043 Y-137.252 E3334.70771
G1 X-212.464 Y-143.479 E3373.69740
G1 X-189.022 Y-148.347 E3417.11506
G1 X-164.448 Y-151.158 E3461.96884
G1 X-138.988 Y-151.769 E3508.15098
G1 X-113.450 Y-150.162 E3554.55433
G1 X-87.256 Y-146.365 E3602.55200
G1 X-60.002 Y-140.257 E3653.20075
G1 X-31.701 Y-131.725 E3706.80368
G1 X-2.692 Y-120.784 E3763.02740
G1 X17.627 Y-112.073 E3803.11786
G1 X17.627 Y-130.736 E3836.96143
G1 X81.288 Y-130.736 E3952.40689
G1 X81.288 Y7.748 E4203.53681
G1 X120.990 Y7.748 E4275.53226
G1 X120.990 Y-165.750 E4590.15759
G1 X81.213 Y-165.750 E4662.29070
G1 X81.213 Y-224.824 E4769.41683
G1 X245.725 Y-224.824 E5067.74879
G1 X245.725 Y-166.136 E5174.17530
G1 X205.905 Y-166.136 E5246.38599
G1 X205.905 Y7.748 E5561.71095
G1 X308.397 Y7.748 E5747.57269
G1 X314.426 Y-26.518 E5810.66563
G1 X364.363 Y-26.518 E5901.22319
G1 X364.363 Y75.294 E6085.85215
G1 X-69.067 Y75.294 E6871.84816
G1 X-69.067 Y-26.518 E7056.47713
G1 X-19.993 Y-26.518 E7145.47060
G1 E7143.47060 F2400.00000
G92 E0
G1 X-22.465 Y-22.662 F7800.000
G1 E2.00000 F2400.00000
G1 F1800
G1 X-15.460 Y11.604 E65.42367
G1 X31.995 Y11.604 E151.47957
G1 X30.691 Y-1.406 E175.18977
G1 X29.180 Y-10.402 E191.73263
G1 X24.951 Y-22.093 E214.27664
G1 X17.639 Y-36.076 E242.89278
G1 X8.515 Y-48.807 E271.29558
G1 X-2.604 Y-60.566 E300.64299
G1 X-15.605 Y-71.058 E330.94001
G1 X-29.886 Y-79.884 E361.38400
G1 X-46.044 Y-87.384 E393.68749
G1 X-63.326 Y-92.980 E426.62935
G1 X-81.610 Y-96.629 E460.44106
G1 X-100.666 Y-98.298 E495.13000
G1 X-122.449 Y-97.975 E534.63629
G1 X-144.480 Y-95.416 E574.85589
G1 X-165.893 Y-90.611 E614.65311
G1 X-186.209 Y-83.650 E653.59647
G1 X-202.273 Y-76.183 E685.72139
G1 X-217.694 Y-66.983 E718.28373
G1 X-230.741 Y-57.021 E748.05231
G1 X-241.763 Y-46.205 E776.05676
G1 X-251.656 Y-33.383 E805.42474
G1 X-259.459 Y-19.603 E834.14210
G1 X-265.343 Y-4.537 E863.47291
G1 X-266.257 Y-1.386 E869.42178
G1 X-269.208 Y13.842 E897.55166
G1 X-269.866 Y29.096 E925.23888
G1 X-268.519 Y44.545 E953.36074
G1 X-265.082 Y61.030 E983.89923
G1 X-259.974 Y75.894 E1012.40014
G1 X-252.533 Y90.634 E1042.34365
G1 X-250.696 Y93.602 E1048.67345
G1 X-240.844 Y106.958 E1078.76919
G1 X-229.164 Y119.241 E1109.50667
G1 X-215.528 Y130.533 E1141.61252
G1 X-200.014 Y140.520 E1175.07112
G1 X-183.373 Y148.629 E1208.64133
G1 X-167.710 Y154.258 E1238.82374
G1 X-148.829 Y158.845 E1274.05889
G1 X-129.398 Y161.301 E1309.57548
G1 X-109.359 Y161.535 E1345.91737
G1 X-89.768 Y159.505 E1381.63497
G1 X-69.334 Y155.110 E1419.53707
G1 X-49.113 Y148.614 E1458.05273
G1 X-28.511 Y139.673 E1498.77932
G1 X-9.222 Y128.749 E1538.97838
G1 X6.850 Y117.263 E1574.80147
G1 X11.483 Y113.474 E1585.65558
G1 X68.273 Y113.474 E1688.64145
G1 X68.273 Y220.967 E1883.57388
G1 X17.239 Y220.967 E1976.12138
G1 X17.239 Y173.334 E2062.50108
G1 X0.352 Y183.069 E2097.84851
G1 X-20.089 Y193.924 E2139.81854
G1 X-41.639 Y202.842 E2182.11352
G1 X-64.718 Y210.145 E2226.01040
G1 X-90.242 Y215.790 E2273.41536
G1 X-115.308 Y218.907 E2319.22047
G1 X-140.279 Y219.714 E2364.52657
G1 X-162.557 Y218.453 E2404.99069
G1 X-186.191 Y214.762 E2448.36928
G1 X-208.345 Y208.940 E2489.90771
G1 X-220.710 Y204.653 E2513.63984
G1 X-242.341 Y195.269 E2556.40005
G1 X-263.386 Y183.586 E2600.04927
G1 X-282.755 Y170.153 E2642.79432
G1 X-300.540 Y154.965 E2685.20455
G1 X-316.268 Y138.505 E2726.49046
G1 X-330.105 Y120.573 E2767.56429
G1 X-341.409 Y101.938 E2807.08952
G1 X-349.320 Y84.833 E2841.26485
G1 X-355.506 Y65.950 E2877.29763
G1 X-359.198 Y47.103 E2912.12529
G1 X-360.563 Y28.098 E2946.67893
G1 X-359.546 Y9.054 E2981.26222
G1 X-356.182 Y-9.140 E3014.81527
G1 X-350.572 Y-26.649 E3048.15645
G1 X-342.748 Y-43.617 E3082.04043
G1 X-332.878 Y-59.679 E3116.22725
G1 X-320.871 Y-74.955 E3151.46129
G1 X-306.405 Y-89.656 E3188.86455
G1 X-290.370 Y-102.816 E3226.48165
G1 X-272.309 Y-114.787 E3265.77550
G1 X-252.771 Y-125.077 E3305.81969
G1 X-231.756 Y-133.613 E3346.95201
G1 X-211.511 Y-139.738 E3385.30825
G1 X-188.409 Y-144.536 E3428.09636
G1 X-164.182 Y-147.307 E3472.31760
G1 X-139.063 Y-147.910 E3517.88147
G1 X-113.848 Y-146.323 E3563.69727
G1 X-87.955 Y-142.570 E3611.14350
G1 X-60.982 Y-136.525 E3661.27148
G1 X-32.940 Y-128.071 E3714.38407
G1 X-4.133 Y-117.206 E3770.21541
G1 X21.483 Y-106.224 E3820.75715
G1 X21.483 Y-126.880 E3858.21417
G1 X77.432 Y-126.880 E3959.67376
G1 X77.432 Y11.604 E4210.80368
G1 X124.846 Y11.604 E4296.78500
G1 X124.846 Y-169.606 E4625.39620
G1 X85.069 Y-169.606 E4697.52931
G1 X85.069 Y-220.967 E4790.66957
G1 X241.869 Y-220.967 E5075.01566
G1 X241.869 Y-169.992 E5167.45630
G1 X202.049 Y-169.992 E5239.66699
G1 X202.049 Y11.604 E5568.97782
G1 X311.634 Y11.604 E5767.70242
G1 X317.663 Y-22.662 E5830.79536
G1 X360.507 Y-22.662 E5908.49006
G1 X360.507 Y71.438 E6079.13316
G1 X-65.211 Y71.438 E6851.14329
G1 X-65.211 Y-22.662 E7021.78639
G1 X-23.140 Y-22.662 E7098.07900
G1 X-18.551 Y-24.882 F7800.000
G1 E7096.07900 F2400.00000
G92 E0
G1 X-9.221 Y3.960 F7800.000
G1 E2.00000 F2400.00000
G1 F3600
G1 X24.117 Y3.960 E62.45586
G1 X21.941 Y-7.990 E84.48342
G1 X18.158 Y-18.593 E104.89765
G1 X10.843 Y-32.573 E133.50967
G1 X1.468 Y-45.347 E162.24396
G1 X-9.858 Y-56.843 E191.50909
G1 X-22.921 Y-66.825 E221.32249
G1 X-38.504 Y-75.743 E253.88146
G1 X-55.161 Y-82.590 E286.54095
G1 X-72.793 Y-87.356 E319.66277
G1 X-91.380 Y-90.074 E353.72776
G1 X-110.841 Y-90.785 E389.04141
G1 X-133.312 Y-89.317 E429.87829
G1 X-155.381 Y-85.442 E470.51164
G1 X-176.368 Y-79.251 E510.19016
G1 X-195.842 Y-70.910 E548.60847
G1 X-211.594 Y-61.877 E581.53776
G1 X-224.892 Y-51.989 E611.58768
G1 X-235.985 Y-41.232 E639.61033
G1 X-245.707 Y-28.561 E668.57184
G1 X-253.447 Y-14.461 E697.73917
G1 X-258.905 Y0.624 E726.83156
G1 X-261.780 Y15.999 E755.19654
G1 X-262.168 Y31.069 E782.53393
G1 X-260.479 Y46.565 E810.80014
G1 X-256.461 Y63.312 E842.03161
G1 X-250.387 Y78.612 E871.88289
G1 X-242.136 Y92.708 E901.50241
G1 X-232.105 Y105.382 E930.81354
G1 X-219.897 Y117.313 E961.76823
G1 X-205.703 Y128.084 E994.08121
G1 X-201.942 Y130.507 E1002.19493
G1 X-185.583 Y139.328 E1035.89842
G1 X-167.932 Y146.194 E1070.24314
G1 X-149.192 Y151.009 E1105.33134
G1 X-131.450 Y153.489 E1137.81799
G1 X-111.568 Y153.991 E1173.88350
G1 X-91.899 Y152.115 E1209.71311
G1 X-72.588 Y148.076 E1245.49105
G1 X-52.577 Y141.758 E1283.54509
G1 X-31.887 Y132.829 E1324.41023
G1 X-12.570 Y121.829 E1364.72164
G1 X4.748 Y109.132 E1403.66289
G1 X8.573 Y105.830 E1412.82591
G1 X75.917 Y105.830 E1534.94986
G1 X75.917 Y228.611 E1757.60535
G1 X9.595 Y228.611 E1877.87585
G1 X9.595 Y187.138 E1953.08415
G1 X-19.599 Y202.107 E2012.57866
G1 X-40.721 Y210.627 E2053.88050
G1 X-64.045 Y217.871 E2098.17084
G1 X-89.297 Y223.374 E2145.03743
G1 X-114.340 Y226.490 E2190.80240
G1 X-139.515 Y227.359 E2236.48100
G1 X-161.930 Y226.188 E2277.18494
G1 X-185.510 Y222.694 E2320.41279
G1 X-207.899 Y217.071 E2362.27454
G1 X-229.639 Y209.347 E2404.11292
G1 X-250.979 Y199.450 E2446.77180
G1 X-271.611 Y187.399 E2490.10034
G1 X-290.793 Y173.547 E2533.00707
G1 X-308.375 Y158.024 E2575.53943
G1 X-324.193 Y140.971 E2617.71847
G1 X-329.024 Y134.980 E2631.67587
G1 X-341.674 Y116.804 E2671.83392
G1 X-351.870 Y98.090 E2710.48101
G1 X-359.519 Y79.180 E2747.47190
G1 X-364.672 Y60.276 E2783.00355
G1 X-367.530 Y41.256 E2817.88143
G1 X-368.142 Y22.290 E2852.29311
G1 X-366.500 Y3.536 E2886.43267
G1 X-362.660 Y-14.467 E2919.81418
G1 X-356.758 Y-31.735 E2952.90634
G1 X-348.730 Y-48.593 E2986.76623
G1 X-338.642 Y-64.748 E3021.30520
G1 X-326.246 Y-80.398 E3057.50881
G1 X-312.151 Y-94.745 E3093.98239
G1 X-296.057 Y-108.100 E3131.90708
G1 X-278.137 Y-120.193 E3171.11098
G1 X-258.652 Y-130.741 E3211.29209
G1 X-237.912 Y-139.512 E3252.12685
G1 X-215.384 Y-146.619 E3294.96355
G1 X-192.255 Y-151.638 E3337.88366
G1 X-168.134 Y-154.667 E3381.96749
G1 X-143.292 Y-155.601 E3427.05006
G1 X-117.995 Y-154.396 E3472.97587
G1 X-92.093 Y-151.056 E3520.33549
G1 X-65.287 Y-145.500 E3569.97935
G1 X-37.576 Y-137.645 E3622.21152
G1 X-8.941 Y-127.394 E3677.36690
G1 X13.839 Y-117.994 E3722.05596
G1 X13.839 Y-134.523 E3752.03069
G1 X85.076 Y-134.523 E3881.21328
G1 X85.076 Y3.960 E4132.34323
G1 X117.202 Y3.960 E4190.60155
G1 X117.202 Y-161.962 E4491.48977
G1 X77.425 Y-161.962 E4563.62288
G1 X77.425 Y-228.611 E4684.48615
G1 X249.513 Y-228.611 E4996.55524
G1 X249.513 Y-162.348 E5116.71888
G1 X209.693 Y-162.348 E5188.92957
G1 X209.693 Y3.960 E5490.51743
G1 X305.218 Y3.960 E5663.74495
G1 X311.247 Y-30.306 E5726.83792
G1 X368.151 Y-30.306 E5830.02969
G1 X368.151 Y79.082 E6028.39579
G1 X-72.855 Y79.082 E6828.12893
G1 X-72.855 Y-30.306 E7026.49503
G1 X-16.226 Y-30.306 E7129.18753
G1 X-9.356 Y3.299 E7191.38717
G1 E7189.38717 F2400.00000
G92 E0
G1 X-6.073 Y0.104 F7800.000
G1 E2.00000 F2400.00000
G1 F1800
G1 X19.495 Y0.104 E48.36642
G1 X18.203 Y-6.990 E61.44285
G1 X14.616 Y-17.044 E80.79940
G1 X7.562 Y-30.526 E108.39420
G1 X-1.475 Y-42.840 E136.09196
G1 X-12.415 Y-53.943 E164.35822
G1 X-25.059 Y-63.605 E193.21547
G1 X-40.202 Y-72.271 E224.85545
G1 X-56.402 Y-78.931 E256.61930
G1 X-73.578 Y-83.574 E288.88390
G1 X-91.731 Y-86.228 E322.15270
G1 X-110.785 Y-86.924 E356.73005
G1 X-132.852 Y-85.483 E396.83085
G1 X-154.500 Y-81.682 E436.68840
G1 X-175.058 Y-75.617 E475.55879
G1 X-194.118 Y-67.453 E513.15872
G1 X-209.477 Y-58.645 E545.26652
G1 X-222.389 Y-49.045 E574.44334
G1 X-233.098 Y-38.660 E601.49594
G1 X-242.468 Y-26.447 E629.41109
G1 X-249.923 Y-12.868 E657.50179
G1 X-255.172 Y1.641 E685.48291
G1 X-257.933 Y16.406 E712.72155
G1 X-258.306 Y30.909 E739.03109
G1 X-256.672 Y45.903 E766.38286
G1 X-252.776 Y62.145 E796.67105
G1 X-246.911 Y76.916 E825.49214
G1 X-238.945 Y90.526 E854.09014
G1 X-229.234 Y102.796 E882.46542
G1 X-217.374 Y114.387 E912.53746
G1 X-203.490 Y124.923 E944.14428
G1 X-199.979 Y127.184 E951.71714
G1 X-183.962 Y135.821 E984.71642
G1 X-166.749 Y142.517 E1018.21027
G1 X-148.443 Y147.220 E1052.48585
G1 X-131.133 Y149.639 E1084.18063
G1 X-111.703 Y150.130 E1119.42732
G1 X-92.479 Y148.297 E1154.44692
G1 X-73.565 Y144.341 E1189.48719
G1 X-53.925 Y138.140 E1226.83698
G1 X-33.610 Y129.373 E1266.96084
G1 X-14.671 Y118.588 E1306.48392
G1 X2.345 Y106.113 E1344.74428
G1 X7.139 Y101.974 E1356.23002
G1 X79.773 Y101.974 E1487.94811
G1 X79.773 Y232.467 E1724.58946
G1 X5.739 Y232.467 E1858.84583
G1 X5.739 Y193.449 E1929.60304
G1 X-17.995 Y205.618 E1977.96963
G1 X-39.425 Y214.263 E2019.87561
G1 X-63.061 Y221.603 E2064.75660
G1 X-88.647 Y227.180 E2112.24368
G1 X-114.035 Y230.338 E2158.63877
G1 X-139.549 Y231.218 E2204.93299
G1 X-162.314 Y230.029 E2246.27227
G1 X-186.264 Y226.481 E2290.17858
G1 X-209.017 Y220.766 E2332.72027
G1 X-231.099 Y212.920 E2375.21704
G1 X-252.767 Y202.871 E2418.53103
G1 X-273.717 Y190.635 E2462.52854
G1 X-293.204 Y176.563 E2506.11653
G1 X-311.071 Y160.787 E2549.34011
G1 X-327.111 Y143.496 E2592.10990
G1 X-332.111 Y137.295 E2606.55638
G1 X-344.960 Y118.834 E2647.34348
G1 X-355.362 Y99.740 E2686.77341
G1 X-363.179 Y80.414 E2724.57895
G1 X-368.452 Y61.072 E2760.93406
G1 X-371.377 Y41.606 E2796.63052
G1 X-372.004 Y22.184 E2831.86988
G1 X-370.321 Y2.963 E2866.85828
G1 X-366.383 Y-15.497 E2901.08711
G1 X-360.335 Y-33.192 E2934.99925
G1 X-352.117 Y-50.449 E2969.66001
G1 X-341.799 Y-66.973 E3004.98818
G1 X-329.141 Y-82.953 E3041.95612
G1 X-314.764 Y-97.587 E3079.15846
G1 X-298.372 Y-111.189 E3117.78509
G1 X-280.138 Y-123.495 E3157.67657
G1 X-260.324 Y-134.221 E3198.53503
G1 X-239.246 Y-143.135 E3240.03661
G1 X-216.375 Y-150.350 E3283.52552
G1 X-192.905 Y-155.443 E3327.07782
G1 X-168.448 Y-158.514 E3371.77772
G1 X-143.272 Y-159.461 E3417.46387
G1 X-117.656 Y-158.240 E3463.96992
G1 X-91.455 Y-154.861 E3511.87789
G1 X-64.369 Y-149.248 E3562.03929
G1 X-36.399 Y-141.320 E3614.75913
G1 X-7.555 Y-130.994 E3670.31727
G1 X9.983 Y-123.757 E3704.72224
G1 X9.983 Y-138.380 E3731.23942
G1 X88.932 Y-138.380 E3874.40787
G1 X88.932 Y0.104 E4125.53782
G1 X113.346 Y0.104 E4169.81027
G1 X113.346 Y-158.106 E4456.71263
G1 X73.569 Y-158.106 E4528.84573
G1 X73.569 Y-232.467 E4663.69487
G1 X253.369 Y-232.467 E4989.74983
G1 X253.369 Y-158.492 E5123.89934
G1 X213.549 Y-158.492 E5196.11003
G1 X213.549 Y0.104 E5483.71202
G1 X301.981 Y0.104 E5644.07668
G1 X308.010 Y-34.162 E5707.16966
G1 X372.007 Y-34.162 E5823.22428
G1 X372.007 Y82.938 E6035.57625
G1 X-76.711 Y82.938 E6849.29526
G1 X-76.711 Y-34.162 E7061.64723
G1 X-13.078 Y-34.162 E7177.04060
G1 X-6.208 Y-0.557 E7239.24023
G1 X-4.433 Y4.294 F7800.000
G1 E7229.24023 F2400.00000
G92 E0
T1
G92 E0
G1 X-25.428 Y23.816 F7800.000
G1 E10.00000 F2400.00000
G1 F3600
G1 X45.492 Y23.816 E138.60857
G1 X42.847 Y-2.583 E186.72069
G1 X41.116 Y-13.230 E206.28297
G1 X36.440 Y-26.359 E231.55649
G1 X28.678 Y-41.487 E262.38992
G1 X18.994 Y-55.320 E293.01046
G1 X7.297 Y-68.056 E324.36993
G1 X-6.042 Y-79.246 E355.94236
G1 X-20.844 Y-88.856 E387.94687
G1 X-37.541 Y-97.127 E421.73765
G1 X-55.545 Y-103.524 E456.38498
G1 X-74.354 Y-107.866 E491.39126
G1 X-94.030 Y-110.200 E527.32195
G1 X-115.814 Y-110.536 E566.83082
G1 X-137.894 Y-108.759 E607.00129
G1 X-160.419 Y-104.659 E648.51951
G1 X-181.877 Y-98.371 E689.06879
G1 X-202.146 Y-89.945 E728.87381
G1 X-220.295 Y-79.894 E766.49659
G1 X-234.768 Y-69.588 E798.71548
G1 X-247.190 Y-58.326 E829.12214
G1 X-258.659 Y-44.752 E861.34853
G1 X-267.775 Y-30.264 E892.38973
G1 X-274.921 Y-14.407 E923.93027
G1 X-279.212 Y-0.049 E951.10411
G1 X-281.766 Y16.480 E981.43502
G1 X-281.959 Y32.987 E1011.37139
G1 X-280.102 Y49.639 E1041.75589
G1 X-275.969 Y67.451 E1074.91364
G1 X-269.469 Y84.713 E1108.36297
G1 X-262.531 Y97.740 E1135.12863
G1 X-252.677 Y111.817 E1166.28903
G1 X-240.734 Y125.087 E1198.66412
G1 X-226.883 Y137.276 E1232.12203
G1 X-210.997 Y148.266 E1267.15233
G1 X-193.895 Y157.367 E1302.28451
G1 X-175.188 Y164.719 E1338.73447
G1 X-155.699 Y169.955 E1375.32893
G1 X-135.594 Y173.053 E1412.21781
G1 X-114.807 Y173.936 E1449.94862
G1 X-94.252 Y172.496 E1487.31433
G1 X-75.106 Y169.129 E1522.56631
G1 X-54.558 Y163.465 E1561.21884
G1 X-33.417 Y155.448 E1602.22121
G1 X-12.837 Y145.196 E1643.91581
G1 X6.187 Y133.073 E1684.82406
G1 X15.700 Y125.686 E1706.66421
G1 X56.061 Y125.686 E1779.85680
G1 X56.061 Y208.755 E1930.49663
G1 X29.451 Y208.755 E1978.75153
G1 X29.451 Y152.198 E2081.31346
G1 X-5.034 Y172.077 E2153.49627
G1 X-24.224 Y182.356 E2192.97328
G1 X-44.228 Y190.772 E2232.32988
G1 X-65.514 Y197.685 E2272.91521
G1 X-89.213 Y203.190 E2317.03590
G1 X-112.610 Y206.410 E2359.86325
G1 X-135.827 Y207.512 E2402.01422
G1 X-156.842 Y206.705 E2440.15016
G1 X-176.835 Y204.121 E2476.70818
G1 X-197.485 Y199.419 E2515.11486
G1 X-217.611 Y192.752 E2553.56160
G1 X-237.463 Y184.042 E2592.87527
G1 X-256.919 Y173.210 E2633.25614
G1 X-274.805 Y160.842 E2672.69018
G1 X-291.286 Y146.885 E2711.85439
G1 X-303.698 Y134.271 E2743.94639
G1 X-316.964 Y117.972 E2782.05632
G1 X-327.895 Y101.128 E2818.46993
G1 X-335.668 Y85.766 E2849.69101
G1 X-342.059 Y68.579 E2882.94381
G1 X-346.096 Y51.745 E2914.33553
G1 X-348.118 Y34.499 E2945.82436
G1 X-348.297 Y23.046 E2966.59638
G1 X-346.823 Y6.266 E2997.14351
G1 X-343.350 Y-9.759 E3026.87827
G1 X-337.925 Y-25.300 E3056.72888
G1 X-330.572 Y-40.378 E3087.14892
G1 X-321.382 Y-54.743 E3118.07388
G1 X-310.247 Y-68.499 E3150.16763
G1 X-299.897 Y-79.025 E3176.93714
G1 X-285.357 Y-91.292 E3211.43602
G1 X-269.022 Y-102.488 E3247.34814
G1 X-251.291 Y-112.239 E3284.04400
G1 X-232.186 Y-120.452 E3321.75490
G1 X-211.745 Y-127.037 E3360.69864
G1 X-198.457 Y-130.242 E3385.48658
G1 X-176.268 Y-133.894 E3426.26725
G1 X-153.305 Y-135.615 E3468.02520
G1 X-129.810 Y-135.334 E3510.63467
G1 X-106.138 Y-133.097 E3553.75384
G1 X-81.424 Y-128.820 E3599.23656
G1 X-55.617 Y-122.377 E3647.47153
G1 X-28.820 Y-113.681 E3698.56128
G1 X-1.058 Y-102.638 E3752.74280
G1 X33.696 Y-87.676 E3821.35769
G1 X33.696 Y-114.667 E3870.30360
G1 X65.220 Y-114.667 E3927.47058
G1 X65.220 Y23.816 E4178.60050
G1 X137.058 Y23.816 E4308.87442
G1 X137.058 Y-181.818 E4681.77822
G1 X97.281 Y-181.818 E4753.91133
G1 X97.281 Y-208.755 E4802.75899
G1 X229.657 Y-208.755 E5042.81248
G1 X229.657 Y-182.204 E5090.96052
G1 X189.837 Y-182.204 E5163.17121
G1 X189.837 Y23.816 E5536.77465
G1 X321.885 Y23.816 E5776.23531
G1 X327.914 Y-10.449 E5839.32826
G1 X348.295 Y-10.449 E5876.28688
G1 X348.295 Y59.225 E6002.63738
G1 X-52.999 Y59.225 E6730.35492
G1 X-52.999 Y-10.449 E6856.70542
G1 X-32.434 Y-10.449 E6893.99904
G1 X-25.563 Y23.155 E6956.19864
G1 E6954.19864 F2400.00000
G92 E0
G1 X-22.281 Y19.960 F7800.000
G1 E2.00000 F2400.00000
G1 F3600
G1 X41.230 Y19.960 E117.17210
G1 X39.022 Y-2.081 E157.34127
G1 X37.366 Y-12.266 E176.05454
G1 X32.893 Y-24.825 E200.23148
G1 X25.367 Y-39.492 E230.12436
G1 X15.981 Y-52.899 E259.80365
G1 X4.626 Y-65.263 E290.24557
G1 X-8.339 Y-76.140 E320.93543
G1 X-22.757 Y-85.500 E352.10661
G1 X-39.048 Y-93.570 E385.07674
G1 X-56.628 Y-99.816 E418.90829
G1 X-75.017 Y-104.062 E453.13283
G1 X-94.287 Y-106.347 E488.32359
G1 X-115.689 Y-106.678 E527.13838
G1 X-137.393 Y-104.931 E566.62465
G1 X-159.529 Y-100.902 E607.42631
G1 X-180.591 Y-94.730 E647.22692
G1 X-200.466 Y-86.467 E686.25948
G1 X-218.236 Y-76.626 E723.09541
G1 X-232.346 Y-66.579 E754.50680
G1 X-244.410 Y-55.642 E784.03645
G1 X-255.539 Y-42.469 E815.30786
G1 X-264.369 Y-28.436 E845.37501
G1 X-271.300 Y-13.056 E875.96572
G1 X-275.441 Y0.801 E902.19379
G1 X-277.913 Y16.799 E931.54863
G1 X-278.100 Y32.795 E960.55936
G1 X-276.295 Y48.988 E990.10470
G1 X-272.270 Y66.330 E1022.39044
G1 X-265.948 Y83.120 E1054.92466
G1 X-259.238 Y95.721 E1080.81291
G1 X-249.653 Y109.413 E1111.12108
G1 X-238.018 Y122.341 E1142.66150
G1 X-224.505 Y134.232 E1175.30454
G1 X-208.988 Y144.967 E1209.52066
G1 X-192.278 Y153.859 E1243.84533
G1 X-173.978 Y161.051 E1279.50214
G1 X-154.903 Y166.176 E1315.32100
G1 X-135.218 Y169.209 E1351.43983
G1 X-114.860 Y170.074 E1388.39079
G1 X-94.722 Y168.664 E1424.99864
G1 X-75.955 Y165.363 E1459.55413
G1 X-55.757 Y159.796 E1497.54764
G1 X-34.964 Y151.911 E1537.87380
G1 X-14.738 Y141.835 E1578.85125
G1 X3.964 Y129.917 E1619.06639
G1 X14.378 Y121.830 E1642.97782
G1 X59.917 Y121.830 E1725.55960
G1 X59.917 Y212.611 E1890.18529
G1 X25.595 Y212.611 E1952.42606
G1 X25.595 Y158.872 E2049.87827
G1 X-3.160 Y175.448 E2110.06745
G1 X-22.562 Y185.840 E2149.98060
G1 X-42.883 Y194.390 E2189.95906
G1 X-64.481 Y201.404 E2231.13917
G1 X-88.513 Y206.986 E2275.88002
G1 X-112.255 Y210.254 E2319.34004
G1 X-135.810 Y211.372 E2362.10369
G1 X-157.163 Y210.552 E2400.85534
G1 X-177.512 Y207.922 E2438.06243
G1 X-198.522 Y203.138 E2477.13864
G1 X-218.995 Y196.356 E2516.24877
G1 X-239.180 Y187.500 E2556.22076
G1 X-258.958 Y176.488 E2597.27181
G1 X-277.153 Y163.906 E2637.38679
G1 X-293.912 Y149.715 E2677.21052
G1 X-306.574 Y136.846 E2709.94985
G1 X-320.086 Y120.245 E2748.76556
G1 X-331.243 Y103.054 E2785.93074
G1 X-339.207 Y87.313 E2817.92064
G1 X-345.754 Y69.704 E2851.98905
G1 X-349.900 Y52.422 E2884.21835
G1 X-351.971 Y34.755 E2916.47648
G1 X-352.156 Y22.907 E2937.96359
G1 X-350.643 Y5.686 E2969.31250
G1 X-347.069 Y-10.807 E2999.91625
G1 X-341.491 Y-26.786 E3030.60803
G1 X-333.941 Y-42.268 E3061.84483
G1 X-324.514 Y-57.002 E3093.56354
G1 X-313.127 Y-71.069 E3126.38444
G1 X-302.521 Y-81.856 E3153.81702
G1 X-287.696 Y-94.364 E3188.99115
G1 X-271.046 Y-105.776 E3225.59622
G1 X-252.985 Y-115.708 E3262.97393
G1 X-233.542 Y-124.067 E3301.35364
G1 X-212.790 Y-130.752 E3340.88987
G1 X-199.223 Y-134.024 E3366.19731
G1 X-176.726 Y-137.727 E3407.54429
G1 X-153.426 Y-139.473 E3449.91481
G1 X-129.605 Y-139.188 E3493.11560
G1 X-105.627 Y-136.922 E3536.79252
G1 X-80.627 Y-132.595 E3582.80150
G1 X-54.554 Y-126.086 E3631.53458
G1 X-27.511 Y-117.310 E3683.09276
G1 X0.418 Y-106.201 E3737.59860
G1 X29.839 Y-93.535 E3795.68730
G1 X29.839 Y-118.523 E3841.00223
G1 X69.076 Y-118.523 E3912.15509
G1 X69.076 Y19.960 E4163.28501
G1 X133.202 Y19.960 E4279.57306
G1 X133.202 Y-177.962 E4638.49099
G1 X93.425 Y-177.962 E4710.62410
G1 X93.425 Y-212.611 E4773.45763
G1 X233.513 Y-212.611 E5027.49699
G1 X233.513 Y-178.348 E5089.63090
G1 X193.693 Y-178.348 E5161.84159
G1 X193.693 Y19.960 E5521.45915
G1 X318.648 Y19.960 E5748.05696
G1 X324.677 Y-14.306 E5811.14991
G1 X352.151 Y-14.306 E5860.97139
G1 X352.151 Y63.082 E6001.30775
G1 X-56.855 Y63.082 E6743.01116
G1 X-56.855 Y-14.306 E6883.34753
G1 X-29.286 Y-14.306 E6933.34201
G1 X-22.416 Y19.299 E6995.54162
G1 E6993.54162 F2400.00000
G92 E0
G1 X-19.133 Y16.104 F7800.000
G1 E2.00000 F2400.00000
G1 F1800
G1 X36.968 Y16.104 E103.73563
G1 X35.197 Y-1.579 E135.96185
G1 X33.616 Y-11.302 E153.82612
G1 X29.346 Y-23.292 E176.90646
G1 X22.057 Y-37.496 E205.85880
G1 X12.969 Y-50.479 E234.59683
G1 X1.956 Y-62.470 E264.12121
G1 X-10.637 Y-73.034 E293.92850
G1 X-24.669 Y-82.143 E324.26635
G1 X-40.555 Y-90.013 E356.41582
G1 X-57.710 Y-96.108 E389.43160
G1 X-75.680 Y-100.257 E422.87441
G1 X-94.545 Y-102.494 E457.32522
G1 X-115.564 Y-102.819 E495.44594
G1 X-136.892 Y-101.103 E534.24802
G1 X-158.639 Y-97.144 E574.33312
G1 X-179.305 Y-91.088 E613.38505
G1 X-198.787 Y-82.989 E651.64516
G1 X-216.177 Y-73.358 E687.69422
G1 X-229.924 Y-63.570 E718.29811
G1 X-241.630 Y-52.957 E746.95077
G1 X-252.419 Y-40.187 E777.26719
G1 X-260.963 Y-26.608 E806.36028
G1 X-267.679 Y-11.706 E836.00116
G1 X-271.671 Y1.652 E861.28346
G1 X-274.060 Y17.117 E889.66224
G1 X-274.241 Y32.604 E917.74733
G1 X-272.487 Y48.336 E946.45351
G1 X-268.571 Y65.210 E977.86723
G1 X-262.427 Y81.528 E1009.48635
G1 X-255.944 Y93.701 E1034.49720
G1 X-246.629 Y107.008 E1063.95313
G1 X-235.302 Y119.594 E1094.65889
G1 X-222.126 Y131.189 E1126.48704
G1 X-206.978 Y141.668 E1159.88898
G1 X-190.662 Y150.351 E1193.40615
G1 X-172.769 Y157.383 E1228.26982
G1 X-154.106 Y162.397 E1263.31306
G1 X-134.841 Y165.366 E1298.66184
G1 X-114.913 Y166.212 E1334.83296
G1 X-95.192 Y164.831 E1370.68295
G1 X-76.803 Y161.596 E1404.54194
G1 X-56.955 Y156.126 E1441.87644
G1 X-36.511 Y148.374 E1481.52640
G1 X-16.639 Y138.474 E1521.78669
G1 X1.740 Y126.761 E1561.30873
G1 X13.057 Y117.974 E1587.29143
G1 X63.773 Y117.974 E1679.26239
G1 X63.773 Y216.467 E1857.87396
G1 X21.739 Y216.467 E1934.10059
G1 X21.739 Y165.546 E2026.44308
G1 X-1.287 Y178.819 E2074.63863
G1 X-20.900 Y189.325 E2114.98792
G1 X-41.537 Y198.007 E2155.58824
G1 X-63.447 Y205.122 E2197.36313
G1 X-87.812 Y210.782 E2242.72415
G1 X-111.900 Y214.097 E2286.81683
G1 X-135.792 Y215.231 E2330.19316
G1 X-157.485 Y214.399 E2369.56052
G1 X-178.188 Y211.722 E2407.41668
G1 X-199.559 Y206.857 E2447.16242
G1 X-220.379 Y199.960 E2486.93595
G1 X-240.896 Y190.958 E2527.56624
G1 X-260.997 Y179.766 E2569.28747
G1 X-279.501 Y166.971 E2610.08340
G1 X-296.538 Y152.545 E2650.56665
G1 X-309.451 Y139.421 E2683.95330
G1 X-323.208 Y122.519 E2723.47481
G1 X-334.590 Y104.979 E2761.39156
G1 X-342.746 Y88.861 E2794.15027
G1 X-349.450 Y70.830 E2829.03428
G1 X-353.703 Y53.099 E2862.10117
G1 X-355.824 Y35.010 E2895.12860
G1 X-356.015 Y22.768 E2917.33080
G1 X-354.463 Y5.107 E2949.48150
G1 X-350.787 Y-11.855 E2980.95423
G1 X-345.057 Y-28.272 E3012.48719
G1 X-337.309 Y-44.159 E3044.54074
G1 X-327.647 Y-59.261 E3077.05321
G1 X-316.007 Y-73.640 E3110.60125
G1 X-305.145 Y-84.688 E3138.69689
G1 X-290.035 Y-97.435 E3174.54628
G1 X-273.070 Y-109.064 E3211.84430
G1 X-254.680 Y-119.177 E3249.90385
G1 X-234.897 Y-127.682 E3288.95238
G1 X-213.835 Y-134.467 E3329.08110
G1 X-199.990 Y-137.806 E3354.90804
G1 X-177.184 Y-141.560 E3396.82133
G1 X-153.547 Y-143.331 E3439.80441
G1 X-129.400 Y-143.042 E3483.59653
G1 X-105.116 Y-140.747 E3527.83121
G1 X-79.830 Y-136.371 E3574.36643
G1 X-53.491 Y-129.795 E3623.59763
G1 X-26.202 Y-120.939 E3675.62423
G1 X1.893 Y-109.764 E3730.45439
G1 X25.983 Y-99.393 E3778.01690
G1 X25.983 Y-122.380 E3819.70087
G1 X72.932 Y-122.380 E3904.83960
G1 X72.932 Y16.104 E4155.96951
G1 X129.346 Y16.104 E4258.27170
G1 X129.346 Y-174.106 E4603.20376
G1 X89.569 Y-174.106 E4675.33687
G1 X89.569 Y-216.467 E4752.15627
G1 X237.369 Y-216.467 E5020.18150
G1 X237.369 Y-174.492 E5096.30127
G1 X197.549 Y-174.492 E5168.51196
G1 X197.549 Y16.104 E5514.14366
G1 X315.411 Y16.104 E5727.87861
G1 X321.441 Y-18.162 E5790.97156
G1 X356.007 Y-18.162 E5853.65589
G1 X356.007 Y66.938 E6007.97813
G1 X-60.711 Y66.938 E6763.66741
G1 X-60.711 Y-18.162 E6917.98964
G1 X-26.138 Y-18.162 E6980.68499
G1 X-19.268 Y15.443 E7042.88460
G1 X-17.830 Y20.411 F7800.000
G1 E7040.88460 F2400.00000
G92 E0
G1 X-47.289 Y-8.093 F7800.000
G1 E2.00000 F2400.00000
G1 F900
G1 X-50.642 Y-4.740 E10.64849
G1 X-50.642 Y0.745 E20.64976
G1 X-41.805 Y-8.093 E43.44218
G1 X-36.320 Y-8.093 E53.44346
G1 X-50.642 Y6.229 E90.37982
G1 X-50.642 Y11.713 E100.38109
G1 X-33.531 Y-5.399 E144.51273
G1 X-32.600 Y-0.845 E152.98815
G1 X-50.642 Y17.197 E199.52057
G1 X-50.642 Y22.681 E209.52184
G1 X-31.669 Y3.708 E258.45507
G1 X-30.738 Y8.261 E266.93048
G1 X-50.642 Y28.166 E318.26449
G1 X-50.642 Y33.650 E328.26576
G1 X-29.807 Y12.815 E382.00057
G1 X-28.876 Y17.368 E390.47598
G1 X-50.642 Y39.134 E446.61158
G1 X-50.642 Y44.618 E456.61285
G1 X-27.945 Y21.921 E515.14924
G1 X-27.076 Y26.173 E523.06276
G1 X-26.712 Y26.173 E523.72581
G1 X-50.642 Y50.103 E585.44151
G1 X-50.642 Y55.587 E595.44278
G1 X-21.228 Y26.173 E671.30242
G1 X-15.744 Y26.173 E681.30369
G1 X-46.440 Y56.869 E760.47027
G1 X-40.956 Y56.869 E770.47155
G1 X-10.260 Y26.173 E849.63812
G1 X-4.776 Y26.173 E859.63940
G1 X-35.472 Y56.869 E938.80598
G1 X-29.988 Y56.869 E948.80724
G1 X0.709 Y26.173 E1027.97383
G1 X6.193 Y26.173 E1037.97510
G1 X-24.503 Y56.869 E1117.14168
G1 X-19.019 Y56.869 E1127.14296
G1 X11.677 Y26.173 E1206.30954
G1 X17.161 Y26.173 E1216.31082
G1 X-13.535 Y56.869 E1295.47741
G1 X-8.051 Y56.869 E1305.47868
G1 X22.645 Y26.173 E1384.64526
G1 X28.130 Y26.173 E1394.64654
G1 X-2.567 Y56.869 E1473.81312
G1 X2.918 Y56.869 E1483.81439
G1 X33.614 Y26.173 E1562.98098
G1 X39.098 Y26.173 E1572.98225
G1 X8.402 Y56.869 E1652.14883
G1 X13.886 Y56.869 E1662.15011
G1 X44.582 Y26.173 E1741.31669
G1 X50.067 Y26.173 E1751.31796
G1 X19.370 Y56.869 E1830.48455
G1 X24.854 Y56.869 E1840.48583
G1 X62.863 Y18.860 E1938.51199
G1 X62.863 Y24.344 E1948.51325
G1 X30.339 Y56.869 E2032.39547
G1 X35.823 Y56.869 E2042.39674
G1 X66.519 Y26.173 E2121.56333
G1 X72.003 Y26.173 E2131.56460
G1 X41.307 Y56.869 E2210.73117
G1 X46.791 Y56.869 E2220.73245
G1 X77.488 Y26.173 E2299.89902
G1 X82.972 Y26.173 E2309.90031
G1 X52.276 Y56.869 E2389.06691
G1 X57.760 Y56.869 E2399.06819
G1 X88.456 Y26.173 E2478.23478
G1 X93.940 Y26.173 E2488.23605
G1 X63.244 Y56.869 E2567.40262
G1 X68.728 Y56.869 E2577.40389
G1 X99.424 Y26.173 E2656.57049
G1 X104.909 Y26.173 E2666.57176
G1 X74.212 Y56.869 E2745.73835
G1 X79.697 Y56.869 E2755.73962
G1 X110.393 Y26.173 E2834.90620
G1 X115.877 Y26.173 E2844.90749
G1 X85.181 Y56.869 E2924.07409
G1 X90.665 Y56.869 E2934.07537
G1 X121.361 Y26.173 E3013.24196
G1 X126.846 Y26.173 E3023.24322
G1 X96.149 Y56.869 E3102.40980
G1 X101.633 Y56.869 E3112.41107
G1 X132.330 Y26.173 E3191.57767
G1 X137.814 Y26.173 E3201.57894
G1 X107.118 Y56.869 E3280.74551
G1 X112.602 Y56.869 E3290.74677
G1 X187.480 Y-18.009 E3483.85991
G1 X187.480 Y-12.525 E3493.86118
G1 X118.086 Y56.869 E3672.83040
G1 X123.570 Y56.869 E3682.83169
G1 X187.480 Y-7.041 E3847.65694
G1 X187.480 Y-1.557 E3857.65821
G1 X129.055 Y56.869 E4008.33953
G1 X134.539 Y56.869 E4018.34080
G1 X187.480 Y3.928 E4154.87821
G1 X187.480 Y9.412 E4164.87947
G1 X140.023 Y56.869 E4287.27293
G1 X145.507 Y56.869 E4297.27420
G1 X187.480 Y14.896 E4405.52373
G1 X187.480 Y20.380 E4415.52500
G1 X150.991 Y56.869 E4509.63062
G1 X156.476 Y56.869 E4519.63191
G1 X187.480 Y25.864 E4599.59355
G1 X187.480 Y26.173 E4600.15574
G1 X192.656 Y26.173 E4609.59482
G1 X161.960 Y56.869 E4688.76141
G1 X167.444 Y56.869 E4698.76267
G1 X198.140 Y26.173 E4777.92929
G1 X203.625 Y26.173 E4787.93056
G1 X172.928 Y56.869 E4867.09715
G1 X178.412 Y56.869 E4877.09841
G1 X209.109 Y26.173 E4956.26500
G1 X214.593 Y26.173 E4966.26629
G1 X183.897 Y56.869 E5045.43291
G1 X189.381 Y56.869 E5055.43420
G1 X220.077 Y26.173 E5134.60078
G1 X225.561 Y26.173 E5144.60205
G1 X194.865 Y56.869 E5223.76864
G1 X200.349 Y56.869 E5233.76991
G1 X231.046 Y26.173 E5312.93653
G1 X236.530 Y26.173 E5322.93779
G1 X205.833 Y56.869 E5402.10438
G1 X211.318 Y56.869 E5412.10565
G1 X242.014 Y26.173 E5491.27224
G1 X247.498 Y26.173 E5501.27352
G1 X216.802 Y56.869 E5580.44014
G1 X222.286 Y56.869 E5590.44143
G1 X252.982 Y26.173 E5669.60802
G1 X258.467 Y26.173 E5679.60929
G1 X227.770 Y56.869 E5758.77587
G1 X233.255 Y56.869 E5768.77714
G1 X263.951 Y26.173 E5847.94376
G1 X269.435 Y26.173 E5857.94501
G1 X238.739 Y56.869 E5937.11157
G1 X244.223 Y56.869 E5947.11283
G1 X274.919 Y26.173 E6026.27939
G1 X280.403 Y26.173 E6036.28066
G1 X249.707 Y56.869 E6115.44722
G1 X255.191 Y56.869 E6125.44851
G1 X285.888 Y26.173 E6204.61509
G1 X291.372 Y26.173 E6214.61636
G1 X260.676 Y56.869 E6293.78295
G1 X266.160 Y56.869 E6303.78422
G1 X296.856 Y26.173 E6382.95081
G1 X302.340 Y26.173 E6392.95208
G1 X271.644 Y56.869 E6472.11866
G1 X277.128 Y56.869 E6482.11995
G1 X307.825 Y26.173 E6561.28651
G1 X313.309 Y26.173 E6571.28778
G1 X282.612 Y56.869 E6650.45434
G1 X288.097 Y56.869 E6660.45562
G1 X318.793 Y26.173 E6739.62221
G1 X324.277 Y26.173 E6749.62348
G1 X293.581 Y56.869 E6828.79007
G1 E6826.79007 F2400.00000
G92 E0
G1 X342.939 Y56.869 F7800.000
G1 E2.00000 F2400.00000
G1 F900
G1 X345.938 Y53.869 E9.73594
G1 X345.938 Y48.385 E19.73721
G1 X337.455 Y56.869 E41.61707
G1 X331.970 Y56.869 E51.61834
G1 X345.938 Y42.901 E87.64212
G1 X345.938 Y37.417 E97.64339
G1 X326.486 Y56.869 E147.81109
G1 X321.002 Y56.869 E157.81236
G1 X345.938 Y31.933 E222.12398
G1 X345.938 Y26.448 E232.12525
G1 X315.518 Y56.869 E310.58079
G1 X310.034 Y56.869 E320.58210
G1 X345.938 Y20.964 E413.18162
G1 X345.938 Y15.480 E423.18288
G1 X304.549 Y56.869 E529.92632
G1 X299.065 Y56.869 E539.92759
G1 X345.938 Y9.996 E660.81495
G1 X345.938 Y4.512 E670.81621
G1 X324.123 Y26.327 E727.07869
G1 X325.294 Y19.672 E739.40192
G1 X345.938 Y-0.973 E792.64438
G1 X345.938 Y-6.457 E802.64565
G1 X326.465 Y13.016 E852.86803
G1 X327.636 Y6.361 E865.19126
G1 X342.090 Y-8.093 E902.46913
G1 X336.606 Y-8.093 E912.47039
G1 X328.807 Y-0.294 E932.58426
G1 X329.652 Y-5.094 E941.47154
G1 X333.607 Y-5.094 E948.68424
G1 E946.68424 F2400.00000
G92 E0
G1 X139.415 Y24.572 F7800.000
G1 E2.00000 F2400.00000
G1 F900
G1 X187.480 Y-23.493 E125.96188
G1 X187.480 Y-28.978 E135.96315
G1 X139.415 Y19.088 E259.92503
G1 X139.415 Y13.603 E269.92630
G1 X187.480 Y-34.462 E393.88818
G1 X187.480 Y-39.946 E403.88947
G1 X139.415 Y8.119 E527.85138
G1 X139.415 Y2.635 E537.85267
G1 X187.480 Y-45.430 E661.81455
G1 X187.480 Y-50.915 E671.81582
G1 X139.415 Y-2.849 E795.77770
G1 X139.415 Y-8.333 E805.77897
G1 X187.480 Y-56.399 E929.74083
G1 X187.480 Y-61.883 E939.74209
G1 X139.415 Y-13.818 E1063.70394
G1 X139.415 Y-19.302 E1073.70521
G1 X187.480 Y-67.367 E1197.66706
G1 X187.480 Y-72.851 E1207.66833
G1 X139.415 Y-24.786 E1331.63018
G1 X139.415 Y-30.270 E1341.63147
G1 X187.480 Y-78.336 E1465.59330
G1 X187.480 Y-83.820 E1475.59456
G1 X139.415 Y-35.754 E1599.55639
G1 X139.415 Y-41.239 E1609.55766
G1 X187.480 Y-89.304 E1733.51948
G1 X187.480 Y-94.788 E1743.52079
G1 X139.415 Y-46.723 E1867.48267
G1 X139.415 Y-52.207 E1877.48394
G1 X187.480 Y-100.272 E2001.44582
G1 X187.480 Y-105.757 E2011.44709
G1 X139.415 Y-57.691 E2135.40894
G1 X139.415 Y-63.176 E2145.41021
G1 X187.480 Y-111.241 E2269.37206
G1 X187.480 Y-116.725 E2279.37333
G1 X139.415 Y-68.660 E2403.33518
G1 X139.415 Y-74.144 E2413.33645
G1 X187.480 Y-122.209 E2537.29830
G1 X187.480 Y-127.693 E2547.29957
G1 X139.415 Y-79.628 E2671.26142
G1 X139.415 Y-85.112 E2681.26269
G1 X187.480 Y-133.178 E2805.22455
G1 X187.480 Y-138.662 E2815.22581
G1 X139.415 Y-90.597 E2939.18766
G1 X139.415 Y-96.081 E2949.18895
G1 X187.480 Y-144.146 E3073.15077
G1 X187.480 Y-149.630 E3083.15204
G1 X139.415 Y-101.565 E3207.11387
G1 X139.415 Y-107.049 E3217.11518
G1 X187.480 Y-155.115 E3341.07700
G1 X187.480 Y-160.599 E3351.07827
G1 X139.415 Y-112.533 E3475.04009
G1 X139.415 Y-118.018 E3485.04136
G1 X187.480 Y-166.083 E3609.00318
G1 X187.480 Y-171.567 E3619.00445
G1 X139.415 Y-123.502 E3742.96627
G1 X139.415 Y-128.986 E3752.96754
G1 X187.480 Y-177.051 E3876.92937
G1 X187.480 Y-182.536 E3886.93063
G1 X139.415 Y-134.470 E4010.89246
G1 X139.415 Y-139.954 E4020.89372
G1 X205.859 Y-206.399 E4192.25475
G1 X200.375 Y-206.399 E4202.25602
G1 X139.415 Y-145.439 E4359.47312
G1 X139.415 Y-150.923 E4369.47439
G1 X194.890 Y-206.399 E4512.54757
G1 X189.406 Y-206.399 E4522.54888
G1 X139.415 Y-156.407 E4651.47809
G1 X139.415 Y-161.891 E4661.47935
G1 X183.922 Y-206.399 E4776.26464
G1 X178.438 Y-206.399 E4786.26591
G1 X139.415 Y-167.376 E4886.90728
G1 X139.415 Y-172.860 E4896.90854
G1 X172.954 Y-206.399 E4983.40599
G1 X167.469 Y-206.399 E4993.40726
G1 X139.415 Y-178.344 E5065.76073
G1 X139.415 Y-183.828 E5075.76200
G1 X161.985 Y-206.399 E5133.97155
G1 X156.501 Y-206.399 E5143.97285
G1 X134.277 Y-184.175 E5201.28832
G1 X128.793 Y-184.175 E5211.28959
G1 X151.017 Y-206.399 E5268.60506
G1 X145.533 Y-206.399 E5278.60632
G1 X123.309 Y-184.175 E5335.92179
G1 X117.825 Y-184.175 E5345.92306
G1 X140.048 Y-206.399 E5403.23852
G1 X134.564 Y-206.399 E5413.23979
G1 X112.340 Y-184.175 E5470.55532
G1 X106.856 Y-184.175 E5480.55658
G1 X129.080 Y-206.399 E5537.87211
G1 X123.596 Y-206.399 E5547.87341
G1 X101.372 Y-184.175 E5605.18888
G1 X99.638 Y-184.175 E5608.35173
G1 X99.638 Y-187.925 E5615.19015
G1 X118.111 Y-206.399 E5662.83462
G1 X112.627 Y-206.399 E5672.83589
G1 X99.638 Y-193.409 E5706.33644
G1 X99.638 Y-198.893 E5716.33771
G1 X107.143 Y-206.399 E5735.69434
G1 E5733.69434 F2400.00000
G92 E0
G1 X205.859 Y-206.399 F7800.000
G1 E2.00000 F2400.00000
G1 F900
G1 X211.343 Y-206.399 E12.00127
G1 X189.505 Y-184.561 E68.32175
G1 X194.989 Y-184.561 E78.32302
G1 X216.827 Y-206.399 E134.64350
G1 X222.311 Y-206.399 E144.64477
G1 X200.474 Y-184.561 E200.96525
G1 X205.958 Y-184.561 E210.96656
G1 X227.300 Y-205.903 E266.00886
G1 X227.300 Y-200.419 E276.01012
G1 X211.442 Y-184.561 E316.90850
G1 X216.926 Y-184.561 E326.90977
G1 X227.300 Y-194.935 E353.66423
G1 X227.300 Y-189.450 E363.66550
G1 X222.410 Y-184.561 E376.27603
G1 E374.27603 F2400.00000
G92 E0
G1 X37.477 Y-109.311 F7800.000
G1 E2.00000 F2400.00000
G1 F900
G1 X36.052 Y-109.311 E4.59822
G1 X36.052 Y-107.887 E7.19644
G1 X40.476 Y-112.311 E18.60646
G1 X45.960 Y-112.311 E28.60773
G1 X36.052 Y-102.402 E54.16170
G1 X36.052 Y-96.918 E64.16297
G1 X51.445 Y-112.311 E103.86089
G1 X56.929 Y-112.311 E113.86216
G1 X36.052 Y-91.434 E167.70400
G1 X36.052 Y-85.950 E177.70527
G1 X62.413 Y-112.311 E245.69103
G1 X62.863 Y-112.311 E246.51223
G1 X62.863 Y-107.277 E255.69229
G1 X36.052 Y-80.466 E324.83941
G1 E322.83941 F2400.00000
G92 E0
G1 X48.146 Y28.093 F7800.000
G1 E2.00000 F2400.00000
G1 F900
G1 X62.863 Y13.376 E39.95673
G1 X62.863 Y7.892 E49.95801
G1 X47.647 Y23.108 E89.20275
G1 X47.147 Y18.124 E98.33877
G1 X62.863 Y2.407 E138.87150
G1 X62.863 Y-3.077 E148.87279
G1 X46.648 Y13.139 E190.69354
G1 X46.148 Y8.154 E199.82958
G1 X62.863 Y-8.561 E242.93830
G1 X62.863 Y-14.045 E252.93957
G1 X45.649 Y3.169 E297.33629
G1 X45.173 Y-1.585 E306.04978
G1 X45.137 Y-1.803 E306.45288
G1 X62.863 Y-19.529 E352.16949
G1 X62.863 Y-25.014 E362.17076
G1 X44.370 Y-6.520 E409.86519
G1 X43.603 Y-11.238 E418.58090
G1 X62.863 Y-30.498 E468.25312
G1 X62.863 Y-35.982 E478.25439
G1 X42.371 Y-15.490 E531.10481
G1 X40.931 Y-19.534 E538.93327
G1 X62.863 Y-41.466 E595.49824
G1 X62.863 Y-46.951 E605.49951
G1 X39.490 Y-23.578 E665.77906
G1 X38.488 Y-26.393 E671.23016
G1 X37.923 Y-27.494 E673.48622
G1 X62.863 Y-52.435 E737.80890
G1 X62.863 Y-57.919 E747.81016
G1 X36.063 Y-31.118 E816.92927
G1 X34.203 Y-34.743 E824.35831
G1 X62.863 Y-63.403 E898.27388
G1 X62.863 Y-68.887 E908.27516
G1 X32.343 Y-38.367 E986.98721
G1 X30.483 Y-41.991 E994.41545
G1 X62.863 Y-74.372 E1077.92657
G1 X62.863 Y-79.856 E1087.92784
G1 X28.224 Y-45.217 E1177.26315
G1 X25.966 Y-48.443 E1184.44436
G1 X62.863 Y-85.340 E1279.60381
G1 X62.863 Y-90.824 E1289.60508
G1 X23.708 Y-51.669 E1390.58871
G1 X21.449 Y-54.894 E1397.76991
G1 X62.863 Y-96.308 E1504.57772
G1 X62.863 Y-101.793 E1514.57901
G1 X18.977 Y-57.906 E1627.76287
G1 X16.352 Y-60.765 E1634.84123
G1 X38.949 Y-83.362 E1693.11923
G1 X35.115 Y-85.012 E1700.73102
G1 X13.726 Y-63.624 E1755.89280
G1 X11.101 Y-66.483 E1762.97117
G1 X31.281 Y-86.663 E1815.01673
G1 X27.447 Y-88.313 E1822.62851
G1 X8.475 Y-69.341 E1871.55788
G1 X5.494 Y-71.844 E1878.65671
G1 X23.614 Y-89.964 E1925.38767
G1 X19.780 Y-91.614 E1932.99945
G1 X2.512 Y-74.346 E1977.53465
G1 X-0.471 Y-76.848 E1984.63372
G1 X15.946 Y-93.265 E2026.97316
G1 X12.112 Y-94.915 E2034.58494
G1 X-3.453 Y-79.350 E2074.72862
G1 X-5.244 Y-80.852 E2078.99072
G1 X-6.573 Y-81.715 E2081.88008
G1 X8.278 Y-96.566 E2120.18149
G1 X4.445 Y-98.216 E2127.79328
G1 X-9.898 Y-83.873 E2164.78348
G1 X-13.223 Y-86.032 E2172.01364
G1 X0.611 Y-99.867 E2207.69259
G1 X-1.033 Y-100.574 E2210.95733
G1 X-3.274 Y-101.466 E2215.35502
G1 X-16.549 Y-88.191 E2249.59049
G1 X-19.874 Y-90.350 E2256.82065
G1 X-7.198 Y-103.026 E2289.51329
G1 X-11.121 Y-104.587 E2297.21374
G1 X-23.484 Y-92.224 E2329.09781
G1 X-27.152 Y-94.041 E2336.56159
G1 X-15.045 Y-106.148 E2367.78512
G1 X-18.968 Y-107.708 E2375.48558
G1 X-30.819 Y-95.858 E2406.04854
G1 X-34.486 Y-97.674 E2413.51231
G1 X-22.892 Y-109.269 E2443.41470
G1 X-26.815 Y-110.830 E2451.11515
G1 X-38.218 Y-99.427 E2480.52207
G1 X-42.264 Y-100.865 E2488.35341
G1 X-30.856 Y-112.274 E2517.77652
G1 X-34.996 Y-113.617 E2525.71506
G1 X-46.311 Y-102.303 E2554.89564
G1 X-50.357 Y-103.740 E2562.72698
G1 X-39.137 Y-114.961 E2591.66506
G1 X-43.277 Y-116.305 E2599.60360
G1 X-54.404 Y-105.178 E2628.29915
G1 X-55.962 Y-105.732 E2631.31433
G1 X-58.702 Y-106.364 E2636.44275
G1 X-47.418 Y-117.648 E2665.54453
G1 X-51.558 Y-118.992 E2673.48307
G1 X-63.157 Y-107.393 E2703.39726
G1 X-67.613 Y-108.422 E2711.73636
G1 X-55.730 Y-120.305 E2742.38295
G1 X-60.119 Y-121.400 E2750.63180
G1 X-72.069 Y-109.450 E2781.45115
G1 X-75.191 Y-110.171 E2787.29511
G1 X-76.658 Y-110.345 E2789.98908
G1 X-64.507 Y-122.496 E2821.32629
G1 X-68.896 Y-123.591 E2829.57516
G1 X-81.561 Y-110.926 E2862.23854
G1 X-86.464 Y-111.508 E2871.24216
G1 X-73.284 Y-124.687 E2905.23171
G1 X-77.673 Y-125.783 E2913.48057
G1 X-91.366 Y-112.089 E2948.79633
G1 X-95.272 Y-112.552 E2955.96877
G1 X-96.370 Y-112.569 E2957.97210
G1 X-82.149 Y-126.791 E2994.64959
G1 X-86.824 Y-127.600 E3003.30195
G1 X-101.771 Y-112.653 E3041.85093
G1 X-107.172 Y-112.737 E3051.70102
G1 X-91.499 Y-128.409 E3092.12146
G1 X-96.174 Y-129.218 E3100.77382
G1 X-112.572 Y-112.820 E3143.06574
G1 X-117.439 Y-112.895 E3151.94158
G1 X-118.029 Y-112.848 E3153.02086
G1 X-100.849 Y-130.028 E3197.32800
G1 X-105.149 Y-130.772 E3205.28617
G1 X-105.551 Y-130.810 E3206.02256
G1 X-123.993 Y-112.368 E3253.58509
G1 X-129.957 Y-111.888 E3264.49686
G1 X-110.562 Y-131.283 E3314.51847
G1 X-115.572 Y-131.757 E3323.69697
G1 X-135.921 Y-111.408 E3376.17764
G1 X-139.895 Y-111.088 E3383.44790
G1 X-142.133 Y-110.681 E3387.59535
G1 X-120.583 Y-132.230 E3443.17239
G1 X-125.594 Y-132.704 E3452.35089
G1 X-148.837 Y-109.460 E3512.29662
G1 X-155.542 Y-108.240 E3524.72446
G1 X-130.775 Y-133.007 E3588.59935
G1 X-136.194 Y-133.072 E3598.48315
G1 X-162.247 Y-107.019 E3665.67271
G1 X-162.809 Y-106.917 E3666.71452
G1 X-169.916 Y-104.834 E3680.22068
G1 X-141.614 Y-133.137 E3753.21270
G1 X-147.033 Y-133.201 E3763.09650
G1 X-177.674 Y-102.561 E3842.11861
G1 X-184.663 Y-100.513 E3855.40116
G1 X-185.592 Y-100.127 E3857.23628
G1 X-152.525 Y-133.194 E3942.51803
G1 X-158.453 Y-132.750 E3953.35988
G1 X-194.978 Y-96.225 E4047.55888
G1 X-204.365 Y-92.323 E4066.09597
G1 X-164.382 Y-132.305 E4169.21224
G1 X-170.310 Y-131.861 E4180.05408
G1 X-216.359 Y-85.813 E4298.81341
G1 X-223.854 Y-81.662 E4314.43849
G1 X-231.286 Y-76.370 E4331.07685
G1 X-176.446 Y-131.210 E4472.51054
G1 X-183.011 Y-130.129 E4484.64330
G1 X-345.813 Y32.674 E4904.51621
G1 X-345.898 Y27.274 E4914.36486
G1 X-189.575 Y-129.049 E5317.52478
G1 X-196.140 Y-127.968 E5329.65754
G1 X-345.663 Y21.555 E5715.28207
G1 X-345.135 Y15.543 E5726.28880
G1 X-203.362 Y-126.230 E6091.92459
G1 X-209.201 Y-124.822 E6102.87710
G1 X-210.756 Y-124.321 E6105.85624
G1 X-344.607 Y9.530 E6451.06225
G1 X-344.503 Y8.345 E6453.23186
G1 X-343.284 Y2.723 E6463.72169
G1 X-218.846 Y-121.715 E6784.65144
G1 X-226.937 Y-119.109 E6800.15215
G1 X-341.767 Y-4.278 E7096.30274
G1 X-341.131 Y-7.212 E7101.77616
G1 X-339.422 Y-12.107 E7111.23219
G1 X-236.104 Y-115.425 E7377.69308
G1 X-245.724 Y-111.290 E7396.78911
G1 X-336.481 Y-20.532 E7630.85520
G1 X-335.859 Y-22.315 E7634.29857
G1 X-331.744 Y-30.754 E7651.42118
G1 X-257.276 Y-105.222 E7843.47504
G1 X-265.498 Y-100.700 E7860.58706
G1 X-271.168 Y-96.814 E7873.12231
G1 X-324.636 Y-43.347 E8011.01642
G1 X-319.749 Y-50.984 E8027.55088
G1 X-308.866 Y-64.428 E8059.09425
G1 X-298.790 Y-74.676 E8085.30359
G1 X-295.772 Y-77.694 E8093.08779
G1 E8091.08779 F2400.00000
G92 E0
G1 X-262.243 Y-45.413 F7800.000
G1 E2.00000 F2400.00000
G1 F900
G1 X-345.517 Y37.861 E216.76621
G1 X-344.942 Y42.770 E225.77922
G1 X-270.585 Y-31.587 E417.54766
G1 X-275.084 Y-21.604 E437.51626
G1 X-344.366 Y47.679 E616.19796
G1 X-343.789 Y52.586 E625.20799
G1 X-278.362 Y-12.841 E793.94492
G1 X-280.700 Y-5.019 E808.83220
G1 X-342.728 Y57.009 E968.80447
G1 X-341.667 Y61.432 E977.09971
G1 X-282.149 Y1.914 E1130.59747
G1 X-283.151 Y8.401 E1142.56695
G1 X-340.606 Y65.855 E1290.74350
G1 X-339.863 Y68.953 E1296.55201
G1 X-339.417 Y70.151 E1298.88373
G1 X-284.121 Y14.855 E1441.49417
G1 X-284.186 Y20.404 E1451.61446
G1 X-337.931 Y74.149 E1590.22397
G1 X-336.444 Y78.147 E1598.00211
G1 X-284.251 Y25.953 E1732.61067
G1 X-284.316 Y31.502 E1742.73095
G1 X-334.958 Y82.144 E1873.33857
G1 X-333.629 Y85.718 E1880.29239
G1 X-333.434 Y86.104 E1881.08118
G1 X-283.785 Y36.456 E2009.12601
G1 X-283.235 Y41.390 E2018.17979
G1 X-331.591 Y89.746 E2142.89137
G1 X-329.749 Y93.388 E2150.33414
G1 X-282.685 Y46.324 E2271.71250
G1 X-282.410 Y48.791 E2276.23997
G1 X-281.893 Y51.017 E2280.40605
G1 X-327.906 Y97.029 E2399.07369
G1 X-326.063 Y100.671 E2406.51645
G1 X-280.860 Y55.468 E2523.09606
G1 X-279.828 Y59.919 E2531.42931
G1 X-323.908 Y103.999 E2645.11346
G1 X-321.749 Y107.325 E2652.34390
G1 X-278.795 Y64.370 E2763.12563
G1 X-278.168 Y67.071 E2768.18137
G1 X-277.578 Y68.638 E2771.23481
G1 X-319.591 Y110.651 E2879.58796
G1 X-317.433 Y113.977 E2886.81840
G1 X-276.078 Y72.622 E2993.47398
G1 X-274.578 Y76.606 E3001.23750
G1 X-315.265 Y117.293 E3106.17107
G1 X-312.804 Y120.317 E3113.28016
G1 X-273.077 Y80.590 E3215.73618
G1 X-271.577 Y84.574 E3223.49972
G1 X-310.343 Y123.340 E3323.47824
G1 X-307.883 Y126.364 E3330.58733
G1 X-269.695 Y88.176 E3429.07382
G1 X-267.789 Y91.755 E3436.46739
G1 X-305.422 Y129.387 E3533.52253
G1 X-302.961 Y132.411 E3540.63163
G1 X-265.884 Y95.333 E3636.25548
G1 X-264.325 Y98.260 E3642.30263
G1 X-263.914 Y98.847 E3643.61038
G1 X-300.308 Y135.242 E3737.47353
G1 X-297.588 Y138.006 E3744.54573
G1 X-261.655 Y102.073 E3837.21793
G1 X-259.397 Y105.299 E3844.39917
G1 X-294.868 Y140.771 E3935.88046
G1 X-292.148 Y143.535 E3942.95266
G1 X-257.139 Y108.525 E4033.24300
G1 X-254.881 Y111.751 E4040.42424
G1 X-289.361 Y146.232 E4129.35050
G1 X-286.392 Y148.747 E4136.44676
G1 X-252.385 Y114.740 E4224.15065
G1 X-249.787 Y117.626 E4231.23240
G1 X-283.422 Y151.261 E4317.97740
G1 X-280.453 Y153.776 E4325.07366
G1 X-247.190 Y120.513 E4410.85977
G1 X-244.592 Y123.399 E4417.94153
G1 X-277.483 Y156.290 E4502.76872
G1 X-274.513 Y158.805 E4509.86498
G1 X-241.994 Y126.286 E4593.73325
G1 X-239.082 Y128.858 E4600.81875
G1 X-271.322 Y161.098 E4683.96679
G1 X-268.080 Y163.340 E4691.15543
G1 X-236.165 Y131.425 E4773.46506
G1 X-233.248 Y133.992 E4780.55143
G1 X-264.838 Y165.582 E4862.02267
G1 X-261.596 Y167.824 E4869.21131
G1 X-230.331 Y136.559 E4949.84414
G1 X-227.762 Y138.819 E4956.08316
G1 X-227.375 Y139.087 E4956.94271
G1 X-258.353 Y170.066 E5036.83721
G1 X-256.379 Y171.431 E5041.21423
G1 X-255.001 Y172.198 E5044.09014
G1 X-224.133 Y141.330 E5123.70015
G1 X-220.891 Y143.573 E5130.88852
G1 X-251.478 Y174.160 E5209.77354
G1 X-247.956 Y176.121 E5217.12654
G1 X-217.650 Y145.815 E5295.28656
G1 X-214.408 Y148.058 E5302.47493
G1 X-244.433 Y178.083 E5379.90996
G1 X-240.910 Y180.044 E5387.26296
G1 X-211.131 Y150.265 E5464.06444
G1 X-207.551 Y152.169 E5471.45875
G1 X-237.387 Y182.005 E5548.40624
G1 X-237.247 Y182.084 E5548.69980
G1 X-233.587 Y183.689 E5555.98775
G1 X-203.972 Y154.074 E5632.36564
G1 X-200.393 Y155.979 E5639.75995
G1 X-229.775 Y185.362 E5715.53846
G1 X-225.963 Y187.034 E5723.12949
G1 X-196.813 Y157.884 E5798.30862
G1 X-194.011 Y159.375 E5804.09701
G1 X-193.156 Y159.711 E5805.77238
G1 X-222.152 Y188.707 E5880.55235
G1 X-218.340 Y190.379 E5888.14336
G1 X-189.219 Y161.258 E5963.24584
G1 X-185.282 Y162.806 E5970.95992
G1 X-214.270 Y191.793 E6045.71894
G1 X-210.150 Y193.158 E6053.63299
G1 X-181.346 Y164.353 E6127.92090
G1 X-177.409 Y165.901 E6135.63498
G1 X-206.031 Y194.523 E6209.45178
G1 X-201.911 Y195.887 E6217.36583
G1 X-173.332 Y167.308 E6291.07196
G1 X-169.009 Y168.469 E6299.23492
G1 X-197.778 Y197.239 E6373.43147
G1 X-193.311 Y198.256 E6381.78642
G1 X-164.686 Y169.631 E6455.61101
G1 X-160.363 Y170.792 E6463.77399
G1 X-188.844 Y199.273 E6537.22661
G1 X-184.377 Y200.290 E6545.58156
G1 X-156.041 Y171.953 E6618.66220
G1 X-154.995 Y172.234 E6620.63566
G1 X-151.392 Y172.789 E6627.28404
G1 X-179.910 Y201.307 E6700.83166
G1 X-177.658 Y201.820 E6705.04397
G1 X-175.250 Y202.131 E6709.47181
G1 X-146.640 Y173.522 E6783.25611
G1 X-141.888 Y174.254 E6792.02426
G1 X-170.393 Y202.759 E6865.53906
G1 X-165.537 Y203.387 E6874.46917
G1 X-137.137 Y174.986 E6947.71447
G1 X-134.471 Y175.397 E6952.63278
G1 X-132.161 Y175.495 E6956.84900
G1 X-160.680 Y204.014 E7030.40106
G1 X-158.019 Y204.358 E7035.29415
G1 X-155.632 Y204.450 E7039.65151
G1 X-126.900 Y175.718 E7113.75103
G1 X-121.639 Y175.942 E7123.35364
G1 X-150.350 Y204.653 E7197.39990
G1 X-145.069 Y204.855 E7207.03860
G1 X-116.379 Y176.165 E7281.03166
G1 X-113.254 Y176.298 E7286.73525
G1 X-110.859 Y176.130 E7291.11259
G1 X-139.787 Y205.058 E7365.71871
G1 X-137.344 Y205.152 E7370.17690
G1 X-134.250 Y205.005 E7375.82647
G1 X-104.962 Y175.717 E7451.36058
G1 X-99.065 Y175.304 E7462.14122
G1 X-128.493 Y204.732 E7538.03552
G1 X-122.735 Y204.458 E7548.54698
G1 X-93.168 Y174.891 E7624.80143
G1 X-92.282 Y174.829 E7626.42053
G1 X-86.627 Y173.835 E7636.89207
G1 X-116.978 Y204.185 E7715.16709
G1 X-114.464 Y204.066 E7719.75554
G1 X-110.881 Y203.573 E7726.35191
G1 X-79.972 Y172.664 E7806.06628
G1 X-73.318 Y171.494 E7818.38842
G1 X-104.522 Y202.698 E7898.86452
G1 X-98.162 Y201.822 E7910.57102
G1 X-65.824 Y169.484 E7993.97326
G1 X-58.253 Y167.397 E8008.29475
G1 X-91.803 Y200.947 E8094.82162
G1 X-91.414 Y200.894 E8095.53819
G1 X-84.707 Y199.336 E8108.09392
G1 X-50.485 Y165.114 E8196.35338
G1 X-41.651 Y161.764 E8213.58312
G1 X-77.564 Y197.676 E8306.20237
G1 X-70.420 Y196.017 E8319.57677
G1 X-32.817 Y158.414 E8416.55579
G1 X-30.370 Y157.486 E8421.32902
G1 X-22.469 Y153.550 E8437.42663
G1 X-62.623 Y193.704 E8540.98575
G1 X-54.501 Y191.067 E8556.55842
G1 X-11.540 Y148.106 E8667.35643
G1 X-9.436 Y147.057 E8671.64348
G1 X2.773 Y139.277 E8698.04408
G1 X-46.264 Y188.314 E8824.51186
G1 X-36.797 Y184.331 E8843.24338
G1 X19.492 Y128.042 E8988.41249
G1 X24.976 Y128.042 E8998.41376
G1 X-27.315 Y180.333 E9133.27376
G1 X-15.505 Y174.008 E9157.70593
G1 X30.460 Y128.042 E9276.25162
G1 X35.944 Y128.042 E9286.25289
G1 X-3.241 Y167.228 E9387.31307
G1 X9.707 Y159.764 E9414.56820
G1 X41.428 Y128.042 E9496.37869
G1 X46.913 Y128.042 E9506.37997
G1 X22.655 Y152.300 E9568.94079
G1 X31.808 Y147.024 E9588.20654
G1 X31.808 Y148.632 E9591.13824
G1 X52.397 Y128.042 E9644.23816
G1 X53.705 Y128.042 E9646.62292
G1 X53.705 Y132.219 E9654.23943
G1 X31.808 Y154.116 E9710.71191
G1 X31.808 Y159.600 E9720.71318
G1 X53.705 Y137.703 E9777.18567
G1 X53.705 Y143.187 E9787.18694
G1 X31.808 Y165.084 E9843.65943
G1 X31.808 Y170.568 E9853.66070
G1 X53.705 Y148.672 E9910.13318
G1 X53.705 Y154.156 E9920.13445
G1 X31.808 Y176.053 E9976.60694
G1 X31.808 Y181.537 E9986.60821
G1 X53.705 Y159.640 E10043.08069
G1 X53.705 Y165.124 E10053.08196
G1 X31.808 Y187.021 E10109.55444
G1 X31.808 Y192.505 E10119.55571
G1 X53.705 Y170.608 E10176.02820
G1 X53.705 Y176.093 E10186.02947
G1 X31.808 Y197.989 E10242.50195
G1 X31.808 Y203.474 E10252.50323
G1 X53.705 Y181.577 E10308.97571
G1 X53.705 Y187.061 E10318.97698
G1 X34.367 Y206.399 E10368.84887
G1 X39.851 Y206.399 E10378.85015
G1 X53.705 Y192.545 E10414.57810
G1 X53.705 Y198.030 E10424.57937
G1 X45.335 Y206.399 E10446.16339
G1 E10444.16339 F2400.00000
G92 E0
; Filament-specific end gcode 
;END gcode for filament

; Filament-specific end gcode 
;END gcode for filament

; Filament-specific end gcode 
;END gcode for filament

M104 S0 ; turn off temperature
G28 X0  ; home X axis
M84     ; disable motors

; filament used = 195695.7mm (1248.4cm3)
; filament used = 364995.4mm (2328.5cm3)
; total filament cost = 0.0

; avoid_crossing_perimeters = 0
; bed_shape = -450x-450,450x-450,450x450,-450x450
; bed_temperature = 0
; before_layer_gcode = 
; between_objects_gcode = 
; bridge_acceleration = 0
; bridge_fan_speed = 100
; brim_connections_width = 0
; brim_width = 0
; complete_objects = 0
; cooling = 1
; default_acceleration = 0
; disable_fan_first_layers = 3
; duplicate_distance = 6
; end_filament_gcode = "; Filament-specific end gcode \n;END gcode for filament\n";"; Filament-specific end gcode \n;END gcode for filament\n";"; Filament-specific end gcode \n;END gcode for filament\n"
; end_gcode = M104 S0 ; turn off temperature\nG28 X0  ; home X axis\nM84     ; disable motors\n
; extruder_clearance_height = 20
; extruder_clearance_radius = 20
; extruder_offset = 0x0,0x0,0x0
; extrusion_axis = E
; extrusion_multiplier = 1,1,1
; fan_always_on = 0
; fan_below_layer_time = 60
; filament_colour = #FFFF80;#FF8080;#80FF97
; filament_cost = 0,0,0
; filament_density = 0,0,0
; filament_diameter = 2.85,2.85,2.85
; filament_max_volumetric_speed = 0,0,0
; filament_notes = ;;
; first_layer_acceleration = 0
; first_layer_bed_temperature = 0
; first_layer_extrusion_width = 4.5
; first_layer_speed = 30
; first_layer_temperature = 205,205,205
; gcode_arcs = 0
; gcode_comments = 0
; gcode_flavor = reprap
; has_heatbed = 0
; infill_acceleration = 0
; infill_first = 0
; interior_brim_width = 0
; layer_gcode = 
; max_fan_speed = 100
; max_layer_height = 3,3,3
; max_print_speed = 80
; max_volumetric_speed = 0
; min_fan_speed = 35
; min_layer_height = 1,1,1
; min_print_speed = 10
; min_skirt_length = 0
; notes = 
; nozzle_diameter = 4.5,4.5,4.5
; only_retract_when_crossing_perimeters = 1
; ooze_prevention = 0
; output_filename_format = [input_filename_base].gcode
; perimeter_acceleration = 0
; post_process = 
; pressure_advance = 0
; printer_notes = 
; resolution = 0
; retract_before_travel = 2,2,2
; retract_layer_change = 0,0,0
; retract_length = 2,2,2
; retract_length_toolchange = 10,10,10
; retract_lift = 0,0,0
; retract_lift_above = 0,0,0
; retract_lift_below = 0,0,0
; retract_restart_extra = 0,0,0
; retract_restart_extra_toolchange = 0,0,0
; retract_speed = 40,40,40
; skirt_distance = 6
; skirt_height = 1
; skirts = 0
; slowdown_below_layer_time = 5
; spiral_vase = 0
; standby_temperature_delta = -5
; start_filament_gcode = "; Filament gcode\n";"; Filament gcode\n";"; Filament gcode\n"
; start_gcode = G28 ; home all axes\nG1 Z5 F5000 ; lift nozzle\n
; temperature = 200,200,200
; threads = 24
; toolchange_gcode = 
; travel_speed = 130
; use_firmware_retraction = 0
; use_relative_e_distances = 0
; use_set_and_wait_bed = 0
; use_set_and_wait_extruder = 0
; use_volumetric_e = 0
; vibration_limit = 0
; wipe = 0,0,0
; z_offset = 0
; z_steps_per_mm = 0
; adaptive_slicing = 1
; adaptive_slicing_quality = 0%
; dont_support_bridges = 1
; extrusion_width = 4.5
; first_layer_height = 2.4
; infill_only_where_needed = 0
; interface_shells = 0
; layer_height = 2.4
; match_horizontal_surfaces = 0
; raft_layers = 0
; regions_overlap = 0
; seam_position = aligned
; sequential_print_priority = 0
; support_material = 0
; support_material_angle = 0
; support_material_buildplate_only = 0
; support_material_contact_distance = 0.2
; support_material_enforce_layers = 0
; support_material_extruder = 1
; support_material_extrusion_width = 0
; support_material_interface_extruder = 1
; support_material_interface_extrusion_width = 0
; support_material_interface_layers = 3
; support_material_interface_spacing = 0
; support_material_interface_speed = 100%
; support_material_max_layers = 0
; support_material_pattern = pillars
; support_material_spacing = 2.5
; support_material_speed = 60
; support_material_threshold = 60%
; xy_size_compensation = 0
; bottom_infill_pattern = rectilinear
; bottom_solid_layers = 3
; bridge_flow_ratio = 1
; bridge_speed = 60
; external_perimeter_extrusion_width = 0
; external_perimeter_speed = 50%
; external_perimeters_first = 0
; extra_perimeters = 0
; fill_angle = 45
; fill_density = 100%
; fill_gaps = 0
; fill_pattern = rectilinear
; gap_fill_speed = 20
; infill_every_layers = 1
; infill_extruder = 1
; infill_extrusion_width = 0
; infill_overlap = 55%
; infill_speed = 80
; overhangs = 0
; perimeter_extruder = 1
; perimeter_extrusion_width = 0
; perimeter_speed = 60
; perimeters = 3
; small_perimeter_speed = 15
; solid_infill_below_area = 70
; solid_infill_every_layers = 0
; solid_infill_extruder = 1
; solid_infill_extrusion_width = 0
; solid_infill_speed = 20
; thin_walls = 0
; top_infill_extrusion_width = 0
; top_infill_pattern = rectilinear
; top_solid_infill_speed = 15
; top_solid_layers = 3
