; generated by PrusaSlicer 2.9.2 on 2025-06-10 at 15:59:30 UTC

; 

; external perimeters extrusion width = 4.50mm
; perimeters extrusion width = 4.50mm
; infill extrusion width = 4.50mm
; solid infill extrusion width = 4.50mm
; top infill extrusion width = 4.50mm
; first layer extrusion width = 4.50mm

M104 S200 ; set temperature
;TYPE:Custom
G28 ; home all axes
G1 Z5 F5000 ; lift nozzle
M109 S200 ; set temperature and wait for it to be reached
G21 ; set units to millimeters
G90 ; use absolute coordinates
M82 ; use absolute distances for extrusion
G92 E0
; Filament gcode
M107
;LAYER_CHANGE
;Z:45
;HEIGHT:3
G1 E4111.35268 F2400
G92 E0
G1 Z3.0 F7800
G1 X65.818 Y-57.014
G1 E2 F2400
;TYPE:Perimeter
;WIDTH:4.34873
G1 F900
G1 X65.559 Y-57.066 E3.22072
;WIDTH:4.31388
G1 X65.301 Y-57.117 E4.42457
;WIDTH:4.27903
G1 X65.042 Y-57.168 E5.62144
;WIDTH:4.24417
G1 X64.203 Y-57.373 E9.49987
;WIDTH:4.20488
G1 X63.057 Y-57.68 E14.76938
;WIDTH:4.24706
G1 X62.187 Y-57.891 E18.79266
;WIDTH:4.28095
G1 X61.939 Y-57.94 E19.93945
;WIDTH:4.31484
G1 X61.69 Y-57.989 E21.10142
;WIDTH:4.34873
G1 X61.442 Y-58.038 E22.26958
G1 E20.26958 F2400
G92 E0
G1 X70.736 Y-20.319 F7800
G1 E2 F2400
;WIDTH:4.5
G1 F3600
G1 X70.465 Y-20.164 E3.50155
G1 X70.004 Y-19.933 E5.98159
G1 X69.433 Y-19.688 E8.97003
G1 X68.877 Y-19.49 E11.80871
G1 X63.095 Y-17.928 E40.61505
G1 X62.499 Y-17.788 E43.55963
G1 X62.006 Y-17.702 E45.9666
G1 X61.5 Y-17.641 E48.41791
G1 X60.987 Y-17.607 E50.89068
G1 X60.471 Y-17.6 E53.37269
G1 X59.956 Y-17.621 E55.85172
G1 X59.446 Y-17.669 E58.31549
G1 X58.946 Y-17.742 E60.74581
G1 X58.34 Y-17.868 E63.7228
G1 X52.787 Y-19.353 E91.36935
G1 X52.221 Y-19.523 E94.21176
G1 X51.688 Y-19.719 E96.94314
G1 X51.19 Y-19.936 E99.55586
G1 X50.729 Y-20.167 E102.0359
G1 X50.225 Y-20.457 E104.83261
G1 X49.773 Y-20.754 E107.43389
G1 X49.305 Y-21.101 E110.23604
G1 X48.897 Y-21.442 E112.79352
G1 X48.503 Y-21.81 E115.38655
G1 X44.573 Y-25.741 E142.12135
G1 X44.2 Y-26.135 E144.73085
G1 X43.868 Y-26.527 E147.20157
G1 X43.53 Y-26.975 E149.90076
G1 X43.247 Y-27.395 E152.3366
G1 X42.97 Y-27.862 E154.94811
G1 X42.703 Y-28.375 E157.72965
G1 X42.455 Y-28.937 E160.68416
G1 X42.274 Y-29.42 E163.16498
G1 X42.114 Y-29.93 E165.73579
G1 X40.653 Y-35.38 E192.87395
G1 X40.52 Y-35.94 E195.64228
G1 X40.42 Y-36.521 E198.47778
G1 X40.361 Y-37.035 E200.96618
G1 X40.329 Y-37.571 E203.54875
G1 X40.329 Y-38.179 E206.47302
G1 X40.361 Y-38.715 E209.05559
G1 X40.42 Y-39.229 E211.54399
G1 X40.52 Y-39.81 E214.37949
G1 X40.653 Y-40.37 E217.14782
G1 X42.078 Y-45.688 E243.62792
G1 X42.233 Y-46.209 E246.2423
G1 X42.411 Y-46.703 E248.76781
G1 X42.606 Y-47.167 E251.18856
G1 X42.833 Y-47.634 E253.68596
G1 X43.077 Y-48.075 E256.11003
G1 X43.374 Y-48.549 E258.80037
G1 X43.722 Y-49.036 E261.67923
G1 X44.145 Y-49.553 E264.89206
G1 X44.485 Y-49.921 E267.30181
G1 X48.466 Y-53.902 E294.3801
G1 X48.946 Y-54.351 E297.54133
G1 X49.334 Y-54.672 E299.96334
G1 X49.79 Y-55.009 E302.69048
G1 X50.324 Y-55.353 E305.74562
G1 X51.112 Y-55.777 E310.04944
G1 X51.635 Y-56.009 E312.80127
G1 X52.194 Y-56.218 E315.67164
G1 X52.787 Y-56.397 E318.65087
G1 X58.105 Y-57.822 E345.13097
G1 X58.801 Y-57.974 E348.55739
;WIDTH:4.48633
G1 X59.536 Y-58.065 E352.10685
;WIDTH:4.44686
G1 X60.416 Y-58.1 E356.28432
;WIDTH:4.40112
G1 X61.306 Y-58.053 E360.46097
;WIDTH:4.35568
G1 X61.442 Y-58.038 E361.09442
;WIDTH:4.37493
G1 X60.94 Y-58.159 E363.49746
;WIDTH:4.40112
G1 X60.438 Y-58.28 E365.91737
;WIDTH:4.44686
G1 X59.568 Y-58.489 E370.16151
;WIDTH:4.48633
G1 X58.855 Y-58.69 E373.71183
;WIDTH:4.5
G1 X58.19 Y-58.945 E377.13734
G1 X57.5 Y-59.28 E380.82646
G1 X56.858 Y-59.656 E384.40486
G1 X56.268 Y-60.066 E387.86046
G1 X55.728 Y-60.503 E391.20159
G1 X55.239 Y-60.959 E394.41744
G1 X51.869 Y-64.329 E417.33978
G1 X51.41 Y-64.821 E420.57602
G1 X51.031 Y-65.286 E423.46128
G1 X50.718 Y-65.719 E426.031
G1 X50.348 Y-66.307 E429.37239
G1 X50.075 Y-66.811 E432.12923
G1 X49.792 Y-67.426 E435.38531
G1 X49.573 Y-67.999 E438.33567
G1 X49.407 Y-68.53 E441.01149
G1 X48.14 Y-73.255 E464.53996
G1 X48.016 Y-73.774 E467.10643
G1 X47.923 Y-74.29 E469.6282
G1 X47.854 Y-74.852 E472.35152
G1 X47.819 Y-75.365 E474.82461
G1 X47.812 Y-75.881 E477.30662
G1 X47.833 Y-76.395 E479.78085
G1 X47.881 Y-76.905 E482.24462
G1 X47.955 Y-77.405 E484.67564
G1 X48.14 Y-78.245 E488.81257
G1 X49.374 Y-82.849 E511.73783
G1 X49.547 Y-83.423 E514.62124
G1 X49.746 Y-83.962 E517.38469
G1 X49.966 Y-84.465 E520.02523
G1 X50.201 Y-84.93 E522.5311
G1 X50.495 Y-85.438 E525.35409
G1 X50.796 Y-85.894 E527.98202
G1 X51.097 Y-86.3 E530.41286
G1 X51.443 Y-86.717 E533.01899
G1 X51.795 Y-87.096 E535.50677
G1 X55.239 Y-90.541 E558.93585
G1 X55.659 Y-90.937 E561.71222
G1 X56.136 Y-91.333 E564.69399
G1 X56.568 Y-91.65 E567.27115
G1 X57.074 Y-91.978 E570.17142
G1 X57.559 Y-92.252 E572.85062
G1 X58.108 Y-92.519 E575.78684
G1 X58.597 Y-92.723 E578.33522
G1 X59.131 Y-92.91 E581.0565
G1 X64.188 Y-94.276 E606.25066
G1 X64.709 Y-94.399 E608.82538
G1 X65.246 Y-94.494 E611.44827
G1 X65.798 Y-94.56 E614.12211
G1 X66.363 Y-94.594 E616.84448
G1 X66.942 Y-94.594 E619.62927
G1 X67.54 Y-94.558 E622.51065
G1 X68.146 Y-94.483 E625.44754
G1 X68.753 Y-94.368 E628.41894
G1 X73.759 Y-93.036 E653.33383
G1 X74.358 Y-92.855 E656.34347
G1 X74.939 Y-92.637 E659.32811
G1 X75.417 Y-92.425 E661.8431
G1 X75.872 Y-92.192 E664.30174
G1 X76.442 Y-91.856 E667.48411
G1 X76.965 Y-91.498 E670.53243
G1 X77.396 Y-91.163 E673.15793
G1 X77.798 Y-90.813 E675.72155
G1 X81.451 Y-87.171 E700.53145
G1 X81.81 Y-86.792 E703.04227
G1 X82.155 Y-86.385 E705.60846
G1 X82.484 Y-85.951 E708.22783
G1 X82.792 Y-85.491 E710.89042
G1 X83.078 Y-85.006 E713.59848
G1 X83.339 Y-84.497 E716.34968
G1 X83.572 Y-83.966 E719.13866
G1 X83.775 Y-83.416 E721.9584
G1 X83.946 Y-82.849 E724.8068
G1 X85.18 Y-78.245 E747.73206
G1 X85.317 Y-77.66 E750.62184
G1 X85.418 Y-77.064 E753.52926
G1 X85.482 Y-76.46 E756.45056
G1 X85.508 Y-75.852 E759.3775
G1 X85.495 Y-75.243 E762.30725
G1 X85.444 Y-74.637 E765.23221
G1 X85.363 Y-74.084 E767.92033
G1 X85.23 Y-73.448 E771.04544
G1 X83.946 Y-68.651 E794.92957
G1 X83.778 Y-68.091 E797.74157
G1 X83.578 Y-67.548 E800.52473
G1 X83.349 Y-67.023 E803.27956
G1 X83.092 Y-66.52 E805.99631
G1 X82.804 Y-66.028 E808.73827
G1 X82.519 Y-65.598 E811.21944
G1 X82.205 Y-65.177 E813.74548
G1 X81.876 Y-64.782 E816.21797
G1 X81.451 Y-64.329 E819.20551
G1 X78.081 Y-60.959 E842.12785
G1 X77.692 Y-60.591 E844.70335
G1 X77.23 Y-60.203 E847.60508
G1 X76.447 Y-59.647 E852.22392
G1 X76.009 Y-59.384 E854.68115
G1 X75.538 Y-59.134 E857.24583
G1 X75.034 Y-58.903 E859.91238
G1 X74.496 Y-58.693 E862.69011
G1 X73.925 Y-58.51 E865.57402
G1 X69.155 Y-57.23 E889.32774
G1 X68.437 Y-57.074 E892.86164
;WIDTH:4.48491
G1 X67.602 Y-56.978 E896.88834
;WIDTH:4.44045
G1 X66.751 Y-56.954 E900.91976
;WIDTH:4.39635
G1 X65.892 Y-57.001 E904.94622
G1 X66.731 Y-56.794 E908.99081
;WIDTH:4.44045
G1 X67.571 Y-56.592 E913.08193
;WIDTH:4.48491
G1 X68.411 Y-56.39 E917.22095
;WIDTH:4.5
G1 X69.115 Y-56.18 E920.75438
G1 X69.805 Y-55.907 E924.32336
G1 X70.455 Y-55.591 E927.7995
G1 X71.062 Y-55.239 E931.17433
G1 X71.624 Y-54.856 E934.44537
G1 X72.14 Y-54.449 E937.60625
G1 X72.612 Y-54.023 E940.6643
G1 X76.627 Y-50.009 E967.97046
G1 X77.04 Y-49.57 E970.86941
G1 X77.383 Y-49.159 E973.44413
G1 X77.845 Y-48.521 E977.23275
G1 X78.218 Y-47.91 E980.67577
G1 X78.518 Y-47.331 E983.81217
G1 X78.766 Y-46.761 E986.80192
G1 X78.943 Y-46.279 E989.27154
G1 X79.324 Y-44.935 E995.99044
G1 X80.547 Y-40.37 E1018.72082
G1 X80.68 Y-39.808 E1021.49851
G1 X80.779 Y-39.235 E1024.29528
G1 X80.844 Y-38.655 E1027.10234
G1 X80.874 Y-38.07 E1029.91969
G1 X80.868 Y-37.485 E1032.73349
G1 X80.826 Y-36.901 E1035.54958
G1 X80.75 Y-36.323 E1038.35349
G1 X80.639 Y-35.753 E1041.14649
G1 X79.122 Y-30.062 E1069.47401
G1 X78.964 Y-29.534 E1072.12477
G1 X78.778 Y-29.02 E1074.75382
G1 X78.566 Y-28.522 E1077.35703
G1 X78.329 Y-28.044 E1079.92312
G1 X78.069 Y-27.585 E1082.46033
G1 X77.79 Y-27.147 E1084.95804
G1 X77.492 Y-26.733 E1087.41144
G1 X77.179 Y-26.341 E1089.82411
G1 X76.74 Y-25.855 E1092.97404
G1 X72.734 Y-21.848 E1120.22578
G1 X72.297 Y-21.437 E1123.11113
G1 X71.847 Y-21.064 E1125.92233
G1 X71.39 Y-20.728 E1128.65049
G1 X71.12 Y-20.553 E1130.19801
G1 E1128.19801 F2400
G92 E0
G1 X68.808 Y-23.659 F7800
G1 E2 F2400
G1 F3600
G1 X68.716 Y-23.602 E2.52053
G1 X68.232 Y-23.363 E5.11675
G1 X67.761 Y-23.182 E7.54361
G1 X62.097 Y-21.653 E35.76066
G1 X61.592 Y-21.541 E38.24855
G1 X61.063 Y-21.474 E40.81318
G1 X60.523 Y-21.456 E43.41184
G1 X59.984 Y-21.488 E46.00881
G1 X59.46 Y-21.569 E48.559
G1 X59.103 Y-21.653 E50.32294
G1 X53.785 Y-23.077 E76.8018
G1 X53.251 Y-23.249 E79.5001
G1 X52.77 Y-23.454 E82.01489
G1 X52.296 Y-23.711 E84.60821
G1 X51.696 Y-24.126 E88.11704
G1 X51.192 Y-24.575 E91.36353
G1 X47.299 Y-28.467 E117.83986
G1 X46.944 Y-28.857 E120.37636
G1 X46.64 Y-29.256 E122.78895
G1 X46.371 Y-29.682 E125.21216
G1 X46.117 Y-30.179 E127.89664
G1 X45.92 Y-30.675 E130.46351
G1 X45.802 Y-31.06 E132.40025
G1 X44.378 Y-36.378 E158.87911
G1 X44.265 Y-36.887 E161.38683
G1 X44.198 Y-37.421 E163.97532
G1 X44.181 Y-37.966 E166.59786
G1 X44.215 Y-38.509 E169.21462
G1 X44.298 Y-39.036 E171.78055
G1 X45.802 Y-44.69 E199.92002
G1 X45.975 Y-45.226 E202.62895
G1 X46.181 Y-45.709 E205.15448
G1 X46.419 Y-46.15 E207.56471
G1 X46.716 Y-46.6 E210.15795
G1 X47.043 Y-47.009 E212.67653
G1 X47.856 Y-47.839 E218.26458
G1 X51.192 Y-51.176 E240.95906
G1 X51.592 Y-51.54 E243.56026
G1 X52.141 Y-51.942 E246.83297
G1 X52.78 Y-52.3 E250.35581
G1 X53.429 Y-52.565 E253.72747
G1 X59.103 Y-54.097 E281.99471
G1 X59.96 Y-54.259 E286.18958
G1 X60.489 Y-54.294 E288.73945
G1 X61.026 Y-54.279 E291.32324
G1 X61.565 Y-54.214 E293.93443
G1 X62.097 Y-54.097 E296.55432
G1 X67.415 Y-52.673 E323.03318
G1 X68.25 Y-52.379 E327.29091
G1 X69.004 Y-51.977 E331.40062
G1 X69.651 Y-51.503 E335.25821
G1 X70.564 Y-50.619 E341.3705
G1 X73.901 Y-47.283 E364.06498
G1 X74.256 Y-46.893 E366.60148
G1 X74.631 Y-46.389 E369.62293
G1 X74.95 Y-45.847 E372.64776
G1 X75.184 Y-45.334 E375.35968
G1 X75.35 Y-44.857 E377.78884
G1 X76.822 Y-39.372 E405.10329
G1 X76.933 Y-38.874 E407.55728
G1 X77.001 Y-38.343 E410.13206
G1 X77.018 Y-37.758 E412.9469
G1 X76.977 Y-37.175 E415.75786
G1 X76.878 Y-36.602 E418.55463
G1 X75.398 Y-31.06 E446.14386
G1 X75.23 Y-30.537 E448.7859
G1 X75.018 Y-30.039 E451.38911
G1 X74.766 Y-29.574 E453.93291
G1 X74.48 Y-29.144 E456.41674
G1 X74.167 Y-28.752 E458.82941
G1 X73.901 Y-28.467 E460.70444
G1 X70.008 Y-24.575 E487.18077
G1 X69.611 Y-24.213 E489.76483
G1 X69.201 Y-23.903 E492.23701
G1 X69.19 Y-23.896 E492.29972
G1 E490.29972 F2400
G92 E0
G1 X66.883 Y-26.997 F7800
G1 E2 F2400
;TYPE:External perimeter
G1 F1800
G1 X66.873 Y-26.99 E2.05871
G1 X66.417 Y-26.802 E4.431
G1 X61.099 Y-25.377 E30.9111
G1 X60.6 Y-25.312 E33.33139
G1 X60.101 Y-25.377 E35.75168
G1 X54.783 Y-26.802 E62.23178
G1 X54.32 Y-26.994 E64.64253
G1 X54.087 Y-27.152 E65.99654
G1 X53.919 Y-27.301 E67.07657
G1 X50.026 Y-31.194 E93.5563
G1 X49.717 Y-31.599 E96.00642
G1 X49.527 Y-32.058 E98.39572
G1 X48.102 Y-37.376 E124.87582
G1 X48.037 Y-37.875 E127.29611
G1 X48.102 Y-38.374 E129.7164
G1 X49.527 Y-43.692 E156.1965
G1 X49.722 Y-44.16 E158.635
G1 X50.026 Y-44.556 E161.03613
G1 X53.919 Y-48.449 E187.51586
G1 X54.291 Y-48.739 E189.78449
G1 X54.783 Y-48.948 E192.3555
G1 X60.101 Y-50.373 E218.8356
G1 X60.563 Y-50.438 E221.07955
G1 X61.099 Y-50.373 E223.67641
G1 X66.417 Y-48.948 E250.15651
G1 X66.825 Y-48.787 E252.26611
G1 X67.256 Y-48.473 E254.83087
G1 X71.174 Y-44.556 E281.47725
G1 X71.492 Y-44.136 E284.011
G1 X71.673 Y-43.692 E286.31711
G1 X73.098 Y-38.374 E312.79721
G1 X73.163 Y-37.875 E315.2175
G1 X73.098 Y-37.376 E317.63779
G1 X71.673 Y-32.058 E344.11789
G1 X71.48 Y-31.593 E346.53937
G1 X71.174 Y-31.194 E348.95781
G1 X67.281 Y-27.301 E375.43754
G1 X67.241 Y-27.27 E375.68094
G1 X64.404 Y-26.293 F7800
G1 E373.68094 F2400
G92 E0
G1 X74.154 Y-88.73 F7800
G1 E2 F2400
;TYPE:Perimeter
G1 F3600
G1 X74.288 Y-88.655 E2.73858
G1 X74.773 Y-88.323 E5.56545
G1 X75.184 Y-87.977 E8.14944
G1 X78.724 Y-84.444 E32.20431
G1 X79.079 Y-84.056 E34.7337
G1 X79.407 Y-83.622 E37.35017
G1 X79.701 Y-83.145 E40.04515
G1 X79.952 Y-82.629 E42.80498
G1 X80.221 Y-81.851 E46.76425
G1 X81.455 Y-77.247 E69.68951
G1 X81.565 Y-76.749 E72.14245
G1 X81.637 Y-76.176 E74.92006
G1 X81.649 Y-75.567 E77.84971
G1 X81.598 Y-74.962 E80.76987
G1 X81.485 Y-74.369 E83.67332
G1 X80.221 Y-69.649 E107.17483
G1 X80.042 Y-69.094 E109.97959
G1 X79.813 Y-68.57 E112.73001
G1 X79.536 Y-68.075 E115.45821
G1 X79.219 Y-67.619 E118.1293
G1 X78.86 Y-67.197 E120.79406
G1 X75.354 Y-63.686 E144.65847
G1 X74.844 Y-63.232 E147.9425
G1 X74.374 Y-62.899 E150.71292
G1 X73.828 Y-62.591 E153.728
G1 X73.203 Y-62.326 E156.99308
G1 X71.994 Y-61.983 E163.03744
G1 X68.157 Y-60.955 E182.14295
G1 X67.227 Y-60.786 E186.68919
G1 X66.715 Y-60.758 E189.15541
G1 X66.196 Y-60.776 E191.65312
G1 X65.676 Y-60.842 E194.17421
G1 X65.163 Y-60.955 E196.70071
G1 X60.559 Y-62.189 E219.62597
G1 X59.736 Y-62.477 E223.81969
G1 X58.937 Y-62.904 E228.17696
G1 X58.259 Y-63.412 E232.2517
G1 X57.966 Y-63.686 E234.18112
G1 X54.596 Y-67.056 E257.10346
G1 X54.201 Y-67.493 E259.93665
G1 X53.824 Y-68.012 E263.02192
G1 X53.519 Y-68.545 E265.97551
G1 X53.279 Y-69.089 E268.83528
G1 X53.118 Y-69.577 E271.30683
G1 X51.865 Y-74.253 E294.59023
G1 X51.755 Y-74.747 E297.02439
G1 X51.69 Y-75.246 E299.44468
G1 X51.668 Y-75.751 E301.87586
G1 X51.69 Y-76.254 E304.29743
G1 X51.767 Y-76.817 E307.03048
G1 X51.865 Y-77.247 E309.15166
G1 X53.099 Y-81.851 E332.07692
G1 X53.272 Y-82.392 E334.80875
G1 X53.481 Y-82.878 E337.35322
G1 X53.741 Y-83.356 E339.97033
G1 X54.042 Y-83.803 E342.56224
G1 X54.369 Y-84.205 E345.05461
G1 X57.966 Y-87.814 E369.56183
G1 X58.385 Y-88.195 E372.28565
G1 X58.811 Y-88.512 E374.8396
G1 X59.237 Y-88.775 E377.24753
G1 X59.687 Y-89.001 E379.6695
G1 X60.218 Y-89.209 E382.41238
G1 X65.384 Y-90.6 E408.14402
G1 X65.921 Y-90.695 E410.76691
G1 X66.482 Y-90.739 E413.47341
G1 X67.067 Y-90.728 E416.28756
G1 X67.575 Y-90.669 E418.74729
G1 X68.157 Y-90.545 E421.60934
G1 X72.761 Y-89.311 E444.5346
G1 X73.354 Y-89.118 E447.53398
G1 X73.756 Y-88.94 E449.64852
G1 E447.64852 F2400
G92 E0
G1 X72.225 Y-85.393 F7800
G1 E2 F2400
;TYPE:External perimeter
G1 F1800
G1 X72.244 Y-85.385 E2.09915
G1 X72.627 Y-85.088 E4.43021
G1 X75.998 Y-81.717 E27.35936
G1 X76.305 Y-81.317 E29.78454
G1 X76.497 Y-80.853 E32.19974
G1 X77.73 Y-76.249 E55.12375
G1 X77.796 Y-75.75 E57.54467
G1 X77.73 Y-75.251 E59.96559
G1 X76.497 Y-70.647 E82.8896
G1 X76.289 Y-70.156 E85.4543
G1 X75.998 Y-69.783 E87.72968
G1 X72.627 Y-66.412 E110.65883
G1 X72.213 Y-66.097 E113.16087
G1 X71.763 Y-65.913 E115.49916
G1 X67.159 Y-64.68 E138.42317
G1 X66.678 Y-64.614 E140.75829
G1 X66.161 Y-64.68 E143.26506
G1 X61.557 Y-65.913 E166.18907
G1 X61.145 Y-66.077 E168.32187
G1 X60.79 Y-66.321 E170.39372
G1 X60.693 Y-66.412 E171.03342
G1 X57.322 Y-69.783 E193.96257
G1 X57.018 Y-70.178 E196.35989
G1 X56.823 Y-70.647 E198.80283
G1 X55.59 Y-75.251 E221.72684
G1 X55.524 Y-75.75 E224.14776
G1 X55.59 Y-76.249 E226.56868
G1 X56.823 Y-80.853 E249.49269
G1 X57.018 Y-81.321 E251.93119
G1 X57.322 Y-81.717 E254.33232
G1 X60.693 Y-85.088 E277.26147
G1 X61.097 Y-85.397 E279.70777
G1 X61.557 Y-85.587 E282.10151
G1 X66.235 Y-86.839 E305.39296
G1 X66.756 Y-86.884 E307.90812
G1 X67.159 Y-86.82 E309.8707
G1 X71.763 Y-85.587 E332.79471
G1 X71.81 Y-85.567 E333.04038
G1 X74.074 Y-83.599 F7800
G1 E331.04038 F2400
G92 E0
G1 X117.806 Y-200.373 F7800
G1 E2 F2400
;TYPE:Perimeter
G1 F3600
G1 X117.856 Y-200.305 E2.40595
G1 X118.248 Y-199.676 E5.97063
G1 X118.589 Y-199.022 E9.51805
G1 X118.889 Y-198.316 E13.20752
G1 X122.802 Y-187.998 E66.28241
G1 X123.064 Y-187.207 E70.29011
G1 X123.258 Y-186.387 E74.3429
G1 X123.38 Y-185.547 E78.4254
G1 X123.428 Y-184.695 E82.52973
G1 X123.401 Y-183.841 E86.63923
G1 X123.359 Y-183.417 E88.68851
G1 X122.028 Y-172.462 E141.76577
G1 X121.954 Y-171.958 E144.21583
G1 X121.81 Y-171.283 E147.5354
G1 X121.587 Y-170.525 E151.33562
G1 X121.307 Y-169.797 E155.0871
G1 X120.974 Y-169.106 E158.77636
G1 X120.596 Y-168.456 E162.39284
G1 X120.392 Y-168.148 E164.16968
G1 X114.123 Y-159.066 E217.24683
G1 X113.745 Y-158.554 E220.30778
G1 X113.343 Y-158.079 E223.30072
G1 X112.922 Y-157.642 E226.21923
G1 X112.486 Y-157.242 E229.06505
G1 X112.039 Y-156.879 E231.83459
G1 X111.585 Y-156.553 E234.52281
G1 X111.128 Y-156.262 E237.12861
G1 X110.67 Y-156.006 E239.65219
G1 X100.916 Y-150.887 E292.63372
G1 X100.376 Y-150.624 E295.52259
G1 X99.842 Y-150.404 E298.30037
G1 X99.319 Y-150.223 E300.9622
G1 X98.807 Y-150.079 E303.52029
G1 X98.31 Y-149.966 E305.9717
G1 X97.813 Y-149.881 E308.39681
G1 X92.062 Y-149.181 E336.26129
G1 X91.431 Y-149.125 E339.30811
G1 X90.769 Y-149.111 E342.49282
G1 X90.258 Y-149.132 E344.95263
G1 X89.738 Y-149.181 E347.46473
G1 X84.202 Y-149.853 E374.28644
G1 X83.577 Y-149.95 E377.32846
G1 X82.962 Y-150.086 E380.35786
G1 X82.367 Y-150.26 E383.33946
G1 X81.79 Y-150.469 E386.29108
G1 X81.237 Y-150.711 E389.19435
G1 X80.187 Y-151.252 E394.87541
G1 X71.109 Y-156.017 E444.18679
G1 X70.649 Y-156.276 E446.72582
G1 X70.214 Y-156.554 E449.20878
G1 X69.733 Y-156.901 E452.0614
G1 X69.302 Y-157.253 E454.73786
G1 X68.918 Y-157.604 E457.24007
G1 X68.499 Y-158.033 E460.12427
G1 X68.141 Y-158.447 E462.7567
G1 X67.782 Y-158.916 E465.59742
G1 X61.408 Y-168.148 E519.55519
G1 X61.108 Y-168.61 E522.20463
G1 X60.832 Y-169.094 E524.8844
G1 X60.593 Y-169.574 E527.46339
G1 X60.371 Y-170.095 E530.18722
G1 X60.171 Y-170.653 E533.03819
G1 X60.025 Y-171.145 E535.50653
G1 X59.893 Y-171.712 E538.30653
G1 X59.788 Y-172.331 E541.32624
G1 X58.441 Y-183.417 E595.03825
G1 X58.384 Y-184.086 E598.26757
G1 X58.371 Y-184.625 E600.86073
G1 X58.391 Y-185.194 E603.59912
G1 X58.448 Y-185.795 E606.5027
G1 X58.55 Y-186.426 E609.57699
G1 X58.702 Y-187.084 E612.82509
G1 X58.913 Y-187.766 E616.25868
G1 X62.911 Y-198.316 E670.52187
G1 X63.18 Y-198.955 E673.85646
G1 X63.51 Y-199.602 E677.34971
G1 X63.907 Y-200.251 E681.00888
G1 X64.375 Y-200.892 E684.82614
G1 X64.916 Y-201.517 E688.80191
G1 X65.532 Y-202.114 E692.92776
G1 X73.792 Y-209.432 E746.0044
G1 X74.213 Y-209.784 E748.64378
G1 X74.663 Y-210.118 E751.33915
G1 X75.14 Y-210.43 E754.08054
G1 X75.643 Y-210.719 E756.87068
G1 X76.171 Y-210.981 E759.70564
G1 X76.721 Y-211.212 E762.5748
G1 X77.291 Y-211.411 E765.47858
G1 X77.878 Y-211.576 E768.41126
G1 X79.414 Y-211.93 E775.99256
;WIDTH:4.45215
G1 X80.951 Y-212.284 E783.48441
;WIDTH:4.40429
G1 X82.487 Y-212.638 E790.87755
;WIDTH:4.35644
G1 X84.024 Y-212.992 E798.18112
;WIDTH:4.30859
G1 X85.56 Y-213.346 E805.38611
;WIDTH:4.26074
G1 X87.097 Y-213.7 E812.50141
;WIDTH:4.21289
G1 X88.633 Y-214.054 E819.51824
;WIDTH:4.16503
G1 X88.846 Y-214.08 E820.46065
;WIDTH:4.12696
G1 X89.06 Y-214.105 E821.39667
;WIDTH:4.08889
G1 X89.273 Y-214.131 E822.3187
;WIDTH:4.05082
G1 X89.599 Y-214.163 E823.71067
;WIDTH:4.02395
G1 X89.925 Y-214.195 E825.09166
;WIDTH:3.99709
G1 X90.575 Y-214.227 E827.81351
;WIDTH:3.97052
G1 X91.225 Y-214.227 E830.51053
;WIDTH:3.99709
G1 X91.875 Y-214.195 E833.23238
;WIDTH:4.02365
G1 X92.198 Y-214.163 E834.60066
;WIDTH:4.05021
G1 X92.521 Y-214.132 E835.97928
;WIDTH:4.08849
G1 X92.736 Y-214.106 E836.90973
;WIDTH:4.12676
G1 X92.952 Y-214.08 E837.85484
;WIDTH:4.16503
G1 X93.167 Y-214.054 E838.80597
;WIDTH:4.21289
G1 X94.703 Y-213.7 E845.8228
;WIDTH:4.26074
G1 X96.24 Y-213.346 E852.9381
;WIDTH:4.30859
G1 X97.776 Y-212.992 E860.14309
;WIDTH:4.35644
G1 X99.313 Y-212.638 E867.44666
;WIDTH:4.40429
G1 X100.849 Y-212.284 E874.8398
;WIDTH:4.45215
G1 X102.386 Y-211.93 E882.33165
;WIDTH:4.5
G1 X103.922 Y-211.576 E889.91295
G1 X104.509 Y-211.411 E892.84563
G1 X105.079 Y-211.212 E895.74941
G1 X105.629 Y-210.981 E898.61857
G1 X106.157 Y-210.719 E901.45353
G1 X106.66 Y-210.43 E904.24367
G1 X107.137 Y-210.118 E906.98506
G1 X107.587 Y-209.784 E909.68043
G1 X108.008 Y-209.432 E912.31981
G1 X116.268 Y-202.114 E965.39645
G1 X116.868 Y-201.534 E969.41014
G1 X117.397 Y-200.928 E973.27908
G1 X117.539 Y-200.735 E974.43152
G1 E972.43152 F2400
G92 E0
G1 X114.629 Y-198.179 F7800
G1 E2 F2400
G1 F3600
G1 X114.899 Y-197.764 E4.38127
G1 X115.197 Y-197.163 E7.6077
G1 X115.284 Y-196.949 E8.71877
G1 X119.197 Y-186.63 E61.79816
G1 X119.417 Y-185.912 E65.40997
G1 X119.512 Y-185.413 E67.8531
G1 X119.564 Y-184.905 E70.30917
G1 X119.57 Y-184.392 E72.77669
G1 X119.531 Y-183.882 E75.23678
G1 X118.2 Y-172.927 E128.31404
G1 X118.069 Y-172.219 E131.77708
G1 X117.855 Y-171.544 E135.18285
G1 X117.568 Y-170.913 E138.51692
G1 X117.219 Y-170.338 E141.75202
G1 X110.95 Y-161.256 E194.82917
G1 X110.604 Y-160.804 E197.56696
G1 X110.229 Y-160.402 E200.21109
G1 X109.834 Y-160.05 E202.7558
G1 X109.427 Y-159.749 E205.1905
G1 X108.877 Y-159.42 E208.27297
G1 X99.124 Y-154.301 E261.25024
G1 X98.586 Y-154.053 E264.09952
G1 X98.062 Y-153.872 E266.7659
G1 X97.56 Y-153.749 E269.25177
G1 X96.342 Y-153.585 E275.1628
G1 X91.597 Y-153.009 E298.15216
G1 X91.022 Y-152.968 E300.92473
G1 X90.515 Y-152.979 E303.3638
G1 X89.372 Y-153.11 E308.89723
G1 X84.667 Y-153.681 E331.69271
G1 X84.167 Y-153.764 E334.13045
G1 X83.566 Y-153.925 E337.12298
G1 X82.997 Y-154.145 E340.05711
G1 X81.979 Y-154.667 E345.55951
G1 X72.91 Y-159.427 E394.82138
G1 X72.458 Y-159.692 E397.34142
G1 X72.017 Y-160.01 E399.95641
G1 X71.595 Y-160.379 E402.65259
G1 X71.211 Y-160.787 E405.34737
G1 X70.881 Y-161.212 E407.93533
G1 X64.581 Y-170.338 E461.27135
G1 X64.31 Y-170.771 E463.72819
G1 X64.07 Y-171.245 E466.28354
G1 X63.877 Y-171.727 E468.78073
G1 X63.718 Y-172.269 E471.49742
G1 X63.621 Y-172.772 E473.96125
G1 X62.269 Y-183.882 E527.79075
G1 X62.23 Y-184.389 E530.23645
G1 X62.239 Y-184.948 E532.9254
G1 X62.311 Y-185.559 E535.88443
G1 X62.426 Y-186.082 E538.45997
G1 X62.603 Y-186.63 E541.22974
G1 X66.516 Y-196.949 E594.30913
G1 X66.772 Y-197.526 E597.34518
G1 X67.114 Y-198.109 E600.59607
G1 X67.551 Y-198.683 E604.06585
G1 X68.089 Y-199.227 E607.74573
G1 X76.349 Y-206.545 E660.82237
G1 X76.872 Y-206.957 E664.02458
G1 X77.46 Y-207.318 E667.34312
G1 X78.107 Y-207.614 E670.76517
G1 X78.801 Y-207.832 E674.26388
G1 X89.516 Y-210.473 E727.34169
G1 X90.3 Y-210.61 E731.1696
G1 X90.9 Y-210.641 E734.05924
G1 X91.5 Y-210.61 E736.94888
G1 X92.284 Y-210.473 E740.77679
G1 X102.999 Y-207.832 E793.8546
G1 X103.693 Y-207.614 E797.35331
G1 X104.34 Y-207.318 E800.77536
G1 X104.928 Y-206.957 E804.0939
G1 X105.451 Y-206.545 E807.29611
G1 X113.711 Y-199.227 E860.37275
G1 X114.071 Y-198.879 E862.78096
G1 X114.358 Y-198.537 E864.92831
G1 E862.92831 F2400
G92 E0
G1 X111.459 Y-195.993 F7800
G1 E2 F2400
;TYPE:External perimeter
G1 F1800
G1 X111.471 Y-195.979 E2.08869
G1 X111.678 Y-195.581 E4.24636
G1 X115.591 Y-185.263 E57.32125
G1 X115.707 Y-184.773 E59.74312
G1 X115.702 Y-184.347 E61.79218
G1 X114.372 Y-173.392 E114.86886
G1 X114.257 Y-172.931 E117.15406
G1 X114.045 Y-172.529 E119.33993
G1 X107.776 Y-163.447 E172.41708
G1 X107.449 Y-163.082 E174.77408
G1 X107.269 Y-162.944 E175.86497
G1 X97.332 Y-157.716 E229.86951
G1 X96.843 Y-157.538 E232.3724
G1 X91.132 Y-156.837 E260.0465
G1 X90.668 Y-156.837 E262.27818
G1 X85.132 Y-157.509 E289.09989
G1 X84.649 Y-157.632 E291.4971
G1 X83.771 Y-158.081 E296.24013
G1 X74.71 Y-162.837 E345.45899
G1 X74.29 Y-163.137 E347.94144
G1 X74.024 Y-163.447 E349.90609
G1 X67.755 Y-172.529 E402.98324
G1 X67.52 Y-172.992 E405.48053
G1 X67.428 Y-173.392 E407.45462
G1 X66.098 Y-184.347 E460.5313
G1 X66.105 Y-184.864 E463.01812
G1 X66.209 Y-185.263 E465.00129
G1 X70.122 Y-195.581 E518.07618
G1 X70.366 Y-196.033 E520.54668
G1 X70.646 Y-196.341 E522.5487
G1 X78.907 Y-203.659 E575.62894
G1 X79.277 Y-203.916 E577.79568
G1 X79.724 Y-204.088 E580.09926
G1 X90.439 Y-206.729 E633.17707
G1 X90.967 Y-206.783 E635.72982
G1 X91.361 Y-206.729 E637.64254
G1 X102.076 Y-204.088 E690.72035
G1 X102.523 Y-203.916 E693.02393
G1 X102.893 Y-203.659 E695.19067
G1 X111.154 Y-196.341 E748.27091
G1 X111.162 Y-196.331 E748.3325
G1 X112.401 Y-193.599 F7800
G1 E746.3325 F2400
G92 E0
G1 X-75.706 Y-210.75 F7800
G1 E2 F2400
;TYPE:Perimeter
G1 F3600
G1 X-75.643 Y-210.719 E2.33771
G1 X-75.14 Y-210.43 E5.12785
G1 X-74.663 Y-210.118 E7.86924
G1 X-74.213 Y-209.784 E10.56461
G1 X-73.792 Y-209.432 E13.20399
G1 X-65.532 Y-202.114 E66.28063
G1 X-64.916 Y-201.517 E70.40648
G1 X-64.375 Y-200.892 E74.38225
G1 X-63.907 Y-200.251 E78.19951
G1 X-63.51 Y-199.602 E81.85868
G1 X-63.18 Y-198.955 E85.35193
G1 X-62.911 Y-198.316 E88.68652
G1 X-58.998 Y-187.998 E141.76141
G1 X-58.766 Y-187.309 E145.25808
G1 X-58.594 Y-186.642 E148.57107
G1 X-58.477 Y-186.002 E151.70026
G1 X-58.405 Y-185.391 E154.65929
G1 X-58.374 Y-184.811 E157.45287
G1 X-58.376 Y-184.262 E160.09339
G1 X-58.441 Y-183.417 E164.16956
G1 X-59.772 Y-172.462 E217.24682
G1 X-59.847 Y-171.953 E219.72137
G1 X-59.97 Y-171.366 E222.60595
G1 X-60.11 Y-170.847 E225.19139
G1 X-60.267 Y-170.369 E227.61124
G1 X-60.517 Y-169.743 E230.85331
G1 X-60.751 Y-169.25 E233.47801
G1 X-61.004 Y-168.784 E236.02833
G1 X-61.282 Y-168.335 E238.56829
G1 X-67.677 Y-159.066 E292.7299
G1 X-68.014 Y-158.607 E295.46866
G1 X-68.349 Y-158.201 E298.0003
G1 X-68.742 Y-157.777 E300.78087
G1 X-69.104 Y-157.429 E303.19601
G1 X-69.511 Y-157.076 E305.78724
G1 X-69.967 Y-156.726 E308.552
G1 X-70.501 Y-156.367 E311.64681
G1 X-70.953 Y-156.101 E314.16929
G1 X-71.827 Y-155.64 E318.92185
G1 X-80.884 Y-150.887 E368.11697
G1 X-81.418 Y-150.627 E370.97358
G1 X-81.98 Y-150.396 E373.89604
G1 X-82.564 Y-150.198 E376.86193
G1 X-83.163 Y-150.037 E379.84517
G1 X-83.785 Y-149.913 E382.89565
G1 X-84.751 Y-149.786 E387.58176
G1 X-89.738 Y-149.181 E411.74338
G1 X-90.258 Y-149.132 E414.25548
G1 X-90.769 Y-149.111 E416.71529
G1 X-91.431 Y-149.125 E419.9
G1 X-92.062 Y-149.181 E422.94682
G1 X-97.598 Y-149.853 E449.76853
G1 X-98.146 Y-149.935 E452.43357
G1 X-98.639 Y-150.038 E454.85593
G1 X-99.147 Y-150.171 E457.38159
G1 X-99.667 Y-150.34 E460.01138
G1 X-100.197 Y-150.546 E462.74628
G1 X-100.735 Y-150.794 E465.59556
G1 X-110.67 Y-156.006 E519.55579
G1 X-111.128 Y-156.262 E522.07937
G1 X-111.585 Y-156.553 E524.68517
G1 X-112.039 Y-156.879 E527.37339
G1 X-112.486 Y-157.242 E530.14293
G1 X-112.922 Y-157.642 E532.98875
G1 X-113.343 Y-158.079 E535.90726
G1 X-113.745 Y-158.554 E538.9002
G1 X-114.123 Y-159.066 E541.96115
G1 X-120.392 Y-168.148 E595.0383
G1 X-120.791 Y-168.776 E598.61684
G1 X-121.147 Y-169.447 E602.27021
G1 X-121.454 Y-170.157 E605.99063
G1 X-121.706 Y-170.9 E609.76415
G1 X-121.899 Y-171.671 E613.58681
G1 X-122.028 Y-172.462 E617.44151
G1 X-123.359 Y-183.417 E670.51877
G1 X-123.424 Y-184.267 E674.61891
G1 X-123.414 Y-185.121 E678.72664
G1 X-123.328 Y-185.969 E682.82615
G1 X-123.17 Y-186.801 E686.8993
G1 X-122.941 Y-187.607 E690.92931
G1 X-122.802 Y-187.998 E692.92518
G1 X-118.889 Y-198.316 E746.00007
G1 X-118.589 Y-199.022 E749.68954
G1 X-118.248 Y-199.676 E753.23696
G1 X-117.856 Y-200.305 E756.80164
G1 X-117.397 Y-200.928 E760.52349
G1 X-116.868 Y-201.534 E764.39243
G1 X-116.268 Y-202.114 E768.40612
G1 X-108.008 Y-209.432 E821.48276
G1 X-107.587 Y-209.784 E824.12214
G1 X-107.137 Y-210.118 E826.81751
G1 X-106.66 Y-210.43 E829.5589
G1 X-106.157 Y-210.719 E832.34904
G1 X-105.629 Y-210.981 E835.184
G1 X-105.079 Y-211.212 E838.05316
G1 X-104.509 Y-211.411 E840.95694
G1 X-103.922 Y-211.576 E843.88962
G1 X-102.386 Y-211.93 E851.47092
;WIDTH:4.45215
G1 X-100.849 Y-212.284 E858.96277
;WIDTH:4.40429
G1 X-99.313 Y-212.638 E866.35591
;WIDTH:4.35644
G1 X-97.776 Y-212.992 E873.65948
;WIDTH:4.30859
G1 X-96.24 Y-213.346 E880.86447
;WIDTH:4.26074
G1 X-94.703 Y-213.7 E887.97977
;WIDTH:4.21289
G1 X-93.167 Y-214.054 E894.9966
;WIDTH:4.16503
G1 X-92.954 Y-214.08 E895.93901
;WIDTH:4.12696
G1 X-92.74 Y-214.105 E896.87503
;WIDTH:4.08889
G1 X-92.527 Y-214.131 E897.79706
;WIDTH:4.05082
G1 X-92.201 Y-214.163 E899.18903
;WIDTH:4.02395
G1 X-91.875 Y-214.195 E900.57002
;WIDTH:3.99709
G1 X-91.225 Y-214.227 E903.29187
;WIDTH:3.97052
G1 X-90.575 Y-214.227 E905.98889
;WIDTH:3.99709
G1 X-89.925 Y-214.195 E908.71074
;WIDTH:4.02365
G1 X-89.602 Y-214.163 E910.07902
;WIDTH:4.05021
G1 X-89.279 Y-214.132 E911.45764
;WIDTH:4.08849
G1 X-89.064 Y-214.106 E912.38809
;WIDTH:4.12676
G1 X-88.848 Y-214.08 E913.3332
;WIDTH:4.16503
G1 X-88.633 Y-214.054 E914.28433
;WIDTH:4.21289
G1 X-87.097 Y-213.7 E921.30116
;WIDTH:4.26074
G1 X-85.56 Y-213.346 E928.41646
;WIDTH:4.30859
G1 X-84.024 Y-212.992 E935.62145
;WIDTH:4.35644
G1 X-82.487 Y-212.638 E942.92502
;WIDTH:4.40429
G1 X-80.951 Y-212.284 E950.31816
;WIDTH:4.45215
G1 X-79.414 Y-211.93 E957.81001
;WIDTH:4.5
G1 X-77.878 Y-211.576 E965.39131
G1 X-77.291 Y-211.411 E968.32399
G1 X-76.721 Y-211.212 E971.22777
G1 X-76.171 Y-210.981 E974.09693
G1 X-76.109 Y-210.95 E974.43033
G1 E972.43033 F2400
G92 E0
G1 X-77.499 Y-207.335 F7800
G1 E2 F2400
G1 F3600
G1 X-77.46 Y-207.318 E2.20462
G1 X-76.872 Y-206.957 E5.52316
G1 X-76.349 Y-206.545 E8.72537
G1 X-68.089 Y-199.227 E61.80201
G1 X-67.719 Y-198.869 E64.27823
G1 X-67.249 Y-198.303 E67.8167
G1 X-66.876 Y-197.72 E71.14552
G1 X-66.516 Y-196.949 E75.23809
G1 X-62.603 Y-186.63 E128.31748
G1 X-62.426 Y-186.082 E131.08725
G1 X-62.311 Y-185.559 E133.66279
G1 X-62.239 Y-184.948 E136.62182
G1 X-62.23 Y-184.389 E139.31077
G1 X-62.269 Y-183.882 E141.75647
G1 X-63.6 Y-172.927 E194.83373
G1 X-63.687 Y-172.406 E197.37426
G1 X-63.821 Y-171.899 E199.89649
G1 X-64.047 Y-171.296 E202.99372
G1 X-64.285 Y-170.815 E205.57488
G1 X-64.581 Y-170.338 E208.27491
G1 X-70.85 Y-161.256 E261.35206
G1 X-71.169 Y-160.836 E263.88872
G1 X-71.541 Y-160.431 E266.53363
G1 X-71.951 Y-160.063 E269.18342
G1 X-72.373 Y-159.749 E271.71332
G1 X-72.816 Y-159.477 E274.21357
G1 X-82.676 Y-154.301 E327.77393
G1 X-83.22 Y-154.051 E330.65345
G1 X-83.803 Y-153.853 E333.61478
G1 X-84.292 Y-153.739 E336.02977
G1 X-90.203 Y-153.009 E364.67564
G1 X-90.72 Y-152.969 E367.16966
G1 X-91.315 Y-152.981 E370.03199
G1 X-97.133 Y-153.681 E398.21639
G1 X-97.659 Y-153.769 E400.78143
G1 X-98.165 Y-153.903 E403.29901
G1 X-98.693 Y-154.097 E406.0045
G1 X-99.124 Y-154.301 E408.29794
G1 X-108.877 Y-159.42 E461.27521
G1 X-109.427 Y-159.749 E464.35768
G1 X-109.834 Y-160.05 E466.79238
G1 X-110.229 Y-160.402 E469.33709
G1 X-110.604 Y-160.804 E471.98122
G1 X-110.95 Y-161.256 E474.71901
G1 X-117.219 Y-170.338 E527.79616
G1 X-117.568 Y-170.913 E531.03126
G1 X-117.855 Y-171.544 E534.36533
G1 X-118.069 Y-172.219 E537.7711
G1 X-118.2 Y-172.927 E541.23414
G1 X-119.531 Y-183.882 E594.3114
G1 X-119.57 Y-184.392 E596.77149
G1 X-119.564 Y-184.905 E599.23901
G1 X-119.512 Y-185.413 E601.69508
G1 X-119.417 Y-185.912 E604.13821
G1 X-119.197 Y-186.63 E607.75002
G1 X-115.284 Y-196.949 E660.82941
G1 X-115.002 Y-197.575 E664.13165
G1 X-114.664 Y-198.142 E667.30651
G1 X-114.235 Y-198.699 E670.68798
G1 X-113.711 Y-199.227 E674.2658
G1 X-105.451 Y-206.545 E727.34244
G1 X-104.928 Y-206.957 E730.54465
G1 X-104.34 Y-207.318 E733.86319
G1 X-103.693 Y-207.614 E737.28524
G1 X-102.999 Y-207.832 E740.78395
G1 X-92.284 Y-210.473 E793.86176
G1 X-91.5 Y-210.61 E797.68967
G1 X-90.9 Y-210.641 E800.57931
G1 X-90.3 Y-210.61 E803.46895
G1 X-89.516 Y-210.473 E807.29686
G1 X-78.801 Y-207.832 E860.37467
G1 X-78.107 Y-207.614 E863.87338
G1 X-77.908 Y-207.523 E864.92583
G1 E862.92583 F2400
G92 E0
G1 X-79.292 Y-203.922 F7800
G1 E2 F2400
;TYPE:External perimeter
G1 F1800
G1 X-79.277 Y-203.916 E2.0777
G1 X-78.907 Y-203.659 E4.24444
G1 X-70.646 Y-196.341 E57.32468
G1 X-70.321 Y-195.968 E59.70414
G1 X-70.122 Y-195.581 E61.79714
G1 X-66.209 Y-185.263 E114.87203
G1 X-66.09 Y-184.742 E117.44239
G1 X-66.098 Y-184.347 E119.34259
G1 X-67.428 Y-173.392 E172.41927
G1 X-67.577 Y-172.848 E175.13209
G1 X-67.755 Y-172.529 E176.88906
G1 X-74.024 Y-163.447 E229.96621
G1 X-74.37 Y-163.066 E232.44156
G1 X-74.715 Y-162.835 E234.4385
G1 X-84.468 Y-157.716 E287.41577
G1 X-84.965 Y-157.537 E289.95648
G1 X-90.668 Y-156.837 E317.59181
G1 X-91.132 Y-156.837 E319.82349
G1 X-96.668 Y-157.509 E346.6452
G1 X-97.153 Y-157.633 E349.05292
G1 X-97.332 Y-157.716 E350.0019
G1 X-107.085 Y-162.835 E402.97917
G1 X-107.493 Y-163.121 E405.37562
G1 X-107.776 Y-163.447 E407.45195
G1 X-114.045 Y-172.529 E460.5291
G1 X-114.284 Y-173.004 E463.08658
G1 X-114.372 Y-173.392 E465.00012
G1 X-115.702 Y-184.347 E518.0768
G1 X-115.696 Y-184.857 E520.52989
G1 X-115.591 Y-185.263 E522.54686
G1 X-111.678 Y-195.581 E575.62175
G1 X-111.427 Y-196.042 E578.14635
G1 X-111.154 Y-196.341 E580.0937
G1 X-102.893 Y-203.659 E633.17394
G1 X-102.523 Y-203.916 E635.34068
G1 X-102.076 Y-204.088 E637.64426
G1 X-91.361 Y-206.729 E690.72207
G1 X-90.833 Y-206.783 E693.27482
G1 X-90.439 Y-206.729 E695.18754
G1 X-79.724 Y-204.088 E748.26535
G1 X-79.712 Y-204.083 E748.32788
G1 X-77.345 Y-202.24 F7800
G1 E746.32788 F2400
G92 E0
G1 X-59.169 Y-62.776 F7800
G1 E2 F2400
;TYPE:Perimeter
G1 F3600
G1 X-59.322 Y-62.678 E2.87389
G1 X-60.134 Y-62.32 E7.14206
G1 X-61.423 Y-61.957 E13.58285
G1 X-65.163 Y-60.955 E32.20536
G1 X-65.676 Y-60.842 E34.73186
G1 X-66.196 Y-60.776 E37.25295
G1 X-66.715 Y-60.758 E39.75066
G1 X-67.227 Y-60.786 E42.21688
G1 X-67.727 Y-60.857 E44.64583
G1 X-68.924 Y-61.161 E50.58576
G1 X-72.761 Y-62.189 E69.69127
G1 X-73.526 Y-62.452 E73.58202
G1 X-74.111 Y-62.741 E76.72028
G1 X-74.618 Y-63.063 E79.60901
G1 X-75.121 Y-63.465 E82.70597
G1 X-77.601 Y-65.933 E99.53388
G1 X-78.724 Y-67.056 E107.17239
G1 X-79.084 Y-67.45 E109.73931
G1 X-79.397 Y-67.863 E112.23171
G1 X-79.709 Y-68.37 E115.09494
G1 X-79.957 Y-68.881 E117.82683
G1 X-80.221 Y-69.649 E121.73279
G1 X-81.455 Y-74.253 E144.65805
G1 X-81.565 Y-74.751 E147.11099
G1 X-81.637 Y-75.324 E149.8886
G1 X-81.649 Y-75.933 E152.81825
G1 X-81.598 Y-76.538 E155.73841
G1 X-81.455 Y-77.247 E159.21713
G1 X-80.221 Y-81.851 E182.14239
G1 X-80.04 Y-82.413 E184.98215
G1 X-79.807 Y-82.943 E187.76673
G1 X-79.529 Y-83.436 E190.4889
G1 X-79.214 Y-83.888 E193.13871
G1 X-78.724 Y-84.444 E196.70317
G1 X-75.354 Y-87.814 E219.62551
G1 X-74.943 Y-88.187 E222.29498
G1 X-74.531 Y-88.497 E224.77484
G1 X-74.029 Y-88.805 E227.60751
G1 X-73.566 Y-89.031 E230.08551
G1 X-73.001 Y-89.241 E232.9846
G1 X-68.157 Y-90.545 E257.112
G1 X-67.575 Y-90.669 E259.97405
G1 X-67.067 Y-90.728 E262.43378
G1 X-66.482 Y-90.739 E265.24793
G1 X-65.921 Y-90.695 E267.95443
G1 X-65.384 Y-90.6 E270.57732
G1 X-60.559 Y-89.311 E294.59776
G1 X-60.058 Y-89.153 E297.12439
G1 X-59.551 Y-88.938 E299.77308
G1 X-59.067 Y-88.676 E302.42014
G1 X-58.628 Y-88.383 E304.95866
G1 X-58.218 Y-88.052 E307.49304
G1 X-57.966 Y-87.814 E309.16018
G1 X-54.596 Y-84.444 E332.08252
G1 X-54.252 Y-84.069 E334.53007
G1 X-53.922 Y-83.634 E337.15618
G1 X-53.653 Y-83.205 E339.59161
G1 X-53.4 Y-82.703 E342.29536
G1 X-53.202 Y-82.195 E344.9177
G1 X-51.865 Y-77.247 E369.56937
G1 X-51.754 Y-76.743 E372.05153
G1 X-51.686 Y-76.214 E374.61677
G1 X-51.668 Y-75.673 E377.22023
G1 X-51.701 Y-75.135 E379.81269
G1 X-51.783 Y-74.603 E382.40164
G1 X-53.099 Y-69.649 E407.05505
G1 X-53.279 Y-69.089 E409.88418
G1 X-53.519 Y-68.545 E412.74395
G1 X-53.824 Y-68.012 E415.69754
G1 X-54.201 Y-67.493 E418.78281
G1 X-54.596 Y-67.056 E421.616
G1 X-57.966 Y-63.686 E444.53834
G1 X-58.583 Y-63.15 E448.46929
G1 X-58.79 Y-63.018 E449.65009
G1 E447.65009 F2400
G92 E0
G1 X-61.097 Y-66.113 F7800
G1 E2 F2400
;TYPE:External perimeter
G1 F1800
G1 X-61.415 Y-65.957 E3.7036
G1 X-66.161 Y-64.68 E27.3421
G1 X-66.678 Y-64.614 E29.84887
G1 X-67.159 Y-64.68 E32.18399
G1 X-71.763 Y-65.913 E55.108
G1 X-72.213 Y-66.097 E57.44629
G1 X-72.627 Y-66.412 E59.94833
G1 X-74.874 Y-68.659 E75.23216
G1 X-75.998 Y-69.783 E82.87748
G1 X-76.308 Y-70.188 E85.33052
G1 X-76.497 Y-70.647 E87.71798
G1 X-77.73 Y-75.251 E110.64199
G1 X-77.796 Y-75.75 E113.06291
G1 X-77.73 Y-76.249 E115.48383
G1 X-76.497 Y-80.853 E138.40784
G1 X-76.305 Y-81.317 E140.82304
G1 X-75.998 Y-81.717 E143.24822
G1 X-72.627 Y-85.088 E166.17737
G1 X-72.215 Y-85.402 E168.66885
G1 X-71.763 Y-85.587 E171.01786
G1 X-67.159 Y-86.82 E193.94187
G1 X-66.639 Y-86.886 E196.46296
G1 X-66.161 Y-86.82 E198.78379
G1 X-61.557 Y-85.587 E221.7078
G1 X-61.078 Y-85.386 E224.20624
G1 X-60.693 Y-85.088 E226.54785
G1 X-57.315 Y-81.71 E249.52461
G1 X-57.008 Y-81.304 E251.97274
G1 X-56.823 Y-80.853 E254.3173
G1 X-55.59 Y-76.249 E277.24131
G1 X-55.524 Y-75.75 E279.66223
G1 X-55.59 Y-75.251 E282.08315
G1 X-56.823 Y-70.647 E305.00716
G1 X-57.018 Y-70.178 E307.4501
G1 X-57.322 Y-69.783 E309.84742
G1 X-60.693 Y-66.412 E332.77657
G1 X-60.735 Y-66.378 E333.03647
G1 X-63.573 Y-65.405 F7800
G1 E331.03647 F2400
G92 E0
G1 X-61.442 Y-58.038 F7800
G1 E2 F2400
;TYPE:Perimeter
;WIDTH:4.34874
G1 F900
G1 X-61.69 Y-57.989 E3.16816
;WIDTH:4.31485
G1 X-61.939 Y-57.94 E4.33013
;WIDTH:4.28096
G1 X-62.187 Y-57.891 E5.47692
;WIDTH:4.24707
G1 X-63.057 Y-57.68 E9.50021
;WIDTH:4.20488
G1 X-64.203 Y-57.373 E14.76972
;WIDTH:4.24417
G1 X-65.042 Y-57.168 E18.64814
;WIDTH:4.27902
G1 X-65.301 Y-57.117 E19.84501
;WIDTH:4.31388
G1 X-65.559 Y-57.066 E21.04886
;WIDTH:4.34873
G1 X-65.818 Y-57.014 E22.26958
G1 E20.26958 F2400
G92 E0
G1 X-50.464 Y-55.43 F7800
G1 E2 F2400
;WIDTH:4.5
G1 F3600
G1 X-50.047 Y-55.18 E4.33845
G1 X-49.553 Y-54.839 E7.22551
G1 X-49.132 Y-54.509 E9.7983
G1 X-48.613 Y-54.047 E13.14025
G1 X-44.573 Y-50.009 E40.61305
G1 X-44.145 Y-49.553 E43.62099
G1 X-43.722 Y-49.036 E46.83382
G1 X-43.415 Y-48.61 E49.35935
G1 X-43.133 Y-48.17 E51.87294
G1 X-42.87 Y-47.705 E54.44237
G1 X-42.606 Y-47.167 E57.32472
G1 X-42.411 Y-46.703 E59.74547
G1 X-42.233 Y-46.209 E62.27098
G1 X-42.078 Y-45.688 E64.88536
G1 X-40.653 Y-40.37 E91.36546
G1 X-40.52 Y-39.81 E94.13379
G1 X-40.42 Y-39.229 E96.96929
G1 X-40.361 Y-38.715 E99.45769
G1 X-40.329 Y-38.179 E102.04026
G1 X-40.329 Y-37.571 E104.96453
G1 X-40.361 Y-37.035 E107.5471
G1 X-40.42 Y-36.521 E110.0355
G1 X-40.52 Y-35.94 E112.871
G1 X-40.653 Y-35.38 E115.63933
G1 X-42.078 Y-30.062 E142.11943
G1 X-42.232 Y-29.545 E144.71399
G1 X-42.408 Y-29.055 E147.21814
G1 X-42.652 Y-28.484 E150.20469
G1 X-42.916 Y-27.961 E153.02245
G1 X-43.191 Y-27.485 E155.66645
G1 X-43.473 Y-27.056 E158.13566
G1 X-43.812 Y-26.598 E160.87626
G1 X-44.145 Y-26.197 E163.38324
G1 X-44.521 Y-25.793 E166.03768
G1 X-48.466 Y-21.848 E192.87111
G1 X-48.844 Y-21.49 E195.37513
G1 X-49.243 Y-21.15 E197.89642
G1 X-49.702 Y-20.804 E200.66102
G1 X-50.146 Y-20.506 E203.23291
G1 X-50.642 Y-20.215 E205.99876
G1 X-51.095 Y-19.981 E208.45105
G1 X-51.585 Y-19.761 E211.03442
G1 X-52.111 Y-19.561 E213.74101
G1 X-52.671 Y-19.384 E216.56575
G1 X-58.105 Y-17.928 E243.62335
G1 X-58.701 Y-17.788 E246.56793
G1 X-59.194 Y-17.702 E248.9749
G1 X-59.7 Y-17.641 E251.42621
G1 X-60.213 Y-17.607 E253.89898
G1 X-60.729 Y-17.6 E256.38099
G1 X-61.244 Y-17.621 E258.86002
G1 X-61.754 Y-17.669 E261.32379
G1 X-62.254 Y-17.742 E263.75411
G1 X-63.095 Y-17.928 E267.89678
G1 X-68.413 Y-19.353 E294.37688
G1 X-68.99 Y-19.527 E297.27549
G1 X-69.546 Y-19.733 E300.1273
G1 X-70.119 Y-19.988 E303.14382
G1 X-70.581 Y-20.227 E305.6456
G1 X-71.044 Y-20.5 E308.23075
G1 X-71.505 Y-20.808 E310.89734
G1 X-71.961 Y-21.153 E313.64753
G1 X-72.408 Y-21.536 E316.47869
G1 X-72.734 Y-21.848 E318.64901
G1 X-76.627 Y-25.741 E345.12874
G1 X-77.071 Y-26.215 E348.25247
G1 X-77.492 Y-26.733 E351.46295
G1 X-77.79 Y-27.147 E353.91635
G1 X-78.069 Y-27.585 E356.41406
G1 X-78.329 Y-28.044 E358.95127
G1 X-78.566 Y-28.522 E361.51736
G1 X-78.778 Y-29.02 E364.12057
G1 X-78.964 Y-29.534 E366.74962
G1 X-79.122 Y-30.062 E369.40038
G1 X-80.547 Y-35.38 E395.88048
G1 X-80.68 Y-35.942 E398.65817
G1 X-80.779 Y-36.515 E401.45494
G1 X-80.844 Y-37.095 E404.262
G1 X-80.874 Y-37.68 E407.07935
G1 X-80.868 Y-38.265 E409.89315
G1 X-80.826 Y-38.849 E412.70924
G1 X-80.75 Y-39.427 E415.51315
G1 X-80.547 Y-40.37 E420.15256
G1 X-78.979 Y-46.171 E449.05465
G1 X-78.766 Y-46.761 E452.07161
G1 X-78.518 Y-47.331 E455.06136
G1 X-78.218 Y-47.91 E458.19776
G1 X-77.845 Y-48.521 E461.64078
G1 X-77.383 Y-49.159 E465.4294
G1 X-77.04 Y-49.57 E468.00412
G1 X-76.627 Y-50.009 E470.90307
G1 X-72.734 Y-53.902 E497.3828
G1 X-72.14 Y-54.449 E501.26656
G1 X-71.624 Y-54.856 E504.42744
G1 X-71.062 Y-55.239 E507.69848
G1 X-70.455 Y-55.591 E511.07331
G1 X-69.805 Y-55.907 E514.54945
G1 X-69.115 Y-56.18 E518.11843
G1 X-68.411 Y-56.39 E521.65186
;WIDTH:4.48491
G1 X-67.571 Y-56.592 E525.79088
;WIDTH:4.44045
G1 X-66.731 Y-56.794 E529.882
;WIDTH:4.39635
G1 X-65.892 Y-57.001 E533.92659
G1 X-66.751 Y-56.954 E537.95305
;WIDTH:4.44045
G1 X-67.602 Y-56.978 E541.98447
;WIDTH:4.48491
G1 X-68.437 Y-57.074 E546.01117
;WIDTH:4.5
G1 X-69.155 Y-57.23 E549.54507
G1 X-73.759 Y-58.464 E572.47033
G1 X-74.496 Y-58.693 E576.18222
G1 X-75.034 Y-58.903 E578.95995
G1 X-75.538 Y-59.134 E581.6265
G1 X-76.009 Y-59.384 E584.19118
G1 X-76.447 Y-59.647 E586.64841
G1 X-77.23 Y-60.203 E591.26725
G1 X-77.692 Y-60.591 E594.16898
G1 X-78.081 Y-60.959 E596.74448
G1 X-80.328 Y-63.206 E612.02831
G1 X-81.451 Y-64.329 E619.66682
G1 X-81.876 Y-64.782 E622.65436
G1 X-82.205 Y-65.177 E625.12685
G1 X-82.519 Y-65.598 E627.65289
G1 X-82.804 Y-66.028 E630.13406
G1 X-83.092 Y-66.52 E632.87602
G1 X-83.349 Y-67.023 E635.59277
G1 X-83.578 Y-67.548 E638.3476
G1 X-83.778 Y-68.091 E641.13076
G1 X-83.946 Y-68.651 E643.94276
G1 X-85.18 Y-73.255 E666.86802
G1 X-85.317 Y-73.84 E669.7578
G1 X-85.418 Y-74.436 E672.66522
G1 X-85.482 Y-75.04 E675.58652
G1 X-85.508 Y-75.648 E678.51346
G1 X-85.495 Y-76.257 E681.44321
G1 X-85.444 Y-76.863 E684.36817
G1 X-85.363 Y-77.416 E687.05629
G1 X-85.18 Y-78.245 E691.13949
G1 X-83.946 Y-82.849 E714.06475
G1 X-83.775 Y-83.416 E716.91315
G1 X-83.572 Y-83.966 E719.73289
G1 X-83.339 Y-84.497 E722.52187
G1 X-83.078 Y-85.006 E725.27307
G1 X-82.792 Y-85.491 E727.98113
G1 X-82.484 Y-85.951 E730.64372
G1 X-82.155 Y-86.385 E733.26309
G1 X-81.81 Y-86.792 E735.82928
G1 X-81.451 Y-87.171 E738.3401
G1 X-78.081 Y-90.541 E761.26244
G1 X-77.667 Y-90.931 E763.99801
G1 X-77.256 Y-91.277 E766.582
G1 X-76.839 Y-91.589 E769.08687
G1 X-76.304 Y-91.942 E772.16968
G1 X-75.723 Y-92.272 E775.38338
G1 X-75.26 Y-92.498 E777.86138
G1 X-74.747 Y-92.713 E780.53667
G1 X-74.16 Y-92.92 E783.53034
G1 X-69.155 Y-94.27 E808.46299
G1 X-68.551 Y-94.411 E811.44613
G1 X-67.943 Y-94.513 E814.41127
G1 X-67.339 Y-94.574 E817.33108
G1 X-66.745 Y-94.598 E820.19035
G1 X-66.174 Y-94.586 E822.93727
G1 X-65.613 Y-94.541 E825.64415
G1 X-65.065 Y-94.466 E828.30441
G1 X-64.533 Y-94.361 E830.91251
G1 X-59.561 Y-93.036 E855.66071
G1 X-58.993 Y-92.865 E858.51371
G1 X-58.47 Y-92.673 E861.19331
G1 X-57.993 Y-92.467 E863.69232
G1 X-57.457 Y-92.197 E866.5789
G1 X-56.984 Y-91.923 E869.20801
G1 X-56.491 Y-91.596 E872.05335
G1 X-56.036 Y-91.254 E874.79101
G1 X-55.571 Y-90.858 E877.72861
G1 X-51.869 Y-87.171 E902.85822
G1 X-51.492 Y-86.772 E905.49841
G1 X-51.147 Y-86.363 E908.07194
G1 X-50.796 Y-85.894 E910.88944
G1 X-50.495 Y-85.438 E913.51737
G1 X-50.201 Y-84.93 E916.34036
G1 X-49.966 Y-84.465 E918.84623
G1 X-49.746 Y-83.962 E921.48677
G1 X-49.547 Y-83.423 E924.25022
G1 X-49.374 Y-82.849 E927.13363
G1 X-48.14 Y-78.245 E950.05889
G1 X-48.001 Y-77.65 E952.99769
G1 X-47.915 Y-77.156 E955.4094
G1 X-47.854 Y-76.651 E957.85593
G1 X-47.819 Y-76.138 E960.32902
G1 X-47.812 Y-75.622 E962.81103
G1 X-47.833 Y-75.108 E965.28526
G1 X-47.88 Y-74.606 E967.71027
G1 X-47.958 Y-74.078 E970.27733
G1 X-48.062 Y-73.566 E972.79016
G1 X-49.374 Y-68.651 E997.25736
G1 X-49.573 Y-67.999 E1000.53607
G1 X-49.792 Y-67.426 E1003.48643
G1 X-50.075 Y-66.811 E1006.74251
G1 X-50.348 Y-66.307 E1009.49935
G1 X-50.718 Y-65.719 E1012.84074
G1 X-51.031 Y-65.286 E1015.41046
G1 X-51.41 Y-64.821 E1018.29572
G1 X-51.869 Y-64.329 E1021.53196
G1 X-55.239 Y-60.959 E1044.4543
G1 X-55.728 Y-60.503 E1047.67015
G1 X-56.268 Y-60.066 E1051.01128
G1 X-56.858 Y-59.656 E1054.46688
G1 X-57.5 Y-59.28 E1058.04528
G1 X-58.19 Y-58.945 E1061.7344
G1 X-58.855 Y-58.69 E1065.15991
;WIDTH:4.48633
G1 X-59.568 Y-58.489 E1068.71023
;WIDTH:4.44686
G1 X-60.438 Y-58.28 E1072.95437
;WIDTH:4.40112
G1 X-60.94 Y-58.159 E1075.37428
;WIDTH:4.37493
G1 X-61.442 Y-58.038 E1077.77732
G1 X-60.929 Y-58.069 E1080.169
;WIDTH:4.40112
G1 X-60.416 Y-58.1 E1082.57747
;WIDTH:4.44686
G1 X-59.536 Y-58.065 E1086.75494
;WIDTH:4.48633
G1 X-58.801 Y-57.974 E1090.3044
;WIDTH:4.5
G1 X-58.105 Y-57.822 E1093.73082
G1 X-52.787 Y-56.397 E1120.21092
G1 X-52.194 Y-56.218 E1123.19015
G1 X-51.635 Y-56.009 E1126.06052
G1 X-51.112 Y-55.777 E1128.81235
G1 X-50.859 Y-55.647 E1130.18043
G1 E1128.18043 F2400
G92 E0
G1 X-52.392 Y-52.091 F7800
G1 E2 F2400
G1 F3600
G1 X-51.987 Y-51.839 E4.29421
G1 X-51.48 Y-51.445 E7.38246
G1 X-47.299 Y-47.283 E35.75659
G1 X-46.952 Y-46.903 E38.23162
G1 X-46.631 Y-46.481 E40.78176
G1 X-46.356 Y-46.042 E43.27326
G1 X-46.12 Y-45.577 E45.78131
G1 X-45.921 Y-45.078 E48.36514
G1 X-45.802 Y-44.69 E50.31708
G1 X-44.378 Y-39.372 E76.79594
G1 X-44.265 Y-38.863 E79.30366
G1 X-44.198 Y-38.329 E81.89215
G1 X-44.181 Y-37.784 E84.51469
G1 X-44.215 Y-37.241 E87.13145
G1 X-44.298 Y-36.714 E89.69738
G1 X-44.378 Y-36.378 E91.3586
G1 X-45.802 Y-31.06 E117.83746
G1 X-45.973 Y-30.528 E120.52513
G1 X-46.178 Y-30.048 E123.0355
G1 X-46.437 Y-29.569 E125.65454
G1 X-46.742 Y-29.114 E128.28912
G1 X-47.076 Y-28.704 E130.83259
G1 X-47.299 Y-28.467 E132.39775
G1 X-51.192 Y-24.575 E158.87408
G1 X-51.587 Y-24.215 E161.44455
G1 X-52.02 Y-23.888 E164.05428
G1 X-52.446 Y-23.623 E166.46728
G1 X-52.944 Y-23.374 E169.14521
G1 X-53.445 Y-23.18 E171.7292
G1 X-59.103 Y-21.653 E199.91588
G1 X-59.608 Y-21.541 E202.40377
G1 X-60.137 Y-21.474 E204.9684
G1 X-60.677 Y-21.456 E207.56706
G1 X-61.216 Y-21.488 E210.16403
G1 X-61.956 Y-21.617 E213.77685
G1 X-67.415 Y-23.077 E240.95558
G1 X-67.894 Y-23.228 E243.37117
G1 X-68.369 Y-23.426 E245.84629
G1 X-68.855 Y-23.681 E248.486
G1 X-69.339 Y-24.001 E251.27666
G1 X-69.745 Y-24.328 E253.78399
G1 X-70.008 Y-24.575 E255.51932
G1 X-73.901 Y-28.467 E281.99565
G1 X-74.295 Y-28.904 E284.82561
G1 X-74.598 Y-29.311 E287.26605
G1 X-74.871 Y-29.756 E289.77701
G1 X-75.108 Y-30.235 E292.34741
G1 X-75.303 Y-30.743 E294.96454
G1 X-76.822 Y-36.378 E323.0344
G1 X-76.933 Y-36.876 E325.48839
G1 X-77.001 Y-37.407 E328.06317
G1 X-77.018 Y-37.992 E330.87801
G1 X-76.977 Y-38.575 E333.68897
G1 X-76.822 Y-39.372 E337.59409
G1 X-75.398 Y-44.69 E364.07295
G1 X-75.241 Y-45.183 E366.56144
G1 X-75.035 Y-45.675 E369.12684
G1 X-74.749 Y-46.204 E372.01919
G1 X-74.354 Y-46.772 E375.34673
G1 X-73.901 Y-47.283 E378.63117
G1 X-70.008 Y-51.176 E405.1109
G1 X-69.341 Y-51.748 E409.33703
G1 X-68.64 Y-52.189 E413.32029
G1 X-67.836 Y-52.542 E417.54356
G1 X-66.58 Y-52.896 E423.81984
G1 X-62.097 Y-54.097 E446.14188
G1 X-61.565 Y-54.214 E448.76177
G1 X-61.027 Y-54.279 E451.36818
G1 X-60.489 Y-54.294 E453.95678
G1 X-59.96 Y-54.259 E456.50665
G1 X-59.103 Y-54.097 E460.70152
G1 X-53.785 Y-52.673 E487.18038
G1 X-53.094 Y-52.44 E490.68771
G1 X-52.792 Y-52.295 E492.29897
G1 E490.29897 F2400
G92 E0
G1 X-54.322 Y-48.752 F7800
G1 E2 F2400
;TYPE:External perimeter
G1 F1800
G1 X-54.291 Y-48.739 E2.16168
G1 X-53.919 Y-48.449 E4.43031
G1 X-50.026 Y-44.556 E30.91004
G1 X-49.717 Y-44.151 E33.36016
G1 X-49.527 Y-43.692 E35.74946
G1 X-48.102 Y-38.374 E62.22956
G1 X-48.037 Y-37.875 E64.64985
G1 X-48.102 Y-37.376 E67.07014
G1 X-49.527 Y-32.058 E93.55024
G1 X-49.728 Y-31.58 E96.04425
G1 X-50.026 Y-31.194 E98.38967
G1 X-53.927 Y-27.294 E124.92041
G1 X-54.337 Y-26.984 E127.39259
G1 X-54.783 Y-26.802 E129.70943
G1 X-60.101 Y-25.377 E156.18953
G1 X-60.6 Y-25.312 E158.60982
G1 X-61.052 Y-25.365 E160.79868
G1 X-66.417 Y-26.802 E187.51207
G1 X-66.897 Y-27.004 E190.01681
G1 X-67.281 Y-27.301 E192.35167
G1 X-71.174 Y-31.194 E218.8314
G1 X-71.48 Y-31.593 E221.24984
G1 X-71.673 Y-32.058 E223.67132
G1 X-73.098 Y-37.376 E250.15142
G1 X-73.163 Y-37.875 E252.57171
G1 X-73.098 Y-38.374 E254.992
G1 X-71.673 Y-43.692 E281.4721
G1 X-71.492 Y-44.136 E283.77821
G1 X-71.174 Y-44.556 E286.31196
G1 X-67.281 Y-48.449 E312.79169
G1 X-66.946 Y-48.716 E314.85208
G1 X-66.488 Y-48.927 E317.27743
G1 X-61.099 Y-50.373 E344.11352
G1 X-60.563 Y-50.438 E346.71038
G1 X-60.101 Y-50.373 E348.95433
G1 X-54.783 Y-48.948 E375.43443
G1 X-54.737 Y-48.928 E375.67568
G1 X-52.472 Y-46.96 F7800
G1 E373.67568 F2400
G92 E0
G1 X-61.442 Y118.638 F7800
G1 E2 F2400
;TYPE:Perimeter
;WIDTH:4.34874
G1 F900
G1 X-61.69 Y118.589 E3.16816
;WIDTH:4.31485
G1 X-61.939 Y118.54 E4.33013
;WIDTH:4.28097
G1 X-62.187 Y118.491 E5.47692
;WIDTH:4.24708
G1 X-63.057 Y118.28 E9.50022
;WIDTH:4.20488
G1 X-64.203 Y117.973 E14.76974
;WIDTH:4.24417
G1 X-65.042 Y117.768 E18.64816
;WIDTH:4.27902
G1 X-65.301 Y117.717 E19.84503
;WIDTH:4.31388
G1 X-65.559 Y117.666 E21.04888
;WIDTH:4.34873
G1 X-65.818 Y117.614 E22.2696
G1 E20.2696 F2400
G92 E0
G1 X-40.329 Y98.475 F7800
G1 E2 F2400
;WIDTH:4.5
G1 F3600
G1 X-40.329 Y98.779 E3.46214
G1 X-40.361 Y99.315 E6.04471
G1 X-40.42 Y99.829 E8.53311
G1 X-40.52 Y100.41 E11.36861
G1 X-40.653 Y100.97 E14.13694
G1 X-42.078 Y106.288 E40.61704
G1 X-42.233 Y106.809 E43.23142
G1 X-42.411 Y107.303 E45.75693
G1 X-42.606 Y107.767 E48.17768
G1 X-42.833 Y108.234 E50.67508
G1 X-43.077 Y108.675 E53.09915
G1 X-43.374 Y109.149 E55.78949
G1 X-43.722 Y109.636 E58.66835
G1 X-44.145 Y110.153 E61.88118
G1 X-44.485 Y110.52 E64.2874
G1 X-48.466 Y114.502 E91.3691
G1 X-48.946 Y114.951 E94.53033
G1 X-49.334 Y115.272 E96.95234
G1 X-49.79 Y115.608 E99.67663
G1 X-50.324 Y115.953 E102.73438
G1 X-51.112 Y116.377 E107.0382
G1 X-51.635 Y116.609 E109.79003
G1 X-52.194 Y116.818 E112.6604
G1 X-52.787 Y116.997 E115.63963
G1 X-58.105 Y118.422 E142.11973
G1 X-58.8 Y118.574 E145.54145
;WIDTH:4.48633
G1 X-59.536 Y118.665 E149.09567
;WIDTH:4.44686
G1 X-60.416 Y118.7 E153.27315
;WIDTH:4.40113
G1 X-61.306 Y118.653 E157.44981
;WIDTH:4.35569
G1 X-61.442 Y118.638 E158.08326
;WIDTH:4.37494
G1 X-60.94 Y118.759 E160.48631
;WIDTH:4.40113
G1 X-60.438 Y118.88 E162.90623
;WIDTH:4.44686
G1 X-59.568 Y119.089 E167.15038
;WIDTH:4.48633
G1 X-58.855 Y119.29 E170.7007
;WIDTH:4.5
G1 X-58.19 Y119.545 E174.12621
G1 X-57.5 Y119.88 E177.81533
G1 X-56.858 Y120.256 E181.39373
G1 X-56.268 Y120.666 E184.84933
G1 X-55.728 Y121.103 E188.19046
G1 X-55.239 Y121.559 E191.40631
G1 X-51.869 Y124.929 E214.32865
G1 X-51.41 Y125.421 E217.56489
G1 X-51.031 Y125.886 E220.45015
G1 X-50.718 Y126.319 E223.01987
G1 X-50.348 Y126.907 E226.36126
G1 X-50.075 Y127.411 E229.1181
G1 X-49.792 Y128.026 E232.37418
G1 X-49.573 Y128.599 E235.32454
G1 X-49.407 Y129.13 E238.00036
G1 X-48.14 Y133.855 E261.52883
G1 X-48.016 Y134.374 E264.0953
G1 X-47.923 Y134.89 E266.61707
G1 X-47.854 Y135.452 E269.34039
G1 X-47.819 Y135.965 E271.81348
G1 X-47.812 Y136.481 E274.29549
G1 X-47.833 Y136.995 E276.76972
G1 X-47.881 Y137.505 E279.23349
G1 X-47.955 Y138.005 E281.66451
G1 X-48.08 Y138.61 E284.63581
G1 X-49.374 Y143.449 E308.72752
G1 X-49.53 Y143.972 E311.35249
G1 X-49.708 Y144.466 E313.878
G1 X-49.953 Y145.037 E316.86644
G1 X-50.184 Y145.499 E319.35078
G1 X-50.449 Y145.963 E321.92078
G1 X-50.748 Y146.425 E324.5676
G1 X-51.084 Y146.883 E327.29964
G1 X-51.457 Y147.333 E330.11084
G1 X-51.869 Y147.771 E333.00299
G1 X-55.239 Y151.141 E355.92533
G1 X-55.707 Y151.579 E359.00827
G1 X-56.217 Y151.995 E362.17373
G1 X-56.625 Y152.289 E364.59247
G1 X-57.055 Y152.566 E367.05259
G1 X-57.551 Y152.847 E369.79442
G1 X-58.113 Y153.121 E372.80159
G1 X-58.59 Y153.32 E375.28744
G1 X-59.157 Y153.518 E378.17601
G1 X-64.165 Y154.87 E403.12509
G1 X-64.665 Y154.99 E405.59821
G1 X-65.286 Y155.1 E408.6315
G1 X-65.979 Y155.174 E411.98354
G1 X-66.482 Y155.197 E414.40533
G1 X-67.016 Y155.192 E416.9738
G1 X-67.58 Y155.154 E419.6926
G1 X-68.169 Y155.08 E422.54776
G1 X-69.155 Y154.87 E427.39645
G1 X-73.759 Y153.636 E450.32171
G1 X-74.43 Y153.43 E453.69765
G1 X-75.093 Y153.172 E457.11939
G1 X-75.743 Y152.861 E460.58508
G1 X-76.314 Y152.536 E463.74509
G1 X-76.978 Y152.089 E467.59493
G1 X-77.55 Y151.633 E471.11329
G1 X-78.081 Y151.141 E474.59498
G1 X-81.451 Y147.771 E497.51732
G1 X-81.869 Y147.326 E500.45377
G1 X-82.308 Y146.79 E503.78606
G1 X-82.697 Y146.238 E507.034
G1 X-83.039 Y145.677 E510.19408
G1 X-83.333 Y145.11 E513.26596
G1 X-83.582 Y144.543 E516.24442
G1 X-83.787 Y143.98 E519.12618
G1 X-83.946 Y143.449 E521.79214
G1 X-85.18 Y138.845 E544.7174
G1 X-85.318 Y138.259 E547.61296
G1 X-85.41 Y137.721 E550.23812
G1 X-85.481 Y137.078 E553.34953
G1 X-85.507 Y136.512 E556.07467
G1 X-85.497 Y135.889 E559.07147
G1 X-85.448 Y135.269 E562.06276
G1 X-85.363 Y134.684 E564.90596
G1 X-85.18 Y133.855 E568.98916
G1 X-83.946 Y129.251 E591.91442
G1 X-83.778 Y128.691 E594.72642
G1 X-83.578 Y128.147 E597.5141
G1 X-83.349 Y127.623 E600.26452
G1 X-83.092 Y127.12 E602.98127
G1 X-82.804 Y126.627 E605.72738
G1 X-82.519 Y126.198 E608.20454
G1 X-82.205 Y125.777 E610.73058
G1 X-81.876 Y125.382 E613.20307
G1 X-81.451 Y124.929 E616.19061
G1 X-78.081 Y121.559 E639.11295
G1 X-77.692 Y121.191 E641.68845
G1 X-77.23 Y120.803 E644.59018
G1 X-76.447 Y120.247 E649.20902
G1 X-76.009 Y119.984 E651.66625
G1 X-75.538 Y119.734 E654.23093
G1 X-75.034 Y119.503 E656.89748
G1 X-74.496 Y119.293 E659.67521
G1 X-73.925 Y119.11 E662.55912
G1 X-69.155 Y117.83 E686.31284
G1 X-68.437 Y117.674 E689.84674
;WIDTH:4.48491
G1 X-67.602 Y117.578 E693.87344
;WIDTH:4.44045
G1 X-66.751 Y117.554 E697.90486
;WIDTH:4.39635
G1 X-65.892 Y117.601 E701.93132
G1 X-66.731 Y117.394 E705.97591
;WIDTH:4.44045
G1 X-67.571 Y117.192 E710.06703
;WIDTH:4.48491
G1 X-68.411 Y116.99 E714.20606
;WIDTH:4.5
G1 X-69.115 Y116.78 E717.73949
G1 X-69.805 Y116.507 E721.30847
G1 X-70.455 Y116.191 E724.78461
G1 X-71.062 Y115.839 E728.15944
G1 X-71.624 Y115.456 E731.43048
G1 X-72.14 Y115.049 E734.59136
G1 X-72.612 Y114.623 E737.64941
G1 X-76.627 Y110.609 E764.95557
G1 X-77.04 Y110.17 E767.85452
G1 X-77.383 Y109.759 E770.42924
G1 X-77.845 Y109.121 E774.21786
G1 X-78.218 Y108.51 E777.66088
G1 X-78.518 Y107.931 E780.79728
G1 X-78.766 Y107.361 E783.78703
G1 X-78.943 Y106.879 E786.25665
G1 X-79.098 Y106.377 E788.78357
G1 X-80.547 Y100.97 E815.70702
G1 X-80.68 Y100.408 E818.48471
G1 X-80.779 Y99.835 E821.28148
G1 X-80.844 Y99.255 E824.08854
G1 X-80.874 Y98.67 E826.90589
G1 X-80.868 Y98.085 E829.71969
G1 X-80.826 Y97.501 E832.53578
G1 X-80.75 Y96.923 E835.33969
G1 X-80.639 Y96.353 E838.13269
G1 X-79.122 Y90.662 E866.46021
G1 X-78.964 Y90.134 E869.11097
G1 X-78.778 Y89.62 E871.74002
G1 X-78.566 Y89.122 E874.34323
G1 X-78.329 Y88.644 E876.90932
G1 X-78.069 Y88.185 E879.44653
G1 X-77.79 Y87.747 E881.94424
G1 X-77.492 Y87.332 E884.40154
G1 X-77.179 Y86.941 E886.81045
G1 X-76.74 Y86.455 E889.96038
G1 X-72.734 Y82.448 E917.21212
G1 X-72.297 Y82.037 E920.09747
G1 X-71.847 Y81.664 E922.90867
G1 X-71.39 Y81.328 E925.63683
G1 X-70.928 Y81.029 E928.28365
G1 X-70.465 Y80.764 E930.84947
G1 X-70.004 Y80.533 E933.32951
G1 X-69.433 Y80.288 E936.31795
G1 X-68.877 Y80.09 E939.15663
G1 X-68.413 Y79.953 E941.48355
G1 X-63.095 Y78.528 E967.96365
G1 X-62.499 Y78.388 E970.90823
G1 X-62.006 Y78.302 E973.3152
G1 X-61.5 Y78.241 E975.76651
G1 X-60.987 Y78.207 E978.23928
G1 X-60.471 Y78.2 E980.72129
G1 X-59.956 Y78.221 E983.20032
G1 X-59.446 Y78.269 E985.66409
G1 X-58.946 Y78.342 E988.09441
G1 X-58.105 Y78.528 E992.23708
G1 X-52.787 Y79.953 E1018.71718
G1 X-52.221 Y80.123 E1021.55959
G1 X-51.688 Y80.319 E1024.29097
G1 X-51.19 Y80.536 E1026.90369
G1 X-50.729 Y80.767 E1029.38373
G1 X-50.225 Y81.057 E1032.18044
G1 X-49.773 Y81.354 E1034.78172
G1 X-49.368 Y81.651 E1037.19727
G1 X-48.952 Y81.994 E1039.7905
G1 X-48.466 Y82.448 E1042.98924
G1 X-44.573 Y86.341 E1069.46897
G1 X-44.2 Y86.735 E1072.07847
G1 X-43.868 Y87.127 E1074.54919
G1 X-43.53 Y87.575 E1077.24838
G1 X-43.248 Y87.995 E1079.68153
G1 X-42.97 Y88.462 E1082.29549
G1 X-42.703 Y88.975 E1085.07703
G1 X-42.455 Y89.537 E1088.03154
G1 X-42.274 Y90.02 E1090.51236
G1 X-42.078 Y90.662 E1093.74085
G1 X-40.653 Y95.98 E1120.22095
G1 X-40.52 Y96.54 E1122.98928
G1 X-40.42 Y97.121 E1125.82478
G1 X-40.361 Y97.635 E1128.31318
G1 X-40.338 Y98.025 E1130.19221
G1 E1128.19221 F2400
G92 E0
G1 X-44.184 Y98.475 F7800
G1 E2 F2400
G1 F3600
G1 X-44.181 Y98.566 E2.43792
G1 X-44.215 Y99.109 E5.05468
G1 X-44.298 Y99.636 E7.62061
G1 X-44.378 Y99.972 E9.28183
G1 X-45.802 Y105.29 E35.76069
G1 X-45.975 Y105.826 E38.46962
G1 X-46.181 Y106.309 E40.99515
G1 X-46.419 Y106.75 E43.40538
G1 X-46.716 Y107.2 E45.99862
G1 X-47.043 Y107.609 E48.5172
G1 X-47.856 Y108.439 E54.10525
G1 X-51.192 Y111.775 E76.79633
G1 X-51.592 Y112.14 E79.40077
G1 X-52.141 Y112.542 E82.67348
G1 X-52.78 Y112.9 E86.19632
G1 X-53.429 Y113.165 E89.56798
G1 X-53.785 Y113.273 E91.35728
G1 X-59.103 Y114.697 E117.83614
G1 X-59.96 Y114.859 E122.03101
G1 X-60.489 Y114.893 E124.58057
G1 X-61.027 Y114.879 E127.16904
G1 X-61.565 Y114.813 E129.77603
G1 X-62.097 Y114.697 E132.39489
G1 X-67.415 Y113.273 E158.87375
G1 X-68.25 Y112.979 E163.13148
G1 X-69.004 Y112.577 E167.24119
G1 X-69.651 Y112.103 E171.09878
G1 X-70.564 Y111.219 E177.21107
G1 X-73.901 Y107.883 E199.90555
G1 X-74.256 Y107.493 E202.44205
G1 X-74.631 Y106.989 E205.4635
G1 X-74.95 Y106.447 E208.48833
G1 X-75.184 Y105.934 E211.20025
G1 X-75.35 Y105.457 E213.62941
G1 X-76.822 Y99.972 E240.94386
G1 X-76.933 Y99.474 E243.39785
G1 X-77.001 Y98.943 E245.97263
G1 X-77.015 Y98.241 E249.34968
G1 X-76.962 Y97.659 E252.16048
G1 X-76.822 Y96.978 E255.50435
G1 X-75.398 Y91.66 E281.98321
G1 X-75.23 Y91.136 E284.62983
G1 X-75.018 Y90.639 E287.22862
G1 X-74.766 Y90.174 E289.77242
G1 X-74.48 Y89.744 E292.25625
G1 X-74.167 Y89.352 E294.66892
G1 X-70.008 Y85.174 E323.02264
G1 X-69.611 Y84.813 E325.60346
G1 X-69.201 Y84.503 E328.07564
G1 X-68.716 Y84.202 E330.82105
G1 X-68.232 Y83.963 E333.41727
G1 X-67.761 Y83.782 E335.84413
G1 X-62.097 Y82.253 E364.06118
G1 X-61.592 Y82.141 E366.54907
G1 X-61.063 Y82.074 E369.1137
G1 X-60.523 Y82.056 E371.71236
G1 X-59.984 Y82.088 E374.30933
G1 X-59.46 Y82.169 E376.85952
G1 X-59.103 Y82.253 E378.62346
G1 X-53.785 Y83.677 E405.10232
G1 X-53.251 Y83.849 E407.80062
G1 X-52.77 Y84.054 E410.31541
G1 X-52.296 Y84.311 E412.90873
G1 X-51.852 Y84.608 E415.47794
G1 X-51.451 Y84.931 E417.95447
G1 X-47.299 Y89.067 E446.14152
G1 X-46.944 Y89.457 E448.67802
G1 X-46.64 Y89.856 E451.09061
G1 X-46.371 Y90.282 E453.51382
G1 X-46.117 Y90.779 E456.1983
G1 X-45.92 Y91.275 E458.76517
G1 X-45.802 Y91.66 E460.70191
G1 X-44.378 Y96.978 E487.18077
G1 X-44.265 Y97.487 E489.68849
G1 X-44.198 Y98.021 E492.27698
G1 X-44.198 Y98.025 E492.29622
G1 E490.29622 F2400
G92 E0
G1 X-48.037 Y98.472 F7800
G1 E2 F2400
;TYPE:External perimeter
G1 F1800
G1 X-48.037 Y98.475 E2.01443
G1 X-48.102 Y98.974 E4.43472
G1 X-49.527 Y104.292 E30.91482
G1 X-49.722 Y104.76 E33.35332
G1 X-50.026 Y105.156 E35.75445
G1 X-53.919 Y109.049 E62.23418
G1 X-54.291 Y109.339 E64.50281
G1 X-54.783 Y109.548 E67.07382
G1 X-60.101 Y110.973 E93.55392
G1 X-60.563 Y111.038 E95.79787
G1 X-61.099 Y110.973 E98.39473
G1 X-66.417 Y109.548 E124.87483
G1 X-66.825 Y109.387 E126.98443
G1 X-67.256 Y109.073 E129.54919
G1 X-71.174 Y105.156 E156.19557
G1 X-71.492 Y104.736 E158.72932
G1 X-71.673 Y104.292 E161.03543
G1 X-73.098 Y98.974 E187.51553
G1 X-73.162 Y98.397 E190.30772
G1 X-73.098 Y97.976 E192.35585
G1 X-71.673 Y92.658 E218.83595
G1 X-71.48 Y92.193 E221.25743
G1 X-71.174 Y91.794 E223.67587
G1 X-67.281 Y87.901 E250.1556
G1 X-66.873 Y87.59 E252.62303
G1 X-66.417 Y87.402 E254.99532
G1 X-61.099 Y85.977 E281.47542
G1 X-60.6 Y85.912 E283.89571
G1 X-60.101 Y85.977 E286.316
G1 X-54.783 Y87.402 E312.7961
G1 X-54.32 Y87.594 E315.20685
G1 X-53.919 Y87.901 E317.63585
G1 X-50.026 Y91.794 E344.11558
G1 X-49.717 Y92.199 E346.5657
G1 X-49.527 Y92.658 E348.955
G1 X-48.102 Y97.976 E375.4351
G1 X-48.096 Y98.026 E375.67731
G1 X-48.668 Y100.971 F7800
G1 E373.67731 F2400
G92 E0
G1 X-66.66 Y151.335 F7800
G1 E2 F2400
;TYPE:Perimeter
G1 F3600
G1 X-66.874 Y151.338 E3.02937
G1 X-67.387 Y151.296 E5.50498
G1 X-68.157 Y151.145 E9.27896
G1 X-72.761 Y149.911 E32.20422
G1 X-73.363 Y149.714 E35.25072
G1 X-73.951 Y149.446 E38.3587
G1 X-74.513 Y149.11 E41.50798
G1 X-75.036 Y148.71 E44.6748
G1 X-75.916 Y147.853 E50.58275
G1 X-78.724 Y145.044 E69.68584
G1 X-79.11 Y144.618 E72.45075
G1 X-79.472 Y144.125 E75.39249
G1 X-79.769 Y143.618 E78.21858
G1 X-80.003 Y143.107 E80.92175
G1 X-80.179 Y142.602 E83.49391
G1 X-81.455 Y137.847 E107.17296
G1 X-81.577 Y137.277 E109.97656
G1 X-81.636 Y136.787 E112.35031
G1 X-81.65 Y136.198 E115.184
G1 X-81.601 Y135.578 E118.17529
G1 X-81.486 Y134.972 E121.14196
G1 X-80.221 Y130.249 E144.65865
G1 X-80.043 Y129.694 E147.46194
G1 X-79.813 Y129.17 E150.21429
G1 X-79.536 Y128.675 E152.94249
G1 X-79.219 Y128.219 E155.61358
G1 X-78.86 Y127.796 E158.28201
G1 X-75.354 Y124.286 E182.14302
G1 X-74.844 Y123.832 E185.42705
G1 X-74.374 Y123.499 E188.19747
G1 X-73.828 Y123.191 E191.21255
G1 X-73.203 Y122.926 E194.47763
G1 X-71.994 Y122.583 E200.52199
G1 X-68.157 Y121.555 E219.6275
G1 X-67.227 Y121.386 E224.17374
G1 X-66.715 Y121.358 E226.63996
G1 X-66.196 Y121.376 E229.13767
G1 X-65.676 Y121.442 E231.65876
G1 X-65.163 Y121.555 E234.18526
G1 X-60.559 Y122.789 E257.11052
G1 X-59.736 Y123.077 E261.30424
G1 X-58.937 Y123.504 E265.66151
G1 X-58.259 Y124.012 E269.73625
G1 X-57.966 Y124.286 E271.66567
G1 X-54.596 Y127.656 E294.58801
G1 X-54.201 Y128.093 E297.4212
G1 X-53.824 Y128.612 E300.50647
G1 X-53.519 Y129.145 E303.46006
G1 X-53.28 Y129.689 E306.31789
G1 X-53.118 Y130.177 E308.79095
G1 X-51.865 Y134.853 E332.07435
G1 X-51.755 Y135.347 E334.50851
G1 X-51.69 Y135.846 E336.9288
G1 X-51.668 Y136.351 E339.35998
G1 X-51.69 Y136.854 E341.78155
G1 X-51.767 Y137.417 E344.5146
G1 X-51.865 Y137.847 E346.63578
G1 X-53.099 Y142.451 E369.56104
G1 X-53.255 Y142.945 E372.05267
G1 X-53.479 Y143.473 E374.81125
G1 X-53.743 Y143.959 E377.47135
G1 X-54.072 Y144.443 E380.28612
G1 X-54.408 Y144.848 E382.81712
G1 X-57.966 Y148.414 E407.04544
G1 X-58.397 Y148.804 E409.84109
G1 X-58.797 Y149.103 E412.24304
G1 X-59.235 Y149.374 E414.72029
G1 X-59.69 Y149.602 E417.16807
G1 X-60.2 Y149.803 E419.80463
G1 X-65.163 Y151.145 E444.53223
G1 X-65.707 Y151.263 E447.20953
G1 X-66.21 Y151.323 E449.64594
G1 E447.64594 F2400
G92 E0
G1 X-66.658 Y147.483 F7800
G1 E2 F2400
;TYPE:External perimeter
G1 F1800
G1 X-66.677 Y147.486 E2.09252
G1 X-67.159 Y147.42 E4.43241
G1 X-71.763 Y146.187 E27.35642
G1 X-72.223 Y145.997 E29.75016
G1 X-72.627 Y145.688 E32.19646
G1 X-75.998 Y142.317 E55.12561
G1 X-76.315 Y141.898 E57.65263
G1 X-76.497 Y141.453 E59.96502
G1 X-77.73 Y136.849 E82.88903
G1 X-77.791 Y136.496 E84.612
G1 X-77.758 Y135.971 E87.14205
G1 X-77.73 Y135.851 E87.73471
G1 X-76.497 Y131.247 E110.65872
G1 X-76.289 Y130.756 E113.22342
G1 X-75.998 Y130.383 E115.4988
G1 X-72.627 Y127.012 E138.42795
G1 X-72.213 Y126.697 E140.92999
G1 X-71.763 Y126.513 E143.26828
G1 X-67.159 Y125.28 E166.19229
G1 X-66.678 Y125.214 E168.52741
G1 X-66.161 Y125.28 E171.03418
G1 X-61.557 Y126.513 E193.95819
G1 X-61.145 Y126.677 E196.09099
G1 X-60.79 Y126.921 E198.16284
G1 X-60.693 Y127.012 E198.80254
G1 X-57.322 Y130.383 E221.73169
G1 X-57.018 Y130.778 E224.12901
G1 X-56.823 Y131.247 E226.57195
G1 X-55.59 Y135.851 E249.49596
G1 X-55.524 Y136.35 E251.91688
G1 X-55.59 Y136.849 E254.3378
G1 X-56.823 Y141.453 E277.26181
G1 X-57.024 Y141.933 E279.76469
G1 X-57.322 Y142.317 E282.1025
G1 X-60.693 Y145.688 E305.03165
G1 X-61.116 Y146.007 E307.57982
G1 X-61.557 Y146.187 E309.87076
G1 X-66.161 Y147.42 E332.79477
G1 X-66.211 Y147.427 E333.0376
G1 X-69.156 Y146.855 F7800
G1 E331.0376 F2400
G92 E0
G1 X-130.84 Y193.94 F7800
G1 E2 F2400
G1 F1800
G1 X-130.817 Y193.738 E2.97783
G1 X-130.741 Y193.487 E4.23918
G1 X-126.828 Y183.169 E57.31407
G1 X-126.571 Y182.701 E59.88205
G1 X-126.304 Y182.409 E61.78508
G1 X-118.043 Y175.091 E114.86532
G1 X-117.63 Y174.811 E117.26518
G1 X-117.226 Y174.662 E119.33622
G1 X-106.511 Y172.021 E172.41403
G1 X-106.004 Y171.966 E174.86683
G1 X-105.589 Y172.021 E176.88029
G1 X-94.874 Y174.662 E229.9581
G1 X-94.414 Y174.841 E232.33215
G1 X-93.947 Y175.188 E235.13044
G1 X-85.796 Y182.409 E287.5053
G1 X-85.454 Y182.807 E290.02919
G1 X-85.272 Y183.169 E291.97795
G1 X-81.359 Y193.487 E345.05284
G1 X-81.243 Y193.978 E347.47939
G1 X-81.248 Y194.403 E349.52364
G1 X-82.578 Y205.358 E402.60032
G1 X-82.709 Y205.861 E405.10028
G1 X-82.905 Y206.221 E407.07175
G1 X-89.174 Y215.303 E460.1489
G1 X-89.466 Y215.637 E462.28268
G1 X-89.865 Y215.915 E464.6216
G1 X-99.622 Y221.027 E517.60027
;WIDTH:4.48414
G1 X-100.183 Y221.213 E520.43123
;WIDTH:4.47313
G1 X-100.284 Y221.22 E520.91478
;WIDTH:4.45824
G1 X-101.078 Y221.292 E524.70779
;WIDTH:4.41004
G1 X-101.872 Y221.365 E528.4533
;WIDTH:4.36185
G1 X-102.665 Y221.437 E532.14585
;WIDTH:4.31366
G1 X-103.459 Y221.509 E535.79509
;WIDTH:4.26547
G1 X-104.253 Y221.581 E539.39641
;WIDTH:4.21728
G1 X-105.047 Y221.653 E542.94981
;WIDTH:4.16909
G1 X-105.84 Y221.725 E546.45091
;WIDTH:4.12089
G1 X-106.26 Y221.725 E548.27237
;WIDTH:4.16909
G1 X-107.053 Y221.653 E551.77347
;WIDTH:4.21728
G1 X-107.847 Y221.581 E555.32687
;WIDTH:4.26547
G1 X-108.641 Y221.509 E558.92819
;WIDTH:4.31366
G1 X-109.434 Y221.437 E562.57288
;WIDTH:4.36185
G1 X-110.228 Y221.365 E566.27005
;WIDTH:4.41004
G1 X-111.022 Y221.292 E570.01556
;WIDTH:4.45824
G1 X-111.816 Y221.22 E573.80857
;WIDTH:4.46813
G1 X-112.159 Y221.151 E575.47743
;WIDTH:4.47817
G1 X-112.477 Y221.025 E577.11327
;WIDTH:4.5
G1 X-122.235 Y215.915 E630.09174
G1 X-122.634 Y215.637 E632.43066
G1 X-122.926 Y215.303 E634.56444
G1 X-129.195 Y206.221 E687.64159
G1 X-129.43 Y205.756 E690.14746
G1 X-129.522 Y205.358 E692.11218
G1 X-130.852 Y194.403 E745.18886
G1 X-130.853 Y194.388 E745.26117
G1 X-129.967 Y191.522 F7800
G1 E743.26117 F2400
G92 E0
G1 X59.169 Y123.376 F7800
G1 E2 F2400
;TYPE:Perimeter
G1 F3600
G1 X59.322 Y123.278 E2.87389
G1 X60.134 Y122.92 E7.14206
G1 X61.423 Y122.557 E13.58285
G1 X65.163 Y121.555 E32.20536
G1 X65.676 Y121.442 E34.73186
G1 X66.196 Y121.376 E37.25295
G1 X66.715 Y121.358 E39.75066
G1 X67.227 Y121.386 E42.21688
G1 X67.727 Y121.457 E44.64583
G1 X68.924 Y121.76 E50.58457
G1 X72.761 Y122.789 E69.69133
G1 X73.526 Y123.052 E73.58208
G1 X74.111 Y123.341 E76.72034
G1 X74.618 Y123.663 E79.60907
G1 X75.121 Y124.065 E82.70603
G1 X78.724 Y127.656 E107.17244
G1 X79.084 Y128.05 E109.73936
G1 X79.397 Y128.463 E112.23176
G1 X79.709 Y128.97 E115.09499
G1 X79.957 Y129.481 E117.82688
G1 X80.221 Y130.249 E121.73284
G1 X81.455 Y134.853 E144.6581
G1 X81.565 Y135.351 E147.11104
G1 X81.638 Y135.949 E150.00857
G1 X81.649 Y136.528 E152.79386
G1 X81.607 Y137.072 E155.4181
G1 X81.513 Y137.609 E158.04016
G1 X80.221 Y142.451 E182.14332
G1 X80.068 Y142.938 E184.5985
G1 X79.853 Y143.448 E187.26048
G1 X79.578 Y143.957 E190.04305
G1 X79.238 Y144.455 E192.94325
G1 X78.833 Y144.933 E195.95653
G1 X75.354 Y148.414 E219.62708
G1 X74.867 Y148.85 E222.77094
G1 X74.33 Y149.229 E225.93221
G1 X73.758 Y149.543 E229.0706
G1 X73.163 Y149.788 E232.16546
G1 X72.761 Y149.911 E234.18742
G1 X68.157 Y151.145 E257.11268
G1 X67.565 Y151.271 E260.02377
G1 X67.041 Y151.33 E262.55996
G1 X66.4 Y151.336 E265.64309
G1 X65.836 Y151.283 E268.36769
G1 X65.163 Y151.145 E271.67194
G1 X60.559 Y149.911 E294.5972
G1 X59.976 Y149.722 E297.5449
G1 X59.481 Y149.504 E300.14634
G1 X58.968 Y149.215 E302.97828
G1 X58.552 Y148.927 E305.4118
G1 X58.103 Y148.547 E308.24093
G1 X54.596 Y145.044 E332.08153
G1 X54.234 Y144.647 E334.66559
G1 X53.923 Y144.237 E337.14068
G1 X53.622 Y143.751 E339.89018
G1 X53.384 Y143.266 E342.48859
G1 X53.192 Y142.764 E345.07361
G1 X53.099 Y142.451 E346.64408
G1 X51.865 Y137.847 E369.56934
G1 X51.719 Y137.119 E373.14049
G1 X51.672 Y136.583 E375.72836
G1 X51.676 Y136.042 E378.33046
G1 X51.726 Y135.532 E380.79515
G1 X51.818 Y135.04 E383.20252
G1 X53.099 Y130.249 E407.05505
G1 X53.279 Y129.689 E409.88418
G1 X53.519 Y129.145 E412.74395
G1 X53.824 Y128.612 E415.69754
G1 X54.201 Y128.093 E418.78281
G1 X54.596 Y127.656 E421.616
G1 X57.966 Y124.286 E444.53834
G1 X58.583 Y123.75 E448.46929
G1 X58.79 Y123.618 E449.65009
G1 E447.65009 F2400
G92 E0
G1 X61.097 Y126.713 F7800
G1 E2 F2400
;TYPE:External perimeter
G1 F1800
G1 X61.415 Y126.557 E3.7036
G1 X62.421 Y126.282 E8.71964
G1 X66.161 Y125.28 E27.34215
G1 X66.678 Y125.214 E29.84892
G1 X67.159 Y125.28 E32.18404
G1 X71.763 Y126.513 E55.10805
G1 X72.213 Y126.697 E57.44634
G1 X72.627 Y127.012 E59.94838
G1 X75.998 Y130.383 E82.87753
G1 X76.308 Y130.788 E85.33057
G1 X76.497 Y131.247 E87.71803
G1 X77.73 Y135.851 E110.64204
G1 X77.796 Y136.35 E113.06296
G1 X77.73 Y136.849 E115.48388
G1 X76.497 Y141.453 E138.40789
G1 X76.315 Y141.898 E140.72028
G1 X75.998 Y142.317 E143.2473
G1 X72.627 Y145.688 E166.17645
G1 X72.223 Y145.997 E168.62275
G1 X71.763 Y146.187 E171.01649
G1 X67.159 Y147.42 E193.9405
G1 X66.624 Y147.486 E196.53317
G1 X66.161 Y147.42 E198.78255
G1 X61.557 Y146.187 E221.70656
G1 X61.085 Y145.99 E224.16652
G1 X60.693 Y145.688 E226.54654
G1 X57.322 Y142.317 E249.47569
G1 X57.011 Y141.909 E251.94312
G1 X56.823 Y141.453 E254.31541
G1 X55.59 Y136.849 E277.23942
G1 X55.541 Y136.606 E278.43169
G1 X55.54 Y136.104 E280.84614
G1 X55.795 Y135.084 E285.90297
G1 X56.823 Y131.247 E305.00848
G1 X57.018 Y130.778 E307.45142
G1 X57.322 Y130.383 E309.84874
G1 X60.693 Y127.012 E332.77789
G1 X60.735 Y126.978 E333.03779
G1 X63.572 Y126.003 F7800
G1 E331.03779 F2400
G92 E0
G1 X65.818 Y117.614 F7800
G1 E2 F2400
;TYPE:Perimeter
;WIDTH:4.34874
G1 F900
G1 X65.559 Y117.666 E3.22072
;WIDTH:4.31388
G1 X65.301 Y117.717 E4.42457
;WIDTH:4.27903
G1 X65.042 Y117.768 E5.62144
;WIDTH:4.24417
G1 X64.203 Y117.973 E9.49987
;WIDTH:4.20488
G1 X63.057 Y118.28 E14.76939
;WIDTH:4.24707
G1 X62.187 Y118.491 E18.79269
;WIDTH:4.28096
G1 X61.939 Y118.54 E19.93948
;WIDTH:4.31485
G1 X61.69 Y118.589 E21.10145
;WIDTH:4.34874
G1 X61.442 Y118.638 E22.26961
G1 E20.26961 F2400
G92 E0
G1 X70.736 Y80.919 F7800
G1 E2 F2400
;WIDTH:4.5
G1 F3600
G1 X71.044 Y81.1 E3.71823
G1 X71.505 Y81.408 E6.38482
G1 X71.961 Y81.753 E9.13501
G1 X72.408 Y82.136 E11.96617
G1 X76.627 Y86.34 E40.61234
G1 X77.071 Y86.815 E43.73958
G1 X77.492 Y87.332 E46.94633
G1 X77.79 Y87.747 E49.40363
G1 X78.069 Y88.185 E51.90134
G1 X78.329 Y88.644 E54.43855
G1 X78.566 Y89.122 E57.00464
G1 X78.778 Y89.62 E59.60785
G1 X78.964 Y90.134 E62.2369
G1 X79.122 Y90.662 E64.88766
G1 X80.547 Y95.98 E91.36776
G1 X80.68 Y96.542 E94.14545
G1 X80.779 Y97.115 E96.94222
G1 X80.844 Y97.695 E99.74928
G1 X80.874 Y98.28 E102.56663
G1 X80.868 Y98.865 E105.38043
G1 X80.826 Y99.449 E108.19652
G1 X80.75 Y100.027 E111.00043
G1 X80.639 Y100.597 E113.79343
G1 X79.122 Y106.288 E142.12095
G1 X78.979 Y106.771 E144.54369
G1 X78.766 Y107.361 E147.56065
G1 X78.518 Y107.931 E150.5504
G1 X78.218 Y108.51 E153.6868
G1 X77.845 Y109.121 E157.12982
G1 X77.383 Y109.759 E160.91844
G1 X77.04 Y110.17 E163.49316
G1 X76.627 Y110.609 E166.39211
G1 X72.734 Y114.502 E192.87184
G1 X72.14 Y115.049 E196.7556
G1 X71.624 Y115.456 E199.91648
G1 X71.062 Y115.839 E203.18752
G1 X70.455 Y116.191 E206.56235
G1 X69.805 Y116.507 E210.03849
G1 X69.115 Y116.78 E213.60747
G1 X68.411 Y116.99 E217.1409
;WIDTH:4.48491
G1 X67.571 Y117.192 E221.27993
;WIDTH:4.44046
G1 X66.731 Y117.394 E225.37106
;WIDTH:4.39636
G1 X65.892 Y117.601 E229.41566
G1 X66.751 Y117.554 E233.44213
;WIDTH:4.44046
G1 X67.602 Y117.578 E237.47355
;WIDTH:4.48491
G1 X68.437 Y117.674 E241.50025
;WIDTH:4.5
G1 X69.155 Y117.83 E245.03415
G1 X73.759 Y119.064 E267.95941
G1 X74.496 Y119.293 E271.6713
G1 X75.034 Y119.503 E274.44903
G1 X75.538 Y119.734 E277.11558
G1 X76.009 Y119.984 E279.68026
G1 X76.447 Y120.247 E282.13749
G1 X77.23 Y120.803 E286.75633
G1 X77.692 Y121.191 E289.65806
G1 X78.081 Y121.559 E292.23356
G1 X81.451 Y124.929 E315.1559
G1 X81.876 Y125.382 E318.14344
G1 X82.205 Y125.777 E320.61593
G1 X82.519 Y126.198 E323.14197
G1 X82.804 Y126.627 E325.61913
G1 X83.092 Y127.12 E328.36524
G1 X83.349 Y127.623 E331.08199
G1 X83.578 Y128.147 E333.83241
G1 X83.778 Y128.691 E336.62009
G1 X83.946 Y129.251 E339.43209
G1 X85.18 Y133.855 E362.35735
G1 X85.32 Y134.454 E365.31598
G1 X85.422 Y135.064 E368.2906
G1 X85.485 Y135.682 E371.27837
G1 X85.508 Y136.305 E374.27683
G1 X85.491 Y136.93 E377.28398
G1 X85.433 Y137.553 E380.29335
G1 X85.353 Y138.074 E382.82855
G1 X85.231 Y138.644 E385.63215
G1 X83.946 Y143.449 E409.5547
G1 X83.787 Y143.98 E412.22066
G1 X83.582 Y144.543 E415.10242
G1 X83.333 Y145.11 E418.08088
G1 X83.039 Y145.677 E421.15276
G1 X82.697 Y146.238 E424.31284
G1 X82.308 Y146.79 E427.56078
G1 X81.869 Y147.326 E430.89307
G1 X81.451 Y147.771 E433.82952
G1 X78.081 Y151.141 E456.75186
G1 X77.686 Y151.514 E459.36485
G1 X77.269 Y151.866 E461.9895
G1 X76.679 Y152.3 E465.51224
G1 X76.061 Y152.687 E469.01931
G1 X75.42 Y153.023 E472.50018
G1 X74.763 Y153.307 E475.94272
G1 X74.095 Y153.54 E479.34541
G1 X69.155 Y154.87 E503.95117
G1 X68.471 Y155.027 E507.32653
G1 X67.872 Y155.122 E510.24352
G1 X67.295 Y155.177 E513.03127
G1 X66.745 Y155.198 E515.67851
G1 X66.227 Y155.189 E518.17029
G1 X65.509 Y155.129 E521.63566
G1 X64.864 Y155.03 E524.77422
G1 X64.165 Y154.87 E528.22312
G1 X59.561 Y153.636 E551.14838
G1 X58.962 Y153.455 E554.15802
G1 X58.411 Y153.249 E556.9873
G1 X57.876 Y153.011 E559.8036
G1 X57.353 Y152.74 E562.63669
G1 X56.909 Y152.476 E565.12116
G1 X56.486 Y152.193 E567.56898
G1 X56.085 Y151.893 E569.97766
G1 X55.586 Y151.471 E573.12085
G1 X51.869 Y147.771 E598.3457
G1 X51.457 Y147.333 E601.23785
G1 X51.084 Y146.883 E604.04905
G1 X50.748 Y146.425 E606.78109
G1 X50.449 Y145.963 E609.42791
G1 X50.184 Y145.499 E611.99791
G1 X49.953 Y145.037 E614.48225
G1 X49.708 Y144.466 E617.47069
G1 X49.53 Y143.972 E619.9962
G1 X49.374 Y143.449 E622.62117
G1 X48.14 Y138.845 E645.54643
G1 X48.001 Y138.25 E648.48523
G1 X47.915 Y137.756 E650.89694
G1 X47.854 Y137.251 E653.34347
G1 X47.819 Y136.738 E655.81656
G1 X47.812 Y136.222 E658.29857
G1 X47.833 Y135.708 E660.7728
G1 X47.88 Y135.206 E663.19781
G1 X47.958 Y134.678 E665.76487
G1 X48.062 Y134.166 E668.2777
G1 X49.374 Y129.251 E692.7449
G1 X49.573 Y128.599 E696.02361
G1 X49.792 Y128.026 E698.97397
G1 X50.075 Y127.411 E702.23005
G1 X50.348 Y126.907 E704.98689
G1 X50.718 Y126.319 E708.32828
G1 X51.031 Y125.886 E710.898
G1 X51.41 Y125.421 E713.78326
G1 X51.869 Y124.929 E717.0195
G1 X55.239 Y121.559 E739.94184
G1 X55.728 Y121.103 E743.15769
G1 X56.268 Y120.666 E746.49882
G1 X56.858 Y120.256 E749.95442
G1 X57.5 Y119.88 E753.53282
G1 X58.19 Y119.545 E757.22194
G1 X58.855 Y119.29 E760.64745
;WIDTH:4.48633
G1 X59.568 Y119.089 E764.19777
;WIDTH:4.44686
G1 X60.438 Y118.88 E768.44192
;WIDTH:4.40113
G1 X61.308 Y118.67 E772.63613
;WIDTH:4.35569
G1 X61.442 Y118.638 E773.27395
;WIDTH:4.37493
G1 X60.929 Y118.669 E775.66564
;WIDTH:4.40113
G1 X60.416 Y118.7 E778.07412
;WIDTH:4.44686
G1 X59.536 Y118.665 E782.2516
;WIDTH:4.48633
G1 X58.8 Y118.574 E785.80582
;WIDTH:4.5
G1 X58.105 Y118.422 E789.22754
G1 X52.787 Y116.997 E815.70764
G1 X52.194 Y116.818 E818.68687
G1 X51.635 Y116.609 E821.55724
G1 X51.112 Y116.377 E824.30907
G1 X50.624 Y116.125 E826.95065
G1 X50.047 Y115.78 E830.18406
G1 X49.553 Y115.439 E833.07112
G1 X49.132 Y115.109 E835.64391
G1 X48.613 Y114.647 E838.98586
G1 X44.573 Y110.609 E866.45866
G1 X44.145 Y110.153 E869.4666
G1 X43.722 Y109.636 E872.67943
G1 X43.415 Y109.21 E875.20496
G1 X43.133 Y108.77 E877.71855
G1 X42.87 Y108.305 E880.28798
G1 X42.606 Y107.767 E883.17033
G1 X42.411 Y107.303 E885.59108
G1 X42.233 Y106.809 E888.11659
G1 X42.078 Y106.288 E890.73097
G1 X40.653 Y100.97 E917.21107
G1 X40.52 Y100.41 E919.9794
G1 X40.42 Y99.829 E922.8149
G1 X40.361 Y99.315 E925.3033
G1 X40.329 Y98.779 E927.88587
G1 X40.329 Y98.171 E930.81014
G1 X40.361 Y97.635 E933.39271
G1 X40.42 Y97.121 E935.88111
G1 X40.52 Y96.54 E938.71661
G1 X40.653 Y95.98 E941.48494
G1 X42.078 Y90.662 E967.96504
G1 X42.232 Y90.145 E970.5596
G1 X42.408 Y89.655 E973.06375
G1 X42.652 Y89.084 E976.0503
G1 X42.916 Y88.56 E978.87235
G1 X43.191 Y88.085 E981.51219
G1 X43.473 Y87.656 E983.9814
G1 X43.812 Y87.198 E986.722
G1 X44.415 Y86.502 E991.15113
G1 X48.466 Y82.448 E1018.71576
G1 X48.844 Y82.09 E1021.21978
G1 X49.243 Y81.75 E1023.74107
G1 X49.702 Y81.403 E1026.50857
G1 X50.146 Y81.106 E1029.07778
G1 X50.642 Y80.815 E1031.84363
G1 X51.095 Y80.581 E1034.29592
G1 X51.585 Y80.361 E1036.87929
G1 X52.111 Y80.161 E1039.58588
G1 X52.671 Y79.984 E1042.41062
G1 X58.105 Y78.528 E1069.46822
G1 X58.701 Y78.388 E1072.4128
G1 X59.194 Y78.302 E1074.81977
G1 X59.7 Y78.241 E1077.27108
G1 X60.213 Y78.207 E1079.74385
G1 X60.729 Y78.2 E1082.22586
G1 X61.244 Y78.221 E1084.70489
G1 X61.754 Y78.269 E1087.16866
G1 X62.254 Y78.342 E1089.59898
G1 X63.095 Y78.528 E1093.74165
G1 X68.413 Y79.953 E1120.22175
G1 X68.99 Y80.127 E1123.12036
G1 X69.546 Y80.333 E1125.97217
G1 X70.119 Y80.588 E1128.98869
G1 X70.341 Y80.703 E1130.19119
G1 E1128.19119 F2400
G92 E0
G1 X68.808 Y84.257 F7800
G1 E2 F2400
G1 F3600
G1 X68.855 Y84.281 E2.25382
G1 X69.339 Y84.6 E5.04183
G1 X69.745 Y84.928 E7.55218
G1 X70.008 Y85.174 E9.28422
G1 X73.901 Y89.067 E35.76395
G1 X74.295 Y89.504 E38.59391
G1 X74.598 Y89.911 E41.03435
G1 X74.871 Y90.356 E43.54531
G1 X75.108 Y90.835 E46.11571
G1 X75.303 Y91.343 E48.73284
G1 X76.822 Y96.978 E76.8027
G1 X76.933 Y97.476 E79.25669
G1 X77.001 Y98.007 E81.83147
G1 X77.018 Y98.592 E84.64631
G1 X76.977 Y99.175 E87.45727
G1 X76.878 Y99.748 E90.25404
G1 X75.398 Y105.29 E117.84327
G1 X75.241 Y105.783 E120.33176
G1 X75.035 Y106.275 E122.89716
G1 X74.749 Y106.804 E125.78951
G1 X74.354 Y107.372 E129.11705
G1 X73.901 Y107.883 E132.40149
G1 X70.008 Y111.775 E158.87782
G1 X69.341 Y112.348 E163.10709
G1 X68.64 Y112.789 E167.09035
G1 X67.836 Y113.142 E171.31362
G1 X66.58 Y113.496 E177.5899
G1 X62.097 Y114.697 E199.91194
G1 X61.565 Y114.813 E202.5308
G1 X61.026 Y114.879 E205.14257
G1 X60.489 Y114.893 E207.72623
G1 X59.96 Y114.859 E210.27579
G1 X59.103 Y114.697 E214.47066
G1 X53.785 Y113.273 E240.94952
G1 X53.094 Y113.04 E244.45685
G1 X52.487 Y112.749 E247.69447
G1 X51.987 Y112.439 E250.524
G1 X51.48 Y112.045 E253.61225
G1 X47.299 Y107.883 E281.98638
G1 X46.952 Y107.503 E284.46141
G1 X46.631 Y107.081 E287.01155
G1 X46.356 Y106.642 E289.50305
G1 X46.12 Y106.177 E292.0111
G1 X45.921 Y105.678 E294.59493
G1 X45.802 Y105.29 E296.54687
G1 X44.378 Y99.972 E323.02573
G1 X44.265 Y99.463 E325.53345
G1 X44.198 Y98.929 E328.12194
G1 X44.181 Y98.384 E330.74448
G1 X44.215 Y97.841 E333.36124
G1 X44.298 Y97.314 E335.92717
G1 X45.802 Y91.66 E364.06664
G1 X45.973 Y91.128 E366.75431
G1 X46.178 Y90.648 E369.26468
G1 X46.437 Y90.169 E371.88372
G1 X46.742 Y89.714 E374.5183
G1 X47.205 Y89.164 E377.97614
G1 X51.192 Y85.174 E405.10545
G1 X51.587 Y84.815 E407.67268
G1 X52.02 Y84.488 E410.28241
G1 X52.446 Y84.223 E412.69541
G1 X52.944 Y83.974 E415.37334
G1 X53.445 Y83.78 E417.95733
G1 X53.785 Y83.677 E419.666
G1 X59.103 Y82.253 E446.14486
G1 X59.608 Y82.141 E448.63275
G1 X60.137 Y82.074 E451.19738
G1 X60.677 Y82.056 E453.79604
G1 X61.216 Y82.088 E456.39301
G1 X61.74 Y82.169 E458.9432
G1 X67.415 Y83.677 E487.18522
G1 X67.894 Y83.828 E489.60081
G1 X68.369 Y84.026 E492.07593
G1 X68.41 Y84.047 E492.29749
G1 E490.29749 F2400
G92 E0
G1 X66.878 Y87.596 F7800
G1 E2 F2400
;TYPE:External perimeter
G1 F1800
G1 X66.897 Y87.604 E2.09915
G1 X67.281 Y87.901 E4.43401
G1 X71.174 Y91.794 E30.91374
G1 X71.48 Y92.193 E33.33218
G1 X71.673 Y92.658 E35.75366
G1 X73.098 Y97.976 E62.23376
G1 X73.163 Y98.475 E64.65405
G1 X73.098 Y98.974 E67.07434
G1 X71.673 Y104.292 E93.55444
G1 X71.492 Y104.736 E95.86055
G1 X71.174 Y105.156 E98.3943
G1 X67.281 Y109.049 E124.87403
G1 X66.946 Y109.316 E126.93442
G1 X66.488 Y109.527 E129.35977
G1 X61.099 Y110.973 E156.19586
G1 X60.563 Y111.038 E158.79272
G1 X60.101 Y110.973 E161.03667
G1 X54.783 Y109.548 E187.51677
G1 X54.291 Y109.339 E190.08778
G1 X53.919 Y109.049 E192.35641
G1 X50.026 Y105.156 E218.83614
G1 X49.717 Y104.751 E221.28626
G1 X49.527 Y104.292 E223.67556
G1 X48.102 Y98.974 E250.15566
G1 X48.037 Y98.475 E252.57595
G1 X48.102 Y97.976 E254.99624
G1 X49.527 Y92.658 E281.47634
G1 X49.728 Y92.18 E283.97035
G1 X49.995 Y91.826 E286.10296
G1 X53.927 Y87.894 E312.84796
G1 X54.337 Y87.584 E315.32014
G1 X54.783 Y87.402 E317.63698
G1 X60.101 Y85.977 E344.11708
G1 X60.6 Y85.912 E346.53737
G1 X61.099 Y85.977 E348.95766
G1 X66.417 Y87.402 E375.43776
G1 X66.463 Y87.422 E375.67901
G1 X68.728 Y89.39 F7800
G1 E373.67901 F2400
G92 E0
G1 X122.615 Y215.65 F7800
G1 E2 F2400
G1 F1800
G1 X122.235 Y215.915 E4.2282
G1 X112.478 Y221.027 E57.20687
;WIDTH:4.48414
G1 X111.917 Y221.213 E60.03783
;WIDTH:4.47313
G1 X111.816 Y221.22 E60.52138
;WIDTH:4.45824
G1 X111.022 Y221.292 E64.31439
;WIDTH:4.41004
G1 X110.228 Y221.365 E68.0599
;WIDTH:4.36185
G1 X109.434 Y221.437 E71.75707
;WIDTH:4.31366
G1 X108.641 Y221.509 E75.40176
;WIDTH:4.26547
G1 X107.847 Y221.581 E79.00308
;WIDTH:4.21728
G1 X107.053 Y221.653 E82.55648
;WIDTH:4.16909
G1 X106.26 Y221.725 E86.05758
;WIDTH:4.12089
G1 X105.84 Y221.725 E87.87904
;WIDTH:4.16909
G1 X105.047 Y221.653 E91.38014
;WIDTH:4.21728
G1 X104.253 Y221.581 E94.93354
;WIDTH:4.26547
G1 X103.459 Y221.509 E98.53486
;WIDTH:4.31366
G1 X102.665 Y221.437 E102.1841
;WIDTH:4.36185
G1 X101.872 Y221.365 E105.87665
;WIDTH:4.41004
G1 X101.078 Y221.292 E109.62216
;WIDTH:4.45824
G1 X100.284 Y221.22 E113.41517
;WIDTH:4.46813
G1 X99.941 Y221.151 E115.08403
;WIDTH:4.47817
G1 X99.623 Y221.025 E116.71987
;WIDTH:4.5
G1 X89.865 Y215.915 E169.69834
G1 X89.466 Y215.637 E172.03726
G1 X89.174 Y215.303 E174.17104
G1 X82.905 Y206.221 E227.24819
G1 X82.675 Y205.773 E229.67029
G1 X82.578 Y205.358 E231.7201
G1 X81.248 Y194.403 E284.79678
G1 X81.253 Y193.896 E287.23539
G1 X81.359 Y193.487 E289.26753
G1 X85.272 Y183.169 E342.34242
G1 X85.515 Y182.719 E344.80217
G1 X85.917 Y182.302 E347.58801
G1 X94.057 Y175.091 E399.89137
G1 X94.481 Y174.806 E402.34854
G1 X94.685 Y174.719 E403.41521
G1 X105.589 Y172.021 E457.44126
G1 X106.121 Y171.967 E460.01315
G1 X106.511 Y172.021 E461.90681
G1 X117.226 Y174.662 E514.98462
G1 X117.69 Y174.843 E517.38009
G1 X118.043 Y175.091 E519.45502
G1 X126.304 Y182.409 E572.53526
G1 X126.631 Y182.786 E574.93555
G1 X126.828 Y183.169 E577.00704
G1 X130.741 Y193.487 E630.08193
G1 X130.859 Y194.002 E632.62309
G1 X130.852 Y194.403 E634.55206
G1 X129.522 Y205.358 E687.62874
G1 X129.382 Y205.881 E690.23276
G1 X129.195 Y206.221 E692.09906
G1 X122.926 Y215.303 E745.17621
G1 X122.915 Y215.316 E745.25812
G1 X120.351 Y216.873 F7800
G1 E743.25812 F2400
G92 E0
G1 X-138.31 Y216.426 F7800
G1 E2 F2400
;TYPE:Perimeter
;WIDTH:6.22377
G1 F3600
G1 X-140.676 Y216.426 E18.46651
G1 X-140.676 Y213.636 E37.88391
G1 X-140.698 Y213.49 E38.91149
;WIDTH:6.17839
G1 X-140.721 Y213.344 E39.93176
;WIDTH:6.133
G1 X-140.744 Y213.199 E40.9369
;WIDTH:6.08762
G1 X-140.767 Y213.053 E41.94044
;WIDTH:6.04223
G1 X-140.789 Y212.907 E42.93459
;WIDTH:5.99685
G1 X-140.812 Y212.762 E43.9148
;WIDTH:5.95146
G1 X-140.835 Y212.616 E44.89324
;WIDTH:5.90608
G1 X-140.857 Y212.471 E45.85582
;WIDTH:5.8607
G1 X-140.882 Y212.301 E46.97387
;WIDTH:5.81103
G1 X-140.907 Y212.132 E48.0749
;WIDTH:5.76137
G1 X-140.932 Y211.963 E49.16535
;WIDTH:5.71171
G1 X-140.957 Y211.794 E50.24522
;WIDTH:5.66204
G1 X-140.981 Y211.625 E51.31361
;WIDTH:5.61238
G1 X-141.003 Y211.456 E52.36975
;WIDTH:5.56878
G1 X-141.025 Y211.287 E53.41663
;WIDTH:5.52519
G1 X-141.047 Y211.118 E54.45424
;WIDTH:5.48159
G1 X-141.069 Y210.949 E55.48258
;WIDTH:5.43799
G1 X-141.09 Y210.779 E56.50683
;WIDTH:5.3944
G1 X-141.114 Y210.568 E57.76511
;WIDTH:5.34749
G1 X-141.137 Y210.357 E59.01031
;WIDTH:5.30057
G1 X-141.161 Y210.145 E60.24951
;WIDTH:5.25366
G1 X-141.184 Y209.934 E61.46988
;WIDTH:5.20675
G1 X-141.204 Y209.723 E62.6761
;WIDTH:5.16742
G1 X-141.224 Y209.511 E63.87754
;WIDTH:5.12809
G1 X-141.243 Y209.3 E65.06245
;WIDTH:5.08876
G1 X-141.263 Y209.088 E66.243
;WIDTH:5.04943
G1 X-141.284 Y208.807 E67.79138
;WIDTH:5.00711
G1 X-141.305 Y208.525 E69.33032
;WIDTH:4.96478
G1 X-141.326 Y208.243 E70.85433
;WIDTH:4.92245
G1 X-141.346 Y207.888 E72.75181
;WIDTH:4.88352
G1 X-141.365 Y207.533 E74.63174
;WIDTH:4.84459
G1 X-141.385 Y207.178 E76.4947
;WIDTH:4.80566
G1 X-141.408 Y206.552 E79.74639
;WIDTH:4.75949
G1 X-141.432 Y205.763 E83.79844
;WIDTH:4.71181
G1 X-141.456 Y204.975 E87.79848
;WIDTH:4.66413
G1 X-141.479 Y204.187 E91.75148
;WIDTH:4.61645
G1 X-141.503 Y203.399 E95.65775
;WIDTH:4.56876
G1 X-141.527 Y202.61 E99.52203
;WIDTH:4.52108
G1 X-141.551 Y201.822 E103.33453
;WIDTH:4.4734
G1 X-141.575 Y201.034 E107.10014
;WIDTH:4.42572
G1 X-141.599 Y200.246 E110.81887
;WIDTH:4.37804
G1 X-141.622 Y199.457 E114.49523
;WIDTH:4.33036
G1 X-141.646 Y198.669 E118.12019
;WIDTH:4.28267
G1 X-141.67 Y197.881 E121.69826
;WIDTH:4.23499
G1 X-141.694 Y197.093 E125.22945
;WIDTH:4.18731
G1 X-141.718 Y196.304 E128.71817
;WIDTH:4.13963
G1 X-141.742 Y195.516 E132.15559
;WIDTH:4.09195
G1 X-141.758 Y194.742 E135.48505
;WIDTH:4.05859
G1 X-141.762 Y193.967 E138.7859
;WIDTH:4.07276
G1 X-141.751 Y193.193 E142.09646
;WIDTH:4.10414
G1 X-141.736 Y192.714 E144.1648
;WIDTH:4.13551
G1 X-141.72 Y192.235 E146.25203
;WIDTH:4.17159
G1 X-141.702 Y191.94 E147.55246
;WIDTH:4.20766
G1 X-141.684 Y191.644 E148.87062
;WIDTH:4.25511
G1 X-141.66 Y191.257 E150.6171
;WIDTH:4.30255
G1 X-141.636 Y190.87 E152.38652
;WIDTH:4.35024
G1 X-141.613 Y190.482 E154.18334
;WIDTH:4.39792
G1 X-141.589 Y190.095 E155.99889
;WIDTH:4.43195
G1 X-141.572 Y186.417 E173.37682
;WIDTH:4.46597
G1 X-141.555 Y182.738 E190.91561
;WIDTH:4.5
G1 X-141.538 Y179.06 E208.60572
G1 X-141.538 Y-217.288 E2114.90378
G1 X-104.616 Y-217.288 E2292.48595
G1 X-103.039 Y-217.312 E2300.07166
;WIDTH:4.45215
G1 X-101.462 Y-217.335 E2307.56317
;WIDTH:4.40429
G1 X-99.886 Y-217.359 E2314.95592
;WIDTH:4.35644
G1 X-98.309 Y-217.383 E2322.25923
;WIDTH:4.30859
G1 X-96.733 Y-217.407 E2329.46384
;WIDTH:4.26074
G1 X-95.156 Y-217.431 E2336.57889
;WIDTH:4.21289
G1 X-93.58 Y-217.455 E2343.59535
;WIDTH:4.16503
G1 X-93.325 Y-217.474 E2344.71838
;WIDTH:4.12676
G1 X-93.069 Y-217.493 E2345.83354
;WIDTH:4.08849
G1 X-92.814 Y-217.513 E2346.93249
;WIDTH:4.05021
G1 X-92.431 Y-217.526 E2348.56066
;WIDTH:4.02365
G1 X-92.049 Y-217.539 E2350.17192
;WIDTH:3.99709
G1 X-91.283 Y-217.552 E2353.3761
;WIDTH:3.97052
G1 X-90.517 Y-217.552 E2356.55444
;WIDTH:3.99709
G1 X-89.751 Y-217.539 E2359.75862
;WIDTH:4.02395
G1 X-89.365 Y-217.526 E2361.38688
;WIDTH:4.05082
G1 X-88.979 Y-217.512 E2363.02823
;WIDTH:4.08889
G1 X-88.726 Y-217.493 E2364.11841
;WIDTH:4.12696
G1 X-88.473 Y-217.474 E2365.22063
;WIDTH:4.16503
G1 X-88.22 Y-217.455 E2366.3349
;WIDTH:4.21289
G1 X-86.644 Y-217.431 E2373.35136
;WIDTH:4.26074
G1 X-85.067 Y-217.407 E2380.46641
;WIDTH:4.30859
G1 X-83.491 Y-217.383 E2387.67102
;WIDTH:4.35644
G1 X-81.914 Y-217.359 E2394.97433
;WIDTH:4.40429
G1 X-80.337 Y-217.335 E2402.37177
;WIDTH:4.45215
G1 X-78.761 Y-217.312 E2409.85853
;WIDTH:4.5
G1 X-77.184 Y-217.288 E2417.44424
G1 X77.184 Y-217.288 E3159.90142
G1 X78.761 Y-217.312 E3167.48713
;WIDTH:4.45215
G1 X80.337 Y-217.335 E3174.97389
;WIDTH:4.40429
G1 X81.914 Y-217.359 E3182.37133
;WIDTH:4.35644
G1 X83.49 Y-217.383 E3189.67001
;WIDTH:4.30859
G1 X85.067 Y-217.407 E3196.87919
;WIDTH:4.26074
G1 X86.644 Y-217.431 E3203.99424
;WIDTH:4.21289
G1 X88.22 Y-217.455 E3211.0107
;WIDTH:4.16503
G1 X88.475 Y-217.474 E3212.13373
;WIDTH:4.12676
G1 X88.73 Y-217.493 E3213.24455
;WIDTH:4.08849
G1 X88.986 Y-217.513 E3214.34778
;WIDTH:4.05021
G1 X89.369 Y-217.526 E3215.97595
;WIDTH:4.02365
G1 X89.751 Y-217.539 E3217.58721
;WIDTH:3.99709
G1 X90.517 Y-217.552 E3220.79139
;WIDTH:3.97052
G1 X91.283 Y-217.552 E3223.96973
;WIDTH:3.99709
G1 X92.049 Y-217.539 E3227.17391
;WIDTH:4.02395
G1 X92.435 Y-217.526 E3228.80217
;WIDTH:4.05082
G1 X92.821 Y-217.512 E3230.44352
;WIDTH:4.08889
G1 X93.074 Y-217.493 E3231.5337
;WIDTH:4.12696
G1 X93.327 Y-217.474 E3232.63592
;WIDTH:4.16503
G1 X93.58 Y-217.455 E3233.75019
;WIDTH:4.21289
G1 X95.156 Y-217.431 E3240.76665
;WIDTH:4.26074
G1 X96.733 Y-217.407 E3247.8817
;WIDTH:4.30859
G1 X98.309 Y-217.383 E3255.08631
;WIDTH:4.35644
G1 X99.886 Y-217.359 E3262.38962
;WIDTH:4.40429
G1 X101.462 Y-217.335 E3269.78237
;WIDTH:4.45215
G1 X103.039 Y-217.312 E3277.27388
;WIDTH:4.5
G1 X104.615 Y-217.288 E3284.85478
G1 X141.538 Y-217.288 E3462.44176
G1 X141.538 Y179.06 E5368.73982
G1 X141.555 Y182.738 E5386.42993
;WIDTH:4.46597
G1 X141.572 Y186.417 E5403.96872
;WIDTH:4.43195
G1 X141.589 Y190.095 E5421.34665
;WIDTH:4.39792
G1 X141.612 Y190.482 E5423.16191
;WIDTH:4.35024
G1 X141.636 Y190.87 E5424.95901
;WIDTH:4.30255
G1 X141.66 Y191.257 E5426.72843
;WIDTH:4.25511
G1 X141.684 Y191.644 E5428.47491
;WIDTH:4.20766
G1 X141.706 Y192.031 E5430.19792
;WIDTH:4.16398
G1 X141.727 Y192.418 E5431.89956
;WIDTH:4.12029
G1 X141.751 Y193.193 E5435.26162
;WIDTH:4.07276
G1 X141.762 Y194.171 E5439.44458
;WIDTH:4.05858
G1 X141.758 Y194.742 E5441.87659
;WIDTH:4.09195
G1 X141.742 Y195.516 E5445.20605
;WIDTH:4.13963
G1 X141.718 Y196.304 E5448.64347
;WIDTH:4.18731
G1 X141.694 Y197.093 E5452.13219
;WIDTH:4.23499
G1 X141.67 Y197.881 E5455.66338
;WIDTH:4.28267
G1 X141.646 Y198.669 E5459.24145
;WIDTH:4.33036
G1 X141.622 Y199.457 E5462.86641
;WIDTH:4.37804
G1 X141.599 Y200.246 E5466.54277
;WIDTH:4.42572
G1 X141.575 Y201.034 E5470.2615
;WIDTH:4.4734
G1 X141.551 Y201.822 E5474.02711
;WIDTH:4.52108
G1 X141.527 Y202.61 E5477.83961
;WIDTH:4.56876
G1 X141.503 Y203.399 E5481.70389
;WIDTH:4.61645
G1 X141.479 Y204.187 E5485.61016
;WIDTH:4.66413
G1 X141.456 Y204.975 E5489.56316
;WIDTH:4.71181
G1 X141.432 Y205.763 E5493.5632
;WIDTH:4.75949
G1 X141.408 Y206.552 E5497.61525
;WIDTH:4.79265
G1 X141.391 Y206.974 E5499.80073
;WIDTH:4.82581
G1 X141.375 Y207.397 E5502.00868
;WIDTH:4.87413
G1 X141.351 Y207.82 E5504.24414
;WIDTH:4.92245
G1 X141.326 Y208.243 E5506.50545
;WIDTH:4.96478
G1 X141.305 Y208.525 E5508.02946
;WIDTH:5.00711
G1 X141.284 Y208.807 E5509.5684
;WIDTH:5.04943
G1 X141.263 Y209.088 E5511.11678
;WIDTH:5.08876
G1 X141.243 Y209.3 E5512.29733
;WIDTH:5.12809
G1 X141.224 Y209.511 E5513.48224
;WIDTH:5.16742
G1 X141.204 Y209.723 E5514.68368
;WIDTH:5.20675
G1 X141.184 Y209.934 E5515.8899
;WIDTH:5.25366
G1 X141.161 Y210.145 E5517.11027
;WIDTH:5.30057
G1 X141.137 Y210.357 E5518.34947
;WIDTH:5.34749
G1 X141.114 Y210.568 E5519.59467
;WIDTH:5.3944
G1 X141.09 Y210.779 E5520.85295
;WIDTH:5.43799
G1 X141.069 Y210.949 E5521.8772
;WIDTH:5.48159
G1 X141.047 Y211.118 E5522.90554
;WIDTH:5.52519
G1 X141.025 Y211.287 E5523.94315
;WIDTH:5.56878
G1 X141.003 Y211.456 E5524.99003
;WIDTH:5.61238
G1 X140.981 Y211.625 E5526.04617
;WIDTH:5.66204
G1 X140.957 Y211.794 E5527.11456
;WIDTH:5.71171
G1 X140.932 Y211.963 E5528.19443
;WIDTH:5.76137
G1 X140.907 Y212.132 E5529.28488
;WIDTH:5.81103
G1 X140.882 Y212.301 E5530.38591
;WIDTH:5.8607
G1 X140.857 Y212.471 E5531.50396
;WIDTH:5.90608
G1 X140.835 Y212.616 E5532.46654
;WIDTH:5.95146
G1 X140.812 Y212.762 E5533.44498
;WIDTH:5.99685
G1 X140.789 Y212.907 E5534.42519
;WIDTH:6.04223
G1 X140.766 Y213.053 E5535.42036
;WIDTH:6.08762
G1 X140.744 Y213.199 E5536.42287
;WIDTH:6.133
G1 X140.721 Y213.344 E5537.42801
;WIDTH:6.17839
G1 X140.698 Y213.49 E5538.44828
;WIDTH:6.22377
G1 X140.676 Y213.636 E5539.47586
G1 X140.676 Y216.426 E5558.89326
G1 X132.57 Y216.426 E5615.30812
G1 X135.59 Y212.051 E5652.30634
G1 X135.654 Y211.918 E5653.33357
;WIDTH:6.17839
G1 X135.718 Y211.785 E5654.35244
;WIDTH:6.133
G1 X135.782 Y211.653 E5655.35679
;WIDTH:6.08762
G1 X135.846 Y211.52 E5656.35895
;WIDTH:6.04223
G1 X135.91 Y211.387 E5657.35276
;WIDTH:5.99685
G1 X135.974 Y211.254 E5658.33821
;WIDTH:5.95146
G1 X136.038 Y211.122 E5659.30934
;WIDTH:5.90608
G1 X136.102 Y210.989 E5660.27808
;WIDTH:5.8607
G1 X136.154 Y210.861 E5661.17705
;WIDTH:5.81103
G1 X136.207 Y210.734 E5662.06396
;WIDTH:5.76137
G1 X136.259 Y210.607 E5662.93991
;WIDTH:5.71171
G1 X136.312 Y210.479 E5663.81561
;WIDTH:5.66204
G1 X136.364 Y210.352 E5664.67456
;WIDTH:5.61238
G1 X136.411 Y210.222 E5665.53122
;WIDTH:5.56878
G1 X136.458 Y210.092 E5666.38036
;WIDTH:5.52519
G1 X136.505 Y209.962 E5667.22198
;WIDTH:5.48159
G1 X136.551 Y209.832 E5668.05405
;WIDTH:5.43799
G1 X136.598 Y209.702 E5668.88064
;WIDTH:5.3944
G1 X136.65 Y209.537 E5669.9057
;WIDTH:5.34749
G1 X136.701 Y209.371 E5670.9245
;WIDTH:5.30057
G1 X136.752 Y209.206 E5671.92758
;WIDTH:5.25366
G1 X136.804 Y209.04 E5672.92776
;WIDTH:5.20675
G1 X136.847 Y208.872 E5673.9147
;WIDTH:5.16742
G1 X136.891 Y208.704 E5674.89454
;WIDTH:5.12809
G1 X136.935 Y208.536 E5675.86586
;WIDTH:5.08876
G1 X136.978 Y208.368 E5676.82728
;WIDTH:5.04943
G1 X137.026 Y208.141 E5678.10221
;WIDTH:5.00711
G1 X137.074 Y207.914 E5679.36489
;WIDTH:4.96478
G1 X137.121 Y207.687 E5680.61422
;WIDTH:4.92245
G1 X137.166 Y207.397 E5682.18034
;WIDTH:4.88352
G1 X137.21 Y207.108 E5683.72619
;WIDTH:4.84459
G1 X137.254 Y206.818 E5685.26302
;WIDTH:4.80566
G1 X137.307 Y206.304 E5687.94529
;WIDTH:4.75949
G1 X137.379 Y205.518 E5691.99696
;WIDTH:4.71181
G1 X137.45 Y204.733 E5695.99618
;WIDTH:4.66413
G1 X137.521 Y203.947 E5699.95352
;WIDTH:4.61645
G1 X137.593 Y203.162 E5703.85944
;WIDTH:4.56876
G1 X137.664 Y202.377 E5707.71803
;WIDTH:4.52108
G1 X137.735 Y201.591 E5711.53457
;WIDTH:4.4734
G1 X137.807 Y200.806 E5715.29985
;WIDTH:4.42572
G1 X137.878 Y200.021 E5719.01782
;WIDTH:4.37804
G1 X137.949 Y199.235 E5722.69355
;WIDTH:4.33036
G1 X138.021 Y198.45 E5726.31818
;WIDTH:4.28267
G1 X138.092 Y197.664 E5729.90004
;WIDTH:4.23499
G1 X138.163 Y196.879 E5733.43051
;WIDTH:4.18731
G1 X138.235 Y196.094 E5736.9145
;WIDTH:4.13963
G1 X138.306 Y195.308 E5740.35556
;WIDTH:4.09195
G1 X138.346 Y194.654 E5743.17348
;WIDTH:4.05858
G1 X138.353 Y193.998 E5745.96761
;WIDTH:4.07276
G1 X138.329 Y193.343 E5748.77078
;WIDTH:4.12029
G1 X138.272 Y192.691 E5751.60868
;WIDTH:4.16398
G1 X138.232 Y192.366 E5753.04638
;WIDTH:4.20766
G1 X138.191 Y192.041 E5754.50247
;WIDTH:4.25511
G1 X138.13 Y191.72 E5755.9742
;WIDTH:4.30255
G1 X138.069 Y191.399 E5757.46526
;WIDTH:4.35024
G1 X137.987 Y191.085 E5758.96552
;WIDTH:4.39792
G1 X137.905 Y190.77 E5760.48961
;WIDTH:4.43195
G1 X136.616 Y187.325 E5777.86855
;WIDTH:4.46597
G1 X135.328 Y183.879 E5795.40639
;WIDTH:4.5
G1 X134.039 Y180.434 E5813.09753
G1 X133.83 Y179.925 E5815.74399
G1 X133.594 Y179.436 E5818.35549
G1 X133.336 Y178.966 E5820.93422
G1 X133.056 Y178.519 E5823.4711
G1 X132.757 Y178.094 E5825.97039
G1 X132.441 Y177.693 E5828.42594
G1 X132.111 Y177.316 E5830.83571
G1 X131.418 Y176.636 E5835.50541
G1 X123.158 Y169.318 E5888.58205
G1 X122.578 Y168.843 E5892.18777
G1 X121.986 Y168.43 E5895.65951
G1 X121.39 Y168.076 E5898.99358
G1 X120.796 Y167.777 E5902.19205
G1 X120.208 Y167.53 E5905.25951
G1 X119.633 Y167.33 E5908.18758
G1 X119.072 Y167.174 E5910.98818
G1 X108.357 Y164.533 E5964.06599
G1 X107.693 Y164.394 E5967.32883
G1 X107.094 Y164.31 E5970.238
G1 X106.585 Y164.268 E5972.69444
G1 X106.022 Y164.253 E5975.40324
G1 X105.355 Y164.278 E5978.61353
G1 X104.825 Y164.331 E5981.17536
G1 X104.277 Y164.417 E5983.84331
G1 X103.743 Y164.533 E5986.47157
G1 X92.778 Y167.239 E6040.79167
G1 X92.086 Y167.458 E6044.28265
G1 X91.4 Y167.734 E6047.8391
G1 X90.729 Y168.066 E6051.43981
G1 X90.106 Y168.435 E6054.92238
G1 X89.507 Y168.855 E6058.441
G1 X88.942 Y169.318 E6061.95434
G1 X80.803 Y176.529 E6114.2541
G1 X80.447 Y176.852 E6116.56606
G1 X80.011 Y177.292 E6119.54532
G1 X79.62 Y177.74 E6122.40529
G1 X79.275 Y178.187 E6125.12108
G1 X78.973 Y178.628 E6127.69182
G1 X78.595 Y179.267 E6131.26266
G1 X78.295 Y179.871 E6134.5063
G1 X78.061 Y180.434 E6137.43871
G1 X74.014 Y191.127 E6192.42857
G1 X73.846 Y191.691 E6195.259
G1 X73.721 Y192.22 E6197.87338
G1 X73.62 Y192.795 E6200.68127
G1 X73.55 Y193.419 E6203.70132
G1 X73.521 Y194.094 E6206.95083
G1 X73.543 Y194.82 E6210.44424
G1 X73.591 Y195.333 E6212.92237
G1 X74.922 Y206.288 E6265.99963
G1 X74.978 Y206.681 E6267.90892
G1 X75.148 Y207.501 E6271.9367
G1 X75.41 Y208.36 E6276.2561
G1 X75.777 Y209.249 E6280.88191
G1 X76.005 Y209.699 E6283.30821
G1 X76.265 Y210.152 E6285.82035
G1 X76.558 Y210.602 E6288.40305
G1 X81.172 Y217.288 E6327.4744
G1 X-81.172 Y217.288 E7108.29341
G1 X-76.558 Y210.602 E7147.36476
G1 X-76.265 Y210.152 E7149.94746
G1 X-76.005 Y209.699 E7152.4596
G1 X-75.58 Y208.802 E7157.23362
G1 X-75.267 Y207.926 E7161.70775
G1 X-75.053 Y207.086 E7165.87691
G1 X-74.922 Y206.288 E7169.76639
G1 X-73.563 Y195.074 E7224.0965
G1 X-73.522 Y194.33 E7227.68031
G1 X-73.536 Y193.638 E7231.00927
G1 X-73.593 Y192.997 E7234.10443
G1 X-73.684 Y192.406 E7236.98044
G1 X-73.802 Y191.862 E7239.65774
G1 X-73.976 Y191.246 E7242.73642
G1 X-74.148 Y190.752 E7245.25229
G1 X-78.21 Y180.064 E7300.24525
G1 X-78.486 Y179.473 E7303.38245
G1 X-78.837 Y178.844 E7306.84688
G1 X-79.119 Y178.408 E7309.34429
G1 X-79.442 Y177.963 E7311.98896
G1 X-79.81 Y177.516 E7314.77372
G1 X-80.223 Y177.071 E7317.69376
G1 X-80.682 Y176.636 E7320.7353
G1 X-88.833 Y169.415 E7373.11016
G1 X-89.22 Y169.082 E7375.56571
G1 X-89.803 Y168.639 E7379.08741
G1 X-90.415 Y168.244 E7382.59077
G1 X-91.062 Y167.893 E7386.13105
G1 X-91.742 Y167.589 E7389.71357
G1 X-92.431 Y167.342 E7393.23393
G1 X-93.028 Y167.174 E7396.21682
G1 X-103.743 Y164.533 E7449.29463
G1 X-104.277 Y164.417 E7451.92289
G1 X-104.825 Y164.331 E7454.59084
G1 X-105.355 Y164.278 E7457.15267
G1 X-106.022 Y164.253 E7460.36296
G1 X-106.586 Y164.268 E7463.07657
G1 X-107.252 Y164.328 E7466.29277
G1 X-107.83 Y164.419 E7469.10699
G1 X-108.357 Y164.533 E7471.70031
G1 X-119.072 Y167.174 E7524.77812
G1 X-119.633 Y167.33 E7527.57872
G1 X-120.209 Y167.53 E7530.51133
G1 X-120.796 Y167.777 E7533.57436
G1 X-121.39 Y168.076 E7536.77283
G1 X-121.986 Y168.43 E7540.1069
G1 X-122.578 Y168.843 E7543.57864
G1 X-123.158 Y169.318 E7547.18436
G1 X-131.418 Y176.636 E7600.261
G1 X-132.111 Y177.316 E7604.9307
G1 X-132.441 Y177.693 E7607.34047
G1 X-132.757 Y178.094 E7609.79602
G1 X-133.056 Y178.519 E7612.29531
G1 X-133.336 Y178.966 E7614.83219
G1 X-133.594 Y179.436 E7617.41092
G1 X-133.83 Y179.925 E7620.02242
G1 X-134.039 Y180.434 E7622.66888
G1 X-135.328 Y183.879 E7640.36002
;WIDTH:4.46597
G1 X-136.616 Y187.325 E7657.89786
;WIDTH:4.43195
G1 X-137.905 Y190.77 E7675.2768
;WIDTH:4.39792
G1 X-137.987 Y191.085 E7676.80089
;WIDTH:4.35024
G1 X-138.069 Y191.399 E7678.30115
;WIDTH:4.30255
G1 X-138.13 Y191.72 E7679.79221
;WIDTH:4.25511
G1 X-138.191 Y192.041 E7681.26394
;WIDTH:4.20766
G1 X-138.232 Y192.366 E7682.72003
;WIDTH:4.16398
G1 X-138.272 Y192.691 E7684.15773
;WIDTH:4.1203
G1 X-138.329 Y193.343 E7686.99563
;WIDTH:4.07276
G1 X-138.353 Y193.998 E7689.7988
;WIDTH:4.05859
G1 X-138.346 Y194.654 E7692.59293
;WIDTH:4.09195
G1 X-138.306 Y195.308 E7695.41085
;WIDTH:4.13963
G1 X-138.235 Y196.094 E7698.85191
;WIDTH:4.18731
G1 X-138.163 Y196.879 E7702.3359
;WIDTH:4.23499
G1 X-138.092 Y197.664 E7705.86637
;WIDTH:4.28267
G1 X-138.021 Y198.45 E7709.44823
;WIDTH:4.33036
G1 X-137.949 Y199.235 E7713.07286
;WIDTH:4.37804
G1 X-137.878 Y200.021 E7716.74859
;WIDTH:4.42572
G1 X-137.807 Y200.806 E7720.46656
;WIDTH:4.4734
G1 X-137.735 Y201.591 E7724.23184
;WIDTH:4.52108
G1 X-137.664 Y202.377 E7728.04837
;WIDTH:4.56876
G1 X-137.593 Y203.162 E7731.90696
;WIDTH:4.61645
G1 X-137.521 Y203.947 E7735.81288
;WIDTH:4.66413
G1 X-137.45 Y204.733 E7739.77022
;WIDTH:4.71181
G1 X-137.379 Y205.518 E7743.76944
;WIDTH:4.75949
G1 X-137.307 Y206.304 E7747.82111
;WIDTH:4.79265
G1 X-137.269 Y206.651 E7749.62745
;WIDTH:4.82581
G1 X-137.231 Y206.998 E7751.44823
;WIDTH:4.87413
G1 X-137.176 Y207.342 E7753.28633
;WIDTH:4.92245
G1 X-137.121 Y207.687 E7755.15069
;WIDTH:4.96478
G1 X-137.074 Y207.914 E7756.40002
;WIDTH:5.00711
G1 X-137.026 Y208.141 E7757.6627
;WIDTH:5.04943
G1 X-136.978 Y208.368 E7758.93763
;WIDTH:5.08876
G1 X-136.935 Y208.536 E7759.89905
;WIDTH:5.12809
G1 X-136.891 Y208.704 E7760.87037
;WIDTH:5.16742
G1 X-136.847 Y208.872 E7761.85021
;WIDTH:5.20675
G1 X-136.804 Y209.04 E7762.83715
;WIDTH:5.25366
G1 X-136.752 Y209.206 E7763.83733
;WIDTH:5.30057
G1 X-136.701 Y209.371 E7764.84041
;WIDTH:5.34749
G1 X-136.65 Y209.537 E7765.85921
;WIDTH:5.3944
G1 X-136.598 Y209.702 E7766.88427
;WIDTH:5.43799
G1 X-136.551 Y209.832 E7767.71086
;WIDTH:5.48159
G1 X-136.505 Y209.962 E7768.54293
;WIDTH:5.52519
G1 X-136.458 Y210.092 E7769.38455
;WIDTH:5.56878
G1 X-136.411 Y210.222 E7770.23369
;WIDTH:5.61238
G1 X-136.364 Y210.352 E7771.09035
;WIDTH:5.66204
G1 X-136.312 Y210.479 E7771.9493
;WIDTH:5.71171
G1 X-136.259 Y210.607 E7772.825
;WIDTH:5.76137
G1 X-136.207 Y210.734 E7773.70095
;WIDTH:5.81103
G1 X-136.154 Y210.861 E7774.58786
;WIDTH:5.8607
G1 X-136.102 Y210.989 E7775.48683
;WIDTH:5.90608
G1 X-136.038 Y211.122 E7776.45557
;WIDTH:5.95146
G1 X-135.974 Y211.254 E7777.4267
;WIDTH:5.99685
G1 X-135.91 Y211.387 E7778.41215
;WIDTH:6.04223
G1 X-135.846 Y211.52 E7779.40596
;WIDTH:6.08762
G1 X-135.782 Y211.653 E7780.40812
;WIDTH:6.133
G1 X-135.718 Y211.785 E7781.41247
;WIDTH:6.17839
G1 X-135.654 Y211.918 E7782.43134
;WIDTH:6.22377
G1 X-135.59 Y212.051 E7783.45857
G1 X-132.57 Y216.426 E7820.45679
G1 X-137.86 Y216.426 E7857.2733
G1 E7855.2733 F2400
G92 E0
G1 X-144.442 Y221.144 F7800
G1 E2 F2400
;WIDTH:4.5
G1 F3600
G1 X-145.394 Y221.144 E6.57879
G1 X-145.394 Y-221.144 E2133.83251
G1 X145.394 Y-221.144 E3532.42314
G1 X145.394 Y221.144 E5659.67686
G1 X120.571 Y221.144 E5779.06698
G1 X124.027 Y219.33 E5797.83976
G1 X124.664 Y218.942 E5801.42711
G1 X125.223 Y218.494 E5804.8726
G1 X125.702 Y218.006 E5808.16145
G1 X126.1 Y217.494 E5811.2805
G1 X132.369 Y208.412 E5864.35765
G1 X132.575 Y208.09 E5866.19617
G1 X132.93 Y207.392 E5869.96256
G1 X133.194 Y206.629 E5873.84579
G1 X133.35 Y205.823 E5877.79432
G1 X134.681 Y194.868 E5930.87158
G1 X134.723 Y194.171 E5934.22999
G1 X134.7 Y193.663 E5936.6758
G1 X134.575 Y192.873 E5940.5227
G1 X134.347 Y192.12 E5944.30675
G1 X130.434 Y181.801 E5997.38614
G1 X130.308 Y181.496 E5998.97333
G1 X130.011 Y180.921 E6002.08601
G1 X129.664 Y180.397 E6005.10878
G1 X129.277 Y179.931 E6008.0222
G1 X128.861 Y179.523 E6010.82471
G1 X120.601 Y172.205 E6063.90135
G1 X120.253 Y171.92 E6066.06478
G1 X119.719 Y171.561 E6069.15959
G1 X119.183 Y171.28 E6072.07035
G1 X118.657 Y171.068 E6074.79798
G1 X118.149 Y170.918 E6077.34557
G1 X107.434 Y168.277 E6130.42338
G1 X107.036 Y168.194 E6132.37881
G1 X106.477 Y168.125 E6135.08781
G1 X105.913 Y168.111 E6137.80129
G1 X105.315 Y168.156 E6140.6856
G1 X104.666 Y168.277 E6143.86086
G1 X93.801 Y170.957 E6197.68405
G1 X93.179 Y171.167 E6200.84156
G1 X92.571 Y171.453 E6204.07321
G1 X92.016 Y171.797 E6207.21374
G1 X91.499 Y172.205 E6210.38138
G1 X83.36 Y179.416 E6262.68114
G1 X82.964 Y179.783 E6265.27793
G1 X82.602 Y180.185 E6267.87981
G1 X82.214 Y180.717 E6271.04677
G1 X81.922 Y181.225 E6273.86495
G1 X81.666 Y181.801 E6276.89661
G1 X77.753 Y192.12 E6329.976
G1 X77.589 Y192.619 E6332.50232
G1 X77.475 Y193.112 E6334.93605
G1 X77.395 Y193.72 E6337.88553
G1 X77.378 Y194.266 E6340.51288
G1 X77.419 Y194.868 E6343.415
G1 X78.75 Y205.823 E6396.49226
G1 X78.828 Y206.302 E6398.82643
G1 X78.957 Y206.806 E6401.32864
G1 X79.144 Y207.331 E6404.00911
G1 X79.4 Y207.87 E6406.87906
G1 X79.731 Y208.412 E6409.93357
G1 X86 Y217.494 E6463.01072
G1 X86.398 Y218.006 E6466.12977
G1 X86.877 Y218.494 E6469.41862
G1 X87.436 Y218.942 E6472.86411
G1 X88.073 Y219.33 E6476.45146
G1 X91.529 Y221.144 E6495.22424
G1 X-91.529 Y221.144 E7375.67049
G1 X-88.073 Y219.33 E7394.44327
G1 X-87.436 Y218.942 E7398.03062
G1 X-86.877 Y218.494 E7401.47611
G1 X-86.398 Y218.006 E7404.76496
G1 X-86 Y217.494 E7407.88401
G1 X-79.731 Y208.412 E7460.96116
G1 X-79.556 Y208.141 E7462.51272
G1 X-79.263 Y207.6 E7465.47185
G1 X-79.043 Y207.067 E7468.24519
G1 X-78.886 Y206.551 E7470.83931
G1 X-78.75 Y205.823 E7474.40132
G1 X-77.419 Y194.868 E7527.47858
G1 X-77.378 Y194.266 E7530.3807
G1 X-77.395 Y193.72 E7533.00805
G1 X-77.475 Y193.112 E7535.95753
G1 X-77.589 Y192.619 E7538.39126
G1 X-77.753 Y192.12 E7540.91758
G1 X-81.324 Y182.705 E7589.34829
G1 X-81.862 Y181.346 E7596.37817
G1 X-82.132 Y180.847 E7599.10699
G1 X-82.495 Y180.319 E7602.18875
G1 X-82.836 Y179.916 E7604.72782
G1 X-83.239 Y179.523 E7607.43518
G1 X-91.39 Y172.302 E7659.81004
G1 X-91.838 Y171.927 E7662.62
G1 X-92.29 Y171.617 E7665.25613
G1 X-92.771 Y171.349 E7667.90443
G1 X-93.385 Y171.089 E7671.11141
G1 X-93.951 Y170.918 E7673.9552
G1 X-104.986 Y168.208 E7728.60682
G1 X-105.633 Y168.124 E7731.74479
G1 X-106.262 Y168.113 E7734.77053
G1 X-106.863 Y168.167 E7737.67278
G1 X-107.434 Y168.277 E7740.46959
G1 X-118.486 Y171.012 E7795.22938
G1 X-119.006 Y171.202 E7797.89212
G1 X-119.54 Y171.459 E7800.74245
G1 X-120.076 Y171.791 E7803.7749
G1 X-120.601 Y172.205 E7806.99062
G1 X-128.861 Y179.523 E7860.06726
G1 X-129.072 Y179.719 E7861.45238
G1 X-129.475 Y180.157 E7864.31505
G1 X-129.843 Y180.652 E7867.28167
G1 X-130.167 Y181.202 E7870.35186
G1 X-130.434 Y181.801 E7873.50609
G1 X-134.347 Y192.12 E7926.58548
G1 X-134.575 Y192.873 E7930.36953
G1 X-134.7 Y193.663 E7934.21643
G1 X-134.723 Y194.171 E7936.66224
G1 X-134.681 Y194.868 E7940.02065
G1 X-133.35 Y205.823 E7993.09791
G1 X-133.286 Y206.23 E7995.07949
G1 X-133.075 Y207.017 E7998.99837
G1 X-132.763 Y207.75 E8002.82993
G1 X-132.369 Y208.412 E8006.53518
G1 X-126.1 Y217.494 E8059.61233
G1 X-125.702 Y218.006 E8062.73138
G1 X-125.223 Y218.494 E8066.02023
G1 X-124.664 Y218.942 E8069.46572
G1 X-124.027 Y219.33 E8073.05307
G1 X-120.571 Y221.144 E8091.82585
G1 X-143.992 Y221.144 E8204.47283
G1 E8202.47283 F2400
G92 E0
G1 X-149.25 Y224.803 F7800
G1 E2 F2400
;TYPE:External perimeter
G1 F1800
G1 X-149.25 Y-224.803 E2164.45079
G1 X-149.053 Y-225 E2165.79076
G1 X149.053 Y-225 E3599.57847
G1 X149.25 Y-224.803 E3600.91844
G1 X149.25 Y-224.664 E3601.58698
G1 X149.25 Y224.803 E5763.36923
G1 X149.053 Y225 E5764.7092
G1 X113.459 Y225.008 E5935.90415
;WIDTH:4.48414
G1 X112.752 Y225.011 E5939.29062
;WIDTH:4.47768
G1 X112.046 Y225.021 E5942.66692
;WIDTH:4.45824
G1 X111.249 Y225.045 E5946.46042
;WIDTH:4.41004
G1 X110.452 Y225.069 E5950.20599
;WIDTH:4.36185
G1 X109.656 Y225.093 E5953.899
;WIDTH:4.31366
G1 X108.859 Y225.117 E5957.54872
;WIDTH:4.26547
G1 X108.062 Y225.141 E5961.15051
;WIDTH:4.21728
G1 X107.266 Y225.165 E5964.69992
;WIDTH:4.16909
G1 X106.469 Y225.19 E5968.20599
;WIDTH:4.12089
G1 X105.631 Y225.19 E5971.84024
;WIDTH:4.16909
G1 X104.834 Y225.165 E5975.34631
;WIDTH:4.21728
G1 X104.038 Y225.141 E5978.89572
;WIDTH:4.26547
G1 X103.241 Y225.117 E5982.49751
;WIDTH:4.31366
G1 X102.444 Y225.093 E5986.14723
;WIDTH:4.36185
G1 X101.648 Y225.069 E5989.84024
;WIDTH:4.41004
G1 X100.851 Y225.045 E5993.58581
;WIDTH:4.45824
G1 X100.054 Y225.021 E5997.37931
;WIDTH:4.46813
G1 X99.347 Y225.016 E6000.75172
;WIDTH:4.47817
G1 X98.641 Y225.011 E6004.1282
;WIDTH:4.5
G1 X-98.641 Y225.008 E6952.98702
;WIDTH:4.48414
G1 X-99.347 Y225.011 E6956.3687
;WIDTH:4.47768
G1 X-100.054 Y225.021 E6959.74979
;WIDTH:4.45824
G1 X-100.851 Y225.045 E6963.54329
;WIDTH:4.41004
G1 X-101.648 Y225.069 E6967.28886
;WIDTH:4.36185
G1 X-102.444 Y225.093 E6970.98187
;WIDTH:4.31366
G1 X-103.241 Y225.117 E6974.63159
;WIDTH:4.26547
G1 X-104.038 Y225.141 E6978.23338
;WIDTH:4.21728
G1 X-104.834 Y225.165 E6981.78279
;WIDTH:4.16909
G1 X-105.631 Y225.19 E6985.28886
;WIDTH:4.12089
G1 X-106.469 Y225.19 E6988.92311
;WIDTH:4.16909
G1 X-107.266 Y225.165 E6992.42918
;WIDTH:4.21728
G1 X-108.062 Y225.141 E6995.97859
;WIDTH:4.26547
G1 X-108.859 Y225.117 E6999.58038
;WIDTH:4.31366
G1 X-109.656 Y225.093 E7003.2301
;WIDTH:4.36185
G1 X-110.452 Y225.069 E7006.92311
;WIDTH:4.41004
G1 X-111.249 Y225.045 E7010.66868
;WIDTH:4.45824
G1 X-112.046 Y225.021 E7014.46218
;WIDTH:4.46813
G1 X-112.752 Y225.016 E7017.82982
;WIDTH:4.47817
G1 X-113.459 Y225.011 E7021.21108
;WIDTH:4.5
G1 X-148.882 Y225 E7191.58358
G1 X-149.225 Y222.02 F7800
G1 E7189.58358 F2400
G92 E0
G1 X-135.837 Y181.968 F7800
G1 E2 F2400
;TYPE:Internal infill
;WIDTH:4.5
G1 F4800
G1 X-138.646 Y179.158 E21.10989
G1 X-138.645 Y173.696 E47.38024
G1 X-135.448 Y176.894 E69.12926
G1 X-134.238 Y175.355 E78.54517
G1 X-132.843 Y174.036 E87.77894
G1 X-138.645 Y168.233 E127.24687
G1 X-138.645 Y162.77 E153.52203
G1 X-129.944 Y171.471 E212.70522
G1 X-127.045 Y168.907 E231.31946
G1 X-138.645 Y157.307 E310.22131
G1 X-138.645 Y151.843 E336.50128
G1 X-124.105 Y166.384 E435.40407
G1 X-123.158 Y165.755 E440.87198
G1 X-122.398 Y165.339 E445.03909
G1 X-121.236 Y164.826 E451.14833
G1 X-120.457 Y164.569 E455.09369
G1 X-138.645 Y146.38 E578.80975
G1 X-138.645 Y140.917 E605.08491
G1 X-116.097 Y163.466 E758.45719
G1 X-111.716 Y162.384 E780.16143
G1 X-138.645 Y135.454 E963.33276
G1 X-138.645 Y129.991 E989.60792
G1 X-107.216 Y161.42 E1203.38432
G1 X-105.483 Y161.373 E1211.72252
G1 X-104.463 Y161.461 E1216.6466
G1 X-103.064 Y161.722 E1223.49141
G1 X-100.923 Y162.25 E1234.0974
G1 X-138.645 Y124.528 E1490.67806
G1 X-138.645 Y119.064 E1516.95803
G1 X-94.692 Y163.018 E1815.92463
G1 X-94.227 Y162.028 E1821.18527
G1 X-91.28 Y160.967 E1836.24997
G1 X-138.645 Y113.601 E2158.42459
G1 X-138.645 Y108.138 E2184.69975
G1 X-30.653 Y216.131 E2919.25218
G1 E2917.25218 F2400
G92 E0
G1 X-36.116 Y216.131 F7800
G1 E2 F2400
G1 F4800
G1 X-86.187 Y166.06 E342.57712
G1 X-86.274 Y166.251 E343.58658
G1 X-86.089 Y166.753 E346.15977
G1 X-86.498 Y167.621 E350.7748
G1 X-78.453 Y174.756 E402.49378
G1 X-77.63 Y175.613 E408.20853
G1 X-76.935 Y176.485 E413.5717
G1 X-76.366 Y177.34 E418.51135
G1 X-75.659 Y178.681 E425.80259
G1 X-73.565 Y184.145 E453.94634
G1 X-43.314 Y214.395 E659.70672
G1 X-48.778 Y214.395 E685.98669
G1 X-70.752 Y192.421 E835.45128
G1 X-70.648 Y193.475 E840.54528
G1 X-70.63 Y194.373 E844.86522
G1 X-70.719 Y195.669 E851.11322
G1 X-70.962 Y197.674 E860.82715
G1 X-54.241 Y214.395 E974.56145
G1 X-59.704 Y214.395 E1000.83661
G1 X-71.554 Y202.546 E1081.43553
G1 X-72.173 Y207.389 E1104.9182
G1 X-65.167 Y214.395 E1152.5722
G1 X-70.63 Y214.395 E1178.84736
G1 X-74.917 Y210.109 E1208.00363
G1 E1206.00363 F2400
G92 E0
G1 X-75.161 Y116.339 F7800
G1 E2 F2400
;TYPE:Solid infill
;WIDTH:4.74985
G1 F1200
G1 X-75.653 Y116.538 E4.71798
;WIDTH:4.71409
G1 X-76.144 Y116.737 E7.40758
;WIDTH:4.6837
G1 X-76.809 Y117.035 E11.07943
;WIDTH:4.69279
G1 X-77.431 Y117.356 E14.61424
G1 X-78.008 Y117.7 E18.00672
;WIDTH:4.69125
G1 X-78.533 Y118.06 E21.22027
;WIDTH:4.67508
G1 X-79.14 Y118.538 E25.105
;WIDTH:4.65485
G1 X-79.564 Y118.914 E27.9401
;WIDTH:4.62232
G1 X-80.111 Y119.438 E31.69891
;WIDTH:4.58981
G1 X-80.172 Y119.498 E32.12002
;WIDTH:4.59004
G1 X-83.655 Y122.982 E56.36763
;WIDTH:4.61223
G1 X-84.058 Y123.401 E59.24511
;WIDTH:4.64252
G1 X-84.493 Y123.895 E62.52796
;WIDTH:4.69004
G1 X-85.08 Y124.661 E67.39827
;WIDTH:4.70452
G1 X-85.445 Y125.225 E70.80079
G1 X-85.706 Y125.676 E73.43992
;WIDTH:4.68908
G1 X-86.018 Y126.3 E76.95992
;WIDTH:4.67631
G1 X-86.409 Y127.278 E82.25737
;WIDTH:4.65609
G1 X-86.497 Y127.549 E83.68326
;WIDTH:4.62632
G1 X-86.586 Y127.821 E85.10483
;WIDTH:4.59654
G1 X-86.765 Y128.449 E88.32422
;WIDTH:4.5777
G1 X-86.781 Y128.507 E88.61943
;WIDTH:4.58685
G1 X-88.07 Y133.308 E113.06688
;WIDTH:4.62733
G1 X-88.251 Y134.059 E116.90504
;WIDTH:4.67509
G1 X-88.398 Y134.913 E121.26214
;WIDTH:4.69317
G1 X-88.465 Y135.533 E124.41174
;WIDTH:4.69515
G1 X-88.494 Y136.089 E127.22506
;WIDTH:4.69726
G1 X-88.488 Y136.78 E130.71867
G1 X-88.429 Y137.552 E134.63304
;WIDTH:4.67947
G1 X-88.332 Y138.215 E138.00578
;WIDTH:4.65594
G1 X-88.213 Y138.807 E141.0275
;WIDTH:4.62068
G1 X-88.031 Y139.545 E144.79779
;WIDTH:4.5888
G1 X-88.01 Y139.625 E145.20476
;WIDTH:4.58706
G1 X-86.703 Y144.486 E169.96147
;WIDTH:4.62678
G1 X-86.486 Y145.217 E173.74955
;WIDTH:4.66223
G1 X-86.21 Y145.961 E177.72679
;WIDTH:4.67866
G1 X-85.864 Y146.714 E181.89716
;WIDTH:4.69644
G1 X-85.268 Y147.763 E187.99556
G1 X-85.064 Y148.062 E189.82516
;WIDTH:4.69149
G1 X-84.755 Y148.461 E192.37293
;WIDTH:4.66604
G1 X-84.445 Y148.86 E194.90776
;WIDTH:4.6406
G1 X-84.312 Y149.016 E195.92969
;WIDTH:4.63101
G1 X-83.946 Y149.4 E198.56781
;WIDTH:4.60499
G1 X-83.58 Y149.785 E201.1923
;WIDTH:4.57898
G1 X-83.512 Y149.854 E201.66778
;WIDTH:4.57661
G1 X-80.162 Y153.204 E224.9068
;WIDTH:4.59418
G1 X-79.685 Y153.668 E228.18556
;WIDTH:4.64216
G1 X-79.241 Y154.078 E231.19942
;WIDTH:4.67277
G1 X-78.841 Y154.406 E233.79886
;WIDTH:4.6816
G1 X-78.411 Y154.728 E236.50429
;WIDTH:4.71313
G1 X-77.815 Y155.113 E240.10553
G1 X-77.224 Y155.457 E243.57628
;WIDTH:4.69593
G1 X-77.021 Y155.561 E244.72905
;WIDTH:4.69213
G1 X-76.027 Y155.997 E250.20964
;WIDTH:4.663
G1 X-75.304 Y156.24 E254.03325
;WIDTH:4.62963
G1 X-74.605 Y156.447 E257.65739
;WIDTH:4.58969
G1 X-74.499 Y156.477 E258.19956
;WIDTH:4.5912
G1 X-69.494 Y157.811 E283.70146
;WIDTH:4.63683
G1 X-68.805 Y157.971 E287.22421
;WIDTH:4.67062
G1 X-68.164 Y158.081 E290.49067
;WIDTH:4.69269
G1 X-67.579 Y158.145 E293.46254
G1 X-66.858 Y158.182 E297.10837
;WIDTH:4.6934
G1 X-65.94 Y158.162 E301.74617
G1 X-65.262 Y158.094 E305.18784
;WIDTH:4.67642
G1 X-64.479 Y157.961 E309.1825
;WIDTH:4.64011
G1 X-63.886 Y157.825 E312.21499
;WIDTH:4.59343
G1 X-63.739 Y157.789 E312.96054
;WIDTH:4.58774
G1 X-58.345 Y156.339 E340.43608
;WIDTH:4.62069
G1 X-57.967 Y156.22 E342.40175
;WIDTH:4.65365
G1 X-57.589 Y156.101 E344.38371
;WIDTH:4.66483
G1 X-57.107 Y155.927 E346.95375
;WIDTH:4.68489
G1 X-56.483 Y155.652 E350.39075
;WIDTH:4.69405
G1 X-55.939 Y155.373 E353.47922
;WIDTH:4.69477
G1 X-55.36 Y155.032 E356.87433
G1 X-54.914 Y154.733 E359.58732
;WIDTH:4.68741
G1 X-54.292 Y154.256 E363.54056
;WIDTH:4.64966
G1 X-53.659 Y153.694 E367.76986
;WIDTH:4.6002
G1 X-53.192 Y153.241 E370.9804
;WIDTH:4.5813
G1 X-53.157 Y153.206 E371.22348
;WIDTH:4.58735
G1 X-49.683 Y149.735 E395.37803
;WIDTH:4.6279
G1 X-49.143 Y149.167 E399.2725
;WIDTH:4.66891
G1 X-48.646 Y148.583 E403.12236
;WIDTH:4.69235
G1 X-48.215 Y148.002 E406.77526
G1 X-47.932 Y147.571 E409.37885
;WIDTH:4.69107
G1 X-47.506 Y146.822 E413.72854
;WIDTH:4.68974
G1 X-47.119 Y145.981 E418.40026
;WIDTH:4.67629
G1 X-46.847 Y145.242 E422.36086
;WIDTH:4.6417
G1 X-46.745 Y144.91 E424.09271
;WIDTH:4.61669
G1 X-46.643 Y144.578 E425.81373
;WIDTH:4.59168
G1 X-46.603 Y144.44 E426.52121
;WIDTH:4.58869
G1 X-45.274 Y139.489 E451.74389
;WIDTH:4.62051
G1 X-45.116 Y138.843 E455.04247
;WIDTH:4.65567
G1 X-44.975 Y138.15 E458.58116
;WIDTH:4.68687
G1 X-44.86 Y137.262 E463.0965
;WIDTH:4.70721
G1 X-44.834 Y136.745 E465.72002
G1 X-44.832 Y136.099 E468.99403
;WIDTH:4.68542
G1 X-44.871 Y135.394 E472.55332
;WIDTH:4.67115
G1 X-44.936 Y134.792 E475.59481
;WIDTH:4.66183
G1 X-45.053 Y134.141 E478.90957
;WIDTH:4.62567
G1 X-45.187 Y133.551 E481.91437
;WIDTH:4.59688
G1 X-45.215 Y133.44 E482.4788
;WIDTH:4.59596
G1 X-46.658 Y128.065 E509.91224
;WIDTH:4.63101
G1 X-46.82 Y127.528 E512.70165
;WIDTH:4.67658
G1 X-47.147 Y126.642 E517.45198
;WIDTH:4.70583
G1 X-47.567 Y125.768 E522.36474
G1 X-47.826 Y125.314 E525.01285
;WIDTH:4.70247
G1 X-48.113 Y124.854 E527.75751
G1 X-48.471 Y124.343 E530.91595
;WIDTH:4.66661
G1 X-48.863 Y123.847 E534.088
;WIDTH:4.64788
G1 X-49.222 Y123.447 E536.77221
;WIDTH:4.62117
G1 X-49.524 Y123.127 E538.95498
;WIDTH:4.59541
G1 X-52.646 Y120 E560.73331
G1 E558.73331 F2400
G92 E0
G1 X41.419 Y107.918 F7800
G1 E2 F2400
;TYPE:Internal infill
;WIDTH:4.5
G1 F4800
G1 X-138.645 Y-72.147 E1226.77779
G1 X-138.645 Y-66.683 E1253.05776
G1 X47.584 Y119.546 E2519.76577
G1 X45.992 Y121.161 E2530.67287
G1 X44.992 Y122.417 E2538.39463
G1 X-138.645 Y-61.22 E3787.47215
G1 X-138.645 Y-55.757 E3813.74731
G1 X43.17 Y126.058 E5050.4318
G1 X42.002 Y130.353 E5071.83951
G1 X-138.645 Y-50.294 E6300.5794
G1 X-138.645 Y-44.831 E6326.85456
G1 X40.96 Y134.774 E7548.50689
G1 X40.865 Y136.362 E7556.15828
G1 X40.932 Y137.683 E7562.52001
G1 X41.13 Y138.992 E7568.88747
G1 X41.61 Y140.888 E7578.29428
G1 X-138.645 Y-39.368 E8804.37123
G1 X-138.645 Y-33.904 E8830.6512
G1 X75.167 Y179.908 E10284.97557
G1 X73.668 Y183.872 E10305.3587
G1 X-138.645 Y-28.441 E11749.48704
G1 X-138.645 Y-22.978 E11775.7622
G1 X72.169 Y187.836 E13209.69452
G1 X71.272 Y190.206 E13221.88253
G1 X70.834 Y191.964 E13230.59639
G1 X-138.645 Y-17.515 E14655.44819
G1 X-138.645 Y-12.052 E14681.72335
G1 X70.946 Y197.54 E16107.34036
G1 X71.701 Y203.758 E16137.46647
G1 X-38.241 Y93.816 E16885.27917
G1 X-37.65 Y96.146 E16896.84055
G1 X-37.508 Y97.097 E16901.46524
G1 X-37.433 Y98.675 E16909.06345
G1 X-37.534 Y99.987 E16915.39239
G1 X73.364 Y210.884 E17669.70429
G1 X74.17 Y212.234 E17677.26653
G1 X75.662 Y214.395 E17689.89679
G1 X71.412 Y214.395 E17710.33784
G1 X-38.579 Y104.404 E18458.48383
G1 X-39.288 Y107.053 E18471.67307
G1 X-39.829 Y108.617 E18479.63269
G1 X65.949 Y214.395 E19199.12235
G1 X60.486 Y214.395 E19225.39751
G1 X-41.915 Y111.994 E19921.91721
G1 X-44.624 Y114.748 E19940.49719
G1 X55.023 Y214.395 E20618.2845
G1 X49.559 Y214.395 E20644.56447
G1 X-47.407 Y117.429 E21304.11593
G1 X-48.751 Y118.379 E21312.03193
G1 X-45.992 Y121.161 E21330.87671
G1 X-44.826 Y122.644 E21339.95008
G1 X-44.094 Y123.863 E21346.78891
G1 X-43.512 Y125.109 E21353.40327
G1 X-43.072 Y126.371 E21359.8314
G1 X-42.755 Y127.544 E21365.67552
G1 X44.096 Y214.395 E21956.42592
G1 X38.633 Y214.395 E21982.70108
G1 X-40.956 Y134.806 E22524.0562
G1 X-40.865 Y136.362 E22531.55282
G1 X-40.922 Y137.584 E22537.43661
G1 X-41.105 Y138.87 E22543.68414
G1 X-41.341 Y139.885 E22548.69617
G1 X33.17 Y214.395 E23055.50793
G1 X27.707 Y214.395 E23081.78309
G1 X-42.497 Y144.192 E23559.29913
G1 X-43.099 Y146.415 E23570.37611
G1 X-43.456 Y147.449 E23575.63737
G1 X-43.835 Y148.317 E23580.19277
G1 X22.244 Y214.395 E24029.65104
G1 X16.78 Y214.395 E24055.93101
G1 X-46.037 Y151.578 E24483.20494
G1 X-48.757 Y154.322 E24501.78787
G1 X11.317 Y214.395 E24910.40083
G1 X5.854 Y214.395 E24936.67599
G1 X-51.502 Y157.04 E25326.80143
G1 X-52.053 Y157.516 E25330.3035
G1 X-53.108 Y158.286 E25336.58545
G1 X-54.786 Y159.218 E25345.81737
G1 X.391 Y214.395 E25721.12491
G1 X-5.072 Y214.395 E25747.40007
G1 X-58.932 Y160.536 E26113.74613
G1 X-63.236 Y161.695 E26135.18431
G1 X-10.535 Y214.395 E26493.64698
G1 X-15.999 Y214.395 E26519.92695
G1 X-68.364 Y162.03 E26876.10759
G1 X-69.722 Y161.788 E26882.742
G1 X-75.651 Y160.206 E26912.25613
G1 X-21.462 Y214.395 E27280.84341
G1 X-26.925 Y214.395 E27307.11857
G1 X-138.645 Y102.675 E28067.02502
G1 X-138.645 Y97.212 E28093.30018
G1 X-90.509 Y145.348 E28420.71566
G1 X-92.015 Y139.748 E28448.60672
G1 X-92.345 Y138.049 E28456.93104
G1 X-138.645 Y91.749 E28771.85826
G1 X-138.645 Y86.285 E28798.13823
G1 X-92.006 Y132.925 E29115.37469
G1 X-90.847 Y128.62 E29136.81752
G1 X-138.645 Y80.822 E29461.93396
G1 X-138.645 Y75.359 E29488.20912
G1 X-89.525 Y124.479 E29822.31765
G1 X-88.891 Y123.27 E29828.88356
G1 X-88.361 Y122.454 E29833.56342
G1 X-87.346 Y121.195 E29841.34155
G1 X-138.645 Y69.896 E30190.27138
G1 X-138.645 Y64.433 E30216.54654
G1 X-84.634 Y118.444 E30583.92308
G1 X-81.892 Y115.723 E30602.50256
G1 X-138.645 Y58.97 E30988.52987
G1 X-138.645 Y53.506 E31014.80984
G1 X-78.629 Y113.523 E31423.0351
G1 X-78.053 Y113.266 E31426.06871
G1 X-78.957 Y112.361 E31432.22101
G1 X-79.649 Y111.557 E31437.32306
G1 X-80.51 Y110.319 E31444.57587
G1 X-80.944 Y109.548 E31448.83125
G1 X-81.731 Y107.664 E31458.65147
G1 X-82.745 Y103.944 E31477.19618
G1 X-138.645 Y48.043 E31857.42488
G1 X-138.645 Y42.58 E31883.70004
G1 X-86.741 Y94.484 E32236.74501
G1 X-86.44 Y92.847 E32244.75041
G1 X-84.354 Y91.408 E32256.939
G1 X-138.645 Y37.117 E32626.22007
G1 X-138.645 Y31.654 E32652.49523
G1 X-81.544 Y88.755 E33040.88959
G1 X-80.774 Y87.084 E33049.73876
G1 X-80.187 Y86.128 E33055.13438
G1 X-79.553 Y85.283 E33060.2153
G1 X-138.645 Y26.19 E33462.15561
G1 X-138.645 Y20.727 E33488.43077
G1 X-76.871 Y82.502 E33908.61374
G1 X-74.12 Y79.79 E33927.19356
G1 X-138.645 Y15.264 E34366.08851
G1 X-138.645 Y9.801 E34392.36367
G1 X-70.743 Y77.703 E34854.22518
G1 X-69.326 Y77.204 E34861.4507
G1 X-66.526 Y76.457 E34875.38876
G1 X-138.645 Y4.338 E35365.93381
G1 X-138.645 Y-1.125 E35392.20897
G1 X-62.12 Y75.4 E35912.72312
G1 X-60.768 Y75.308 E35919.24082
G1 X-59.265 Y75.378 E35926.47757
G1 X-57.665 Y75.655 E35934.2875
G1 X-55.939 Y76.118 E35942.88246
G1 X-140.381 Y-8.324 E36517.24713
G1 E36515.24713 F2400
G92 E0
G1 X-52.646 Y-59.4 F7800
G1 E2 F2400
;TYPE:Solid infill
;WIDTH:4.59575
G1 F1200
G1 X-49.529 Y-62.522 E23.74532
;WIDTH:4.62443
G1 X-49.241 Y-62.83 E25.83886
;WIDTH:4.66618
G1 X-48.604 Y-63.566 E30.72222
;WIDTH:4.6668
G1 X-48.231 Y-64.087 E33.93735
;WIDTH:4.69491
G1 X-47.848 Y-64.667 E37.44925
;WIDTH:4.71365
G1 X-47.577 Y-65.156 E40.28718
G1 X-47.173 Y-65.981 E44.95016
;WIDTH:4.67634
G1 X-46.971 Y-66.539 E47.93491
;WIDTH:4.64266
G1 X-46.769 Y-67.098 E50.89943
;WIDTH:4.60899
G1 X-46.556 Y-67.836 E54.69825
;WIDTH:4.59139
G1 X-45.236 Y-72.757 E79.78403
;WIDTH:4.59401
G1 X-45.212 Y-72.852 E80.26679
;WIDTH:4.62194
G1 X-45.068 Y-73.466 E83.39597
;WIDTH:4.65315
G1 X-44.947 Y-74.139 E86.81539
;WIDTH:4.68469
G1 X-44.864 Y-74.799 E90.168
;WIDTH:4.6927
G1 X-44.828 Y-75.499 E93.70768
;WIDTH:4.7092
G1 X-44.861 Y-76.659 E99.59194
;WIDTH:4.68541
G1 X-44.949 Y-77.399 E103.3485
;WIDTH:4.66234
G1 X-45.109 Y-78.212 E107.50153
;WIDTH:4.62128
G1 X-45.274 Y-78.889 E110.95839
;WIDTH:4.59028
G1 X-46.607 Y-83.859 E136.28663
;WIDTH:4.59477
G1 X-46.644 Y-83.986 E136.93849
;WIDTH:4.63318
G1 X-46.809 Y-84.53 E139.76708
;WIDTH:4.66805
G1 X-47.044 Y-85.196 E143.31191
;WIDTH:4.68395
G1 X-47.425 Y-86.056 E148.05177
;WIDTH:4.69258
G1 X-47.79 Y-86.735 E151.94463
;WIDTH:4.69918
G1 X-48.07 Y-87.185 E154.62541
G1 X-48.499 Y-87.794 E158.39333
;WIDTH:4.67633
G1 X-49.056 Y-88.472 E162.80658
;WIDTH:4.63187
G1 X-49.641 Y-89.09 E167.03942
;WIDTH:4.59746
G1 X-53.535 Y-92.978 E194.17446
;WIDTH:4.60273
G1 X-53.636 Y-93.075 E194.86593
;WIDTH:4.63982
G1 X-54.099 Y-93.496 E197.98489
;WIDTH:4.67808
G1 X-54.689 Y-93.97 E201.79303
;WIDTH:4.69036
G1 X-55.122 Y-94.277 E204.47197
;WIDTH:4.69525
G1 X-55.7 Y-94.638 E207.91558
G1 X-56.352 Y-94.985 E211.64781
;WIDTH:4.68322
G1 X-56.94 Y-95.254 E214.90555
;WIDTH:4.66503
G1 X-57.589 Y-95.504 E218.39375
;WIDTH:4.63407
G1 X-58.315 Y-95.735 E222.18546
;WIDTH:4.59938
G1 X-63.412 Y-97.103 E248.22202
;WIDTH:4.57926
G1 X-63.492 Y-97.123 E248.62679
;WIDTH:4.62094
G1 X-64.417 Y-97.348 E253.34904
;WIDTH:4.66773
G1 X-65.043 Y-97.464 E256.54433
;WIDTH:4.69118
G1 X-65.656 Y-97.538 E259.66129
;WIDTH:4.69454
G1 X-66.336 Y-97.582 E263.10404
G1 X-66.968 Y-97.581 E266.2971
;WIDTH:4.69292
G1 X-68.003 Y-97.503 E271.53897
;WIDTH:4.67652
G1 X-68.666 Y-97.399 E274.91452
;WIDTH:4.64011
G1 X-69.438 Y-97.228 E278.85575
;WIDTH:4.59782
G1 X-69.927 Y-97.102 E281.34611
;WIDTH:4.58749
G1 X-74.857 Y-95.775 E306.45881
;WIDTH:4.59086
G1 X-74.967 Y-95.744 E307.02143
;WIDTH:4.63922
G1 X-75.691 Y-95.519 E310.79955
;WIDTH:4.66826
G1 X-76.057 Y-95.373 E312.77747
;WIDTH:4.69731
G1 X-76.423 Y-95.228 E314.7678
G1 X-77.16 Y-94.892 E318.86285
;WIDTH:4.6979
G1 X-77.634 Y-94.631 E321.59895
;WIDTH:4.69851
G1 X-78.534 Y-94.04 E327.04409
;WIDTH:4.68315
G1 X-79.145 Y-93.562 E330.95244
;WIDTH:4.64661
G1 X-79.667 Y-93.094 E334.45257
;WIDTH:4.60802
G1 X-80.169 Y-92.606 E337.91416
;WIDTH:4.594
G1 X-83.798 Y-88.97 E363.22431
;WIDTH:4.62772
G1 X-84.206 Y-88.538 E366.17692
;WIDTH:4.6586
G1 X-84.56 Y-88.128 E368.88936
;WIDTH:4.68025
G1 X-84.895 Y-87.699 E371.62964
;WIDTH:4.69179
G1 X-85.22 Y-87.238 E374.47743
;WIDTH:4.69432
G1 X-85.604 Y-86.612 E378.18759
G1 X-85.949 Y-85.95 E381.95894
;WIDTH:4.68355
G1 X-86.249 Y-85.257 E385.76382
;WIDTH:4.65161
G1 X-86.503 Y-84.553 E389.50498
;WIDTH:4.61555
G1 X-86.657 Y-84.039 E392.16305
;WIDTH:4.58709
G1 X-88.01 Y-79.027 E417.69587
;WIDTH:4.5887
G1 X-88.031 Y-78.944 E418.11712
;WIDTH:4.62028
G1 X-88.205 Y-78.238 E421.72343
;WIDTH:4.65612
G1 X-88.328 Y-77.637 E424.7934
;WIDTH:4.68386
G1 X-88.446 Y-76.799 E429.05772
;WIDTH:4.69358
G1 X-88.492 Y-76.085 E432.67168
;WIDTH:4.70077
G1 X-88.495 Y-75.573 E435.26248
G1 X-88.468 Y-74.973 E438.30159
;WIDTH:4.69362
G1 X-88.374 Y-74.149 E442.49074
;WIDTH:4.66915
G1 X-88.262 Y-73.505 E445.77256
;WIDTH:4.62849
G1 X-88.068 Y-72.703 E449.87339
;WIDTH:4.5858
G1 X-86.782 Y-67.907 E474.28671
;WIDTH:4.58033
G1 X-86.766 Y-67.848 E474.58685
;WIDTH:4.61211
G1 X-86.602 Y-67.3 E477.41803
;WIDTH:4.6439
G1 X-86.438 Y-66.751 E480.27666
;WIDTH:4.67683
G1 X-86.163 Y-66.024 E484.1865
;WIDTH:4.69061
G1 X-85.76 Y-65.179 E488.91178
;WIDTH:4.70474
G1 X-85.479 Y-64.681 E491.808
G1 X-85.119 Y-64.115 E495.20555
;WIDTH:4.68976
G1 X-84.492 Y-63.296 E500.41059
;WIDTH:4.64039
G1 X-84.058 Y-62.801 E503.69214
;WIDTH:4.61128
G1 X-83.655 Y-62.382 E506.56893
;WIDTH:4.58921
G1 X-80.172 Y-58.898 E530.81146
;WIDTH:4.59007
G1 X-80.111 Y-58.838 E531.2326
;WIDTH:4.62162
G1 X-79.583 Y-58.332 E534.8609
;WIDTH:4.65121
G1 X-79.182 Y-57.973 E537.55107
;WIDTH:4.67379
G1 X-78.533 Y-57.461 E541.70614
;WIDTH:4.70016
G1 X-78.184 Y-57.218 E543.85769
;WIDTH:4.72654
G1 X-77.835 Y-56.976 E546.02032
G1 X-77.769 Y-56.961 E546.36498
;WIDTH:4.68349
G1 X-77.702 Y-56.947 E546.70985
;WIDTH:4.64045
G1 X-77.635 Y-56.932 E547.0521
;WIDTH:4.59741
G1 X-77.568 Y-56.918 E547.38962
;WIDTH:4.55437
G1 X-77.502 Y-56.903 E547.71974
;WIDTH:4.51133
G1 X-77.435 Y-56.889 E548.04991
;WIDTH:4.46829
G1 X-77.368 Y-56.874 E548.37742
;WIDTH:4.42524
G1 X-77.297 Y-56.864 E548.71559
;WIDTH:4.37688
G1 X-77.225 Y-56.854 E549.05405
;WIDTH:4.32851
G1 X-77.154 Y-56.844 E549.38357
;WIDTH:4.28014
G1 X-77.083 Y-56.833 E549.70943
;WIDTH:4.23177
G1 X-77.011 Y-56.823 E550.03473
;WIDTH:4.1834
G1 X-76.94 Y-56.813 E550.35127
;WIDTH:4.13504
G1 X-76.868 Y-56.803 E550.6678
;WIDTH:4.08667
G1 X-76.797 Y-56.793 E550.97569
;WIDTH:4.0383
G1 X-76.725 Y-56.783 E551.28345
;WIDTH:3.98993
G1 X-76.654 Y-56.772 E551.5833
;WIDTH:3.94156
G1 X-76.592 Y-56.77 E551.83845
;WIDTH:3.8954
G1 X-76.53 Y-56.767 E552.09019
;WIDTH:3.84925
G1 X-76.468 Y-56.764 E552.33836
;WIDTH:3.80309
G1 X-76.406 Y-56.761 E552.58295
;WIDTH:3.75693
G1 X-76.344 Y-56.758 E552.82397
;WIDTH:3.71077
G1 X-76.282 Y-56.755 E553.06142
;WIDTH:3.66461
G1 X-76.22 Y-56.752 E553.29529
;WIDTH:3.61845
G1 X-76.158 Y-56.75 E553.52544
;WIDTH:3.5723
G1 X-76.096 Y-56.747 E553.75216
;WIDTH:3.52614
G1 X-76.034 Y-56.744 E553.97531
;WIDTH:3.47998
G1 X-75.972 Y-56.741 E554.19489
;WIDTH:3.43382
G1 X-75.91 Y-56.738 E554.41089
;WIDTH:3.38766
G1 X-75.239 Y-56.479 E556.87237
G1 X-73.892 Y-56.047 E561.71347
G1 X-75.443 Y-54.493 E569.22734
;WIDTH:3.43621
G1 X-75.56 Y-54.41 E569.72695
;WIDTH:3.48476
G1 X-75.677 Y-54.328 E570.23321
;WIDTH:3.5333
G1 X-75.794 Y-54.245 E570.7502
;WIDTH:3.58185
G1 X-75.911 Y-54.162 E571.27587
;WIDTH:3.6304
G1 X-76.027 Y-54.08 E571.80504
;WIDTH:3.67895
G1 X-76.144 Y-53.997 E572.34809
;WIDTH:3.72749
G1 X-76.261 Y-53.914 E572.89982
;WIDTH:3.77604
G1 X-76.378 Y-53.832 E573.45799
;WIDTH:3.81987
G1 X-76.487 Y-53.753 E573.99126
;WIDTH:3.86371
G1 X-76.596 Y-53.675 E574.52954
;WIDTH:3.90754
G1 X-76.705 Y-53.597 E575.07515
;WIDTH:3.95137
G1 X-76.815 Y-53.519 E575.63145
;WIDTH:3.9952
G1 X-76.924 Y-53.44 E576.19416
;WIDTH:4.03903
G1 X-77.033 Y-53.362 E576.76175
;WIDTH:4.08763
G1 X-77.159 Y-53.27 E577.43188
;WIDTH:4.13622
G1 X-77.286 Y-53.178 E578.11498
;WIDTH:4.18482
G1 X-77.412 Y-53.085 E578.80663
;WIDTH:4.23341
G1 X-77.538 Y-52.993 E579.50512
G1 X-77.497 Y-53.135 E580.16685
;WIDTH:4.18482
G1 X-77.456 Y-53.278 E580.82386
;WIDTH:4.13622
G1 X-77.415 Y-53.42 E581.46767
;WIDTH:4.08763
G1 X-77.375 Y-53.562 E582.10134
;WIDTH:4.03903
G1 X-77.388 Y-53.669 E582.55779
;WIDTH:3.9952
G1 X-77.401 Y-53.776 E583.00834
;WIDTH:3.95137
G1 X-77.414 Y-53.883 E583.453
;WIDTH:3.90754
G1 X-77.427 Y-53.991 E583.89581
;WIDTH:3.86371
G1 X-77.44 Y-54.098 E584.32869
;WIDTH:3.81987
G1 X-77.453 Y-54.205 E584.75567
;WIDTH:3.77604
G1 X-77.491 Y-54.336 E585.28854
;WIDTH:3.72973
G1 X-77.53 Y-54.467 E585.81462
;WIDTH:3.68341
G1 X-77.569 Y-54.598 E586.3328
;WIDTH:3.6371
G1 X-77.607 Y-54.729 E586.84204
;WIDTH:3.59078
G1 X-77.646 Y-54.86 E587.34443
;WIDTH:3.54447
G1 X-77.685 Y-54.991 E587.83893
;WIDTH:3.49815
G1 X-77.723 Y-55.121 E588.32111
;WIDTH:3.50068
G1 X-77.712 Y-54.988 E588.79664
;WIDTH:3.54953
G1 X-77.7 Y-54.855 E589.28061
;WIDTH:3.59838
G1 X-77.689 Y-54.722 E589.7724
;WIDTH:3.64723
G1 X-77.677 Y-54.589 E590.27265
;WIDTH:3.69608
G1 X-77.665 Y-54.456 E590.78103
;WIDTH:3.74493
G1 X-77.654 Y-54.323 E591.29722
;WIDTH:3.79378
G1 X-77.642 Y-54.19 E591.82188
;WIDTH:3.84262
G1 X-77.631 Y-54.057 E592.35433
;WIDTH:3.89147
G1 X-77.619 Y-53.924 E592.89526
;WIDTH:3.94032
G1 X-77.608 Y-53.791 E593.44397
;WIDTH:3.98917
G1 X-77.596 Y-53.658 E594.00117
;WIDTH:4.03802
G1 X-77.585 Y-53.525 E594.56614
;WIDTH:4.08687
G1 X-77.573 Y-53.392 E595.13961
;WIDTH:4.13572
G1 X-77.561 Y-53.259 E595.72122
;WIDTH:4.18456
G1 X-77.55 Y-53.126 E596.31058
;WIDTH:4.23341
G1 X-77.538 Y-52.993 E596.90846
G1 X-77.656 Y-52.86 E597.7045
;WIDTH:4.21136
G1 X-78.024 Y-52.462 E600.11648
;WIDTH:4.17099
G1 X-78.393 Y-52.065 E602.50092
;WIDTH:4.13061
G1 X-78.762 Y-51.667 E604.86125
;WIDTH:4.09023
G1 X-78.847 Y-51.571 E605.41242
;WIDTH:4.11197
G1 X-79.666 Y-50.598 E610.91385
G1 E608.91385 F2400
G92 E0
G1 X-101.835 Y-150.063 F7800
G1 E2 F2400
;TYPE:Internal infill
;WIDTH:4.5
G1 F4800
G1 X138.645 Y90.418 E1637.7204
G1 X138.645 Y84.955 E1663.99556
G1 X-92.649 Y-146.34 E3237.23386
G1 X-91.59 Y-146.237 E3242.35132
G1 X-90.288 Y-146.233 E3248.61352
G1 X-87.399 Y-146.553 E3262.5936
G1 X140.381 Y81.227 E4811.92668
G1 E4809.92668 F2400
G92 E0
G1 X140.381 Y97.616 F7800
G1 E2 F2400
G1 F4800
G1 X-138.645 Y-181.41 E1899.90241
G1 X-138.645 Y-175.947 E1926.17757
G1 X-63.968 Y-101.269 E2434.12524
G1 X-65.332 Y-101.478 E2440.76218
G1 X-66.796 Y-101.544 E2447.81067
G1 X-67.905 Y-101.487 E2453.15162
G1 X-69.418 Y-101.257 E2460.51223
G1 X-138.645 Y-170.484 E2931.38624
G1 X-138.645 Y-165.021 E2957.6614
G1 X-73.741 Y-100.116 E3399.13426
G1 X-76.698 Y-99.32 E3413.86271
G1 X-77.961 Y-98.873 E3420.30654
G1 X-138.645 Y-159.557 E3833.07205
G1 X-138.645 Y-154.094 E3859.34721
G1 X-81.372 Y-96.82 E4248.9149
G1 X-82.281 Y-96.008 E4254.77721
G1 X-84.152 Y-94.137 E4267.50353
G1 X-138.645 Y-148.631 E4638.16198
G1 X-138.645 Y-143.168 E4664.43714
G1 X-86.883 Y-91.405 E5016.51965
G1 X-88.085 Y-90.026 E5025.3181
G1 X-88.542 Y-89.383 E5029.11224
G1 X-89.207 Y-88.266 E5035.36464
G1 X-138.645 Y-137.705 E5371.63957
G1 X-138.645 Y-132.242 E5397.91473
G1 X-90.643 Y-84.239 E5724.42215
G1 X-91.803 Y-79.936 E5745.85694
G1 X-138.645 Y-126.778 E6064.47078
G1 X-138.645 Y-121.315 E6090.74594
G1 X-92.434 Y-75.104 E6405.06779
G1 X-92.268 Y-73.53 E6412.68018
G1 X-92.087 Y-72.64 E6417.0484
G1 X-90.86 Y-68.066 E6439.82557
G1 X-138.645 Y-115.852 E6764.85699
G1 X-138.645 Y-110.389 E6791.13215
G1 X-81.888 Y-53.631 E7177.19007
G1 X-84.414 Y-50.694 E7195.82192
G1 X-138.645 Y-104.926 E7564.69828
G1 X-138.645 Y-99.462 E7590.97825
G1 X-82.698 Y-43.515 E7971.52324
G1 X-83.405 Y-40.872 E7984.68211
G1 X-83.708 Y-39.062 E7993.50873
G1 X-138.645 Y-93.999 E8367.18382
G1 X-138.645 Y-88.536 E8393.45898
G1 X-82.827 Y-32.718 E8773.12653
G1 X-81.849 Y-29.074 E8791.27317
G1 X-81.553 Y-28.175 E8795.8254
G1 X-81.096 Y-27.106 E8801.41705
G1 X-80.661 Y-26.285 E8805.8858
G1 X-80.061 Y-25.345 E8811.24938
G1 X-78.827 Y-23.853 E8820.56178
G1 X-75.846 Y-20.882 E8840.80421
G1 X-76.058 Y-20.486 E8842.9646
G1 X-138.645 Y-83.073 E9268.6741
G1 X-138.645 Y-77.61 E9294.94926
G1 X37.436 Y98.472 E10492.63515
G1 X37.508 Y97.097 E10499.25749
G1 X37.65 Y96.146 E10503.88218
G1 X38.242 Y93.814 E10515.45407
G1 X-70.092 Y-14.52 E11252.32934
G1 X-68.948 Y-14.866 E11258.07774
G1 X-68.719 Y-15.293 E11260.40817
G1 X-68.298 Y-15.424 E11262.5288
G1 X-67.878 Y-16.222 E11266.86605
G1 X-65.763 Y-15.654 E11277.39893
G1 X39.402 Y89.512 E11992.72243
G1 X39.654 Y88.757 E11996.55066
G1 X40.235 Y87.444 E12003.45638
G1 X41.21 Y85.856 E12012.41884
G1 X-59.41 Y-14.764 E12696.82438
G1 X-57.668 Y-15.054 E12705.31811
G1 X-54.961 Y-15.778 E12718.79548
G1 X43.822 Y83.005 E13390.70596
G1 X46.554 Y80.274 E13409.28531
G1 X-50.718 Y-16.998 E14070.91814
G1 X-49.839 Y-17.375 E14075.51827
G1 X-48.606 Y-18.058 E14082.29763
G1 X-47.281 Y-19.024 E14090.18427
G1 X49.763 Y78.019 E14750.26287
G1 X50.608 Y77.636 E14754.72501
G1 X51.589 Y77.288 E14759.73137
G1 X53.878 Y76.672 E14771.13237
G1 X-44.512 Y-21.719 E15440.37311
G1 X-41.811 Y-24.481 E15458.95361
G1 X58.209 Y75.539 E16139.27802
G1 X59.759 Y75.335 E16146.79728
G1 X61.103 Y75.317 E16153.26204
G1 X62.43 Y75.441 E16159.67226
G1 X63.876 Y75.743 E16166.77709
G1 X-39.761 Y-27.894 E16871.70391
G1 X-39.429 Y-28.812 E16876.39905
G1 X-38.534 Y-32.13 E16892.92787
G1 X138.645 Y145.049 E18098.07883
G1 X138.645 Y139.586 E18124.35399
G1 X-37.502 Y-36.562 E19322.48881
G1 X-37.433 Y-38.076 E19329.77819
G1 X-37.487 Y-39.055 E19334.494
G1 X-37.81 Y-40.929 E19343.6402
G1 X-38.323 Y-42.845 E19353.1801
G1 X138.645 Y134.123 E20556.89586
G1 X138.645 Y128.66 E20583.17102
G1 X-48.272 Y-58.258 E21854.56212
G1 X-46.406 Y-60.125 E21867.25784
G1 X-45.584 Y-61.033 E21873.14873
G1 X138.645 Y123.197 E23126.25637
G1 X138.645 Y117.734 E23152.53153
G1 X-43.537 Y-64.449 E24391.71571
G1 X-43.082 Y-65.738 E24398.29026
G1 X-42.294 Y-68.669 E24412.88795
G1 X138.645 Y112.27 E25643.61399
G1 X138.645 Y106.807 E25669.88915
G1 X-41.155 Y-72.993 E26892.86785
G1 X-40.934 Y-74.392 E26899.68
G1 X-40.865 Y-75.652 E26905.74925
G1 X-40.92 Y-76.962 E26912.05545
G1 X-41.148 Y-78.449 E26919.29099
G1 X140.381 Y103.079 E28154.02674
G1 E28152.02674 F2400
G92 E0
G1 X140.381 Y152.248 F7800
G1 E2 F2400
G1 F4800
G1 X83.332 Y95.199 E390.04067
G1 X83.606 Y96.462 E396.25657
G1 X83.745 Y97.719 E402.33916
G1 X83.727 Y99.494 E410.87674
G1 X83.535 Y100.865 E417.53513
G1 X138.645 Y155.976 E792.39034
G1 X138.645 Y161.439 E818.6655
G1 X82.408 Y105.201 E1201.18644
G1 X81.731 Y107.664 E1213.47198
G1 X81.057 Y109.314 E1222.04448
G1 X138.645 Y166.902 E1613.75136
G1 X138.645 Y172.365 E1640.02652
G1 X78.799 Y112.519 E2047.09205
G1 X78.053 Y113.266 E2052.16966
G1 X79.886 Y114.207 E2062.07962
G1 X81.06 Y115.021 E2068.95065
G1 X81.73 Y115.576 E2073.13512
G1 X86.875 Y120.685 E2108.00859
G1 X87.596 Y121.467 E2113.12441
G1 X88.27 Y122.326 E2118.37588
G1 X88.811 Y123.138 E2123.06875
G1 X89.326 Y124.055 E2128.12716
G1 X89.838 Y125.185 E2134.09394
G1 X90.201 Y126.218 E2139.36015
G1 X91.366 Y130.549 E2160.93123
G1 X138.645 Y177.828 E2482.51749
G1 X138.684 Y183.331 E2508.9857
G1 X137.899 Y182.545 E2514.32858
G1 X136.74 Y179.4 E2530.44941
G1 X136.471 Y178.747 E2533.84617
G1 X135.829 Y177.5 E2540.592
G1 X135.077 Y176.366 E2547.13642
G1 X133.793 Y174.897 E2556.52033
G1 X124.315 Y166.531 E2617.32446
G1 X123.158 Y165.755 E2624.02496
G1 X121.998 Y165.146 E2630.32631
G1 X121.236 Y164.826 E2634.30132
G1 X119.712 Y164.358 E2641.96907
G1 X92.434 Y137.08 E2827.51085
G1 X92.33 Y138.168 E2832.76761
G1 X92.171 Y139.086 E2837.24861
G1 X91.512 Y141.621 E2849.84634
G1 X112.46 Y162.569 E2992.3322
G1 X108.183 Y161.543 E3013.48672
G1 X106.745 Y161.38 E3020.4473
G1 X105.793 Y161.366 E3025.02659
G1 X90.354 Y145.926 E3130.04427
G1 X90.07 Y146.89 E3134.8778
G1 X89.695 Y147.859 E3139.87519
G1 X89.299 Y148.699 E3144.34174
G1 X88.698 Y149.734 E3150.09813
G1 X101.159 Y162.195 E3234.8564
G1 X96.775 Y163.274 E3256.57119
G1 X86.189 Y152.687 E3328.57933
G1 X83.456 Y155.418 E3347.16208
G1 X92.39 Y164.353 E3407.93351
G1 X90.663 Y164.904 E3416.65231
G1 X89.789 Y165.296 E3421.2594
G1 X88.566 Y165.991 E3428.02506
G1 X80.597 Y158.022 E3482.22927
G1 X79.829 Y158.528 E3486.65274
G1 X78.83 Y159.08 E3492.1423
G1 X77.783 Y159.546 E3497.65427
G1 X76.947 Y159.836 E3501.9102
G1 X85.567 Y168.455 E3560.53904
G1 X82.67 Y171.021 E3579.15246
G1 X72.654 Y161.006 E3647.27673
G1 X69.722 Y161.788 E3661.8716
G1 X68.232 Y162.047 E3669.14545
G1 X79.772 Y173.587 E3747.63919
G1 X77.886 Y175.329 E3759.98752
G1 X77.055 Y176.333 E3766.25592
G1 X59.656 Y158.934 E3884.6019
G1 E3882.6019 F2400
G92 E0
G1 X75.161 Y116.339 F7800
G1 E2 F2400
;TYPE:Solid infill
;WIDTH:4.74985
G1 F1200
G1 X75.653 Y116.538 E4.71798
;WIDTH:4.71409
G1 X76.144 Y116.737 E7.40758
;WIDTH:4.6837
G1 X76.809 Y117.035 E11.07943
;WIDTH:4.69769
G1 X77.432 Y117.354 E14.61839
G1 X78.006 Y117.704 E18.01765
;WIDTH:4.68221
G1 X78.532 Y118.062 E21.22249
;WIDTH:4.67048
G1 X79.185 Y118.575 E25.39304
;WIDTH:4.65087
G1 X79.583 Y118.932 E28.06514
;WIDTH:4.62162
G1 X80.111 Y119.438 E31.69344
;WIDTH:4.59007
G1 X80.172 Y119.498 E32.11458
;WIDTH:4.58921
G1 X83.655 Y122.982 E56.35709
;WIDTH:4.61128
G1 X84.058 Y123.401 E59.23388
;WIDTH:4.64039
G1 X84.492 Y123.896 E62.51543
;WIDTH:4.68976
G1 X85.119 Y124.715 E67.72047
;WIDTH:4.70473
G1 X85.479 Y125.281 E71.11802
G1 X85.76 Y125.779 E74.01424
;WIDTH:4.69061
G1 X86.163 Y126.624 E78.73952
;WIDTH:4.67682
G1 X86.438 Y127.351 E82.64936
;WIDTH:4.6439
G1 X86.602 Y127.9 E85.50799
;WIDTH:4.61204
G1 X86.766 Y128.448 E88.33912
;WIDTH:4.58018
G1 X86.782 Y128.507 E88.63925
;WIDTH:4.58516
G1 X88.069 Y133.308 E113.07366
;WIDTH:4.62759
G1 X88.261 Y134.104 E117.14225
;WIDTH:4.67672
G1 X88.408 Y134.982 E121.62012
;WIDTH:4.69468
G1 X88.469 Y135.59 E124.70745
;WIDTH:4.70121
G1 X88.496 Y136.219 E127.89351
G1 X88.486 Y136.845 E131.06186
;WIDTH:4.6944
G1 X88.422 Y137.619 E134.98555
;WIDTH:4.67595
G1 X88.322 Y138.273 E138.31282
;WIDTH:4.65277
G1 X88.206 Y138.834 E141.17727
;WIDTH:4.61999
G1 X88.031 Y139.545 E144.80858
;WIDTH:4.5891
G1 X88.01 Y139.625 E145.21558
;WIDTH:4.58734
G1 X86.702 Y144.486 E169.9753
;WIDTH:4.62544
G1 X86.485 Y145.217 E173.7621
;WIDTH:4.65795
G1 X86.208 Y145.961 E177.73685
;WIDTH:4.70236
G1 X85.789 Y146.866 E182.78518
;WIDTH:4.70565
G1 X85.254 Y147.774 E188.12436
G1 X84.883 Y148.31 E191.42684
;WIDTH:4.67077
G1 X84.36 Y148.956 E195.60152
;WIDTH:4.65062
G1 X83.959 Y149.383 E198.52893
;WIDTH:4.6147
G1 X83.557 Y149.81 E201.43349
;WIDTH:4.57878
G1 X83.513 Y149.854 E201.73889
;WIDTH:4.57774
G1 X80.162 Y153.203 E224.98459
;WIDTH:4.59174
G1 X79.684 Y153.667 E228.26486
;WIDTH:4.61848
G1 X79.436 Y153.896 E229.93828
;WIDTH:4.64522
G1 X79.188 Y154.125 E231.62296
;WIDTH:4.67448
G1 X78.725 Y154.475 E234.54082
;WIDTH:4.70375
G1 X78.262 Y154.824 E237.47681
G1 X77.794 Y155.134 E240.31941
;WIDTH:4.6985
G1 X76.808 Y155.657 E245.9639
;WIDTH:4.68384
G1 X76.352 Y155.864 E248.48733
G1 X75.932 Y156.021 E250.74672
;WIDTH:4.65399
G1 X75.513 Y156.178 E252.98473
;WIDTH:4.62414
G1 X74.572 Y156.457 E257.85733
;WIDTH:4.58858
G1 X74.499 Y156.477 E258.22974
;WIDTH:4.5891
G1 X69.494 Y157.81 E283.71683
;WIDTH:4.63909
G1 X68.741 Y157.985 E287.56914
;WIDTH:4.67243
G1 X68.108 Y158.089 E290.79243
;WIDTH:4.69505
G1 X67.511 Y158.15 E293.82474
G1 X66.858 Y158.181 E297.12802
;WIDTH:4.69025
G1 X65.873 Y158.158 E302.10062
G1 X65.194 Y158.085 E305.54725
;WIDTH:4.67311
G1 X64.415 Y157.947 E309.52313
;WIDTH:4.63747
G1 X63.886 Y157.826 E312.22619
;WIDTH:4.59548
G1 X63.739 Y157.79 E312.97213
;WIDTH:4.58956
G1 X58.344 Y156.337 E340.46898
;WIDTH:4.61695
G1 X57.812 Y156.178 E343.22054
;WIDTH:4.66604
G1 X57.149 Y155.944 E346.74773
;WIDTH:4.68663
G1 X56.657 Y155.733 E349.44713
;WIDTH:4.69722
G1 X56.18 Y155.502 E352.12657
;WIDTH:4.70069
G1 X55.291 Y154.989 E357.32011
;WIDTH:4.6941
G1 X54.877 Y154.707 E359.85063
;WIDTH:4.68553
G1 X54.292 Y154.257 E363.57121
;WIDTH:4.64976
G1 X53.659 Y153.694 E367.80393
;WIDTH:4.60229
G1 X53.192 Y153.241 E371.01616
;WIDTH:4.583
G1 X53.156 Y153.207 E371.25945
;WIDTH:4.58615
G1 X49.684 Y149.735 E395.40317
;WIDTH:4.62922
G1 X49.106 Y149.127 E399.57318
;WIDTH:4.67132
G1 X48.602 Y148.528 E403.50558
;WIDTH:4.69438
G1 X48.178 Y147.949 E407.1312
G1 X47.86 Y147.455 E410.09933
;WIDTH:4.6935
G1 X47.507 Y146.821 E413.76458
;WIDTH:4.68947
G1 X47.098 Y145.908 E418.8127
G1 X46.98 Y145.6 E420.47702
;WIDTH:4.66125
G1 X46.861 Y145.291 E422.1362
;WIDTH:4.63303
G1 X46.63 Y144.536 E426.06466
;WIDTH:4.59088
G1 X46.603 Y144.441 E426.55087
;WIDTH:4.58838
G1 X45.274 Y139.489 E451.77633
;WIDTH:4.62171
G1 X45.108 Y138.809 E455.24919
;WIDTH:4.65717
G1 X44.971 Y138.132 E458.70673
;WIDTH:4.67573
G1 X44.865 Y137.258 E463.13414
;WIDTH:4.70716
G1 X44.834 Y136.726 E465.83491
G1 X44.829 Y136.099 E469.01267
;WIDTH:4.69107
G1 X44.856 Y135.501 E472.03443
;WIDTH:4.6892
G1 X44.938 Y134.793 E475.63062
;WIDTH:4.65764
G1 X45.053 Y134.141 E478.9451
;WIDTH:4.62498
G1 X45.187 Y133.551 E481.94938
;WIDTH:4.59767
G1 X45.215 Y133.44 E482.51392
;WIDTH:4.59518
G1 X46.658 Y128.065 E509.94192
;WIDTH:4.63294
G1 X46.832 Y127.489 E512.93569
;WIDTH:4.67733
G1 X47.165 Y126.6 E517.71156
;WIDTH:4.7063
G1 X47.574 Y125.754 E522.47288
G1 X47.915 Y125.153 E525.97415
;WIDTH:4.69765
G1 X48.425 Y124.412 E530.52241
;WIDTH:4.66181
G1 X48.876 Y123.832 E534.2044
;WIDTH:4.64557
G1 X49.239 Y123.428 E536.91525
;WIDTH:4.6198
G1 X49.524 Y123.127 E538.97088
;WIDTH:4.59575
G1 X52.646 Y120 E560.75107
G1 E558.75107 F2400
G92 E0
G1 X52.646 Y-59.4 F7800
G1 E2 F2400
;WIDTH:4.5954
G1 F1200
G1 X49.529 Y-62.522 E23.74344
;WIDTH:4.62566
G1 X49.198 Y-62.886 E26.18687
;WIDTH:4.65592
G1 X48.866 Y-63.249 E28.64854
;WIDTH:4.6749
G1 X48.287 Y-63.997 E33.40439
;WIDTH:4.6874
G1 X47.683 Y-64.956 E39.12035
;WIDTH:4.70214
G1 X47.335 Y-65.635 E42.98241
G1 X47.097 Y-66.172 E45.95559
;WIDTH:4.66274
G1 X46.842 Y-66.86 E49.63354
;WIDTH:4.63299
G1 X46.575 Y-67.764 E54.3235
;WIDTH:4.58545
G1 X46.554 Y-67.839 E54.7064
;WIDTH:4.59112
G1 X45.236 Y-72.757 E79.77365
;WIDTH:4.6168
G1 X45.105 Y-73.292 E82.50308
;WIDTH:4.65412
G1 X44.979 Y-73.923 E85.72158
;WIDTH:4.67831
G1 X44.901 Y-74.449 E88.39738
;WIDTH:4.68617
G1 X44.834 Y-75.35 E92.95264
;WIDTH:4.68903
G1 X44.85 Y-76.511 E98.81094
G1 X44.9 Y-77.042 E101.50191
;WIDTH:4.67831
G1 X45.033 Y-77.855 E105.64735
;WIDTH:4.62899
G1 X45.248 Y-78.791 E110.42094
;WIDTH:4.5915
G1 X45.273 Y-78.889 E110.91892
;WIDTH:4.58888
G1 X46.608 Y-83.858 E136.23602
;WIDTH:4.63534
G1 X46.828 Y-84.588 E140.03175
;WIDTH:4.67252
G1 X47.085 Y-85.298 E143.82591
;WIDTH:4.67731
G1 X47.297 Y-85.79 E146.52107
;WIDTH:4.69335
G1 X47.725 Y-86.624 E151.25576
;WIDTH:4.69819
G1 X48.117 Y-87.258 E155.02513
G1 X48.622 Y-87.953 E159.36946
;WIDTH:4.67261
G1 X48.948 Y-88.348 E161.943
;WIDTH:4.63545
G1 X49.508 Y-88.954 E166.05098
;WIDTH:4.59297
G1 X49.6 Y-89.049 E166.70237
;WIDTH:4.59608
G1 X53.535 Y-92.977 E194.11029
;WIDTH:4.63421
G1 X53.97 Y-93.384 E197.07519
;WIDTH:4.66601
G1 X54.53 Y-93.848 E200.72361
;WIDTH:4.70226
G1 X55.173 Y-94.305 E204.71676
G1 X55.594 Y-94.576 E207.25117
;WIDTH:4.69739
G1 X56.241 Y-94.932 E210.98479
;WIDTH:4.69046
G1 X56.773 Y-95.185 E213.95807
;WIDTH:4.68443
G1 X57.258 Y-95.384 E216.60007
;WIDTH:4.66292
G1 X57.815 Y-95.58 E219.56006
;WIDTH:4.6214
G1 X58.559 Y-95.806 E223.41763
;WIDTH:4.5914
G1 X58.649 Y-95.831 E223.87754
;WIDTH:4.592
G1 X63.817 Y-97.209 E250.21599
;WIDTH:4.63429
G1 X64.498 Y-97.369 E253.69772
;WIDTH:4.6641
G1 X65.002 Y-97.459 E256.26492
;WIDTH:4.68577
G1 X65.504 Y-97.524 E258.81681
;WIDTH:4.69728
G1 X66.416 Y-97.585 E263.43793
;WIDTH:4.70056
G1 X66.97 Y-97.582 E266.2411
G1 X67.692 Y-97.536 E269.90169
;WIDTH:4.68732
G1 X68.336 Y-97.455 E273.17516
;WIDTH:4.66304
G1 X68.929 Y-97.347 E276.19677
;WIDTH:4.62721
G1 X69.597 Y-97.187 E279.60948
;WIDTH:4.59079
G1 X69.701 Y-97.161 E280.13722
;WIDTH:4.58787
G1 X74.851 Y-95.777 E306.37026
;WIDTH:4.61394
G1 X75.252 Y-95.655 E308.44578
;WIDTH:4.64067
G1 X75.653 Y-95.534 E310.53383
;WIDTH:4.68285
G1 X76.741 Y-95.092 E316.4499
;WIDTH:4.69792
G1 X77.194 Y-94.873 E318.99414
;WIDTH:4.7017
G1 X77.674 Y-94.605 E321.77655
G1 X78.136 Y-94.317 E324.53196
;WIDTH:4.69374
G1 X78.581 Y-94.003 E327.28305
;WIDTH:4.68338
G1 X79.171 Y-93.538 E331.06796
;WIDTH:4.64933
G1 X79.585 Y-93.168 E333.84191
;WIDTH:4.61831
G1 X80.116 Y-92.658 E337.49165
;WIDTH:4.58947
G1 X80.171 Y-92.604 E337.87097
;WIDTH:4.58796
G1 X83.657 Y-89.114 E362.13711
;WIDTH:4.61552
G1 X84.122 Y-88.629 E365.46553
;WIDTH:4.65633
G1 X84.583 Y-88.102 E368.96967
;WIDTH:4.68184
G1 X84.926 Y-87.658 E371.79541
;WIDTH:4.6965
G1 X85.242 Y-87.201 E374.60389
;WIDTH:4.70047
G1 X85.541 Y-86.722 E377.4609
G1 X85.785 Y-86.282 E380.00657
;WIDTH:4.69351
G1 X86.071 Y-85.692 E383.31834
;WIDTH:4.68366
G1 X86.299 Y-85.141 E386.32298
;WIDTH:4.66355
G1 X86.46 Y-84.654 E388.89459
;WIDTH:4.6286
G1 X86.621 Y-84.167 E391.44385
;WIDTH:4.59366
G1 X86.659 Y-84.034 E392.12529
;WIDTH:4.58881
G1 X88.009 Y-79.027 E417.64162
;WIDTH:4.62083
G1 X88.211 Y-78.212 E421.80664
;WIDTH:4.6599
G1 X88.339 Y-77.568 E425.09559
;WIDTH:4.66732
G1 X88.418 Y-77.022 E427.86414
;WIDTH:4.69278
G1 X88.487 Y-76.213 E431.96451
;WIDTH:4.69949
G1 X88.495 Y-75.516 E435.4905
G1 X88.462 Y-74.906 E438.58068
;WIDTH:4.69167
G1 X88.364 Y-74.081 E442.77516
;WIDTH:4.66678
G1 X88.261 Y-73.505 E445.71118
;WIDTH:4.62827
G1 X88.095 Y-72.806 E449.28157
;WIDTH:4.58992
G1 X88.069 Y-72.703 E449.80442
;WIDTH:4.58683
G1 X86.78 Y-67.903 E474.24698
;WIDTH:4.59655
G1 X86.586 Y-67.221 E477.74268
;WIDTH:4.62632
G1 X86.497 Y-66.949 E479.16425
;WIDTH:4.6561
G1 X86.409 Y-66.678 E480.59014
;WIDTH:4.68183
G1 X86.134 Y-65.959 E484.46717
;WIDTH:4.69611
G1 X85.812 Y-65.273 E488.29735
;WIDTH:4.70452
G1 X85.445 Y-64.625 E492.06912
G1 X85.138 Y-64.145 E494.95491
;WIDTH:4.68607
G1 X84.615 Y-63.441 E499.37656
;WIDTH:4.66027
G1 X84.125 Y-62.875 E503.12689
;WIDTH:4.61505
G1 X83.711 Y-62.439 E506.10493
;WIDTH:4.5917
G1 X83.655 Y-62.382 E506.49839
;WIDTH:4.59005
G1 X80.172 Y-58.898 E530.74605
;WIDTH:4.62233
G1 X79.564 Y-58.314 E534.92942
;WIDTH:4.65485
G1 X79.14 Y-57.938 E537.76452
;WIDTH:4.6761
G1 X78.664 Y-57.556 E540.83404
;WIDTH:4.69242
G1 X78.097 Y-57.156 E544.33797
;WIDTH:4.6942
G1 X77.527 Y-56.809 E547.70916
G1 X76.924 Y-56.489 E551.15782
;WIDTH:4.69094
G1 X76.253 Y-56.183 E554.88048
;WIDTH:4.70885
G1 X75.558 Y-55.892 E558.70064
;WIDTH:4.75053
G1 X75.162 Y-55.739 E560.87513
G1 E558.87513 F2400
G92 E0
G1 X46.308 Y-127.573 F7800
G1 E2 F2400
;TYPE:Internal infill
;WIDTH:4.5
G1 F4800
G1 X73.776 Y-100.105 E188.83414
G1 X69.058 Y-101.327 E212.2749
G1 X68.001 Y-101.477 E217.40964
G1 X66.877 Y-101.541 E222.82445
G1 X43.395 Y-125.023 E382.54628
G1 X38.838 Y-124.116 E404.89381
G1 X62.15 Y-100.804 E563.45932
G1 X57.839 Y-99.652 E584.9213
G1 X34.281 Y-123.21 E745.16008
G1 X32.331 Y-122.837 E754.70895
G1 X31.372 Y-122.728 E759.35111
G1 X29.342 Y-122.686 E769.11681
G1 X53.881 Y-98.147 E936.02823
G1 X52.294 Y-97.106 E945.15677
G1 X50.8 Y-95.765 E954.81247
G1 X23.879 Y-122.686 E1137.92598
G1 X18.416 Y-122.686 E1164.20114
G1 X48.068 Y-93.033 E1365.894
G1 X46.243 Y-91.209 E1378.30404
G1 X45.401 Y-90.237 E1384.48917
G1 X12.953 Y-122.686 E1605.20009
G1 X7.49 Y-122.686 E1631.47525
G1 X43.421 Y-86.755 E1875.87373
G1 X43.044 Y-85.632 E1881.57121
G1 X42.205 Y-82.507 E1897.13367
G1 X2.027 Y-122.686 E2170.42316
G1 X-3.437 Y-122.686 E2196.70313
G1 X41.086 Y-78.163 E2499.5434
G1 X40.911 Y-76.858 E2505.87619
G1 X40.868 Y-75.519 E2512.31964
G1 X40.992 Y-73.909 E2520.08612
G1 X41.266 Y-72.52 E2526.89548
G1 X-8.9 Y-122.686 E2868.11878
G1 X-14.363 Y-122.686 E2894.39394
G1 X43.341 Y-64.982 E3286.88984
G1 X44.094 Y-63.263 E3295.91608
G1 X44.826 Y-62.044 E3302.75491
G1 X45.494 Y-61.144 E3308.14564
G1 X46.406 Y-60.125 E3314.72293
G1 X48.751 Y-57.779 E3330.67675
G1 X47.289 Y-56.739 E3339.30609
G1 X46.671 Y-56.188 E3343.28832
G1 X-19.826 Y-122.686 E3795.59658
G1 X-22.312 Y-122.73 E3807.55526
G1 X-23.314 Y-122.847 E3812.40728
G1 X-24.48 Y-123.082 E3818.12811
G1 X-26.127 Y-123.523 E3826.32867
G1 X43.936 Y-53.46 E4302.88905
G1 X42.409 Y-51.935 E4313.26873
G1 X41.31 Y-50.623 E4321.50034
G1 X-62.894 Y-154.827 E5030.28383
G1 X-65.443 Y-151.913 E5048.9046
G1 X39.459 Y-47.011 E5762.43581
G1 X38.289 Y-42.718 E5783.83676
G1 X-71.531 Y-152.537 E6530.81623
G1 X-75.111 Y-150.655 E6550.2691
G1 X37.435 Y-38.109 E7315.79391
G1 X37.508 Y-36.497 E7323.55502
G1 X37.65 Y-35.546 E7328.17971
G1 X38.75 Y-31.331 E7349.1314
G1 X-78.691 Y-148.772 E8147.95143
G1 X-80.723 Y-147.781 E8158.82499
G1 X-81.468 Y-147.511 E8162.63625
G1 X-82.59 Y-147.207 E8168.22726
G1 X138.645 Y74.028 E9673.04201
G1 X138.645 Y68.565 E9699.31717
G1 X54.061 Y-16.019 E10274.6477
G1 X58.006 Y-14.987 E10294.26029
G1 X58.416 Y-12.94 E10304.3012
G1 X61.212 Y-11.079 E10320.45545
G1 X63.921 Y-11.622 E10333.74398
G1 X138.645 Y63.102 E10842.00794
G1 X138.645 Y57.639 E10868.2831
G1 X67.514 Y-13.493 E11352.11129
G1 X67.171 Y-15.201 E11360.4902
G1 X67.37 Y-15.505 E11362.23775
G1 X67.255 Y-16.055 E11364.94027
G1 X69.738 Y-16.732 E11377.31859
G1 X138.645 Y52.175 E11846.01599
G1 X138.645 Y46.712 E11872.29115
G1 X73.355 Y-18.578 E12316.38614
G1 X74.363 Y-19.404 E12322.6541
G1 X76.181 Y-21.216 E12334.99954
G1 X138.645 Y41.249 E12759.87581
G1 X138.645 Y35.786 E12786.15097
G1 X78.912 Y-23.948 E13192.45129
G1 X79.528 Y-24.642 E13196.91441
G1 X80.185 Y-25.524 E13202.2041
G1 X80.774 Y-26.484 E13207.62115
G1 X81.132 Y-27.191 E13211.43267
G1 X138.645 Y30.323 E13602.63281
G1 X138.645 Y24.86 E13628.90797
G1 X82.455 Y-31.331 E14011.10922
G1 X83.572 Y-35.678 E14032.69601
G1 X138.645 Y19.396 E14407.29955
G1 X138.645 Y13.933 E14433.57471
G1 X83.248 Y-41.464 E14810.37866
G1 X81.731 Y-47.064 E14838.2835
G1 X81.223 Y-48.373 E14845.03682
G1 X80.58 Y-49.596 E14851.68247
G1 X138.645 Y8.47 E15246.63725
G1 X138.645 Y3.007 E15272.91241
G1 X81.149 Y-54.49 E15663.99692
G1 X82.283 Y-55.494 E15671.28156
G1 X83.946 Y-57.156 E15682.58969
G1 X138.645 Y-2.456 E16054.64933
G1 X138.645 Y-7.919 E16080.92449
G1 X86.678 Y-59.887 E16434.40138
G1 X87.596 Y-60.867 E16440.85981
G1 X88.27 Y-61.726 E16446.11128
G1 X89.057 Y-62.971 E16453.19536
G1 X138.645 Y-13.383 E16790.48717
G1 X138.645 Y-18.846 E16816.76233
G1 X90.556 Y-66.936 E17143.86152
G1 X91.714 Y-71.241 E17165.3031
G1 X138.645 Y-24.309 E17484.52571
G1 X138.645 Y-29.772 E17510.80087
G1 X92.448 Y-75.97 E17825.03089
G1 X92.382 Y-77.142 E17830.67674
G1 X92.184 Y-78.426 E17836.92534
G1 X91.013 Y-82.867 E17859.01509
G1 X138.645 Y-35.235 E18183.00242
G1 X138.645 Y-40.698 E18209.27758
G1 X51.02 Y-128.324 E18805.29604
G1 X54.296 Y-130.511 E18824.24093
G1 X138.645 Y-46.162 E19397.97302
G1 X138.645 Y-51.625 E19424.24818
G1 X57.572 Y-132.698 E19975.6973
G1 X59.849 Y-134.235 E19988.91038
G1 X60.761 Y-134.972 E19994.55003
G1 X138.645 Y-57.088 E20524.30794
G1 X138.645 Y-62.551 E20550.5831
G1 X63.277 Y-137.92 E21063.23087
G1 X65.466 Y-141.194 E21082.17311
G1 X138.645 Y-68.014 E21579.93156
G1 X138.645 Y-73.478 E21606.21153
G1 X67.654 Y-144.469 E22089.08406
G1 X69.838 Y-147.748 E22108.03295
G1 X138.645 Y-78.941 E22576.05016
G1 X138.645 Y-84.404 E22602.32532
G1 X71.502 Y-151.547 E23059.0242
G1 X71.706 Y-152.445 E23063.45332
G1 X79.553 Y-148.319 E23106.09394
G1 X80.736 Y-147.776 E23112.35452
G1 X138.645 Y-89.867 E23506.24481
G1 X138.645 Y-95.33 E23532.51997
G1 X87.426 Y-146.55 E23880.90905
G1 X90.288 Y-146.233 E23894.75847
G1 X91.59 Y-146.237 E23901.02067
G1 X93.05 Y-146.389 E23908.08072
G1 X138.645 Y-100.793 E24218.21601
G1 X138.645 Y-106.257 E24244.49598
G1 X97.921 Y-146.981 E24521.49589
G1 X99.739 Y-147.333 E24530.40224
G1 X101.095 Y-147.788 E24537.2815
G1 X102.113 Y-148.252 E24542.66234
G1 X138.645 Y-111.72 E24791.14876
G1 X138.645 Y-117.183 E24817.42392
G1 X105.697 Y-150.131 E25041.53239
G1 X109.279 Y-152.013 E25060.99377
G1 X138.645 Y-122.646 E25260.74129
G1 X138.645 Y-128.109 E25287.01645
G1 X112.83 Y-153.925 E25462.61048
G1 X113.801 Y-154.585 E25468.25736
G1 X114.656 Y-155.3 E25473.61803
G1 X115.755 Y-156.463 E25481.31404
G1 X138.645 Y-133.572 E25637.01256
G1 X138.645 Y-139.036 E25663.29253
G1 X118.037 Y-159.644 E25803.46575
G1 X120.268 Y-162.876 E25822.35441
G1 X138.645 Y-144.499 E25947.35263
G1 X138.645 Y-149.962 E25973.62779
G1 X124.719 Y-163.888 E26068.35082
G1 X125.649 Y-164.214 E26073.09065
G1 X127.015 Y-167.056 E26088.25665
G1 X138.645 Y-155.425 E26167.36596
G1 X138.645 Y-160.888 E26193.64112
G1 X125.163 Y-174.371 E26285.34752
G1 X125.754 Y-179.243 E26308.95195
G1 X138.645 Y-166.351 E26396.63843
G1 X138.645 Y-171.815 E26422.9184
G1 X126.303 Y-184.158 E26506.87065
G1 X126.301 Y-185.295 E26512.33924
G1 X126.191 Y-186.386 E26517.61318
G1 X125.987 Y-187.457 E26522.85694
G1 X125.514 Y-189.004 E26530.6375
G1 X124.652 Y-191.271 E26542.30261
G1 X138.645 Y-177.278 E26637.48137
G1 X138.645 Y-182.741 E26663.75653
G1 X106.991 Y-214.395 E26879.06336
G1 X112.454 Y-214.395 E26905.33852
G1 X138.645 Y-188.204 E27083.48666
G1 X138.645 Y-193.667 E27109.76182
G1 X117.917 Y-214.395 E27250.75127
G1 X123.38 Y-214.395 E27277.02643
G1 X138.645 Y-199.131 E27380.85378
G1 X138.645 Y-204.594 E27407.12894
G1 X128.844 Y-214.395 E27473.7942
G1 X134.307 Y-214.395 E27500.06936
G1 X140.381 Y-208.322 E27541.3806
G1 E27539.3806 F2400
G92 E0
G1 X69.537 Y-216.131 F7800
G1 E2 F2400
;TYPE:Top solid infill
;WIDTH:4.59275
G1 F900
G1 X73.111 Y-212.557 E26.89467
G1 X72.422 Y-212.055 E31.09344
G1 X71.885 Y-211.605 E34.54424
G1 X70.078 Y-210.005 E46.43184
G1 X65.688 Y-214.395 E77.01035
G1 X60.103 Y-214.395 E104.51841
G1 X67.117 Y-207.382 E153.37089
G1 X64.156 Y-204.758 E172.8574
G1 X54.518 Y-214.395 E239.98733
G1 X48.934 Y-214.395 E267.49046
G1 X61.497 Y-201.832 E354.99793
G1 X61.232 Y-201.437 E357.34071
G1 X60.76 Y-200.593 E362.1036
G1 X60.373 Y-199.76 E366.62757
G1 X59.716 Y-198.029 E375.74679
G1 X43.349 Y-214.395 E489.74751
G1 X37.764 Y-214.395 E517.25557
G1 X58.179 Y-193.981 E659.4526
G1 X56.643 Y-189.933 E680.77747
G1 X32.18 Y-214.395 E851.17081
G1 X26.595 Y-214.395 E878.67887
G1 X55.514 Y-185.476 E1080.11393
G1 X55.482 Y-184.881 E1083.04875
G1 X55.485 Y-184.168 E1086.56055
G1 X55.526 Y-183.491 E1089.90112
G1 X56.024 Y-179.382 E1110.28746
G1 X21.01 Y-214.395 E1354.17371
G1 X15.426 Y-214.395 E1381.67684
G1 X56.794 Y-173.027 E1669.8253
G1 X56.946 Y-171.778 E1676.02244
G1 X57.058 Y-171.136 E1679.23227
G1 X57.23 Y-170.403 E1682.94061
G1 X57.419 Y-169.76 E1686.24158
G1 X57.678 Y-169.038 E1690.01956
G1 X57.919 Y-168.467 E1693.07217
G1 X58.226 Y-167.835 E1696.53281
G1 X58.568 Y-167.22 E1699.99876
G1 X58.94 Y-166.633 E1703.42162
G1 X61.918 Y-162.319 E1729.24053
G1 X9.841 Y-214.395 E2091.97896
G1 X4.256 Y-214.395 E2119.48702
G1 X67.356 Y-151.296 E2559.00607
G1 X66.962 Y-150.458 E2563.56695
G1 X66.724 Y-150.039 E2565.94036
G1 X65.252 Y-147.815 E2579.07632
G1 X-1.328 Y-214.395 E3042.83876
G1 X-6.913 Y-214.395 E3070.34682
G1 X63.015 Y-144.468 E3557.42625
G1 X60.778 Y-141.12 E3577.25851
G1 X-12.498 Y-214.395 E4087.6584
G1 X-18.082 Y-214.395 E4115.16153
G1 X58.335 Y-137.978 E4647.44351
G1 X58.101 Y-137.766 E4648.9987
G1 X57.585 Y-137.357 E4652.24172
G1 X55.066 Y-135.662 E4667.19596
G1 X-23.667 Y-214.395 E5215.61002
G1 X-29.252 Y-214.395 E5243.11808
G1 X51.718 Y-133.426 E5807.11047
G1 X48.369 Y-131.19 E5826.94409
G1 X-34.836 Y-214.395 E6406.50783
G1 X-40.421 Y-214.395 E6434.01589
G1 X44.713 Y-129.261 E7027.01607
G1 X43.842 Y-129.043 E7031.43838
G1 X40.092 Y-128.298 E7050.26939
G1 X-46.005 Y-214.395 E7649.97733
G1 X-46.168 Y-214.395 E7650.78016
G1 X-46.167 Y-208.973 E7677.48539
G1 X35.434 Y-127.371 E8245.87997
G1 X31.732 Y-126.647 E8264.45903
G1 X31.021 Y-126.568 E8267.9825
G1 X30.665 Y-126.555 E8269.73709
G1 X-46.167 Y-203.387 E8804.90975
G1 X-46.166 Y-197.802 E8832.41781
G1 X25.094 Y-126.542 E9328.77875
G1 X19.509 Y-126.542 E9356.28681
G1 X-46.165 Y-192.217 E9813.742
G1 X-46.165 Y-186.631 E9841.25499
G1 X13.925 Y-126.542 E10259.80791
G1 X8.34 Y-126.542 E10287.31597
G1 X-46.164 Y-181.046 E10666.96313
G1 X-46.163 Y-175.461 E10694.47119
G1 X2.756 Y-126.542 E11035.21608
G1 X-2.829 Y-126.542 E11062.72414
G1 X-46.163 Y-169.875 E11364.56328
G1 X-46.162 Y-164.29 E11392.07134
G1 X-8.414 Y-126.542 E11655.00472
G1 X-13.998 Y-126.542 E11682.50785
G1 X-46.161 Y-158.705 E11906.53896
G1 X-46.161 Y-153.12 E11934.04702
G1 X-19.583 Y-126.542 E12119.17586
G1 X-21.21 Y-126.542 E12127.1894
G1 X-22.069 Y-126.579 E12131.4242
G1 X-22.765 Y-126.665 E12134.87831
G1 X-23.539 Y-126.823 E12138.76915
G1 X-26.146 Y-127.52 E12152.06052
G1 X-45.188 Y-146.562 E12284.69741
G1 X-43.652 Y-140.864 E12313.76384
G1 X-43.418 Y-140.216 E12317.15719
G1 X-43.262 Y-139.85 E12319.11678
G1 X-42.994 Y-139.307 E12322.09925
G1 X-42.715 Y-138.816 E12324.88075
G1 X-42.403 Y-138.339 E12327.68808
G1 X-41.913 Y-137.703 E12331.64248
G1 X-31.319 Y-127.108 E12405.43838
G1 E12403.43838 F2400
G92 E0
G1 X-64.392 Y-161.789 F7800
G1 E2 F2400
;TYPE:Internal infill
;WIDTH:4.5
G1 F4800
G1 X-49.184 Y-146.581 E105.44305
G1 X-49.65 Y-148.321 E114.10679
G1 X-49.903 Y-149.674 E120.72705
G1 X-50.014 Y-150.935 E126.81548
G1 X-50.017 Y-152.876 E136.15104
G1 X-60.914 Y-163.773 E210.27117
G1 X-58.696 Y-167.019 E229.17994
G1 X-50.018 Y-158.34 E288.21009
G1 X-50.018 Y-163.804 E314.49006
G1 X-57.114 Y-170.899 E362.75283
G1 X-56.946 Y-171.778 E367.05704
G1 X-56.468 Y-175.717 E386.14127
G1 X-50.019 Y-169.268 E430.00662
G1 X-50.02 Y-174.732 E456.28659
G1 X-55.878 Y-180.59 E496.13202
G1 X-55.526 Y-183.491 E510.18718
G1 X-55.482 Y-184.881 E516.87595
G1 X-55.531 Y-185.706 E520.85091
G1 X-50.02 Y-180.196 E558.33269
G1 X-50.021 Y-185.659 E584.60785
G1 X-58.08 Y-193.718 E639.42423
G1 X-60.372 Y-199.756 E670.48684
G1 X-60.76 Y-200.593 E674.92403
G1 X-61.232 Y-201.437 E679.57505
G1 X-61.794 Y-202.276 E684.43201
G1 X-62.449 Y-203.101 E689.4985
G1 X-63.606 Y-204.271 E697.41262
G1 X-72.422 Y-212.055 E753.97725
G1 X-73.626 Y-212.895 E761.03814
G1 X-74.28 Y-213.271 E764.66646
G1 X-74.966 Y-213.61 E768.34677
G1 X-76.147 Y-214.074 E774.44965
G1 X-76.093 Y-214.395 E776.01524
G1 X-73.294 Y-214.395 E789.47747
G1 X-50.021 Y-191.123 E947.77431
G1 X-50.022 Y-196.587 E974.05428
G1 X-67.831 Y-214.395 E1095.18563
G1 X-62.367 Y-214.395 E1121.4656
G1 X-50.023 Y-202.051 E1205.42805
G1 X-50.023 Y-207.515 E1231.70802
G1 X-56.904 Y-214.395 E1278.50838
G1 X-51.441 Y-214.395 E1304.78354
G1 X-48.289 Y-211.243 E1326.22308
G1 E1324.22308 F2400
G92 E0
G1 X-104.364 Y-212.687 F7800
G1 E2 F2400
G1 F4800
G1 X-106.073 Y-214.395 E13.62102
G1 X-111.536 Y-214.395 E39.89618
G1 X-109.273 Y-212.133 E55.28544
G1 X-112.192 Y-209.588 E73.91167
G1 X-116.999 Y-214.395 E106.60833
G1 X-122.462 Y-214.395 E132.88349
G1 X-115.089 Y-207.022 E183.03378
G1 X-117.986 Y-204.456 E201.6472
G1 X-127.925 Y-214.395 E269.25112
G1 X-133.389 Y-214.395 E295.53109
G1 X-120.515 Y-201.522 E383.09514
G1 X-121.407 Y-199.806 E392.39697
G1 X-122.194 Y-197.737 E403.04374
G1 X-138.645 Y-214.189 E514.94493
G1 X-138.645 Y-208.726 E541.22009
G1 X-123.699 Y-193.779 E642.88445
G1 X-125.203 Y-189.821 E663.24912
G1 X-138.645 Y-203.263 E754.68004
G1 X-138.645 Y-197.8 E780.9552
G1 X-126.286 Y-185.441 E865.01968
G1 X-126.285 Y-183.62 E873.77807
G1 X-125.782 Y-179.473 E893.86991
G1 X-138.645 Y-192.336 E981.36254
G1 X-138.645 Y-186.873 E1007.6377
G1 X-122.973 Y-171.2 E1114.24022
G1 E2013.54395 F2400
G92 E0
M107
;TYPE:Custom
; Filament-specific end gcode 
;END gcode for filament
M104 S0 ; turn off temperature
G28 X0  ; home X axis
M84     ; disable motors
; objects_info = {"objects":[]}
; filament used [mm] = 3982198.87
; filament used [cm3] = 9578.31
; total filament used [g] = 0.00
; total filament cost = 0.00
; total filament used for wipe tower [g] = 0.00
; estimated printing time (normal mode) = 10h 20m 34s
; estimated first layer printing time (normal mode) = 24m 12s

; prusaslicer_config = begin
; arc_fitting = disabled
; autoemit_temperature_commands = 1
; automatic_extrusion_widths = 0
; automatic_infill_combination = 0
; automatic_infill_combination_max_layer_height = 100%
; avoid_crossing_curled_overhangs = 0
; avoid_crossing_perimeters = 0
; avoid_crossing_perimeters_max_detour = 0
; bed_custom_model = 
; bed_custom_texture = 
; bed_shape = -457.2x-457.2,457.2x-457.2,457.2x457.2,-457.2x457.2
; bed_temperature = 0
; bed_temperature_extruder = 0
; before_layer_gcode = 
; between_objects_gcode = 
; binary_gcode = 0
; bottom_fill_pattern = monotonic
; bottom_solid_layers = 3
; bottom_solid_min_thickness = 0
; bridge_acceleration = 0
; bridge_angle = 0
; bridge_fan_speed = 100
; bridge_flow_ratio = 1
; bridge_speed = 60
; brim_separation = 0
; brim_type = no_brim
; brim_width = 0
; chamber_minimal_temperature = 0
; chamber_temperature = 0
; color_change_gcode = M600
; colorprint_heights = 
; complete_objects = 0
; cooling = 1
; cooling_tube_length = 5
; cooling_tube_retraction = 91.5
; default_acceleration = 0
; default_filament_profile = 
; default_print_profile = 
; deretract_speed = 0
; disable_fan_first_layers = 3
; dont_support_bridges = 1
; draft_shield = disabled
; duplicate_distance = 6
; elefant_foot_compensation = 0
; enable_dynamic_fan_speeds = 0
; enable_dynamic_overhang_speeds = 0
; end_filament_gcode = "; Filament-specific end gcode \n;END gcode for filament\n"
; end_gcode = M104 S0 ; turn off temperature\nG28 X0  ; home X axis\nM84     ; disable motors\n
; ensure_vertical_shell_thickness = enabled
; external_perimeter_acceleration = 0
; external_perimeter_extrusion_width = 4.5
; external_perimeter_speed = 50%
; external_perimeters_first = 0
; extra_loading_move = -2
; extra_perimeters = 1
; extra_perimeters_on_overhangs = 0
; extruder_clearance_height = 20
; extruder_clearance_radius = 20
; extruder_colour = ""
; extruder_offset = 0x0
; extrusion_axis = E
; extrusion_multiplier = 1
; extrusion_width = 4.5
; fan_always_on = 0
; fan_below_layer_time = 60
; filament_abrasive = 0
; filament_colour = #29B2B2
; filament_cooling_final_speed = 3.4
; filament_cooling_initial_speed = 2.2
; filament_cooling_moves = 4
; filament_cost = 0
; filament_density = 0
; filament_deretract_speed = nil
; filament_diameter = 1.75
; filament_infill_max_crossing_speed = 0
; filament_infill_max_speed = 0
; filament_load_time = 0
; filament_loading_speed = 28
; filament_loading_speed_start = 3
; filament_max_volumetric_speed = 0
; filament_minimal_purge_on_wipe_tower = 15
; filament_multitool_ramming = 0
; filament_multitool_ramming_flow = 10
; filament_multitool_ramming_volume = 10
; filament_notes = ""
; filament_purge_multiplier = 100%
; filament_ramming_parameters = "120 100 6.6 6.8 7.2 7.6 7.9 8.2 8.7 9.4 9.9 10.0| 0.05 6.6 0.45 6.8 0.95 7.8 1.45 8.3 1.95 9.7 2.45 10 2.95 7.6 3.45 7.6 3.95 7.6 4.45 7.6 4.95 7.6"
; filament_retract_before_travel = nil
; filament_retract_before_wipe = nil
; filament_retract_layer_change = nil
; filament_retract_length = nil
; filament_retract_length_toolchange = nil
; filament_retract_lift = nil
; filament_retract_lift_above = nil
; filament_retract_lift_below = nil
; filament_retract_restart_extra = nil
; filament_retract_restart_extra_toolchange = nil
; filament_retract_speed = nil
; filament_seam_gap_distance = nil
; filament_settings_id = "Part1_2XBracket.3mf (Part 1 - 2X Bracket - P9 2D Milling Practice.3MF (Hydra))"
; filament_shrinkage_compensation_xy = 0%
; filament_shrinkage_compensation_z = 0%
; filament_soluble = 0
; filament_spool_weight = 0
; filament_stamping_distance = 0
; filament_stamping_loading_speed = 20
; filament_toolchange_delay = 0
; filament_travel_lift_before_obstacle = nil
; filament_travel_max_lift = nil
; filament_travel_ramping_lift = nil
; filament_travel_slope = nil
; filament_type = PLA
; filament_unload_time = 0
; filament_unloading_speed = 90
; filament_unloading_speed_start = 100
; filament_vendor = (Unknown)
; filament_wipe = nil
; fill_angle = 45
; fill_density = 100%
; fill_pattern = rectilinear
; first_layer_acceleration = 0
; first_layer_acceleration_over_raft = 0
; first_layer_bed_temperature = 0
; first_layer_extrusion_width = 4.5
; first_layer_height = 3
; first_layer_infill_speed = 0
; first_layer_speed = 30
; first_layer_speed_over_raft = 30
; first_layer_temperature = 200
; full_fan_speed_layer = 0
; fuzzy_skin = none
; fuzzy_skin_point_dist = 0.8
; fuzzy_skin_thickness = 0.3
; gap_fill_enabled = 1
; gap_fill_speed = 20
; gcode_comments = 0
; gcode_flavor = reprap
; gcode_label_objects = disabled
; gcode_resolution = 0.0125
; gcode_substitutions = 
; high_current_on_filament_swap = 0
; host_type = prusalink
; idle_temperature = nil
; infill_acceleration = 0
; infill_anchor = 600%
; infill_anchor_max = 50
; infill_every_layers = 1
; infill_extruder = 1
; infill_extrusion_width = 4.5
; infill_first = 0
; infill_overlap = 25%
; infill_speed = 80
; interface_shells = 0
; interlocking_beam = 0
; interlocking_beam_layer_count = 2
; interlocking_beam_width = 0.8
; interlocking_boundary_avoidance = 2
; interlocking_depth = 2
; interlocking_orientation = 22.5
; ironing = 0
; ironing_flowrate = 15%
; ironing_spacing = 0.1
; ironing_speed = 15
; ironing_type = top
; layer_gcode = 
; layer_height = 3
; machine_limits_usage = time_estimate_only
; machine_max_acceleration_e = 10000,5000
; machine_max_acceleration_extruding = 1500,1250
; machine_max_acceleration_retracting = 1500,1250
; machine_max_acceleration_travel = 1500,1250
; machine_max_acceleration_x = 9000,1000
; machine_max_acceleration_y = 9000,1000
; machine_max_acceleration_z = 500,200
; machine_max_feedrate_e = 120,120
; machine_max_feedrate_x = 500,200
; machine_max_feedrate_y = 500,200
; machine_max_feedrate_z = 12,12
; machine_max_jerk_e = 2.5,2.5
; machine_max_jerk_x = 10,10
; machine_max_jerk_y = 10,10
; machine_max_jerk_z = 0.2,0.4
; machine_min_extruding_rate = 0,0
; machine_min_travel_rate = 0,0
; max_fan_speed = 100
; max_layer_height = 0
; max_print_height = 500
; max_print_speed = 80
; max_volumetric_extrusion_rate_slope_negative = 0
; max_volumetric_extrusion_rate_slope_positive = 0
; max_volumetric_speed = 0
; min_bead_width = 85%
; min_fan_speed = 35
; min_feature_size = 100%
; min_layer_height = 0.07
; min_print_speed = 10
; min_skirt_length = 0
; mmu_segmented_region_interlocking_depth = 0
; mmu_segmented_region_max_width = 0
; multimaterial_purging = 140
; notes = 
; nozzle_diameter = 3
; nozzle_high_flow = 0
; only_one_perimeter_first_layer = 0
; only_retract_when_crossing_perimeters = 0
; ooze_prevention = 0
; output_filename_format = [input_filename_base].gcode
; over_bridge_speed = 0
; overhang_fan_speed_0 = 0
; overhang_fan_speed_1 = 0
; overhang_fan_speed_2 = 0
; overhang_fan_speed_3 = 0
; overhang_speed_0 = 15
; overhang_speed_1 = 15
; overhang_speed_2 = 20
; overhang_speed_3 = 25
; overhangs = 1
; parking_pos_retraction = 92
; pause_print_gcode = M601
; perimeter_acceleration = 0
; perimeter_extruder = 1
; perimeter_extrusion_width = 4.5
; perimeter_generator = arachne
; perimeter_speed = 60
; perimeters = 3
; physical_printer_settings_id = 
; post_process = 
; prefer_clockwise_movements = 0
; print_settings_id = Hydra
; printer_model = 
; printer_notes = 
; printer_settings_id = Hydra
; printer_technology = FFF
; printer_variant = 
; printer_vendor = 
; raft_contact_distance = 0.1
; raft_expansion = 1.5
; raft_first_layer_density = 90%
; raft_first_layer_expansion = 3
; raft_layers = 0
; remaining_times = 0
; resolution = 0
; retract_before_travel = 2
; retract_before_wipe = 0%
; retract_layer_change = 0
; retract_length = 2
; retract_length_toolchange = 10
; retract_lift = 0
; retract_lift_above = 0
; retract_lift_below = 0
; retract_restart_extra = 0
; retract_restart_extra_toolchange = 0
; retract_speed = 40
; scarf_seam_entire_loop = 0
; scarf_seam_length = 20
; scarf_seam_max_segment_length = 1
; scarf_seam_on_inner_perimeters = 0
; scarf_seam_only_on_smooth = 1
; scarf_seam_placement = nowhere
; scarf_seam_start_height = 0%
; seam_gap_distance = 15%
; seam_position = aligned
; silent_mode = 1
; single_extruder_multi_material = 0
; single_extruder_multi_material_priming = 1
; skirt_distance = 6
; skirt_height = 1
; skirts = 0
; slice_closing_radius = 0.049
; slicing_mode = regular
; slowdown_below_layer_time = 5
; small_perimeter_speed = 15
; solid_infill_acceleration = 0
; solid_infill_below_area = 70
; solid_infill_every_layers = 0
; solid_infill_extruder = 1
; solid_infill_extrusion_width = 4.5
; solid_infill_speed = 20
; spiral_vase = 0
; staggered_inner_seams = 0
; standby_temperature_delta = -5
; start_filament_gcode = "; Filament gcode\n"
; start_gcode = G28 ; home all axes\nG1 Z5 F5000 ; lift nozzle\n
; support_material = 0
; support_material_angle = 0
; support_material_auto = 1
; support_material_bottom_contact_distance = 0
; support_material_bottom_interface_layers = -1
; support_material_buildplate_only = 0
; support_material_closing_radius = 2
; support_material_contact_distance = 0.2
; support_material_enforce_layers = 0
; support_material_extruder = 1
; support_material_extrusion_width = 2.62
; support_material_interface_contact_loops = 0
; support_material_interface_extruder = 1
; support_material_interface_layers = 3
; support_material_interface_pattern = rectilinear
; support_material_interface_spacing = 0
; support_material_interface_speed = 100%
; support_material_pattern = rectilinear
; support_material_spacing = 2.5
; support_material_speed = 60
; support_material_style = grid
; support_material_synchronize_layers = 0
; support_material_threshold = 0
; support_material_with_sheath = 1
; support_material_xy_spacing = 50%
; support_tree_angle = 40
; support_tree_angle_slow = 25
; support_tree_branch_diameter = 2
; support_tree_branch_diameter_angle = 5
; support_tree_branch_diameter_double_wall = 3
; support_tree_branch_distance = 1
; support_tree_tip_diameter = 0.8
; support_tree_top_rate = 15%
; temperature = 200
; template_custom_gcode = 
; thick_bridges = 1
; thin_walls = 1
; thumbnails = 
; thumbnails_format = PNG
; toolchange_gcode = 
; top_fill_pattern = monotonic
; top_infill_extrusion_width = 4.5
; top_one_perimeter_type = none
; top_solid_infill_acceleration = 0
; top_solid_infill_speed = 15
; top_solid_layers = 3
; top_solid_min_thickness = 0
; travel_acceleration = 0
; travel_lift_before_obstacle = 0
; travel_max_lift = 0
; travel_ramping_lift = 0
; travel_slope = 0
; travel_speed = 130
; travel_speed_z = 0
; use_firmware_retraction = 0
; use_relative_e_distances = 0
; use_volumetric_e = 0
; variable_layer_height = 1
; wall_distribution_count = 1
; wall_transition_angle = 10
; wall_transition_filter_deviation = 25%
; wall_transition_length = 100%
; wipe = 0
; wipe_into_infill = 0
; wipe_into_objects = 0
; wipe_tower = 0
; wipe_tower_acceleration = 0
; wipe_tower_bridging = 10
; wipe_tower_brim_width = 2
; wipe_tower_cone_angle = 0
; wipe_tower_extra_flow = 100%
; wipe_tower_extra_spacing = 100%
; wipe_tower_extruder = 0
; wipe_tower_no_sparse_layers = 0
; wipe_tower_width = 60
; wiping_volumes_matrix = 0
; wiping_volumes_use_custom_matrix = 0
; xy_size_compensation = 0
; z_offset = 0
; prusaslicer_config = end
