; generated by PrusaSlicer 2.9.2 on 2025-04-30 at 22:02:25 UTC

; 

; external perimeters extrusion width = 4.00mm
; perimeters extrusion width = 4.00mm
; infill extrusion width = 4.00mm
; solid infill extrusion width = 4.00mm
; top infill extrusion width = 4.00mm

; external perimeters extrusion width = 4.00mm
; perimeters extrusion width = 4.00mm
; infill extrusion width = 4.00mm
; solid infill extrusion width = 4.00mm
; top infill extrusion width = 4.00mm

M104 S200 T0 ; set temperature
M104 S200 T1 ; set temperature
;TYPE:Custom
G28 ; home all axes
G1 Z5 F5000 ; lift nozzle
M109 S200 T0 ; set temperature and wait for it to be reached
M109 S200 T1 ; set temperature and wait for it to be reached
G21 ; set units to millimeters
G90 ; use absolute coordinates
M82 ; use absolute distances for extrusion
G92 E0
T1
G92 E0
; Filament gcode
M107
;LAYER_CHANGE
;Z:66
;HEIGHT:3
G1 E39034.37223 F2400
G92 E0
G1 Z2.4 F7800
G1 X26.716 Y-87.311
G1 E2 F2400
;TYPE:Perimeter
;WIDTH:4
G1 F3600
G1 X24.109 Y-84.807 E17.13148
G1 X23.493 Y-84.147 E20.91065
G1 X16.237 Y-75.493 E68.18523
G1 X15.944 Y-75.122 E70.16416
G1 X15.579 Y-74.593 E72.85453
G1 X9.785 Y-65.447 E118.17587
G1 X9.539 Y-65.032 E120.19535
G1 X9.244 Y-64.449 E122.93045
G1 X4.804 Y-54.747 E167.59411
G1 X4.565 Y-54.17 E170.20845
G1 X4.39 Y-53.644 E172.52896
G1 X1.467 Y-43.798 E215.52249
G1 X1.311 Y-43.191 E218.14598
G1 X1.206 Y-42.607 E220.62982
G1 X-.264 Y-32.409 E263.76017
G1 X-.337 Y-31.688 E266.79373
G1 X-.35 Y-31.144 E269.07158
G1 X-.263 Y-20.671 E312.91338
G1 X-.228 Y-20.124 E315.20782
G1 X-.159 Y-19.582 E317.49496
G1 X1.497 Y-9.351 E360.87962
G1 X1.647 Y-8.629 E363.96647
G1 X1.799 Y-8.104 E366.25439
G1 X5.118 Y2.135 E411.31071
G1 X5.371 Y2.815 E414.34784
G1 X5.596 Y3.301 E416.5897
G1 X10.444 Y12.993 E461.9532
G1 X10.741 Y13.536 E464.544
G1 X11.07 Y14.046 E467.08455
G1 X17.426 Y23.142 E513.53552
G1 X17.826 Y23.669 E516.30504
G1 X18.167 Y24.058 E518.47048
G1 X25.481 Y31.903 E563.36819
G1 X25.848 Y32.273 E565.54971
G1 X26.33 Y32.696 E568.23417
G1 X32.127 Y37.402 E599.49001
G1 X34.698 Y51.443 E659.24325
G1 X38.261 Y76.487 E765.13383
G1 X40.313 Y99.063 E860.02721
G1 X41.029 Y119.283 E944.72178
G1 X40.991 Y120.746 E950.84801
G1 X40.564 Y137.394 E1020.55995
G1 X39.062 Y153.453 E1088.07679
G1 X36.707 Y167.326 E1146.98037
G1 X33.656 Y179.155 E1198.11746
G1 X30.015 Y189.221 E1242.92582
G1 X25.981 Y197.483 E1281.41313
G1 X21.575 Y204.249 E1315.21168
G1 X17.248 Y209.256 E1342.91326
G1 X12.675 Y213.196 E1368.18105
G1 X7.458 Y216.387 E1393.78079
G1 X2.208 Y218.514 E1417.49258
G1 X-4.726 Y220.088 E1447.25694
G1 X-5.117 Y220.134 E1448.90497
G1 X-5.986 Y219.895 E1452.6777
G1 X-8.43 Y218.855 E1463.79611
G1 X-12.588 Y216.42 E1483.9666
G1 X-19.618 Y210.816 E1521.60032
G1 X-26.154 Y203.938 E1561.31826
G1 X-32.564 Y195.345 E1606.19432
G1 X-38.34 Y185.531 E1653.86303
G1 X-43.588 Y174.104 E1706.50023
G1 X-48.027 Y161.316 E1763.16455
G1 X-51.794 Y145.911 E1829.55033
G1 X-54.153 Y130.434 E1895.08575
G1 X-55.439 Y113.45 E1966.38479
G1 X-55.866 Y93.365 E2050.4802
G1 X-55.715 Y74.784 E2128.26339
G1 X-53.71 Y-11.756 E2490.61962
G1 X-51.537 Y-65.737 E2716.7687
G1 X-47.797 Y-124.346 E2962.60673
G1 X-44.197 Y-166.258 E3138.69762
G1 X-41.959 Y-183.886 E3213.08126
G1 X-39.677 Y-194.516 E3258.59255
G1 X-36.895 Y-202.244 E3292.97449
G1 X-33.895 Y-207.683 E3318.97601
G1 X-31.235 Y-211.109 E3337.13251
G1 X-28.186 Y-213.969 E3354.63192
G1 X-24.946 Y-216.148 E3370.97655
G1 X-20.798 Y-218.046 E3390.0716
G1 X-16.092 Y-219.335 E3410.49666
G1 X-10.254 Y-219.999 E3435.09226
G1 X-2.984 Y-219.693 E3465.55164
G1 X-1.666 Y-219.509 E3471.12233
G1 X4.654 Y-218.019 E3498.30333
G1 X10.063 Y-215.824 E3522.73888
G1 X14.854 Y-212.909 E3546.2146
G1 X18.904 Y-209.444 E3568.52607
G1 X22.593 Y-205.119 E3592.32185
G1 X26.156 Y-199.271 E3620.98747
G1 X29.136 Y-192.097 E3653.50586
G1 X31.345 Y-183.601 E3690.25284
G1 X32.688 Y-173.59 E3732.53459
G1 X33.158 Y-159.005 E3793.61953
G1 X32.438 Y-141.658 E3866.29711
G1 X30.747 Y-122.495 E3946.82571
G1 X26.767 Y-87.758 E4093.18715
G1 E4091.18715 F2400
G92 E0
G1 X29.913 Y-85.728 F7800
G1 E2 F2400
G1 F3600
G1 X26.434 Y-82.387 E22.19113
G1 X26.064 Y-81.991 E24.45977
G1 X18.809 Y-73.337 E71.73166
G1 X18.414 Y-72.797 E74.53231
G1 X12.57 Y-63.569 E120.25562
G1 X12.296 Y-63.052 E122.70495
G1 X7.781 Y-53.179 E168.15015
G1 X7.607 Y-52.688 E170.33073
G1 X4.651 Y-42.726 E213.82907
G1 X4.528 Y-42.128 E216.38472
G1 X3.058 Y-31.93 E259.51507
G1 X3.006 Y-31.171 E262.69971
G1 X3.097 Y-20.662 E306.69235
G1 X3.154 Y-20.118 E308.98202
G1 X4.81 Y-9.887 E352.36668
G1 X4.991 Y-9.139 E355.5882
G1 X8.383 Y1.306 E401.55906
G1 X8.597 Y1.799 E403.80881
G1 X13.532 Y11.657 E449.95671
G1 X13.821 Y12.123 E452.25208
G1 X20.177 Y21.219 E498.70305
G1 X20.621 Y21.769 E501.66194
G1 X28.003 Y29.685 E546.97114
G1 X28.445 Y30.09 E549.48063
G1 X35.205 Y35.577 E585.92669
G1 X38.011 Y50.904 E651.15231
G1 X41.595 Y76.099 E757.68106
G1 X43.664 Y98.851 E853.3146
G1 X44.387 Y119.267 E938.83016
G1 X44.347 Y120.833 E945.38762
G1 X43.916 Y137.593 E1015.56867
G1 X42.392 Y153.89 E1084.08604
G1 X39.992 Y168.027 E1144.11067
G1 X36.866 Y180.147 E1196.5057
G1 X33.11 Y190.532 E1242.73353
G1 X28.906 Y199.142 E1282.8421
G1 X24.263 Y206.271 E1318.45537
G1 X19.626 Y211.638 E1348.14564
G1 X14.659 Y215.917 E1375.58919
G1 X8.974 Y219.394 E1403.48485
G1 X3.216 Y221.726 E1429.48976
G1 X-3.983 Y223.361 E1460.39242
G1 X-4.611 Y223.459 E1463.05306
G1 X-5.445 Y223.524 E1466.5548
G1 X-7.093 Y223.071 E1473.70925
G1 X-9.941 Y221.86 E1486.66407
G1 X-14.492 Y219.194 E1508.74281
G1 X-21.891 Y213.296 E1548.3515
G1 X-28.725 Y206.105 E1589.87853
G1 X-35.363 Y197.205 E1636.35535
G1 X-41.319 Y187.087 E1685.50295
G1 X-46.706 Y175.357 E1739.53561
G1 X-51.25 Y162.267 E1797.53834
G1 X-55.089 Y146.563 E1865.21151
G1 X-57.49 Y130.814 E1931.89902
G1 X-58.793 Y113.613 E2004.10921
G1 X-59.223 Y93.387 E2088.79498
G1 X-59.071 Y74.731 E2166.89214
G1 X-57.064 Y-11.863 E2529.47455
G1 X-54.889 Y-65.911 E2755.90421
G1 X-51.144 Y-124.596 E3002.06107
G1 X-47.535 Y-166.613 E3178.59311
G1 X-45.27 Y-184.451 E3253.86306
G1 X-42.911 Y-195.441 E3300.91541
G1 X-39.962 Y-203.631 E3337.35376
G1 X-36.707 Y-209.534 E3365.57159
G1 X-33.724 Y-213.376 E3385.93276
G1 X-30.285 Y-216.603 E3405.6739
G1 X-26.591 Y-219.086 E3424.30569
G1 X-21.947 Y-221.211 E3445.68412
G1 X-16.729 Y-222.641 E3468.33221
G1 X-10.374 Y-223.363 E3495.10556
G1 X-2.68 Y-223.04 E3527.34124
G1 X-1.047 Y-222.811 E3534.24391
G1 X5.676 Y-221.226 E3563.15812
G1 X11.576 Y-218.832 E3589.81141
G1 X16.83 Y-215.635 E3615.55645
G1 X21.286 Y-211.822 E3640.10633
G1 X25.32 Y-207.094 E3666.12281
G1 X29.157 Y-200.797 E3696.99028
G1 X32.325 Y-193.168 E3731.56949
G1 X34.644 Y-184.249 E3770.14605
G1 X36.037 Y-173.868 E3813.99071
G1 X36.516 Y-158.99 E3876.30273
G1 X35.788 Y-141.441 E3949.82655
G1 X34.087 Y-122.157 E4030.86338
G1 X29.964 Y-86.176 E4182.46653
G1 E4180.46653 F2400
G92 E0
G1 X33.109 Y-84.146 F7800
G1 E2 F2400
;TYPE:External perimeter
G1 F1800
G1 X28.636 Y-79.835 E28.0048
G1 X21.381 Y-71.181 E75.27669
G1 X21.249 Y-71.001 E76.21107
G1 X15.456 Y-61.855 E121.53017
G1 X15.347 Y-61.655 E122.48364
G1 X10.908 Y-51.954 E167.14176
G1 X10.825 Y-51.733 E168.12996
G1 X7.902 Y-41.888 E211.11948
G1 X7.85 Y-41.649 E212.14335
G1 X6.379 Y-31.451 E255.2743
G1 X6.362 Y-31.198 E256.33575
G1 X6.446 Y-20.909 E299.40725
G1 X6.468 Y-20.655 E300.47448
G1 X8.123 Y-10.423 E343.8626
G1 X8.184 Y-10.174 E344.93574
G1 X11.503 Y.065 E389.99206
G1 X11.599 Y.298 E391.04695
G1 X16.447 Y9.991 E436.4142
G1 X16.572 Y10.201 E437.43721
G1 X22.928 Y19.297 E483.88818
G1 X23.076 Y19.48 E484.87339
G1 X30.391 Y27.326 E529.77701
G1 X30.561 Y27.485 E530.75138
G1 X38.283 Y33.753 E572.38441
G1 X41.325 Y50.366 E643.08316
G1 X44.93 Y75.71 E750.24179
G1 X47.015 Y98.64 E846.62344
G1 X47.744 Y119.25 E932.95147
G1 X47.702 Y120.919 E939.94017
G1 X47.268 Y137.793 E1010.5986
G1 X45.722 Y154.328 E1080.11649
G1 X43.277 Y168.728 E1141.25804
G1 X40.076 Y181.139 E1194.91101
G1 X36.205 Y191.843 E1242.5583
G1 X31.832 Y200.8 E1284.28254
G1 X26.951 Y208.293 E1321.71632
G1 X22.004 Y214.019 E1353.39212
G1 X16.643 Y218.638 E1383.01415
G1 X10.49 Y222.401 E1413.20572
G1 X4.225 Y224.939 E1441.50144
G1 X-3.777 Y226.756 E1475.85074
G1 X-5.449 Y226.899 E1482.87533
G1 X-6.071 Y226.833 E1485.49366
G1 X-8.199 Y226.248 E1494.732
G1 X-11.452 Y224.864 E1509.53035
G1 X-16.396 Y221.968 E1533.51522
G1 X-24.164 Y215.776 E1575.09889
G1 X-31.295 Y208.272 E1618.43212
G1 X-38.163 Y199.065 E1666.51469
G1 X-44.297 Y188.642 E1717.14054
G1 X-49.823 Y176.611 E1772.56105
G1 X-54.472 Y163.218 E1831.90615
G1 X-58.385 Y147.216 E1900.86463
G1 X-60.827 Y131.194 E1968.70774
G1 X-62.146 Y113.775 E2041.83294
G1 X-62.579 Y93.409 E2127.10489
G1 X-62.427 Y74.679 E2205.51181
G1 X-60.419 Y-11.969 E2568.3203
G1 X-58.241 Y-66.086 E2795.03907
G1 X-54.491 Y-124.847 E3041.51475
G1 X-50.873 Y-166.968 E3218.48376
G1 X-48.582 Y-185.015 E3294.63533
G1 X-46.145 Y-196.365 E3343.22961
G1 X-43.03 Y-205.019 E3381.73083
G1 X-39.519 Y-211.385 E3412.16332
G1 X-36.212 Y-215.643 E3434.73173
G1 X-32.383 Y-219.236 E3456.71173
G1 X-28.237 Y-222.024 E3477.62607
G1 X-23.096 Y-224.376 E3501.29169
G1 X-17.366 Y-225.946 E3526.16171
G1 X-10.494 Y-226.728 E3555.11376
G1 X-2.376 Y-226.386 E3589.12609
G1 X-.428 Y-226.113 E3597.36016
G1 X6.698 Y-224.434 E3628.00662
G1 X13.089 Y-221.84 E3656.87922
G1 X18.806 Y-218.361 E3684.89359
G1 X23.668 Y-214.201 E3711.67916
G1 X28.047 Y-209.069 E3739.91953
G1 X32.157 Y-202.322 E3772.99025
G1 X35.514 Y-194.239 E3809.62802
G1 X37.943 Y-184.897 E3850.03416
G1 X39.386 Y-174.146 E3895.44173
G1 X39.874 Y-158.974 E3958.98502
G1 X39.138 Y-141.224 E4033.3509
G1 X37.426 Y-121.818 E4114.9005
G1 X33.161 Y-84.593 E4271.74489
G1 X31.186 Y-82.334 F7800
G1 E4269.74489 F2400
G92 E0
G1 X-34.778 Y-203.997 F7800
G1 E2 F2400
;TYPE:Internal infill
;WIDTH:4
G1 F4800
G1 X-29.336 Y-209.439 E34.21632
G1 X-26.613 Y-211.994 E49.84696
G1 X-23.712 Y-213.945 E64.48143
G1 X-19.936 Y-215.672 E81.86264
G1 X-17.742 Y-216.273 E91.38513
G1 X-35.597 Y-198.418 E197.08568
G1 X-37.251 Y-193.822 E217.5326
G1 X-37.748 Y-191.507 E227.44407
G1 X-11.986 Y-217.269 E379.9536
G1 X-10.164 Y-217.476 E387.62961
G1 X-7.146 Y-217.349 E400.27423
G1 X-39.05 Y-185.446 E589.14107
G1 X-39.475 Y-183.463 E597.63047
G1 X-39.941 Y-179.794 E613.1124
G1 X-2.633 Y-217.102 E833.97357
G1 X-2.13 Y-217.032 E836.09943
G1 X1.258 Y-216.233 E850.67075
G1 X-40.633 Y-174.342 E1098.66301
G1 X-41.325 Y-168.891 E1121.6642
G1 X4.962 Y-215.178 E1395.68052
G1 X8.348 Y-213.803 E1410.97851
G1 X-41.902 Y-163.553 E1708.45556
G1 X-42.35 Y-158.346 E1730.33275
G1 X11.38 Y-212.076 E2048.41119
G1 X13.372 Y-210.864 E2058.17192
G1 X14.21 Y-210.146 E2062.79131
G1 X-42.797 Y-153.139 E2400.2694
G1 X-43.244 Y-147.932 E2422.14623
G1 X16.776 Y-207.952 E2777.4611
G1 X17.117 Y-207.66 E2779.34037
G1 X19.017 Y-205.433 E2791.59445
G1 X-43.692 Y-142.724 E3162.82804
G1 X-44.139 Y-137.517 E3184.70487
G1 X21.091 Y-202.747 E3570.86264
G1 X22.893 Y-199.789 E3585.36164
G1 X-44.586 Y-132.31 E3984.83335
G1 X-45.033 Y-127.103 E4006.71018
G1 X24.518 Y-196.654 E4418.44801
G1 X25.914 Y-193.291 E4433.69033
G1 X-45.427 Y-121.949 E4856.02782
G1 X-45.752 Y-116.865 E4877.35304
G1 X27.143 Y-189.759 E5308.8842
G1 X28.125 Y-185.982 E5325.22048
G1 X-46.076 Y-111.78 E5764.489
G1 X-46.401 Y-106.696 E5785.81422
G1 X29.006 Y-182.103 E6232.21923
G1 X29.569 Y-177.906 E6249.94537
G1 X-46.725 Y-101.612 E6701.60137
G1 X-47.05 Y-96.527 E6722.93077
G1 X30.132 Y-173.709 E7179.84367
G1 X30.176 Y-173.382 E7181.22484
G1 X30.313 Y-169.13 E7199.03308
G1 X-47.374 Y-91.443 E7658.93555
G1 X-47.699 Y-86.359 E7680.26077
G1 X30.462 Y-164.519 E8142.96634
G1 X30.61 Y-159.907 E8162.28225
G1 X-48.023 Y-81.274 E8627.78499
G1 X-48.348 Y-76.19 E8649.11021
G1 X30.473 Y-155.01 E9115.72294
G1 X30.267 Y-150.044 E9136.52865
G1 X-48.672 Y-71.105 E9603.84289
G1 X-48.997 Y-66.021 E9625.16811
G1 X30.061 Y-145.078 E10093.18386
G1 X29.926 Y-141.821 E10106.82947
G1 X29.767 Y-140.025 E10114.37699
G1 X-49.206 Y-61.051 E10581.89547
G1 X-49.406 Y-56.092 E10602.67087
G1 X29.307 Y-134.805 E11068.6472
G1 X28.846 Y-129.584 E11090.5875
G1 X-49.606 Y-51.132 E11555.01873
G1 X-49.805 Y-46.173 E11575.79396
G1 X28.385 Y-124.363 E12038.67416
G1 X27.817 Y-119.036 E12061.09955
G1 X-50.005 Y-41.213 E12521.80418
G1 X-50.205 Y-36.254 E12542.57958
G1 X27.201 Y-113.66 E13000.81855
G1 X26.585 Y-108.284 E13023.4699
G1 X-50.404 Y-31.294 E13479.24321
G1 X-50.604 Y-26.335 E13500.01861
G1 X25.969 Y-102.908 E13953.32627
G1 X25.353 Y-97.532 E13975.97762
G1 X-50.803 Y-21.375 E14426.81962
G1 X-51.003 Y-16.416 E14447.59502
G1 X24.737 Y-92.156 E14895.97137
G1 X24.318 Y-88.498 E14911.38399
G1 X21.794 Y-86.031 E14926.15817
G1 X13.824 Y-76.482 E14978.2241
G1 X-51.199 Y-11.46 E15363.15348
G1 X-51.312 Y-6.587 E15383.55749
G1 X6.413 Y-64.312 E15725.2861
G1 X2.411 Y-55.55 E15765.60882
G1 X-51.425 Y-1.714 E16084.31478
G1 X-51.538 Y3.158 E16104.71461
G1 X.286 Y-48.665 E16411.50668
G1 X-.95 Y-44.5 E16429.69301
G1 X-1.144 Y-43.749 E16432.93992
G1 X-1.392 Y-42.227 E16439.39508
G1 X-51.65 Y8.031 E16736.91949
G1 X-51.763 Y12.904 E16757.3235
G1 X-2.194 Y-36.666 E17050.77203
G1 X-2.758 Y-32.75 E17067.33367
G1 X-2.865 Y-31.235 E17073.6913
G1 X-51.876 Y17.777 E17363.8365
G1 X-51.989 Y22.65 E17384.24051
G1 X-2.828 Y-26.511 E17675.27074
G1 X-2.789 Y-21.791 E17695.02948
G1 X-52.102 Y27.522 E17986.95954
G1 X-52.215 Y32.395 E18007.36355
G1 X-2.364 Y-17.455 E18302.47558
G1 X-1.701 Y-13.359 E18319.84472
G1 X-52.328 Y37.268 E18619.55358
G1 X-52.441 Y42.141 E18639.95759
G1 X-1.038 Y-9.262 E18944.26033
G1 X-.849 Y-8.238 E18948.61923
G1 X-.012 Y-5.528 E18960.49212
G1 X-52.554 Y47.014 E19271.53767
G1 X-52.667 Y51.886 E19291.9375
G1 X1.153 Y-1.933 E19610.54578
G1 X2.318 Y1.661 E19626.36103
G1 X-52.78 Y56.759 E19952.53795
G1 X-52.893 Y61.632 E19972.94196
G1 X3.667 Y5.072 E20307.77384
G1 X5.256 Y8.243 E20322.62107
G1 X-53.006 Y66.505 E20667.52869
G1 X-53.118 Y71.378 E20687.9326
G1 X6.845 Y11.414 E21042.913
G1 X8.439 Y14.58 E21057.75092
G1 X-53.21 Y76.229 E21422.70938
G1 X-53.249 Y81.028 E21442.7988
G1 X10.358 Y17.421 E21819.3485
G1 X12.316 Y20.223 E21833.65773
G1 X-53.288 Y85.827 E22222.02955
G1 X-53.327 Y90.626 E22242.11897
G1 X14.274 Y23.025 E22642.31292
G1 X15.672 Y25.005 E22652.45902
G1 X16.309 Y25.75 E22656.56217
G1 X-53.306 Y95.365 E23068.67888
G1 X-53.207 Y100.026 E23088.19437
G1 X18.605 Y28.214 E23513.31719
G1 X20.9 Y30.678 E23527.41257
G1 X-53.108 Y104.686 E23965.53558
G1 X-53.009 Y109.347 E23985.05107
G1 X23.196 Y33.143 E24436.17723
G1 X24.118 Y34.102 E24441.74601
G1 X25.684 Y35.414 E24450.29792
G1 X-52.875 Y113.974 E24915.36554
G1 X-52.54 Y118.398 E24933.93756
G1 X28.312 Y37.547 E25412.57369
G1 X29.818 Y38.77 E25420.69477
G1 X30.132 Y40.486 E25427.99727
G1 X-52.205 Y122.823 E25915.42747
G1 X-51.87 Y127.248 E25934.00366
G1 X30.869 Y44.509 E26423.81368
G1 X31.606 Y48.532 E26440.93434
G1 X-51.433 Y131.571 E26932.52034
G1 X-50.804 Y135.701 E26950.008
G1 X32.317 Y52.581 E27442.07647
G1 X32.91 Y56.748 E27459.6954
G1 X-50.174 Y139.832 E27951.5478
G1 X-49.545 Y143.962 E27969.03546
G1 X33.503 Y60.915 E28460.67178
G1 X34.096 Y65.082 E28478.29071
G1 X-48.718 Y147.895 E28968.54176
G1 X-47.782 Y151.72 E28985.02575
G1 X34.689 Y69.249 E29473.24922
G1 X35.281 Y73.416 E29490.86756
G1 X-46.847 Y155.545 E29977.06345
G1 X-45.912 Y159.369 E29993.54238
G1 X35.836 Y77.621 E30477.48573
G1 X36.233 Y81.984 E30495.82483
G1 X-44.779 Y162.997 E30975.41407
G1 X-43.553 Y166.53 E30991.06846
G1 X36.63 Y86.347 E31465.74711
G1 X37.026 Y90.71 E31484.08583
G1 X-42.326 Y170.063 E31953.84797
G1 X-41.066 Y173.563 E31969.41955
G1 X37.423 Y95.074 E32434.06982
G1 X37.808 Y99.448 E32452.45031
G1 X-39.568 Y176.825 E32910.51464
G1 X-38.07 Y180.087 E32925.54048
G1 X37.971 Y104.046 E33375.69873
G1 X38.134 Y108.643 E33394.95401
G1 X-36.572 Y183.349 E33837.20914
G1 X-36.106 Y184.365 E33841.88816
G1 X-34.891 Y186.428 E33851.91035
G1 X38.296 Y113.24 E34285.17605
G1 X38.459 Y117.837 E34304.43133
G1 X-33.128 Y189.424 E34728.22216
G1 X-31.364 Y192.42 E34742.77589
G1 X38.425 Y122.631 E35155.92267
G1 X38.299 Y127.517 E35176.38242
G1 X-29.468 Y195.284 E35577.55908
G1 X-27.435 Y198.011 E35591.7975
G1 X38.174 Y132.402 E35980.19892
G1 X38.045 Y137.291 E36000.67155
G1 X-25.401 Y200.737 E36376.26814
G1 X-24.226 Y202.313 E36384.49707
G1 X-23.247 Y203.343 E36390.44557
G1 X37.554 Y142.541 E36750.38688
G1 X37.063 Y147.792 E36772.46361
G1 X-20.928 Y205.784 E37115.76988
G1 X-18.609 Y208.224 E37129.86093
G1 X36.572 Y153.043 E37456.52921
G1 X35.606 Y158.769 E37480.83712
G1 X-16.059 Y210.434 E37786.69088
G1 X-13.41 Y212.546 E37800.87266
G1 X34.633 Y164.502 E38085.28736
G1 X34.243 Y166.8 E38095.04441
G1 X33.252 Y170.644 E38111.66164
G1 X-10.709 Y214.604 E38371.90522
G1 X-7.707 Y216.362 E38386.4679
G1 X31.597 Y177.058 E38619.14527
G1 X31.248 Y178.411 E38624.99435
G1 X29.12 Y184.295 E38651.18627
G1 X-3.906 Y217.321 E38846.69825
G1 X1.452 Y216.104 E38869.69829
G1 X2.492 Y215.683 E38874.39494
G1 X25.554 Y192.62 E39010.92358
G1 X23.787 Y196.239 E39027.78214
G1 X19.558 Y202.732 E39060.21874
G1 X15.467 Y207.468 E39086.41606
G1 X8.153 Y214.782 E39129.71451
G1 E39119.71451 F2400
G92 E0
; Filament-specific end gcode 
;END gcode for filament
T0
G92 E0
; Filament gcode
G1 X39.824 Y-80.819 F7800
G1 E10 F2400
G92 E0
;TYPE:Perimeter
;WIDTH:4
G1 F3600
G1 X39.409 Y-80.113 E3.4281
G1 X38.809 Y-79.42 E7.26523
G1 X34.255 Y-75.045 E33.70011
G1 X27.358 Y-66.859 E78.50807
G1 X21.942 Y-58.346 E120.74431
G1 X17.801 Y-49.337 E162.24937
G1 X15.09 Y-40.25 E201.94456
G1 X13.727 Y-30.861 E241.65917
G1 X13.797 Y-21.573 E280.54012
G1 X15.294 Y-12.168 E320.40533
G1 X18.335 Y-2.717 E361.96506
G1 X22.803 Y6.252 E403.91025
G1 X28.698 Y14.71 E447.06673
G1 X35.484 Y22.001 E488.76103
G1 X43.585 Y28.583 E532.45422
G1 X44.025 Y28.986 E534.95188
G1 X44.435 Y29.465 E537.59121
G1 X44.759 Y29.952 E540.03975
G1 X45.029 Y30.485 E542.54084
G1 X45.261 Y31.14 E545.4496
G1 X45.356 Y31.548 E547.20319
G1 X46.715 Y38.676 E577.57867
G1 X47.13 Y41.227 E588.39761
G1 X48.569 Y49.086 E621.84255
G1 X49.819 Y57.846 E658.88362
G1 X51.059 Y65.547 E691.53546
G1 X51.564 Y70.111 E710.7571
G1 X52.251 Y74.985 E731.36149
G1 X52.929 Y82.448 E762.73048
G1 X53.726 Y89.646 E793.04566
G1 X53.977 Y93.972 E811.18488
G1 X54.347 Y98.038 E828.2756
G1 X54.453 Y100.826 E839.95468
;WIDTH:4.04353
G1 X54.479 Y100.945 E840.47118
;WIDTH:4.08706
G1 X54.505 Y101.063 E840.9901
;WIDTH:4.13058
G1 X54.531 Y101.182 E841.51983
;WIDTH:4.17411
G1 X54.557 Y101.301 E842.05617
;WIDTH:4.21764
G1 X54.583 Y101.42 E842.59912
;WIDTH:4.26117
G1 X54.609 Y101.538 E843.14428
;WIDTH:4.30469
G1 X54.635 Y101.657 E843.70046
;WIDTH:4.34948
G1 X54.662 Y101.776 E844.26445
;WIDTH:4.39427
G1 X54.688 Y101.895 E844.83424
;WIDTH:4.43905
G1 X54.715 Y102.013 E845.40725
;WIDTH:4.48384
G1 X54.741 Y102.132 E845.99065
;WIDTH:4.52862
G1 X54.768 Y102.251 E846.5819
;WIDTH:4.57341
G1 X54.795 Y102.37 E847.17997
;WIDTH:4.61819
G1 X54.821 Y102.488 E847.77894
;WIDTH:4.66258
G1 X54.848 Y102.607 E848.39058
;WIDTH:4.70697
G1 X54.874 Y102.726 E849.00787
;WIDTH:4.75135
G1 X54.9 Y102.845 E849.63191
;WIDTH:4.79574
G1 X54.927 Y102.964 E850.26382
;WIDTH:4.84012
G1 X54.953 Y103.082 E850.89623
;WIDTH:4.88451
G1 X54.98 Y103.201 E851.54165
;WIDTH:4.92889
G1 X55.006 Y103.32 E852.19266
;WIDTH:4.97211
G1 X55.032 Y103.436 E852.83442
;WIDTH:5.01532
G1 X55.058 Y103.552 E853.48259
;WIDTH:5.05854
G1 X55.083 Y103.668 E854.13599
;WIDTH:5.10175
G1 X55.109 Y103.785 E854.8024
G1 X55.116 Y104.388 E858.15543
;WIDTH:5.0727
G1 X55.123 Y104.991 E861.48661
;WIDTH:5.04366
G1 X55.14 Y105.328 E863.33833
;WIDTH:5.04063
G1 X55.319 Y108.524 E880.89253
;WIDTH:5.03723
G1 X55.47 Y111.56 E897.54954
;WIDTH:4.9981
G1 X55.479 Y111.888 E899.33155
;WIDTH:5.03411
G1 X55.488 Y115.395 E918.53535
G1 X55.558 Y117.706 E931.1958
;WIDTH:5.01455
G1 X55.592 Y119.044 E938.49217
;WIDTH:4.98761
G1 X55.593 Y119.381 E940.31799
;WIDTH:5.01686
G1 X55.53 Y122.412 E956.85359
;WIDTH:5.0484
G1 X55.467 Y125.64 E974.59047
;WIDTH:5.04824
G1 X55.435 Y129.715 E996.97698
;WIDTH:5.00678
G1 X55.415 Y131.419 E1006.25034
;WIDTH:4.97661
G1 X55.395 Y131.9 E1008.85196
;WIDTH:5.00507
G1 X55.207 Y134.854 E1024.95306
G1 X55.137 Y137.016 E1036.71965
;WIDTH:4.98084
G1 X55.101 Y138.073 E1042.44069
;WIDTH:4.96251
G1 X55.079 Y138.445 E1044.44798
;WIDTH:4.98646
G1 X54.954 Y139.911 E1052.41724
;WIDTH:5.00813
G1 X54.71 Y142.63 E1067.27738
;WIDTH:5.01012
G1 X54.585 Y143.985 E1074.68792
G1 X54.346 Y147.216 E1092.33172
;WIDTH:4.97491
G1 X54.181 Y149.343 E1103.85627
;WIDTH:4.94337
G1 X54.091 Y150.104 E1107.96569
;WIDTH:4.96455
G1 X53.779 Y152.385 E1120.37262
G1 X53.684 Y153.304 E1125.35157
;WIDTH:4.95259
G1 X53.493 Y155.142 E1135.28246
;WIDTH:4.91295
G1 X53.438 Y155.55 E1137.47459
;WIDTH:4.94432
G1 X53.11 Y157.579 E1148.49911
;WIDTH:4.96137
G1 X52.565 Y160.927 E1166.76574
;WIDTH:4.97379
G1 X52.455 Y161.759 E1171.29814
;WIDTH:5.01489
G1 X52.389 Y162.369 E1174.64318
G1 X52.348 Y162.497 E1175.37594
;WIDTH:4.96954
G1 X52.307 Y162.626 E1176.10624
;WIDTH:4.92419
G1 X52.266 Y162.754 E1176.8238
;WIDTH:4.87885
G1 X52.225 Y162.883 E1177.53879
;WIDTH:4.8335
G1 X52.184 Y163.011 E1178.24114
;WIDTH:4.78815
G1 X52.143 Y163.14 E1178.94082
;WIDTH:4.7428
G1 X52.102 Y163.268 E1179.62797
;WIDTH:4.69746
G1 X52.06 Y163.397 E1180.31388
;WIDTH:4.65211
G1 X52.017 Y163.532 E1181.02221
;WIDTH:4.60403
G1 X51.974 Y163.667 E1181.72204
;WIDTH:4.55596
G1 X51.93 Y163.802 E1182.41487
;WIDTH:4.50789
G1 X51.887 Y163.937 E1183.09771
;WIDTH:4.45981
G1 X51.843 Y164.072 E1183.77351
;WIDTH:4.41174
G1 X51.8 Y164.207 E1184.43936
;WIDTH:4.36366
G1 X51.756 Y164.342 E1185.09814
;WIDTH:4.31505
G1 X51.713 Y164.477 E1185.7469
;WIDTH:4.26645
G1 X51.669 Y164.612 E1186.38846
;WIDTH:4.21784
G1 X51.625 Y164.747 E1187.02141
;WIDTH:4.16923
G1 X51.582 Y164.882 E1187.6444
;WIDTH:4.12062
G1 X51.538 Y165.017 E1188.26013
;WIDTH:4.07201
G1 X51.402 Y165.577 E1190.72421
;WIDTH:4.03601
G1 X51.266 Y166.137 E1193.16241
;WIDTH:4
G1 X50.914 Y167.699 E1199.86496
G1 X50.513 Y170.056 E1209.8732
G1 X50.216 Y171.279 E1215.14151
G1 X49.345 Y174.659 E1229.75252
G1 X48.425 Y178.738 E1247.25625
G1 X48.144 Y179.673 E1251.34312
G1 X47.684 Y181.095 E1257.59936
G1 X47.172 Y183.083 E1266.19275
G1 X47.031 Y183.537 E1268.18275
G1 X45.729 Y187.139 E1284.21563
G1 X44.569 Y190.724 E1299.98859
G1 X44.384 Y191.207 E1302.15368
G1 X43.683 Y192.795 E1309.41996
G1 X43.08 Y194.462 E1316.84057
G1 X42.87 Y194.958 E1319.09527
G1 X41.382 Y198.006 E1333.29353
G1 X40.045 Y201.033 E1347.14562
G1 X39.775 Y201.559 E1349.62061
G1 X39.036 Y202.81 E1355.70279
G1 X38.379 Y204.156 E1361.97257
G1 X38.128 Y204.609 E1364.14047
G1 X36.471 Y207.156 E1376.85998
G1 X34.942 Y209.746 E1389.45008
G1 X34.649 Y210.187 E1391.66642
G1 X33.804 Y211.25 E1397.35079
G1 X33.02 Y212.455 E1403.36861
G1 X32.713 Y212.873 E1405.53959
G1 X29.972 Y216.049 E1423.101
G1 X28.636 Y217.721 E1432.05996
G1 X28.203 Y218.197 E1434.75358
G1 X27.772 Y218.595 E1437.20934
G1 X27.44 Y218.979 E1439.33426
G1 X26.935 Y219.48 E1442.31201
G1 X24.758 Y221.356 E1454.34181
G1 X22.588 Y223.344 E1466.66115
G1 X22.142 Y223.708 E1469.07098
G1 X21.63 Y224.051 E1471.65072
G1 X21.16 Y224.452 E1474.23693
G1 X20.642 Y224.815 E1476.88472
G1 X18.229 Y226.291 E1488.72545
G1 X17.246 Y226.918 E1493.60611
;WIDTH:3.96669
G1 X16.924 Y227.11 E1495.15987
;WIDTH:3.93338
G1 X16.703 Y227.23 E1496.19167
;WIDTH:3.8894
G1 X16.482 Y227.349 E1497.20775
;WIDTH:3.84542
G1 X16.261 Y227.468 E1498.21006
;WIDTH:3.80145
G1 X16.04 Y227.588 E1499.20048
;WIDTH:3.75822
G1 X15.819 Y227.707 E1500.17549
;WIDTH:3.715
G1 X15.598 Y227.827 E1501.13879
;WIDTH:3.67178
G1 X15.417 Y227.902 E1501.87872
;WIDTH:3.62877
G1 X15.235 Y227.977 E1502.61159
;WIDTH:3.58576
G1 X15.053 Y228.052 E1503.3339
;WIDTH:3.54275
G1 X14.872 Y228.127 E1504.0423
;WIDTH:3.49974
G1 X14.403 Y228.323 E1505.85293
;WIDTH:3.47573
G1 X13.93 Y228.588 E1507.76796
;WIDTH:3.43509
G1 X13.457 Y228.818 E1509.59904
;WIDTH:3.42724
G1 X11.484 Y229.623 E1516.9968
;WIDTH:3.42098
G1 X10.895 Y229.851 E1519.18453
;WIDTH:3.40153
G1 X10.026 Y230.215 E1522.42516
;WIDTH:3.3582
G1 X9.201 Y230.559 E1525.45131
;WIDTH:3.31486
G1 X8.376 Y230.904 E1528.43043
;WIDTH:3.27153
G1 X7.632 Y231.16 E1531.00916
;WIDTH:3.27741
G1 X6.579 Y231.488 E1534.63195
;WIDTH:3.24476
G1 X6.02 Y231.67 E1536.53907
;WIDTH:3.21247
G1 X5.95 Y231.687 E1536.76985
;WIDTH:3.24043
G1 X2.451 Y232.496 E1548.40083
;WIDTH:3.25275
G1 X1.904 Y232.626 E1550.23035
;WIDTH:3.25314
G1 X.886 Y232.869 E1553.63652
;WIDTH:3.21748
G1 X-.062 Y233.094 E1556.76417
;WIDTH:3.18183
G1 X-1.009 Y233.319 E1559.84541
;WIDTH:3.14617
G1 X-1.515 Y233.414 E1561.45227
;WIDTH:3.14007
G1 X-2.156 Y233.497 E1563.46467
G1 X-2.768 Y233.606 E1565.40011
;WIDTH:3.12554
G1 X-4.517 Y233.78 E1570.84061
;WIDTH:3.11798
G1 X-5.388 Y233.818 E1573.53101
;WIDTH:3.11211
G1 X-5.964 Y233.794 E1575.30583
;WIDTH:3.14011
G1 X-6.918 Y233.707 E1578.28847
;WIDTH:3.15168
G1 X-7.482 Y233.626 E1580.07074
;WIDTH:3.16514
G1 X-8.285 Y233.458 E1582.65065
;WIDTH:3.19846
G1 X-8.849 Y233.303 E1584.51435
;WIDTH:3.23177
G1 X-9.412 Y233.147 E1586.4001
;WIDTH:3.24076
G1 X-10.198 Y232.934 E1589.03783
;WIDTH:3.24995
G1 X-10.788 Y232.733 E1591.06388
;WIDTH:3.26091
G1 X-11.586 Y232.441 E1593.83762
;WIDTH:3.28249
G1 X-12.141 Y232.228 E1595.79409
;WIDTH:3.31354
G1 X-12.613 Y232.019 E1597.51296
;WIDTH:3.34458
G1 X-13.084 Y231.81 E1599.24874
;WIDTH:3.37873
G1 X-13.989 Y231.442 E1602.58129
;WIDTH:3.40123
G1 X-14.891 Y231.028 E1605.99462
;WIDTH:3.43534
G1 X-15.375 Y230.765 E1607.91251
;WIDTH:3.43875
G1 X-16.18 Y230.375 E1611.03073
;WIDTH:3.45748
G1 X-16.732 Y230.074 E1613.23719
;WIDTH:3.50045
G1 X-17.384 Y229.672 E1615.96631
;WIDTH:3.54342
G1 X-18.098 Y229.232 E1618.99947
;WIDTH:3.56873
G1 X-18.809 Y228.83 E1621.97918
;WIDTH:3.59405
G1 X-19.52 Y228.428 E1624.98468
;WIDTH:3.63833
G1 X-20.166 Y228.076 E1627.73238
;WIDTH:3.67572
G1 X-20.369 Y227.959 E1628.61841
;WIDTH:3.71312
G1 X-20.571 Y227.843 E1629.51015
;WIDTH:3.75051
G1 X-20.773 Y227.727 E1630.41275
;WIDTH:3.79422
G1 X-21.06 Y227.526 E1631.78955
;WIDTH:3.83793
G1 X-21.347 Y227.326 E1633.18317
;WIDTH:3.88164
G1 X-21.634 Y227.125 E1634.59817
;WIDTH:3.93121
G1 X-22.045 Y226.881 E1636.55797
;WIDTH:3.98079
G1 X-22.456 Y226.636 E1638.54945
;WIDTH:4
G1 X-23.12 Y226.213 E1641.84507
G1 X-23.694 Y225.774 E1644.87003
G1 X-26.189 Y223.57 E1658.80557
G1 X-28.875 Y221.429 E1673.18413
G1 X-29.28 Y221.069 E1675.45242
G1 X-30.666 Y219.613 E1683.86721
G1 X-31.825 Y218.589 E1690.34117
G1 X-32.297 Y218.113 E1693.14725
G1 X-34.406 Y215.678 E1706.63192
G1 X-36.723 Y213.239 E1720.71417
G1 X-37.109 Y212.781 E1723.22146
G1 X-38.315 Y211.165 E1731.66219
G1 X-39.615 Y209.664 E1739.97439
G1 X-39.941 Y209.244 E1742.19999
G1 X-42.652 Y205.35 E1762.0617
G1 X-44.135 Y203.362 E1772.44393
G1 X-44.416 Y202.942 E1774.55927
G1 X-44.901 Y202.12 E1778.55448
G1 X-45.57 Y201.159 E1783.45604
G1 X-45.832 Y200.739 E1785.52821
G1 X-48.02 Y196.821 E1804.31321
G1 X-50.697 Y192.272 E1826.40805
G1 X-50.933 Y191.82 E1828.54251
G1 X-51.495 Y190.596 E1834.18049
G1 X-52.133 Y189.453 E1839.66002
G1 X-52.36 Y188.994 E1841.80354
G1 X-54.363 Y184.351 E1862.97072
G1 X-56.555 Y179.579 E1884.9531
G1 X-57.226 Y177.716 E1893.24208
G1 X-57.808 Y176.369 E1899.38448
G1 X-58.208 Y175.2 E1904.55649
G1 X-59.622 Y170.815 E1923.84297
G1 X-61.458 Y165.527 E1947.27496
G1 X-61.766 Y164.362 E1952.31924
;WIDTH:4.04018
G1 X-61.82 Y164.224 E1952.94699
;WIDTH:4.08035
G1 X-61.874 Y164.087 E1953.57818
;WIDTH:4.12053
G1 X-61.928 Y163.95 E1954.21675
;WIDTH:4.16071
G1 X-61.983 Y163.813 E1954.86432
;WIDTH:4.20089
G1 X-62.095 Y163.47 E1956.46514
;WIDTH:4.24334
G1 X-62.156 Y163.349 E1957.0735
;WIDTH:4.2858
G1 X-62.218 Y163.228 E1957.6911
;WIDTH:4.32825
G1 X-62.279 Y163.107 E1958.31381
;WIDTH:4.37071
G1 X-62.34 Y162.986 E1958.9437
;WIDTH:4.41316
G1 X-62.401 Y162.865 E1959.58076
;WIDTH:4.45562
G1 X-62.463 Y162.744 E1960.22715
;WIDTH:4.49757
G1 X-62.524 Y162.623 E1960.87848
;WIDTH:4.53953
G1 X-62.585 Y162.502 E1961.5369
;WIDTH:4.58148
G1 X-62.646 Y162.381 E1962.20241
;WIDTH:4.62344
G1 X-62.707 Y162.26 E1962.87501
;WIDTH:4.6654
G1 X-62.768 Y162.139 E1963.5547
;WIDTH:4.70735
G1 X-62.829 Y162.018 E1964.24148
;WIDTH:4.74947
G1 X-62.876 Y161.925 E1964.77508
;WIDTH:4.79159
G1 X-62.923 Y161.833 E1965.30954
;WIDTH:4.83372
G1 X-62.97 Y161.74 E1965.85409
;WIDTH:4.87584
G1 X-63.017 Y161.648 E1966.3994
;WIDTH:4.91796
G1 X-63.064 Y161.555 E1966.9549
G1 X-63.222 Y160.736 E1971.40146
;WIDTH:4.87109
G1 X-63.402 Y159.922 E1975.79695
;WIDTH:4.90292
G1 X-63.688 Y158.707 E1982.42768
;WIDTH:4.94339
G1 X-64.442 Y155.403 E2000.6015
;WIDTH:4.94461
G1 X-65.305 Y151.845 E2020.24071
;WIDTH:4.93103
G1 X-65.838 Y149.606 E2032.5478
;WIDTH:4.90164
G1 X-65.984 Y148.968 E2036.02355
;WIDTH:4.88266
G1 X-66.076 Y148.492 E2038.5867
;WIDTH:4.89745
G1 X-66.277 Y147.238 E2045.32457
;WIDTH:4.90968
G1 X-66.399 Y146.51 E2049.252
G1 X-66.743 Y144.909 E2057.96474
;WIDTH:4.91345
G1 X-66.915 Y143.856 E2063.64663
;WIDTH:4.95374
G1 X-67.167 Y142.099 E2073.18819
;WIDTH:4.98422
G1 X-67.433 Y140.19 E2083.6226
;WIDTH:4.99497
G1 X-67.577 Y139.136 E2089.3958
;WIDTH:4.99659
G1 X-68.513 Y132.742 E2124.479
;WIDTH:4.95058
G1 X-68.606 Y132.051 E2128.22428
;WIDTH:4.93915
G1 X-68.623 Y131.873 E2129.18223
;WIDTH:4.97319
G1 X-68.799 Y129.786 E2140.49171
G1 X-69.036 Y127.877 E2150.87915
;WIDTH:4.95409
G1 X-69.074 Y127.486 E2152.99108
;WIDTH:4.99864
G1 X-69.276 Y124.466 E2169.43112
;WIDTH:5.02486
G1 X-69.455 Y121.67 E2184.74055
;WIDTH:5.02723
G1 X-69.756 Y117.391 E2208.1927
;WIDTH:5.00867
G1 X-69.969 Y114.305 E2225.03318
;WIDTH:4.98054
G1 X-70.007 Y113.175 E2231.14883
;WIDTH:4.98881
G1 X-70.049 Y111.418 E2240.6733
G1 X-70.159 Y109.287 E2252.23725
;WIDTH:4.95928
G1 X-70.168 Y109.019 E2253.68057
;WIDTH:5.00162
G1 X-70.237 Y104.648 E2277.44127
;WIDTH:5.02652
G1 X-70.258 Y103.911 E2281.47162
;WIDTH:5.05931
G1 X-70.279 Y103.458 E2283.96909
G1 X-70.258 Y103.33 E2284.68344
;WIDTH:5.0139
G1 X-70.237 Y103.202 E2285.39045
;WIDTH:4.9685
G1 X-70.215 Y103.074 E2286.091
;WIDTH:4.92309
G1 X-70.194 Y102.946 E2286.78331
;WIDTH:4.87768
G1 X-70.173 Y102.818 E2287.46828
;WIDTH:4.83227
G1 X-70.151 Y102.69 E2288.14677
;WIDTH:4.78686
G1 X-70.13 Y102.563 E2288.81195
;WIDTH:4.74145
G1 X-70.109 Y102.435 E2289.47488
;WIDTH:4.69604
G1 X-70.088 Y102.311 E2290.11052
;WIDTH:4.65198
G1 X-70.067 Y102.188 E2290.73432
;WIDTH:4.60792
G1 X-70.047 Y102.065 E2291.35045
;WIDTH:4.56386
G1 X-70.026 Y101.942 E2291.96054
;WIDTH:4.51979
G1 X-70.005 Y101.819 E2292.56377
;WIDTH:4.47573
G1 X-69.985 Y101.696 E2293.15936
;WIDTH:4.43167
G1 X-69.964 Y101.573 E2293.74887
;WIDTH:4.38719
G1 X-69.943 Y101.45 E2294.33146
;WIDTH:4.34272
G1 X-69.922 Y101.327 E2294.90713
;WIDTH:4.29825
G1 X-69.901 Y101.204 E2295.47588
;WIDTH:4.25378
G1 X-69.88 Y101.08 E2296.04215
;WIDTH:4.20931
G1 X-69.859 Y100.957 E2296.59706
;WIDTH:4.16484
G1 X-69.843 Y100.744 E2297.53511
;WIDTH:4.12363
G1 X-69.827 Y100.53 E2298.46651
;WIDTH:4.08242
G1 X-69.811 Y100.316 E2299.38688
;WIDTH:4.04121
G1 X-69.795 Y100.102 E2300.29622
;WIDTH:4
G1 X-69.934 Y93.531 E2327.80878
G1 X-69.903 Y89.376 E2345.20222
G1 X-69.925 Y87.174 E2354.42032
G1 X-69.824 Y79.642 E2385.95233
G1 X-69.782 Y74.526 E2407.36878
G1 X-69.717 Y71.757 E2418.96309
G1 X-69.664 Y67.843 E2435.34871
G1 X-68.391 Y13.969 E2660.92983
;WIDTH:4.0412
G1 X-68.402 Y13.564 E2662.64662
;WIDTH:4.08241
G1 X-68.413 Y13.16 E2664.37994
;WIDTH:4.12576
G1 X-68.432 Y13.044 E2664.89043
;WIDTH:4.1691
G1 X-68.451 Y12.928 E2665.40727
;WIDTH:4.21245
G1 X-68.469 Y12.812 E2665.92977
;WIDTH:4.2558
G1 X-68.488 Y12.696 E2666.45932
;WIDTH:4.29915
G1 X-68.507 Y12.58 E2666.99523
;WIDTH:4.34249
G1 X-68.526 Y12.464 E2667.53749
;WIDTH:4.38584
G1 X-68.545 Y12.348 E2668.08611
;WIDTH:4.42874
G1 X-68.564 Y12.232 E2668.64102
;WIDTH:4.47163
G1 X-68.583 Y12.116 E2669.20222
;WIDTH:4.51452
G1 X-68.601 Y12 E2669.76894
;WIDTH:4.55742
G1 X-68.62 Y11.884 E2670.34271
;WIDTH:4.60031
G1 X-68.639 Y11.768 E2670.92277
;WIDTH:4.64321
G1 X-68.657 Y11.652 E2671.50833
;WIDTH:4.6861
G1 X-68.676 Y11.536 E2672.10097
;WIDTH:4.73574
G1 X-68.698 Y11.401 E2672.79906
;WIDTH:4.78538
G1 X-68.719 Y11.266 E2673.5048
;WIDTH:4.83502
G1 X-68.741 Y11.13 E2674.22498
;WIDTH:4.88466
G1 X-68.763 Y10.995 E2674.94847
;WIDTH:4.9343
G1 X-68.784 Y10.86 E2675.67959
;WIDTH:4.98394
G1 X-68.806 Y10.725 E2676.42002
;WIDTH:5.02119
G1 X-68.822 Y10.623 E2676.98372
;WIDTH:5.05844
G1 X-68.838 Y10.521 E2677.55222
;WIDTH:5.09569
G1 X-68.855 Y10.419 E2678.1264
G1 X-68.825 Y9.915 E2680.92988
;WIDTH:5.06003
G1 X-68.794 Y9.108 E2685.37824
;WIDTH:5.03702
G1 X-68.285 Y-11.381 E2797.68158
;WIDTH:4.98828
G1 X-68.265 Y-12.173 E2801.97453
;WIDTH:4.98393
G1 X-68.262 Y-12.265 E2802.47281
;WIDTH:4.98974
G1 X-68.178 Y-14.405 E2814.08158
G1 X-68.117 Y-16.695 E2826.49889
;WIDTH:4.97778
G1 X-68.114 Y-16.787 E2826.99647
;WIDTH:5.02374
G1 X-67.522 Y-31.909 E2909.66959
G1 X-66.77 Y-50.278 E3010.10149
;WIDTH:5.01735
G1 X-66.456 Y-57.601 E3050.08461
;WIDTH:4.98507
G1 X-66.142 Y-64.923 E3089.7672
;WIDTH:4.95279
G1 X-66.139 Y-64.976 E3090.0525
;WIDTH:4.95324
G1 X-66.064 Y-66.485 E3098.17333
;WIDTH:4.95361
G1 X-66.06 Y-66.557 E3098.56096
;WIDTH:4.99261
G1 X-65.725 Y-72.133 E3128.8601
;WIDTH:5.01812
G1 X-65.688 Y-72.917 E3133.14227
;WIDTH:5.05061
G1 X-65.676 Y-73.366 E3135.61104
G1 X-65.642 Y-73.504 E3136.39223
;WIDTH:5.00107
G1 X-65.608 Y-73.643 E3137.16991
;WIDTH:4.95153
G1 X-65.575 Y-73.781 E3137.93227
;WIDTH:4.90199
G1 X-65.541 Y-73.92 E3138.69227
;WIDTH:4.85245
G1 X-65.507 Y-74.058 E3139.43833
;WIDTH:4.80291
G1 X-65.474 Y-74.197 E3140.17943
;WIDTH:4.75337
G1 X-65.44 Y-74.335 E3140.90793
;WIDTH:4.70384
G1 X-65.407 Y-74.474 E3141.63138
;WIDTH:4.6543
G1 X-65.375 Y-74.603 E3142.29621
;WIDTH:4.60766
G1 X-65.343 Y-74.732 E3142.95331
;WIDTH:4.56103
G1 X-65.312 Y-74.861 E3143.60152
;WIDTH:4.5144
G1 X-65.28 Y-74.991 E3144.24784
;WIDTH:4.46776
G1 X-65.249 Y-75.12 E3144.88062
;WIDTH:4.42113
G1 X-65.217 Y-75.249 E3145.5068
;WIDTH:4.3745
G1 X-65.185 Y-75.378 E3146.12525
;WIDTH:4.32738
G1 X-65.154 Y-75.507 E3146.7348
;WIDTH:4.28027
G1 X-65.122 Y-75.637 E3147.34203
;WIDTH:4.23315
G1 X-65.09 Y-75.766 E3147.93704
;WIDTH:4.18604
G1 X-65.058 Y-75.895 E3148.52424
;WIDTH:4.13892
G1 X-65.026 Y-76.024 E3149.10363
;WIDTH:4.09181
G1 X-64.978 Y-76.415 E3150.79776
;WIDTH:4.0459
G1 X-64.931 Y-76.805 E3152.46461
;WIDTH:4
G1 X-61.921 Y-124.155 E3351.0732
G1 X-61.822 Y-125.452 E3356.51827
G1 X-58.241 Y-167.212 E3531.96841
G1 X-56.17 Y-183.642 E3601.28911
;WIDTH:4.04977
G1 X-56.169 Y-183.844 E3602.14724
;WIDTH:4.09954
G1 X-56.169 Y-184.047 E3603.02221
;WIDTH:4.14931
G1 X-56.168 Y-184.25 E3603.90979
;WIDTH:4.19907
G1 X-56.168 Y-184.453 E3604.80996
;WIDTH:4.241
G1 X-56.169 Y-184.615 E3605.53681
;WIDTH:4.28292
G1 X-56.169 Y-184.777 E3606.27211
;WIDTH:4.32485
G1 X-56.17 Y-184.939 E3607.0159
;WIDTH:4.36677
G1 X-56.17 Y-185.102 E3607.77279
;WIDTH:4.4087
G1 X-56.171 Y-185.264 E3608.53352
;WIDTH:4.45015
G1 X-56.171 Y-185.426 E3609.30261
;WIDTH:4.4916
G1 X-56.172 Y-185.588 E3610.08009
;WIDTH:4.53305
G1 X-56.172 Y-185.751 E3610.87078
;WIDTH:4.5745
G1 X-56.173 Y-185.913 E3611.66501
;WIDTH:4.61595
G1 X-56.173 Y-186.075 E3612.4676
;WIDTH:4.66149
G1 X-56.17 Y-186.23 E3613.24446
;WIDTH:4.70702
G1 X-56.167 Y-186.384 E3614.02506
;WIDTH:4.75256
G1 X-56.163 Y-186.539 E3614.81965
G1 X-56.02 Y-187.127 E3617.92078
;WIDTH:4.7184
G1 X-55.903 Y-187.649 E3620.63943
;WIDTH:4.70891
G1 X-55.889 Y-187.718 E3620.9964
;WIDTH:4.7204
G1 X-55.04 Y-191.668 E3641.53905
;WIDTH:4.70368
G1 X-54.697 Y-193.175 E3649.36521
;WIDTH:4.66419
G1 X-54.354 Y-194.683 E3657.12014
;WIDTH:4.6247
G1 X-54.127 Y-195.645 E3662.02784
;WIDTH:4.58498
G1 X-53.901 Y-196.607 E3666.88544
;WIDTH:4.54525
G1 X-53.675 Y-197.569 E3671.69407
;WIDTH:4.50553
G1 X-53.533 Y-198.085 E3674.2718
;WIDTH:4.48023
G1 X-53.392 Y-198.601 E3676.83138
;WIDTH:4.45871
G1 X-52.289 Y-201.65 E3692.25913
;WIDTH:4.43637
G1 X-51.883 Y-202.721 E3697.67708
;WIDTH:4.39541
G1 X-51.477 Y-203.792 E3703.03651
;WIDTH:4.35445
G1 X-51.114 Y-204.762 E3707.82984
;WIDTH:4.32721
G1 X-50.886 Y-205.355 E3710.7486
;WIDTH:4.29765
G1 X-50.657 Y-205.948 E3713.64557
;WIDTH:4.26808
G1 X-50.428 Y-206.522 E3716.43915
;WIDTH:4.22475
G1 X-50.199 Y-207.097 E3719.20348
;WIDTH:4.18142
G1 X-49.97 Y-207.671 E3721.93026
;WIDTH:4.13809
G1 X-49.667 Y-208.317 E3725.04001
;WIDTH:4.10935
G1 X-48.464 Y-210.48 E3735.73811
;WIDTH:4.08056
G1 X-47.979 Y-211.319 E3739.89215
;WIDTH:4.04227
G1 X-47.495 Y-212.159 E3744.00146
;WIDTH:4.00398
G1 X-47.011 Y-212.998 E3748.06084
;WIDTH:3.96569
G1 X-46.714 Y-213.499 E3750.47393
;WIDTH:3.92728
G1 X-46.416 Y-214 E3752.86122
;WIDTH:3.88888
G1 X-46.118 Y-214.501 E3755.22058
;WIDTH:3.85048
G1 X-45.82 Y-215.002 E3757.55202
;WIDTH:3.81208
G1 X-45.502 Y-215.479 E3759.81743
;WIDTH:3.77443
G1 X-45.364 Y-215.656 E3760.6938
;WIDTH:3.76405
G1 X-44.593 Y-216.626 E3765.51602
;WIDTH:3.73475
G1 X-43.823 Y-217.595 E3770.28753
;WIDTH:3.70544
G1 X-43.344 Y-218.172 E3773.15118
;WIDTH:3.65759
G1 X-42.866 Y-218.75 E3775.97057
;WIDTH:3.60975
G1 X-42.8 Y-218.83 E3776.35423
;WIDTH:3.60359
G1 X-42.259 Y-219.488 E3779.49891
;WIDTH:3.55617
G1 X-41.718 Y-220.147 E3782.59602
;WIDTH:3.50875
G1 X-41.455 Y-220.414 E3783.93522
;WIDTH:3.4803
G1 X-41.193 Y-220.681 E3785.25864
;WIDTH:3.45185
G1 X-40.418 Y-221.387 E3788.93037
;WIDTH:3.41968
G1 X-39.85 Y-221.898 E3791.57562
;WIDTH:3.38641
G1 X-39.421 Y-222.283 E3793.54742
;WIDTH:3.36215
G1 X-38.3 Y-223.317 E3798.71807
;WIDTH:3.3341
G1 X-37.667 Y-223.887 E3801.57632
;WIDTH:3.29741
G1 X-37.219 Y-224.281 E3803.55093
;WIDTH:3.26077
G1 X-36.831 Y-224.582 E3805.15378
;WIDTH:3.22764
G1 X-36.443 Y-224.883 E3806.73633
;WIDTH:3.1945
G1 X-35.101 Y-225.78 E3811.87162
;WIDTH:3.18268
G1 X-34.494 Y-226.168 E3814.15289
;WIDTH:3.1486
G1 X-33.888 Y-226.556 E3816.40091
;WIDTH:3.11453
G1 X-33.815 Y-226.602 E3816.66681
;WIDTH:3.11077
G1 X-33.005 Y-227.125 E3819.63351
;WIDTH:3.07227
G1 X-32.194 Y-227.647 E3822.55481
;WIDTH:3.03377
G1 X-31.392 Y-228.108 E3825.3123
;WIDTH:2.98603
G1 X-31.285 Y-228.156 E3825.6549
;WIDTH:2.98191
G1 X-29.513 Y-228.945 E3831.31153
;WIDTH:2.93917
G1 X-28.76 Y-229.29 E3833.6828
;WIDTH:2.93701
G1 X-27.819 Y-229.707 E3836.62669
;WIDTH:2.91131
G1 X-26.879 Y-230.124 E3839.535
;WIDTH:2.88561
G1 X-26.346 Y-230.35 E3841.15376
;WIDTH:2.85312
G1 X-25.814 Y-230.576 E3842.74652
;WIDTH:2.82062
G1 X-25.177 Y-230.802 E3844.58163
;WIDTH:2.79014
G1 X-25.091 Y-230.827 E3844.82138
;WIDTH:2.80298
G1 X-23.873 Y-231.168 E3848.22762
;WIDTH:2.8031
G1 X-20.723 Y-232.013 E3857.01112
;WIDTH:2.76546
G1 X-19.794 Y-232.25 E3859.54822
;WIDTH:2.73141
G1 X-18.965 Y-232.456 E3861.7724
;WIDTH:2.68921
G1 X-18.301 Y-232.579 E3863.49517
;WIDTH:2.70439
G1 X-17.443 Y-232.689 E3865.71834
;WIDTH:2.71456
G1 X-14.362 Y-233.044 E3873.72848
G1 X-12.121 Y-233.278 E3879.54792
;WIDTH:2.67208
G1 X-11.091 Y-233.37 E3882.16396
;WIDTH:2.62287
G1 X-10.419 Y-233.391 E3883.82353
;WIDTH:2.66244
G1 X-8.85 Y-233.349 E3887.77529
;WIDTH:2.70931
G1 X-7.282 Y-233.307 E3891.81624
;WIDTH:2.7141
G1 X-4.397 Y-233.171 E3899.27411
;WIDTH:2.67744
G1 X-1.985 Y-233.052 E3905.39951
;WIDTH:2.65929
G1 X-1.156 Y-232.966 E3907.49466
;WIDTH:2.6622
G1 X.291 Y-232.765 E3911.17238
;WIDTH:2.66884
G1 X1.002 Y-232.65 E3912.99152
;WIDTH:2.70378
G1 X1.85 Y-232.468 E3915.21991
;WIDTH:2.73872
G1 X2.698 Y-232.286 E3917.4861
;WIDTH:2.76485
G1 X4.126 Y-231.963 E3921.35929
;WIDTH:2.79098
G1 X7.701 Y-231.132 E3931.18868
;WIDTH:2.7879
G1 X8.419 Y-230.954 E3933.16691
;WIDTH:2.78238
G1 X9.069 Y-230.753 E3934.98169
;WIDTH:2.81889
G1 X9.714 Y-230.511 E3936.85061
;WIDTH:2.85541
G1 X10.358 Y-230.269 E3938.74832
;WIDTH:2.89223
G1 X11.433 Y-229.853 E3941.98085
;WIDTH:2.92904
G1 X12.507 Y-229.437 E3945.26366
;WIDTH:2.95376
G1 X15.831 Y-228.097 E3955.58935
;WIDTH:2.96752
G1 X16.479 Y-227.784 E3957.67504
;WIDTH:2.99261
G1 X16.817 Y-227.594 E3958.81095
;WIDTH:3.01769
G1 X17.154 Y-227.404 E3959.95641
;WIDTH:3.05686
G1 X17.943 Y-226.948 E3962.69913
;WIDTH:3.09603
G1 X18.732 Y-226.493 E3965.48484
;WIDTH:3.1352
G1 X19.521 Y-226.037 E3968.3166
;WIDTH:3.17094
G1 X22.468 Y-224.268 E3979.15053
;WIDTH:3.20274
G1 X23.076 Y-223.851 E3981.5036
;WIDTH:3.24751
G1 X23.53 Y-223.494 E3983.37919
;WIDTH:3.29464
G1 X24.285 Y-222.883 E3986.59044
;WIDTH:3.34177
G1 X25.041 Y-222.272 E3989.86139
;WIDTH:3.38481
G1 X26.023 Y-221.464 E3994.20895
;WIDTH:3.42786
G1 X27.006 Y-220.657 E3998.62526
;WIDTH:3.44383
G1 X28.201 Y-219.651 E4004.08055
;WIDTH:3.46274
G1 X28.848 Y-219.035 E4007.22149
;WIDTH:3.50087
G1 X29.265 Y-218.577 E4009.4287
;WIDTH:3.53887
G1 X29.606 Y-218.207 E4011.24559
;WIDTH:3.57687
G1 X29.947 Y-217.838 E4013.08364
;WIDTH:3.62477
G1 X30.853 Y-216.815 E4018.16437
;WIDTH:3.63079
G1 X30.951 Y-216.705 E4018.71323
;WIDTH:3.67011
G1 X31.514 Y-216.078 E4021.89397
;WIDTH:3.70944
G1 X32.076 Y-215.451 E4025.11348
;WIDTH:3.7416
G1 X33.667 Y-213.616 E4034.49728
;WIDTH:3.75644
G1 X34.004 Y-213.185 E4036.6213
;WIDTH:3.76838
G1 X34.137 Y-212.988 E4037.54762
;WIDTH:3.79994
G1 X34.477 Y-212.46 E4040.01974
;WIDTH:3.8315
G1 X34.816 Y-211.931 E4042.51778
;WIDTH:3.84043
G1 X34.902 Y-211.798 E4043.14925
;WIDTH:3.88673
G1 X35.307 Y-211.176 E4046.1514
;WIDTH:3.93304
G1 X35.713 Y-210.554 E4049.19866
;WIDTH:3.97935
G1 X36.118 Y-209.931 E4052.29004
;WIDTH:4.02305
G1 X37.215 Y-208.167 E4061.04533
;WIDTH:4.06675
G1 X38.312 Y-206.403 E4069.91385
;WIDTH:4.06756
G1 X38.621 Y-205.896 E4072.44931
;WIDTH:4.08382
G1 X38.986 Y-205.196 E4075.83648
;WIDTH:4.12489
G1 X39.295 Y-204.504 E4079.12694
;WIDTH:4.16596
G1 X39.603 Y-203.813 E4082.45042
;WIDTH:4.20704
G1 X39.911 Y-203.121 E4085.81672
;WIDTH:4.24811
G1 X40.22 Y-202.43 E4089.21955
;WIDTH:4.28919
G1 X40.528 Y-201.738 E4092.66346
;WIDTH:4.31586
G1 X40.89 Y-200.899 E4096.84849
;WIDTH:4.3414
G1 X41.692 Y-198.995 E4106.37664
;WIDTH:4.36695
G1 X42.494 Y-197.091 E4115.97061
;WIDTH:4.3769
G1 X42.743 Y-196.424 E4119.2856
;WIDTH:4.40886
G1 X42.903 Y-195.921 E4121.7643
;WIDTH:4.45358
G1 X43.198 Y-194.868 E4126.96055
;WIDTH:4.4983
G1 X43.493 Y-193.816 E4132.21316
;WIDTH:4.54302
G1 X43.788 Y-192.763 E4137.5314
;WIDTH:4.58774
G1 X44.084 Y-191.71 E4142.91196
;WIDTH:4.60776
G1 X44.302 Y-190.904 E4147.04006
;WIDTH:4.63448
G1 X45.286 Y-187.155 E4166.33232
;WIDTH:4.65844
G1 X45.457 Y-186.53 E4169.57689
G1 X45.474 Y-186.322 E4170.62188
;WIDTH:4.61449
G1 X45.492 Y-186.114 E4171.65584
;WIDTH:4.57053
G1 X45.51 Y-185.906 E4172.67835
;WIDTH:4.52658
G1 X45.512 Y-185.72 E4173.57916
;WIDTH:4.4818
G1 X45.515 Y-185.534 E4174.46965
;WIDTH:4.43703
G1 X45.517 Y-185.348 E4175.34969
;WIDTH:4.39225
G1 X45.52 Y-185.162 E4176.2194
;WIDTH:4.34748
G1 X45.522 Y-184.976 E4177.07866
;WIDTH:4.3027
G1 X45.526 Y-184.782 E4177.96418
;WIDTH:4.25828
G1 X45.529 Y-184.587 E4178.84338
;WIDTH:4.21387
G1 X45.532 Y-184.393 E4179.70732
;WIDTH:4.16945
G1 X45.536 Y-184.199 E4180.56059
;WIDTH:4.12503
G1 X45.549 Y-183.941 E4181.68224
;WIDTH:4.08335
G1 X45.562 Y-183.683 E4182.79046
;WIDTH:4.04168
G1 X45.575 Y-183.426 E4183.88102
;WIDTH:4
G1 X46.693 Y-175.008 E4219.42844
G1 X46.753 Y-174.348 E4222.20261
G1 X47.232 Y-159.519 E4284.30962
G1 X47.228 Y-158.751 E4287.52453
G1 X46.508 Y-141.181 E4361.1348
G1 X44.738 Y-121.011 E4445.89149
G1 X40.323 Y-82.477 E4608.25125
G1 X40.176 Y-81.719 E4611.48338
G1 X39.997 Y-81.233 E4613.65139
G1 E4611.65139 F2400
G92 E0
G1 X36.811 Y-82.312 F7800
G1 E2 F2400
;TYPE:External perimeter
G1 F1800
G1 X36.684 Y-82.071 E3.14034
G1 X35.958 Y-81.336 E7.46494
G1 X31.802 Y-77.343 E31.59056
G1 X24.647 Y-68.85 E78.07718
G1 X18.987 Y-59.955 E122.21084
G1 X14.652 Y-50.524 E165.66013
G1 X11.803 Y-40.974 E207.37771
G1 X10.369 Y-31.091 E249.18147
G1 X10.443 Y-21.295 E290.18899
G1 X12.02 Y-11.385 E332.19451
G1 X15.218 Y-1.447 E375.89615
G1 X19.909 Y7.969 E419.93241
G1 X26.08 Y16.824 E465.11289
G1 X33.186 Y24.459 E508.7739
G1 X41.469 Y31.188 E553.44641
G1 X41.792 Y31.537 E555.437
G1 X42.006 Y31.969 E557.45508
G1 X42.059 Y32.176 E558.34954
G1 X43.418 Y39.305 E588.72914
G1 X43.822 Y41.798 E599.30105
G1 X45.267 Y49.69 E632.88639
G1 X46.501 Y58.35 E669.50359
G1 X47.712 Y65.832 E701.23106
G1 X48.234 Y70.532 E721.02637
G1 X48.908 Y75.289 E741.1382
G1 X49.59 Y82.785 E772.64628
G1 X50.389 Y90.008 E803.0664
G1 X50.629 Y94.218 E820.7182
G1 X51.004 Y98.341 E838.04844
G1 X51.249 Y105.193 E866.74945
G1 X51.621 Y111.778 E894.35841
G1 X51.614 Y115.5 E909.93884
G1 X51.745 Y119.282 E925.7799
G1 X51.587 Y125.414 E951.45715
G1 X51.571 Y131.409 E976.55249
G1 X51.348 Y134.719 E990.43966
G1 X51.258 Y138.087 E1004.54324
G1 X50.736 Y143.674 E1028.03245
G1 X50.366 Y149.082 E1050.72342
G1 X49.958 Y151.988 E1063.00733
G1 X49.68 Y154.912 E1075.30248
G1 X48.856 Y159.766 E1095.91216
G1 X48.179 Y164.541 E1116.10035
G1 X47.62 Y167.048 E1126.85244
G1 X47.205 Y169.494 E1137.23779
G1 X46.082 Y173.87 E1156.14943
G1 X45.151 Y178 E1173.87155
G1 X44.46 Y180.158 E1183.35681
G1 X43.875 Y182.396 E1193.03991
G1 X42.553 Y186.051 E1209.3099
G1 X41.375 Y189.69 E1225.32112
G1 X40.566 Y191.545 E1233.79254
G1 X39.854 Y193.486 E1242.44702
G1 X38.338 Y196.592 E1256.91488
G1 X36.975 Y199.677 E1271.03303
G1 X36.079 Y201.219 E1278.49847
G1 X35.363 Y202.684 E1285.32424
G1 X33.618 Y205.386 E1298.78858
G1 X32.052 Y208.04 E1311.68812
G1 X31.918 Y208.234 E1312.6751
G1 X31.08 Y209.282 E1318.2921
G1 X30.212 Y210.616 E1324.95431
G1 X30.081 Y210.789 E1325.86269
G1 X27.389 Y213.904 E1343.09678
G1 X26.014 Y215.627 E1352.32444
G1 X25.36 Y216.253 E1356.11411
G1 X24.913 Y216.771 E1358.9782
G1 X24.745 Y216.938 E1359.96979
G1 X22.529 Y218.847 E1372.21343
G1 X20.321 Y220.869 E1384.7462
G1 X19.603 Y221.367 E1388.40396
G1 X19.111 Y221.792 E1391.12549
G1 X18.098 Y222.437 E1396.15255
G1 X16.43 Y223.457 E1404.33688
G1 X13.843 Y225.161 E1417.30424
G1 X13.225 Y225.461 E1420.17991
G1 X12.217 Y226.016 E1424.99674
G1 X9.675 Y227.047 E1436.47954
G1 X7.156 Y228.172 E1448.02797
G1 X6.013 Y228.53 E1453.0418
G1 X5.319 Y228.792 E1456.14703
G1 X1.184 Y229.731 E1473.89695
G1 X-1.738 Y230.482 E1486.52606
G1 X-2.518 Y230.593 E1489.82406
G1 X-3.048 Y230.692 E1492.08103
G1 X-4.878 Y230.887 E1499.78483
G1 X-5.445 Y230.908 E1502.15994
G1 X-6.608 Y230.797 E1507.05042
G1 X-7.661 Y230.587 E1511.54511
G1 X-8.476 Y230.326 E1515.1274
G1 X-9.409 Y230.064 E1519.18403
G1 X-10.843 Y229.526 E1525.59536
G1 X-11.863 Y229.036 E1530.33224
G1 X-13.161 Y228.484 E1536.23663
G1 X-13.821 Y228.112 E1539.40804
G1 X-15.041 Y227.494 E1545.13285
G1 X-16.418 Y226.591 E1552.02588
G1 X-18.561 Y225.336 E1562.42163
G1 X-18.759 Y225.2 E1563.42715
G1 X-19.765 Y224.399 E1568.81013
G1 X-21.28 Y223.406 E1576.39282
G1 X-24.031 Y220.998 E1591.69702
G1 X-26.783 Y218.804 E1606.42991
G1 X-28.334 Y217.195 E1615.78499
G1 X-29.603 Y216.074 E1622.87287
G1 X-29.76 Y215.915 E1623.80824
G1 X-31.92 Y213.422 E1637.61621
G1 X-34.29 Y210.927 E1652.02122
G1 X-35.698 Y209.06 E1661.80987
G1 X-37.186 Y207.327 E1671.37147
G1 X-39.929 Y203.387 E1691.46775
G1 X-41.445 Y201.355 E1702.08021
G1 X-42.073 Y200.307 E1707.19452
G1 X-42.814 Y199.243 E1712.62214
G1 X-45.108 Y195.151 E1732.25944
G1 X-47.804 Y190.57 E1754.51006
G1 X-48.501 Y189.075 E1761.4149
G1 X-49.278 Y187.664 E1768.15772
G1 X-51.297 Y182.986 E1789.48596
G1 X-53.505 Y178.179 E1811.62943
G1 X-54.096 Y176.5 E1819.08047
G1 X-54.726 Y175.039 E1825.74063
G1 X-56.439 Y169.749 E1849.01679
G1 X-58.287 Y164.426 E1872.60366
G1 X-58.734 Y162.63 E1880.35112
G1 X-59.298 Y160.88 E1888.04772
G1 X-60.719 Y154.511 E1915.36406
G1 X-62.295 Y148.066 E1943.13792
G1 X-62.635 Y145.88 E1952.3986
G1 X-63.033 Y144.085 E1960.09501
G1 X-63.864 Y137.812 E1986.58338
G1 X-64.794 Y131.71 E2012.4215
G1 X-64.979 Y129.33 E2022.4143
G1 X-65.247 Y127.258 E2031.16001
G1 X-65.654 Y120.432 E2059.7846
G1 X-66.14 Y114.015 E2086.72328
G1 X-66.202 Y111.221 E2098.42193
G1 X-66.333 Y108.978 E2107.82719
G1 X-66.421 Y100.886 E2141.70255
G1 X-66.579 Y93.46 E2172.79504
G1 X-66.546 Y89.371 E2189.91227
G1 X-66.569 Y87.219 E2198.92112
G1 X-66.468 Y79.678 E2230.4908
G1 X-66.427 Y74.629 E2251.62676
G1 X-66.362 Y71.818 E2263.39684
G1 X-66.309 Y67.923 E2279.70294
G1 X-64.417 Y-12.082 E2614.69989
G1 X-64.329 Y-14.281 E2623.91234
G1 X-64.272 Y-16.63 E2633.74822
G1 X-62.312 Y-64.767 E2835.4181
G1 X-62.234 Y-66.314 E2841.90211
G1 X-61.83 Y-72.672 E2868.57056
G1 X-58.57 Y-123.964 E3083.71363
G1 X-54.89 Y-166.992 E3264.48766
G1 X-52.538 Y-185.616 E3343.06751
G1 X-52.387 Y-186.349 E3346.2003
G1 X-50.049 Y-197.266 E3392.93543
G1 X-49.869 Y-197.811 E3395.33803
G1 X-46.746 Y-206.514 E3434.04361
G1 X-46.421 Y-207.147 E3437.02221
G1 X-42.95 Y-213.452 E3467.15025
G1 X-42.806 Y-213.671 E3468.24741
G1 X-39.26 Y-218.24 E3492.45768
G1 X-39.083 Y-218.435 E3493.56008
G1 X-35.001 Y-222.267 E3516.99697
G1 X-34.793 Y-222.433 E3518.11096
G1 X-30.337 Y-225.435 E3540.60203
G1 X-30.098 Y-225.568 E3541.74697
G1 X-24.618 Y-228.081 E3566.98341
G1 X-24.363 Y-228.174 E3568.11962
G1 X-18.25 Y-229.851 E3594.65426
G1 X-17.137 Y-229.998 E3599.35377
G1 X-10.789 Y-230.72 E3626.09801
G1 X-10.53 Y-230.729 E3627.18285
G1 X-2.096 Y-230.378 E3662.51839
G1 X.385 Y-230.031 E3673.00502
G1 X7.79 Y-228.286 E3704.85162
G1 X8.036 Y-228.208 E3705.93191
G1 X14.767 Y-225.476 E3736.34052
G1 X15.668 Y-224.954 E3740.69939
G1 X20.95 Y-221.75 E3766.55982
G1 X21.6 Y-221.224 E3770.06004
G1 X26.314 Y-217.215 E3795.96405
G1 X26.904 Y-216.557 E3799.66357
G1 X31.211 Y-211.523 E3827.39626
G1 X31.368 Y-211.306 E3828.51744
G1 X35.73 Y-204.126 E3863.68493
G1 X35.846 Y-203.896 E3864.76324
G1 X39.267 Y-195.631 E3902.20738
G1 X39.455 Y-195.03 E3904.8434
G1 X41.848 Y-185.774 E3944.86324
G1 X41.944 Y-185.28 E3946.96982
G1 X43.366 Y-174.567 E3992.20809
G1 X43.41 Y-174.035 E3994.44266
G1 X43.878 Y-159.412 E4055.68631
G1 X43.874 Y-158.888 E4057.87985
G1 X43.149 Y-141.24 E4131.81722
G1 X41.408 Y-121.437 E4215.03291
G1 X36.988 Y-82.86 E4377.57388
G1 X36.958 Y-82.734 E4378.11606
G1 X34.997 Y-80.463 F7800
G1 E4376.11606 F2400
G92 E0
G1 X-68.295 Y-76.781 F7800
G1 E2 F2400
;TYPE:Perimeter
G1 F3600
G1 X-68.407 Y-76.987 E2.98153
G1 X-68.833 Y-77.625 E6.19285
G1 X-69.299 Y-78.203 E9.30079
G1 X-69.795 Y-78.72 E12.29988
G1 X-70.313 Y-79.175 E15.18596
G1 X-70.842 Y-79.57 E17.94958
G1 X-71.377 Y-79.908 E20.59861
G1 X-71.91 Y-80.192 E23.12673
G1 X-72.437 Y-80.427 E25.54216
G1 X-72.953 Y-80.617 E27.84393
G1 X-73.939 Y-80.878 E32.11351
G1 X-74.852 Y-81.01 E35.97509
G1 X-75.684 Y-81.042 E39.46044
G1 X-76.339 Y-81.035 E42.20245
G1 X-100.017 Y-82.272 E141.45443
G1 X-100.017 Y-190.663 E595.18238
G1 X-94.477 Y-189.217 E619.14992
G1 X-86.149 Y-186.688 E655.58315
G1 X-75.702 Y-183.937 E700.80541
G1 X-67.724 Y-181.507 E735.71634
G1 X-67.35 Y-181.402 E737.34244
G1 X-66.523 Y-181.236 E740.87334
G1 X-65.588 Y-181.148 E744.80457
G1 X-65.078 Y-181.145 E746.93948
G1 X-64.541 Y-181.175 E749.19088
G1 X-63.979 Y-181.244 E751.56109
G1 X-63.393 Y-181.358 E754.06009
G1 X-62.786 Y-181.522 E756.69212
G1 X-62.164 Y-181.742 E759.4539
G1 X-61.532 Y-182.026 E762.35431
G1 X-60.899 Y-182.377 E765.38417
G1 X-60.268 Y-182.804 E768.5735
G1 X-59.59 Y-183.348 E772.21227
G1 X-61.585 Y-167.498 E839.08434
G1 X-65.166 Y-125.739 E1014.53031
G1 X-65.271 Y-124.368 E1020.28616
G1 X-68.267 Y-77.23 E1218.00538
G1 E1216.00538 F2400
G92 E0
G1 X100.018 Y177.483 F7800
G1 E2 F2400
G1 F3600
G1 X100.018 Y266.521 E374.71572
G1 X38.593 Y266.521 E631.8426
G1 X31.067 Y246.651 E720.7854
G1 X24.652 Y231.719 E788.81538
G1 X24.19 Y230.898 E792.75889
G1 X23.841 Y230.393 E795.32853
G1 X23.318 Y229.761 E798.76249
G1 X22.873 Y229.309 E801.41766
G1 X22.323 Y228.834 E804.45974
G1 X21.464 Y228.246 E808.81728
G1 X22.709 Y227.475 E814.9473
G1 X23.256 Y227.073 E817.78891
G1 X23.802 Y226.639 E820.70856
G1 X24.388 Y226.216 E823.73389
G1 X24.856 Y225.818 E826.30558
G1 X26.987 Y223.865 E838.40557
G1 X29.126 Y222.023 E850.22196
G1 X29.638 Y221.543 E853.15978
G1 X30.018 Y221.129 E855.51215
G1 X30.929 Y220.204 E860.94681
G1 X31.259 Y219.815 E863.08218
G1 X32.554 Y218.194 E871.76722
G1 X35.16 Y215.178 E888.45237
G1 X35.53 Y214.718 E890.92355
G1 X35.829 Y214.29 E893.10906
G1 X36.528 Y213.218 E898.46617
G1 X37.228 Y212.34 E903.16662
G1 X37.524 Y211.935 E905.26649
G1 X37.832 Y211.452 E907.66444
G1 X39.323 Y208.926 E919.94297
G1 X40.886 Y206.527 E931.9286
G1 X41.152 Y206.089 E934.07371
G1 X41.994 Y204.402 E941.96627
G1 X42.825 Y202.981 E948.85709
G1 X43.115 Y202.389 E951.61658
G1 X44.426 Y199.421 E965.19878
G1 X46.036 Y196.107 E980.62173
G1 X46.236 Y195.603 E982.89153
G1 X46.8 Y194.045 E989.82754
G1 X47.532 Y192.381 E997.43728
G1 X47.762 Y191.757 E1000.22115
G1 X48.904 Y188.226 E1015.75585
G1 X50.27 Y184.437 E1032.61598
G1 X50.421 Y183.921 E1034.86656
G1 X50.909 Y182.032 E1043.03357
G1 X51.497 Y180.214 E1051.03192
G1 X51.699 Y179.476 E1054.23484
G1 X52.607 Y175.447 E1071.52335
G1 X53.675 Y171.309 E1089.41277
G1 X53.822 Y170.617 E1092.37414
G1 X54.207 Y168.349 E1102.00387
G1 X54.72 Y166.066 E1111.79887
G1 X55.108 Y166.782 E1115.20785
G1 X55.498 Y167.367 E1118.15097
G1 X55.919 Y167.897 E1120.98433
G1 X56.373 Y168.384 E1123.77137
G1 X56.844 Y168.816 E1126.44671
G1 X57.325 Y169.195 E1129.01013
G1 X57.913 Y169.588 E1131.97067
G1 X58.442 Y169.884 E1134.50817
G1 X58.96 Y170.128 E1136.90505
G1 X59.464 Y170.326 E1139.17178
G1 X60.418 Y170.603 E1143.33019
G1 X61.298 Y170.754 E1147.06773
G1 X62.094 Y170.81 E1150.40805
G1 X62.81 Y170.806 E1153.40529
G1 X66.881 Y171.561 E1170.73721
G1 X82.134 Y174.728 E1235.9485
G1 X94.759 Y176.852 E1289.53982
G1 X99.571 Y177.43 E1309.82779
G1 E1307.82779 F2400
G92 E0
G1 X42.469 Y-79.486 F7800
G1 E2 F2400
;WIDTH:3.23166
G1 F3600
G1 X42.514 Y-79.543 E2.2344
;WIDTH:3.27387
G1 X42.584 Y-79.632 E2.60583
;WIDTH:3.31939
G1 X42.651 Y-79.733 E3.0103
;WIDTH:3.36492
G1 X42.718 Y-79.834 E3.42165
;WIDTH:3.41045
G1 X42.785 Y-79.935 E3.83988
;WIDTH:3.45597
G1 X42.851 Y-80.035 E4.26014
;WIDTH:3.5015
G1 X42.918 Y-80.136 E4.69214
;WIDTH:3.54702
G1 X42.985 Y-80.237 E5.13102
;WIDTH:3.59255
G1 X43.042 Y-80.34 E5.56398
;WIDTH:3.63808
G1 X43.099 Y-80.443 E6.00362
;WIDTH:3.6836
G1 X43.156 Y-80.546 E6.44994
;WIDTH:3.72913
G1 X43.212 Y-80.649 E6.9011
;WIDTH:3.77466
G1 X43.269 Y-80.753 E7.36421
;WIDTH:3.82018
G1 X43.326 Y-80.856 E7.83059
;WIDTH:3.86514
G1 X43.385 Y-81.012 E8.5007
;WIDTH:3.91009
G1 X43.445 Y-81.168 E9.18161
;WIDTH:3.95505
G1 X43.504 Y-81.324 E9.87042
;WIDTH:4
G1 X43.563 Y-81.481 E10.5725
G1 X43.657 Y-82.095 E13.17267
G1 X48.072 Y-120.629 E175.53243
G1 X49.861 Y-141.044 E261.31773
G1 X50.581 Y-158.614 E334.928
G1 X50.587 Y-159.626 E339.16434
G1 X50.098 Y-174.619 E401.95886
G1 X50.02 Y-175.45 E405.45274
G1 X49.006 Y-183.086 E437.69786
G1 X49.601 Y-182.643 E440.80308
G1 X50.221 Y-182.261 E443.85149
G1 X50.844 Y-181.947 E446.7719
G1 X51.463 Y-181.696 E449.56797
G1 X52.069 Y-181.504 E452.22898
G1 X52.659 Y-181.363 E454.76829
G1 X53.228 Y-181.27 E457.18175
G1 X53.773 Y-181.217 E459.4739
G1 X54.292 Y-181.201 E461.64748
G1 X55.004 Y-181.23 E464.6304
G1 X55.655 Y-181.31 E467.376
G1 X56.293 Y-181.44 E470.10157
G1 X57.08 Y-181.673 E473.53732
G1 X66.776 Y-185.071 E516.54535
G1 X89.657 Y-192.302 E616.99502
G1 X99.567 Y-195.755 E660.92467
G1 X100.018 Y-195.898 E662.9052
G1 X100.018 Y-75.676 E1166.15807
G1 X51.709 Y-80.98 E1369.59618
G1 X51.003 Y-81.027 E1372.55806
G1 X49.862 Y-81.041 E1377.33468
G1 X49.338 Y-81.007 E1379.53277
G1 X48.789 Y-80.935 E1381.85058
G1 X48.218 Y-80.821 E1384.28797
G1 X47.628 Y-80.658 E1386.85025
G1 X47.023 Y-80.442 E1389.53937
G1 X46.409 Y-80.166 E1392.35732
G1 X45.863 Y-79.869 E1394.95915
G1 X45.736 Y-79.76 E1395.65973
;WIDTH:3.95505
G1 X45.61 Y-79.65 E1396.35051
;WIDTH:3.91009
G1 X45.483 Y-79.541 E1397.03232
;WIDTH:3.86514
G1 X45.356 Y-79.432 E1397.70475
;WIDTH:3.82018
G1 X45.279 Y-79.344 E1398.168
;WIDTH:3.77466
G1 X45.201 Y-79.255 E1398.63012
;WIDTH:3.72913
G1 X45.124 Y-79.167 E1399.08009
;WIDTH:3.6836
G1 X45.046 Y-79.078 E1399.52878
;WIDTH:3.63808
G1 X44.969 Y-78.989 E1399.96829
;WIDTH:3.59255
G1 X44.892 Y-78.901 E1400.39835
;WIDTH:3.54702
G1 X44.819 Y-78.804 E1400.83795
;WIDTH:3.5015
G1 X44.747 Y-78.706 E1401.27139
;WIDTH:3.45597
G1 X44.675 Y-78.609 E1401.6951
;WIDTH:3.41045
G1 X44.603 Y-78.512 E1402.11195
;WIDTH:3.36492
G1 X44.531 Y-78.415 E1402.52194
;WIDTH:3.31939
G1 X44.459 Y-78.317 E1402.92776
;WIDTH:3.27387
G1 X44.394 Y-78.214 E1403.32729
;WIDTH:3.23081
G1 X44.329 Y-78.11 E1403.72301
;WIDTH:3.18776
G1 X44.264 Y-78.006 E1404.11215
;WIDTH:3.1447
G1 X44.199 Y-77.903 E1404.49206
;WIDTH:3.10165
G1 X44.133 Y-77.799 E1404.86966
;WIDTH:3.05859
G1 X44.068 Y-77.695 E1405.23904
;WIDTH:3.01553
G1 X43.642 Y-77.105 E1407.39174
;WIDTH:3.0282
G1 X43.433 Y-76.807 E1408.47421
;WIDTH:3.06971
G1 X43.224 Y-76.509 E1409.57553
;WIDTH:3.11524
G1 X43.15 Y-76.411 E1409.95406
;WIDTH:3.16076
G1 X43.076 Y-76.314 E1410.33707
;WIDTH:3.20629
G1 X43.002 Y-76.216 E1410.72955
;WIDTH:3.25182
G1 X42.928 Y-76.119 E1411.12641
;WIDTH:3.29734
G1 X42.854 Y-76.021 E1411.53284
;WIDTH:3.34287
G1 X42.78 Y-75.924 E1411.94356
;WIDTH:3.39154
G1 X42.71 Y-75.814 E1412.3904
;WIDTH:3.44021
G1 X42.641 Y-75.705 E1412.84034
;WIDTH:3.48888
G1 X42.571 Y-75.596 E1413.30002
;WIDTH:3.53755
G1 X42.502 Y-75.487 E1413.76563
;WIDTH:3.58622
G1 X42.432 Y-75.378 E1414.24104
;WIDTH:3.63534
G1 X42.371 Y-75.264 E1414.72346
;WIDTH:3.68446
G1 X42.31 Y-75.15 E1415.2138
;WIDTH:3.73358
G1 X42.249 Y-75.036 E1415.71207
;WIDTH:3.7827
G1 X42.188 Y-74.923 E1416.21481
;WIDTH:3.83182
G1 X42.127 Y-74.809 E1416.72892
;WIDTH:3.87386
G1 X42.072 Y-74.66 E1417.36879
;WIDTH:3.91591
G1 X42.016 Y-74.512 E1418.01459
;WIDTH:3.95795
G1 X41.961 Y-74.364 E1418.66724
;WIDTH:4
G1 X41.906 Y-74.215 E1419.33209
G1 X41.813 Y-73.606 E1421.91094
G1 X41.056 Y-66.959 E1449.91534
G1 X40.444 Y-60.879 E1475.49501
G1 X39.797 Y-53.312 E1507.28627
G1 X39.598 Y-50.686 E1518.3103
G1 X39.294 Y-45.629 E1539.51727
G1 X39.188 Y-43.485 E1548.50308
G1 X39.043 Y-39.682 E1564.43412
G1 X38.973 Y-37.105 E1575.2255
G1 X38.931 Y-32.174 E1595.86756
G1 X38.998 Y-27.043 E1617.34791
G1 X39.092 Y-24.252 E1629.03774
G1 X39.389 Y-18.709 E1652.27419
G1 X39.671 Y-15.035 E1667.6989
G1 X39.946 Y-11.906 E1680.84748
G1 X40.556 Y-6.41 E1703.99517
G1 X40.886 Y-3.741 E1715.25276
G1 X41.957 Y3.662 E1746.56456
G1 X43.107 Y10.254 E1774.57563
G1 X43.21 Y10.754 E1776.71259
G1 X43.346 Y11.255 E1778.88569
G1 X43.515 Y11.754 E1781.09106
G1 X43.717 Y12.247 E1783.32129
G1 X43.953 Y12.731 E1785.57535
G1 X44.222 Y13.203 E1787.8495
G1 X44.524 Y13.659 E1790.13899
G1 X44.849 Y14.089 E1792.39528
G1 X45.204 Y14.5 E1794.66867
G1 X45.586 Y14.888 E1796.94792
G1 X45.994 Y15.252 E1799.23673
G1 X46.425 Y15.589 E1801.52695
G1 X46.876 Y15.896 E1803.81074
G1 X47.344 Y16.173 E1806.08724
G1 X47.827 Y16.417 E1808.35244
G1 X48.32 Y16.628 E1810.59722
G1 X48.82 Y16.806 E1812.81891
G1 X49.325 Y16.95 E1815.01712
G1 X49.831 Y17.06 E1817.18472
G1 X50.494 Y17.157 E1819.9896
G1 X51.786 Y17.219 E1825.40417
G1 X52.48 Y17.21 E1828.30952
G1 X53.112 Y17.152 E1830.96621
G1 X53.682 Y17.058 E1833.38447
G1 X79.576 Y11.854 E1943.94487
G1 X100.018 Y8.38 E2030.74258
G1 X100.018 Y95.965 E2397.376
G1 X86.62 Y96.245 E2453.47267
G1 X85.961 Y96.274 E2456.23393
G1 X65.065 Y96.392 E2543.7066
G1 X64.158 Y96.443 E2547.50933
G1 X63.223 Y96.6 E2551.47806
G1 X62.728 Y96.728 E2553.6183
G1 X62.218 Y96.894 E2555.86342
G1 X61.692 Y97.105 E2558.23582
G1 X61.157 Y97.364 E2560.72398
G1 X60.616 Y97.676 E2563.33824
G1 X60.076 Y98.045 E2566.07605
G1 X59.204 Y98.79 E2570.87706
G1 X58.677 Y99.356 E2574.11437
G1 X58.189 Y99.991 E2577.46677
G1 X57.804 Y100.607 E2580.50757
G1 X57.689 Y97.734 E2592.54366
G1 X57.325 Y93.725 E2609.39448
G1 X57.063 Y89.284 E2628.01696
G1 X56.269 Y82.112 E2658.22259
G1 X55.593 Y74.682 E2689.45326
G1 X54.894 Y69.69 E2710.55378
G1 X54.395 Y65.177 E2729.56046
G1 X53.137 Y57.341 E2762.78221
G1 X51.87 Y48.481 E2800.24774
G1 X50.437 Y40.657 E2833.54404
G1 X50.012 Y38.048 E2844.60935
G1 X48.653 Y30.919 E2874.98895
G1 X48.582 Y30.585 E2876.41832
G1 X48.387 Y29.884 E2879.46415
G1 X48.107 Y29.148 E2882.76049
G1 X47.802 Y28.519 E2885.68672
G1 X47.496 Y27.995 E2888.22682
G1 X47.118 Y27.449 E2891.00667
G1 X46.649 Y26.878 E2894.09981
G1 X46.205 Y26.422 E2896.76402
G1 X45.702 Y25.978 E2899.57255
G1 X37.782 Y19.543 E2942.28967
G1 X31.316 Y12.597 E2982.0142
G1 X25.697 Y4.535 E3023.15012
G1 X21.453 Y-3.986 E3062.99861
G1 X18.568 Y-12.95 E3102.4177
G1 X17.151 Y-21.851 E3140.14674
G1 X17.085 Y-30.632 E3176.90531
G1 X18.376 Y-39.525 E3214.52189
G1 X20.949 Y-48.151 E3252.20272
G1 X24.896 Y-56.737 E3291.75975
G1 X30.07 Y-64.869 E3332.10658
G1 X36.708 Y-72.747 E3375.22999
G1 X39.558 Y-75.486 E3391.77652
G1 X39.675 Y-75.627 E3392.54349
;WIDTH:3.95795
G1 X39.792 Y-75.769 E3393.30404
;WIDTH:3.91591
G1 X39.908 Y-75.91 E3394.04919
;WIDTH:3.87386
G1 X40.025 Y-76.051 E3394.78733
;WIDTH:3.83182
G1 X40.113 Y-76.17 E3395.37583
;WIDTH:3.7827
G1 X40.201 Y-76.289 E3395.95526
;WIDTH:3.73358
G1 X40.289 Y-76.407 E3396.52253
;WIDTH:3.68446
G1 X40.377 Y-76.526 E3397.08383
;WIDTH:3.63534
G1 X40.465 Y-76.645 E3397.63606
;WIDTH:3.58622
G1 X40.554 Y-76.763 E3398.17848
;WIDTH:3.53755
G1 X40.642 Y-76.882 E3398.71266
;WIDTH:3.48888
G1 X40.73 Y-77 E3399.23501
;WIDTH:3.44021
G1 X40.818 Y-77.119 E3399.75122
;WIDTH:3.39154
G1 X40.906 Y-77.237 E3400.25569
;WIDTH:3.34287
G1 X40.973 Y-77.342 E3400.675
;WIDTH:3.29684
G1 X41.039 Y-77.446 E3401.08259
;WIDTH:3.25081
G1 X41.105 Y-77.551 E3401.48585
;WIDTH:3.20478
G1 X41.172 Y-77.655 E3401.88101
;WIDTH:3.15875
G1 X41.238 Y-77.76 E3402.27003
;WIDTH:3.11272
G1 X41.304 Y-77.864 E3402.64933
;WIDTH:3.06669
G1 X41.371 Y-77.969 E3403.02573
;WIDTH:3.02066
G1 X41.723 Y-78.45 E3404.79272
G1 X42.161 Y-79.097 E3407.10896
;WIDTH:3.06286
G1 X42.19 Y-79.133 E3407.24844
G1 E3405.24844 F2400
G92 E0
G1 X-26.586 Y227.698 F7800
G1 E2 F2400
;WIDTH:4
G1 F3600
G1 X-27.199 Y228.003 E4.86611
G1 X-27.823 Y228.388 E7.93536
G1 X-28.375 Y228.796 E10.80872
G1 X-28.875 Y229.233 E13.58847
G1 X-29.31 Y229.676 E16.18743
G1 X-29.686 Y230.118 E18.61655
G1 X-30.01 Y230.555 E20.89378
G1 X-30.347 Y231.084 E23.51936
G1 X-30.67 Y231.689 E26.39024
G1 X-38.644 Y248.245 E103.31368
G1 X-41.667 Y255.194 E135.0357
G1 X-47.093 Y266.521 E187.61037
G1 X-100.016 Y266.521 E409.14762
G1 X-100.017 Y179.949 E771.54059
G1 X-97.787 Y179.408 E781.14621
G1 X-97.247 Y179.258 E783.49225
G1 X-86.85 Y175.988 E829.11623
G1 X-72.851 Y170.792 E891.62284
G1 X-72.322 Y170.788 E893.83731
G1 X-71.636 Y170.723 E896.72179
G1 X-71.053 Y170.623 E899.19789
G1 X-70.283 Y170.423 E902.52809
G1 X-69.457 Y170.119 E906.21249
G1 X-68.588 Y169.684 E910.28045
G1 X-68.122 Y169.395 E912.57582
G1 X-67.653 Y169.059 E914.9909
G1 X-67.186 Y168.672 E917.52978
G1 X-66.726 Y168.229 E920.20311
G1 X-66.282 Y167.729 E923.00223
G1 X-65.861 Y167.17 E925.93162
G1 X-65.289 Y166.208 E930.61666
G1 X-64.956 Y165.444 E934.10537
G1 X-64.852 Y165.869 E935.93692
G1 X-64.628 Y166.627 E939.24558
G1 X-62.805 Y171.88 E962.52131
G1 X-61.1 Y177.16 E985.74734
G1 X-60.533 Y178.524 E991.93075
G1 X-60.21 Y179.354 E995.65897
G1 X-59.811 Y180.491 E1000.70304
G1 X-59.605 Y180.98 E1002.92423
G1 X-57.429 Y185.716 E1024.74171
G1 X-55.354 Y190.52 E1046.6471
G1 X-55.064 Y191.089 E1049.32047
G1 X-54.49 Y192.117 E1054.24908
G1 X-53.891 Y193.414 E1060.22941
G1 X-53.589 Y193.975 E1062.89642
G1 X-50.931 Y198.49 E1084.82826
G1 X-48.658 Y202.556 E1104.32765
G1 X-48.326 Y203.074 E1106.90316
G1 X-47.728 Y203.933 E1111.28449
G1 X-47.113 Y204.957 E1116.28465
G1 X-45.375 Y207.312 E1128.53669
G1 X-42.695 Y211.162 E1148.1731
G1 X-42.151 Y211.862 E1151.88414
G1 X-40.932 Y213.27 E1159.68008
G1 X-39.567 Y215.085 E1169.18656
G1 X-39.156 Y215.551 E1171.78755
G1 X-36.892 Y217.933 E1185.54401
G1 X-34.599 Y220.569 E1200.16899
G1 X-34.048 Y221.104 E1203.38387
G1 X-32.998 Y222.031 E1209.24705
G1 X-31.819 Y223.272 E1216.41253
G1 X-31.443 Y223.644 E1218.62662
G1 X-30.967 Y224.053 E1221.25369
G1 X-28.348 Y226.141 E1235.27464
G1 X-26.924 Y227.4 E1243.23124
G1 E1241.23124 F2400
G92 E0
G1 X-71.735 Y13.442 F7800
G1 E2 F2400
G1 F3600
G1 X-73.02 Y67.764 E229.45712
G1 X-73.073 Y71.695 E245.9139
G1 X-73.137 Y74.448 E257.44115
G1 X-73.18 Y79.606 E279.03344
G1 X-73.281 Y87.129 E310.52778
G1 X-73.259 Y89.38 E319.95098
G1 X-73.29 Y93.602 E337.62487
G1 X-73.148 Y100.255 E365.48087
G1 X-73.676 Y99.542 E369.19478
G1 X-74.203 Y98.966 E372.46285
G1 X-74.759 Y98.459 E375.61264
G1 X-75.334 Y98.021 E378.63839
G1 X-75.918 Y97.649 E381.53686
G1 X-76.504 Y97.34 E384.31001
G1 X-77.083 Y97.089 E386.95166
G1 X-78.038 Y96.782 E391.1508
G1 X-78.57 Y96.645 E393.45042
G1 X-79.543 Y96.455 E397.60036
G1 X-80.439 Y96.383 E401.36313
G1 X-81.042 Y96.384 E403.88731
G1 X-81.697 Y96.417 E406.63264
G1 X-82.274 Y96.489 E409.06671
G1 X-100.017 Y99.326 E484.28288
G1 X-100.017 Y16.807 E829.70987
G1 X-82.577 Y17.289 E902.74211
G1 X-79.461 Y17.275 E915.78591
G1 X-77.952 Y17.189 E922.11288
G1 X-77.454 Y17.127 E924.21362
G1 X-76.935 Y17.03 E926.42379
G1 X-76.397 Y16.893 E928.74775
G1 X-75.842 Y16.711 E931.19272
G1 X-75.275 Y16.479 E933.7572
G1 X-74.701 Y16.192 E936.44359
G1 X-74.125 Y15.845 E939.25847
G1 X-73.556 Y15.436 E942.1918
G1 X-73.002 Y14.961 E945.24657
G1 X-72.473 Y14.418 E948.41993
G1 X-71.985 Y13.816 E951.6639
G1 E949.6639 F2400
G92 E0
G1 X51.597 Y13.856 F7800
G1 E2 F2400
G1 F3600
G1 X51.883 Y13.864 E3.19767
G1 X52.494 Y13.845 E5.75657
G1 X53.021 Y13.768 E7.98603
G1 X78.964 Y8.554 E118.75577
G1 X103.374 Y4.405 E222.40226
G1 X103.374 Y99.252 E619.43463
G1 X86.69 Y99.601 E689.28963
G1 X86.051 Y99.63 E691.96726
G1 X65.048 Y99.749 E779.88785
G1 X64.525 Y99.779 E782.08074
G1 X63.964 Y99.873 E784.46184
G1 X63.361 Y100.05 E787.09251
G1 X62.725 Y100.332 E790.0048
G1 X62.076 Y100.74 E793.21378
G1 X61.655 Y101.09 E795.50557
G1 X61.237 Y101.527 E798.03697
G1 X60.68 Y102.329 E802.12442
;WIDTH:4.04353
G1 X60.628 Y102.386 E802.45158
;WIDTH:4.08706
G1 X60.576 Y102.443 E802.78293
;WIDTH:4.13058
G1 X60.524 Y102.499 E803.11527
;WIDTH:4.17411
G1 X60.471 Y102.556 E803.45798
;WIDTH:4.21764
G1 X60.419 Y102.613 E803.8019
;WIDTH:4.26117
G1 X60.367 Y102.67 E804.15001
;WIDTH:4.30469
G1 X60.315 Y102.727 E804.50231
;WIDTH:4.34948
G1 X60.266 Y102.792 E804.87854
;WIDTH:4.39427
G1 X60.218 Y102.858 E805.26029
;WIDTH:4.43905
G1 X60.17 Y102.923 E805.64278
;WIDTH:4.48384
G1 X60.122 Y102.988 E806.02978
;WIDTH:4.52862
G1 X60.074 Y103.054 E806.4252
;WIDTH:4.57341
G1 X60.026 Y103.119 E806.82123
;WIDTH:4.61819
G1 X59.977 Y103.185 E807.22871
;WIDTH:4.66655
G1 X59.934 Y103.267 E807.69327
;WIDTH:4.71491
G1 X59.891 Y103.35 E808.16792
;WIDTH:4.76326
G1 X59.847 Y103.433 E808.65059
;WIDTH:4.81162
G1 X59.804 Y103.516 E809.13652
;WIDTH:4.85997
G1 X59.761 Y103.599 E809.62808
;WIDTH:4.90833
G1 X59.718 Y103.682 E810.12528
;WIDTH:4.95669
G1 X59.674 Y103.765 E810.63062
;WIDTH:5.00504
G1 X59.631 Y103.847 E811.13427
;WIDTH:5.0534
G1 X59.588 Y103.93 E811.64838
;WIDTH:5.10175
G1 X59.544 Y104.013 E812.17071
G1 X59.528 Y104.277 E813.6413
;WIDTH:5.07402
G1 X59.53 Y105.084 E818.10047
;WIDTH:5.04063
G1 X59.705 Y108.281 E835.65894
;WIDTH:5.03723
G1 X59.82 Y111.371 E852.60301
;WIDTH:4.9981
G1 X59.833 Y111.855 E855.23252
;WIDTH:5.03411
G1 X59.878 Y115.362 E874.43784
G1 X59.927 Y117.59 E886.64094
;WIDTH:5.01455
G1 X59.935 Y118.977 E894.2022
;WIDTH:4.98761
G1 X59.933 Y119.447 E896.74861
;WIDTH:5.01686
G1 X59.903 Y122.479 E913.28691
;WIDTH:5.0484
G1 X59.871 Y125.696 E930.96086
;WIDTH:5.04824
G1 X59.798 Y129.771 E953.35027
;WIDTH:5.00678
G1 X59.746 Y131.51 E962.81768
;WIDTH:4.97661
G1 X59.72 Y132.154 E966.30076
;WIDTH:5.00507
G1 X59.56 Y135.11 E982.40377
G1 X59.471 Y137.179 E993.66872
;WIDTH:4.98084
G1 X59.415 Y138.259 E999.51871
;WIDTH:4.96251
G1 X59.384 Y138.776 E1002.30855
;WIDTH:4.98646
G1 X59.28 Y140.281 E1010.47967
;WIDTH:5.00813
G1 X59.056 Y143.03 E1025.49323
;WIDTH:5.01012
G1 X58.663 Y147.559 E1050.25043
;WIDTH:4.97491
G1 X58.457 Y149.713 E1061.93941
;WIDTH:4.93658
G1 X58.43 Y149.986 E1063.40823
;WIDTH:4.94337
G1 X58.354 Y150.668 E1067.0882
;WIDTH:4.96455
G1 X57.964 Y153.797 E1084.08108
;WIDTH:4.95259
G1 X57.733 Y155.63 E1094.00982
;WIDTH:4.91295
G1 X57.656 Y156.196 E1097.05137
;WIDTH:4.94432
G1 X57.354 Y158.273 E1108.30922
;WIDTH:4.96137
G1 X56.818 Y161.648 E1126.71171
;WIDTH:4.98584
G1 X56.778 Y162.126 E1129.30942
;WIDTH:5.01489
G1 X56.738 Y162.603 E1131.91908
G1 X56.761 Y162.683 E1132.3729
;WIDTH:4.97652
G1 X56.784 Y162.762 E1132.81754
;WIDTH:4.93816
G1 X56.819 Y162.856 E1133.35479
;WIDTH:4.89048
G1 X56.853 Y162.95 E1133.88425
;WIDTH:4.84281
G1 X56.888 Y163.044 E1134.40957
;WIDTH:4.79513
G1 X56.923 Y163.138 E1134.92892
;WIDTH:4.74746
G1 X56.958 Y163.232 E1135.44231
;WIDTH:4.69978
G1 X56.993 Y163.326 E1135.94973
;WIDTH:4.65211
G1 X57.037 Y163.411 E1136.42824
;WIDTH:4.60403
G1 X57.081 Y163.497 E1136.9054
;WIDTH:4.55596
G1 X57.125 Y163.583 E1137.37677
;WIDTH:4.50789
G1 X57.169 Y163.668 E1137.83806
;WIDTH:4.45981
G1 X57.213 Y163.754 E1138.29784
;WIDTH:4.41174
G1 X57.257 Y163.839 E1138.74765
;WIDTH:4.36366
G1 X57.31 Y163.919 E1139.19288
;WIDTH:4.3182
G1 X57.362 Y163.998 E1139.62632
;WIDTH:4.27275
G1 X57.415 Y164.077 E1140.05691
;WIDTH:4.22729
G1 X57.468 Y164.156 E1140.4821
;WIDTH:4.18183
G1 X57.521 Y164.235 E1140.9019
;WIDTH:4.13637
G1 X57.574 Y164.315 E1141.31993
;WIDTH:4.09092
G1 X57.626 Y164.394 E1141.72656
;WIDTH:4.04546
G1 X57.679 Y164.473 E1142.13018
;WIDTH:4
G1 X57.975 Y165.038 E1144.8002
G1 X58.462 Y165.707 E1148.26407
G1 X59.017 Y166.258 E1151.53782
G1 X59.485 Y166.61 E1153.98916
G1 X59.976 Y166.899 E1156.3741
G1 X60.589 Y167.164 E1159.16965
G1 X61.161 Y167.33 E1161.66285
G1 X61.689 Y167.421 E1163.90566
G1 X62.336 Y167.455 E1166.61776
G1 X63.099 Y167.446 E1169.81192
G1 X67.529 Y168.268 E1188.67257
G1 X82.691 Y171.419 E1253.49727
G1 X95.316 Y173.542 E1307.08789
G1 X103.374 Y174.508 E1341.06043
G1 X103.374 Y269.877 E1740.2779
G1 X36.275 Y269.877 E2021.15631
G1 X27.929 Y247.84 E2119.79796
G1 X21.745 Y233.429 E2185.44243
G1 X21.512 Y232.956 E2187.64962
G1 X21.152 Y232.402 E2190.4153
G1 X20.712 Y231.889 E2193.24442
G1 X20.242 Y231.467 E2195.88853
G1 X19.807 Y231.159 E2198.11968
G1 X19.309 Y230.883 E2200.50307
G1 X18.747 Y230.652 E2203.0466
G1 X18.249 Y230.51 E2205.21433
G1 X17.981 Y230.48 E2206.34319
;WIDTH:3.96669
G1 X17.712 Y230.45 E2207.46497
;WIDTH:3.93338
G1 X17.525 Y230.46 E2208.23332
;WIDTH:3.8894
G1 X17.339 Y230.47 E2208.98735
;WIDTH:3.84542
G1 X17.153 Y230.481 E2209.73139
;WIDTH:3.80145
G1 X16.964 Y230.512 E2210.48569
;WIDTH:3.75822
G1 X16.776 Y230.543 E2211.22583
;WIDTH:3.715
G1 X16.588 Y230.574 E2211.9557
;WIDTH:3.67178
G1 X16.4 Y230.632 E2212.69873
;WIDTH:3.62877
G1 X16.213 Y230.691 E2213.42876
;WIDTH:3.58576
G1 X16.025 Y230.749 E2214.15068
;WIDTH:3.54275
G1 X15.837 Y230.807 E2214.86205
;WIDTH:3.49974
G1 X15.517 Y230.938 E2216.09373
;WIDTH:3.46741
G1 X15.197 Y231.07 E2217.31281
;WIDTH:3.43509
G1 X14.401 Y231.432 E2220.35715
;WIDTH:3.42724
G1 X13.8 Y231.691 E2222.62911
G1 X12.515 Y232.201 E2227.4287
;WIDTH:3.42098
G1 X11.851 Y232.436 E2229.86849
;WIDTH:3.40153
G1 X11.011 Y232.741 E2232.9423
;WIDTH:3.3582
G1 X10.17 Y233.045 E2235.96984
;WIDTH:3.31486
G1 X9.329 Y233.35 E2238.95019
;WIDTH:3.27153
G1 X8.783 Y233.54 E2240.84493
;WIDTH:3.2754
G1 X7.466 Y233.945 E2245.36746
;WIDTH:3.24379
G1 X6.538 Y234.187 E2248.47746
;WIDTH:3.24043
G1 X3.046 Y235.023 E2260.1064
;WIDTH:3.2438
G1 X2.89 Y235.062 E2260.62785
;WIDTH:3.25314
G1 X2.389 Y235.192 E2262.31235
G1 X1.434 Y235.382 E2265.48132
;WIDTH:3.21748
G1 X.479 Y235.572 E2268.60698
;WIDTH:3.18183
G1 X-.476 Y235.762 E2271.68934
;WIDTH:3.14617
G1 X-1.259 Y235.894 E2274.16764
;WIDTH:3.1356
G1 X-1.951 Y235.991 E2276.33933
;WIDTH:3.13483
G1 X-2.808 Y236.102 E2279.02422
;WIDTH:3.12554
G1 X-4.371 Y236.249 E2283.88361
;WIDTH:3.11738
G1 X-4.933 Y236.271 E2285.61881
;WIDTH:3.11039
G1 X-5.538 Y236.285 E2287.48057
;WIDTH:3.11211
G1 X-6.153 Y236.254 E2289.37632
;WIDTH:3.13918
G1 X-7.364 Y236.168 E2293.1549
;WIDTH:3.15791
G1 X-8.122 Y236.062 E2295.55491
;WIDTH:3.16514
G1 X-8.794 Y235.928 E2297.70979
;WIDTH:3.18848
G1 X-9.407 Y235.796 E2299.69996
;WIDTH:3.23556
G1 X-10.241 Y235.607 E2302.4643
;WIDTH:3.24318
G1 X-11.117 Y235.374 E2305.40312
;WIDTH:3.24995
G1 X-11.717 Y235.166 E2307.4673
;WIDTH:3.26084
G1 X-12.459 Y234.908 E2310.0315
;WIDTH:3.28249
G1 X-13.137 Y234.667 E2312.39965
;WIDTH:3.31354
G1 X-13.62 Y234.486 E2314.11718
;WIDTH:3.34458
G1 X-14.103 Y234.305 E2315.85468
;WIDTH:3.37873
G1 X-14.964 Y233.995 E2318.97625
G1 X-15.445 Y233.793 E2320.75583
;WIDTH:3.40123
G1 X-16.133 Y233.485 E2323.3483
;WIDTH:3.44292
G1 X-17.525 Y232.826 E2328.72515
;WIDTH:3.45748
G1 X-18.137 Y232.506 E2331.14876
;WIDTH:3.50045
G1 X-18.811 Y232.142 E2333.87803
;WIDTH:3.54342
G1 X-19.485 Y231.777 E2336.65007
;WIDTH:3.56873
G1 X-20.208 Y231.398 E2339.62809
;WIDTH:3.59405
G1 X-20.931 Y231.018 E2342.6336
;WIDTH:3.63833
G1 X-21.439 Y230.773 E2344.74008
;WIDTH:3.67572
G1 X-21.657 Y230.691 E2345.62085
;WIDTH:3.71312
G1 X-21.876 Y230.609 E2346.51607
;WIDTH:3.75051
G1 X-22.094 Y230.527 E2347.41857
;WIDTH:3.79422
G1 X-22.349 Y230.471 E2348.44444
;WIDTH:3.83793
G1 X-22.604 Y230.416 E2349.48369
;WIDTH:3.88164
G1 X-22.858 Y230.361 E2350.53322
;WIDTH:3.93121
G1 X-23.143 Y230.338 E2351.70559
;WIDTH:3.98079
G1 X-23.428 Y230.315 E2352.89564
;WIDTH:4
G1 X-24.344 Y230.449 E2356.77085
G1 X-25.144 Y230.725 E2360.31337
G1 X-25.938 Y231.165 E2364.1133
G1 X-26.569 Y231.672 E2367.50168
G1 X-27.056 Y232.203 E2370.51774
G1 X-27.359 Y232.629 E2372.70606
G1 X-27.646 Y233.145 E2375.17768
G1 X-35.62 Y249.701 E2452.10112
G1 X-38.612 Y256.587 E2483.52955
G1 X-44.98 Y269.877 E2545.21855
G1 X-103.372 Y269.878 E2789.6492
G1 X-103.373 Y177.309 E3177.14579
G1 X-98.254 Y176.056 E3199.20667
G1 X-87.857 Y172.786 E3244.83065
G1 X-73.462 Y167.439 E3309.11128
G1 X-72.501 Y167.437 E3313.13406
G1 X-71.957 Y167.378 E3315.42461
G1 X-71.278 Y167.218 E3318.34477
G1 X-70.783 Y167.035 E3320.55392
G1 X-70.261 Y166.774 E3322.99694
G1 X-69.7 Y166.399 E3325.82164
G1 X-69.144 Y165.902 E3328.94338
G1 X-68.625 Y165.266 E3332.37964
G1 X-68.282 Y164.689 E3335.18952
G1 X-68.016 Y164.064 E3338.03288
;WIDTH:4.04018
G1 X-67.971 Y163.983 E3338.4254
;WIDTH:4.08035
G1 X-67.925 Y163.902 E3338.82467
;WIDTH:4.12053
G1 X-67.88 Y163.821 E3339.22648
;WIDTH:4.16071
G1 X-67.835 Y163.74 E3339.63293
;WIDTH:4.20089
G1 X-67.79 Y163.659 E3340.04403
;WIDTH:4.24334
G1 X-67.752 Y163.577 E3340.44978
;WIDTH:4.2858
G1 X-67.714 Y163.496 E3340.8562
;WIDTH:4.32825
G1 X-67.677 Y163.415 E3341.26543
;WIDTH:4.37071
G1 X-67.639 Y163.333 E3341.68554
;WIDTH:4.41316
G1 X-67.601 Y163.252 E3342.10617
;WIDTH:4.45562
G1 X-67.564 Y163.17 E3342.53387
;WIDTH:4.49757
G1 X-67.534 Y163.081 E3342.98531
;WIDTH:4.53953
G1 X-67.505 Y162.992 E3343.44014
;WIDTH:4.58148
G1 X-67.475 Y162.903 E3343.90141
;WIDTH:4.62344
G1 X-67.446 Y162.814 E3344.36603
;WIDTH:4.6654
G1 X-67.417 Y162.725 E3344.83555
;WIDTH:4.70735
G1 X-67.387 Y162.636 E3345.31156
;WIDTH:4.74947
G1 X-67.367 Y162.535 E3345.8388
;WIDTH:4.79159
G1 X-67.346 Y162.433 E3346.37755
;WIDTH:4.83372
G1 X-67.325 Y162.331 E3346.92177
;WIDTH:4.87584
G1 X-67.305 Y162.23 E3347.46524
;WIDTH:4.91796
G1 X-67.284 Y162.128 E3348.0204
G1 X-67.371 Y161.533 E3351.22605
;WIDTH:4.87109
G1 X-67.501 Y160.946 E3354.396
;WIDTH:4.90292
G1 X-67.835 Y159.679 E3361.3565
;WIDTH:4.94339
G1 X-68.628 Y156.385 E3379.52585
;WIDTH:4.94461
G1 X-69.475 Y152.842 E3399.06674
;WIDTH:4.93103
G1 X-69.986 Y150.564 E3411.55053
;WIDTH:4.90164
G1 X-70.127 Y149.855 E3415.38948
;WIDTH:4.88266
G1 X-70.251 Y149.194 E3418.9451
;WIDTH:4.89745
G1 X-70.471 Y147.943 E3425.68398
;WIDTH:4.89901
G1 X-70.482 Y147.882 E3426.01295
;WIDTH:4.90968
G1 X-70.899 Y145.776 E3437.43574
;WIDTH:4.89516
G1 X-71.024 Y145.121 E3440.97158
;WIDTH:4.91345
G1 X-71.134 Y144.509 E3444.28291
;WIDTH:4.95374
G1 X-71.43 Y142.728 E3453.98816
;WIDTH:4.98422
G1 X-71.73 Y140.799 E3464.55653
;WIDTH:4.99497
G1 X-71.89 Y139.712 E3470.51925
;WIDTH:4.99659
G1 X-72.775 Y133.356 E3505.35907
;WIDTH:4.95058
G1 X-72.837 Y132.842 E3508.14011
;WIDTH:4.94068
G1 X-72.9 Y132.267 E3511.24015
;WIDTH:4.97319
G1 X-73.109 Y130.183 E3522.54988
G1 X-73.314 Y128.39 E3532.29488
;WIDTH:4.95409
G1 X-73.372 Y127.805 E3535.45527
;WIDTH:4.99864
G1 X-73.62 Y124.766 E3552.01673
;WIDTH:5.02486
G1 X-73.827 Y121.957 E3567.40754
;WIDTH:5.02723
G1 X-74.11 Y117.696 E3590.75479
;WIDTH:5.00867
G1 X-74.285 Y114.576 E3607.7671
;WIDTH:4.96875
G1 X-74.306 Y114.158 E3610.02477
;WIDTH:4.98054
G1 X-74.343 Y113.288 E3614.73487
;WIDTH:4.98881
G1 X-74.47 Y109.481 E3635.37771
;WIDTH:4.95928
G1 X-74.482 Y109.109 E3637.38104
;WIDTH:5.00162
G1 X-74.594 Y104.738 E3661.14658
;WIDTH:5.03047
G1 X-74.626 Y104.313 E3663.47846
;WIDTH:5.05931
G1 X-74.657 Y103.887 E3665.83076
G1 X-74.687 Y103.824 E3666.21505
;WIDTH:5.02572
G1 X-74.717 Y103.762 E3666.59149
;WIDTH:4.99213
G1 X-74.747 Y103.699 E3666.96993
;WIDTH:4.95854
G1 X-74.791 Y103.623 E3667.44253
;WIDTH:4.91479
G1 X-74.835 Y103.546 E3667.91495
;WIDTH:4.87104
G1 X-74.878 Y103.47 E3668.37535
;WIDTH:4.82729
G1 X-74.922 Y103.393 E3668.8381
;WIDTH:4.78354
G1 X-74.966 Y103.317 E3669.29153
;WIDTH:4.73979
G1 X-75.009 Y103.24 E3669.74209
;WIDTH:4.69604
G1 X-75.059 Y103.171 E3670.17276
;WIDTH:4.65198
G1 X-75.108 Y103.102 E3670.59584
;WIDTH:4.60792
G1 X-75.158 Y103.033 E3671.01715
;WIDTH:4.56386
G1 X-75.208 Y102.964 E3671.43377
;WIDTH:4.51979
G1 X-75.257 Y102.895 E3671.84289
;WIDTH:4.47573
G1 X-75.307 Y102.826 E3672.25015
;WIDTH:4.43167
G1 X-75.361 Y102.765 E3672.63504
;WIDTH:4.38719
G1 X-75.416 Y102.705 E3673.01507
;WIDTH:4.34272
G1 X-75.47 Y102.644 E3673.39092
;WIDTH:4.29825
G1 X-75.524 Y102.583 E3673.76225
;WIDTH:4.25378
G1 X-75.579 Y102.522 E3674.13206
;WIDTH:4.20931
G1 X-75.633 Y102.461 E3674.49435
;WIDTH:4.16484
G1 X-75.789 Y102.268 E3675.58419
;WIDTH:4.12363
G1 X-75.945 Y102.075 E3676.66127
;WIDTH:4.08242
G1 X-76.101 Y101.882 E3677.7256
;WIDTH:4.04121
G1 X-76.256 Y101.688 E3678.77782
;WIDTH:4
G1 X-76.906 Y101.039 E3682.62282
G1 X-77.602 Y100.553 E3686.17629
G1 X-78.3 Y100.217 E3689.41904
G1 X-78.873 Y100.032 E3691.93955
G1 X-79.703 Y99.828 E3695.51736
G1 X-80.264 Y99.752 E3697.88717
G1 X-81.005 Y99.74 E3700.98942
G1 X-81.744 Y99.803 E3704.09412
G1 X-99.968 Y102.717 E3781.3494
G1 X-103.373 Y103.04 E3795.66682
G1 X-103.373 Y13.357 E4171.08253
G1 X-82.485 Y13.934 E4258.55367
G1 X-79.481 Y13.919 E4271.12866
G1 X-78.266 Y13.848 E4276.22336
G1 X-77.656 Y13.752 E4278.80827
G1 X-77 Y13.561 E4281.66833
G1 X-76.315 Y13.249 E4284.81919
G1 X-75.628 Y12.796 E4288.26391
G1 X-74.978 Y12.185 E4291.99822
;WIDTH:4.0412
G1 X-74.679 Y11.812 E4294.02391
;WIDTH:4.08241
G1 X-74.379 Y11.438 E4296.0802
;WIDTH:4.12576
G1 X-74.326 Y11.384 E4296.4088
;WIDTH:4.1691
G1 X-74.272 Y11.33 E4296.74458
;WIDTH:4.21245
G1 X-74.219 Y11.276 E4297.08136
;WIDTH:4.2558
G1 X-74.166 Y11.222 E4297.42223
;WIDTH:4.29915
G1 X-74.113 Y11.168 E4297.76719
;WIDTH:4.34249
G1 X-74.059 Y11.114 E4298.11949
;WIDTH:4.38584
G1 X-74.006 Y11.06 E4298.47263
;WIDTH:4.42874
G1 X-73.957 Y10.998 E4298.84569
;WIDTH:4.47163
G1 X-73.909 Y10.935 E4299.22382
;WIDTH:4.51452
G1 X-73.86 Y10.872 E4299.60914
;WIDTH:4.55742
G1 X-73.811 Y10.81 E4299.99488
;WIDTH:4.60031
G1 X-73.762 Y10.747 E4300.38874
;WIDTH:4.64321
G1 X-73.714 Y10.685 E4300.77987
;WIDTH:4.6861
G1 X-73.665 Y10.622 E4301.18227
;WIDTH:4.73161
G1 X-73.62 Y10.545 E4301.63698
;WIDTH:4.77712
G1 X-73.575 Y10.468 E4302.09676
;WIDTH:4.82263
G1 X-73.531 Y10.392 E4302.55447
;WIDTH:4.86814
G1 X-73.486 Y10.315 E4303.02437
;WIDTH:4.91365
G1 X-73.441 Y10.238 E4303.49933
;WIDTH:4.95916
G1 X-73.397 Y10.161 E4303.97666
;WIDTH:5.00467
G1 X-73.352 Y10.084 E4304.46175
;WIDTH:5.05018
G1 X-73.307 Y10.007 E4304.9519
;WIDTH:5.09569
G1 X-73.263 Y9.93 E4305.44433
G1 X-73.221 Y9.571 E4307.45132
;WIDTH:5.06003
G1 X-73.186 Y8.993 E4310.64086
;WIDTH:5.03702
G1 X-72.628 Y-11.494 E4422.94023
;WIDTH:4.98828
G1 X-72.598 Y-12.427 E4427.99846
;WIDTH:4.98974
G1 X-72.449 Y-16.822 E4451.83518
;WIDTH:4.97778
G1 X-72.445 Y-16.95 E4452.52743
;WIDTH:5.02374
G1 X-71.898 Y-32.089 E4535.2841
G1 X-71.14 Y-50.458 E4635.71734
;WIDTH:5.01735
G1 X-70.793 Y-57.796 E4675.79031
;WIDTH:4.98507
G1 X-70.446 Y-65.118 E4715.48096
;WIDTH:4.95279
G1 X-70.443 Y-65.185 E4715.84141
;WIDTH:4.95324
G1 X-70.368 Y-66.7 E4723.99445
;WIDTH:4.95361
G1 X-70.363 Y-66.801 E4724.53803
;WIDTH:4.99261
G1 X-70.067 Y-72.378 E4754.83063
;WIDTH:5.02161
G1 X-70.066 Y-72.821 E4757.24952
;WIDTH:5.05061
G1 X-70.065 Y-73.263 E4759.67894
G1 X-70.095 Y-73.34 E4760.13315
;WIDTH:5.01103
G1 X-70.125 Y-73.417 E4760.58328
;WIDTH:4.97146
G1 X-70.155 Y-73.493 E4761.02431
;WIDTH:4.93188
G1 X-70.196 Y-73.577 E4761.52423
;WIDTH:4.88561
G1 X-70.237 Y-73.661 E4762.01875
;WIDTH:4.83935
G1 X-70.278 Y-73.745 E4762.50788
;WIDTH:4.79309
G1 X-70.319 Y-73.829 E4762.99162
;WIDTH:4.74682
G1 X-70.36 Y-73.913 E4763.46996
;WIDTH:4.70056
G1 X-70.401 Y-73.997 E4763.94291
;WIDTH:4.6543
G1 X-70.449 Y-74.073 E4764.39254
;WIDTH:4.60766
G1 X-70.497 Y-74.149 E4764.83694
;WIDTH:4.56103
G1 X-70.545 Y-74.225 E4765.27612
;WIDTH:4.5144
G1 X-70.593 Y-74.301 E4765.71007
;WIDTH:4.46776
G1 X-70.641 Y-74.377 E4766.13879
;WIDTH:4.42113
G1 X-70.69 Y-74.453 E4766.56482
;WIDTH:4.3745
G1 X-70.763 Y-74.553 E4767.14093
;WIDTH:4.32769
G1 X-70.837 Y-74.653 E4767.71253
;WIDTH:4.28087
G1 X-70.911 Y-74.753 E4768.27686
;WIDTH:4.23406
G1 X-70.985 Y-74.853 E4768.83393
;WIDTH:4.18725
G1 X-71.059 Y-74.953 E4769.38374
;WIDTH:4.14044
G1 X-71.133 Y-75.053 E4769.92628
;WIDTH:4.09362
G1 X-71.206 Y-75.153 E4770.45901
;WIDTH:4.04681
G1 X-71.28 Y-75.253 E4770.98703
;WIDTH:4
G1 X-71.816 Y-75.983 E4774.77809
G1 X-72.424 Y-76.565 E4778.30129
G1 X-73.062 Y-77.005 E4781.54551
G1 X-73.698 Y-77.317 E4784.51092
G1 X-74.309 Y-77.52 E4787.20605
G1 X-74.879 Y-77.636 E4789.641
G1 X-75.647 Y-77.686 E4792.86268
G1 X-76.408 Y-77.677 E4796.04847
G1 X-103.373 Y-79.086 E4909.07876
G1 X-103.373 Y-195.007 E5394.32752
G1 X-93.564 Y-192.447 E5436.76364
G1 X-85.478 Y-189.986 E5472.14486
G1 X-74.785 Y-187.166 E5518.43649
G1 X-66.521 Y-184.655 E5554.59148
G1 X-66.026 Y-184.555 E5556.70543
G1 X-65.464 Y-184.502 E5559.06842
G1 X-64.836 Y-184.518 E5561.6981
G1 X-64.147 Y-184.628 E5564.6188
G1 X-63.41 Y-184.859 E5567.85189
G1 X-62.651 Y-185.239 E5571.40504
G1 X-62.219 Y-185.534 E5573.59481
G1 X-61.495 Y-186.164 E5577.61226
;WIDTH:4.04977
G1 X-61.393 Y-186.245 E5578.16557
;WIDTH:4.09954
G1 X-61.291 Y-186.326 E5578.72697
;WIDTH:4.14931
G1 X-61.189 Y-186.406 E5579.29375
;WIDTH:4.19907
G1 X-61.087 Y-186.487 E5579.87132
;WIDTH:4.241
G1 X-61.009 Y-186.563 E5580.35993
;WIDTH:4.28292
G1 X-60.931 Y-186.639 E5580.85423
;WIDTH:4.32485
G1 X-60.852 Y-186.715 E5581.35753
;WIDTH:4.36677
G1 X-60.774 Y-186.791 E5581.86322
;WIDTH:4.4087
G1 X-60.696 Y-186.867 E5582.37461
;WIDTH:4.45015
G1 X-60.624 Y-186.955 E5582.91441
;WIDTH:4.4916
G1 X-60.552 Y-187.043 E5583.46008
;WIDTH:4.53305
G1 X-60.48 Y-187.131 E5584.01163
;WIDTH:4.5745
G1 X-60.408 Y-187.219 E5584.56906
;WIDTH:4.61595
G1 X-60.336 Y-187.307 E5585.13237
;WIDTH:4.66149
G1 X-60.255 Y-187.438 E5585.90417
;WIDTH:4.70702
G1 X-60.173 Y-187.57 E5586.6917
;WIDTH:4.75256
G1 X-60.092 Y-187.701 E5587.481
G1 X-59.868 Y-188.55 E5591.98073
;WIDTH:4.7204
G1 X-59.374 Y-190.939 E5604.38469
G1 X-59 Y-192.56 E5612.84327
;WIDTH:4.70368
G1 X-58.604 Y-194.117 E5620.97846
;WIDTH:4.66419
G1 X-58.223 Y-195.615 E5628.72926
;WIDTH:4.6247
G1 X-57.942 Y-196.624 E5633.92979
;WIDTH:4.58498
G1 X-57.677 Y-197.576 E5638.78741
;WIDTH:4.54525
G1 X-57.412 Y-198.528 E5643.59607
;WIDTH:4.50553
G1 X-57.256 Y-199.035 E5646.15105
;WIDTH:4.47882
G1 X-57.002 Y-199.823 E5650.11122
;WIDTH:4.45871
G1 X-55.848 Y-202.96 E5666.0155
;WIDTH:4.43637
G1 X-55.364 Y-204.113 E5671.93058
;WIDTH:4.39541
G1 X-54.92 Y-205.168 E5677.28651
;WIDTH:4.35445
G1 X-54.88 Y-205.266 E5677.77639
;WIDTH:4.35003
G1 X-54.516 Y-206.164 E5682.25556
;WIDTH:4.32721
G1 X-54.26 Y-206.746 E5685.17658
;WIDTH:4.29765
G1 X-54.004 Y-207.328 E5688.07416
;WIDTH:4.26808
G1 X-53.698 Y-207.961 E5691.25237
;WIDTH:4.22475
G1 X-53.429 Y-208.518 E5694.01505
;WIDTH:4.18142
G1 X-53.16 Y-209.075 E5696.7443
;WIDTH:4.13809
G1 X-52.67 Y-210.042 E5701.46892
;WIDTH:4.10935
G1 X-52.42 Y-210.508 E5703.75472
G1 X-51.449 Y-212.182 E5712.11958
;WIDTH:4.08056
G1 X-50.887 Y-213.073 E5716.63514
;WIDTH:4.04227
G1 X-50.37 Y-213.893 E5720.74408
;WIDTH:4.00398
G1 X-49.854 Y-214.713 E5724.80449
;WIDTH:3.96569
G1 X-49.473 Y-215.265 E5727.58344
;WIDTH:3.92728
G1 X-49.143 Y-215.745 E5729.96895
;WIDTH:3.88888
G1 X-48.813 Y-216.226 E5732.3299
;WIDTH:3.85048
G1 X-48.483 Y-216.706 E5734.65961
;WIDTH:3.81208
G1 X-48.447 Y-216.756 E5734.90308
;WIDTH:3.81005
G1 X-47.782 Y-217.627 E5739.23068
;WIDTH:3.76405
G1 X-46.989 Y-218.577 E5744.04663
;WIDTH:3.73475
G1 X-46.196 Y-219.528 E5748.8203
;WIDTH:3.70544
G1 X-45.598 Y-220.164 E5752.1539
;WIDTH:3.65759
G1 X-45.084 Y-220.71 E5754.97265
;WIDTH:3.60975
G1 X-45.031 Y-220.768 E5755.2633
;WIDTH:3.60359
G1 X-44.454 Y-221.396 E5758.4116
;WIDTH:3.55617
G1 X-43.877 Y-222.024 E5761.50945
;WIDTH:3.50875
G1 X-43.571 Y-222.327 E5763.04824
;WIDTH:3.4927
G1 X-43.05 Y-222.786 E5765.51548
;WIDTH:3.45185
G1 X-42.254 Y-223.467 E5769.1844
;WIDTH:3.41968
G1 X-41.92 Y-223.757 E5770.71584
;WIDTH:3.41393
G1 X-41.582 Y-224.028 E5772.21266
;WIDTH:3.38804
G1 X-41.245 Y-224.298 E5773.69068
;WIDTH:3.36215
G1 X-40.105 Y-225.312 E5778.86355
;WIDTH:3.3341
G1 X-39.358 Y-225.925 E5782.10603
;WIDTH:3.29741
G1 X-38.993 Y-226.2 E5783.61858
;WIDTH:3.26817
G1 X-38.629 Y-226.476 E5785.11382
;WIDTH:3.23894
G1 X-37.852 Y-227.009 E5788.16366
;WIDTH:3.1945
G1 X-36.503 Y-227.896 E5793.29994
;WIDTH:3.18268
G1 X-35.792 Y-228.307 E5795.90051
;WIDTH:3.1486
G1 X-35.168 Y-228.666 E5798.14957
;WIDTH:3.11453
G1 X-34.308 Y-229.173 E5801.22603
;WIDTH:3.07415
G1 X-33.448 Y-229.68 E5804.2522
;WIDTH:3.03377
G1 X-33.119 Y-229.855 E5805.36302
;WIDTH:3.01286
G1 X-32.212 Y-230.302 E5808.35082
;WIDTH:2.98191
G1 X-30.423 Y-231.052 E5814.00784
;WIDTH:2.93917
G1 X-30.234 Y-231.136 E5814.59996
;WIDTH:2.93701
G1 X-29.663 Y-231.397 E5816.39566
G1 X-28.712 Y-231.79 E5819.33883
;WIDTH:2.91131
G1 X-27.762 Y-232.184 E5822.24748
;WIDTH:2.88561
G1 X-27.152 Y-232.404 E5824.06064
;WIDTH:2.85312
G1 X-26.607 Y-232.6 E5825.65659
;WIDTH:2.82062
G1 X-26.532 Y-232.624 E5825.87039
;WIDTH:2.81733
G1 X-25.68 Y-232.891 E5828.29087
;WIDTH:2.80298
G1 X-24.455 Y-233.247 E5831.72632
;WIDTH:2.8031
G1 X-22.967 Y-233.656 E5835.88242
G1 X-21.239 Y-234.07 E5840.66796
;WIDTH:2.76546
G1 X-20.246 Y-234.286 E5843.35713
;WIDTH:2.73141
G1 X-19.408 Y-234.45 E5845.58049
;WIDTH:2.68921
G1 X-18.587 Y-234.595 E5847.70739
;WIDTH:2.70439
G1 X-17.683 Y-234.736 E5850.05882
;WIDTH:2.71456
G1 X-14.603 Y-235.101 E5858.0694
G1 X-12.312 Y-235.297 E5864.00813
;WIDTH:2.67208
G1 X-11.22 Y-235.343 E5866.77309
;WIDTH:2.62287
G1 X-10.396 Y-235.361 E5868.80754
;WIDTH:2.66244
G1 X-8.827 Y-235.366 E5872.75791
;WIDTH:2.70931
G1 X-7.217 Y-235.371 E5876.90563
;WIDTH:2.7141
G1 X-6.691 Y-235.356 E5878.26441
G1 X-4.281 Y-235.201 E5884.50033
;WIDTH:2.67744
G1 X-1.872 Y-235.045 E5890.62347
;WIDTH:2.64079
G1 X-1.709 Y-235.034 E5891.03039
;WIDTH:2.65929
G1 X-.912 Y-234.967 E5893.04098
;WIDTH:2.6622
G1 X.583 Y-234.762 E5896.83978
;WIDTH:2.66884
G1 X1.387 Y-234.637 E5898.89487
;WIDTH:2.70378
G1 X2.241 Y-234.489 E5901.12177
;WIDTH:2.73872
G1 X3.142 Y-234.333 E5903.51101
;WIDTH:2.76485
G1 X4.575 Y-234.036 E5907.38256
;WIDTH:2.79098
G1 X6.029 Y-233.734 E5911.35959
G1 X8.196 Y-233.219 E5917.32463
;WIDTH:2.7879
G1 X9.209 Y-232.94 E5920.1345
;WIDTH:2.78238
G1 X9.766 Y-232.772 E5921.68632
;WIDTH:2.81889
G1 X10.423 Y-232.564 E5923.55588
;WIDTH:2.85541
G1 X11.124 Y-232.343 E5925.58336
;WIDTH:2.89223
G1 X12.211 Y-231.962 E5928.81352
;WIDTH:2.92904
G1 X13.349 Y-231.562 E5932.25167
;WIDTH:2.95376
G1 X16.151 Y-230.464 E5940.92222
G1 X16.885 Y-230.147 E5943.22574
;WIDTH:2.96752
G1 X17.551 Y-229.84 E5945.35119
;WIDTH:2.99261
G1 X17.923 Y-229.661 E5946.56059
;WIDTH:3.01769
G1 X18.296 Y-229.483 E5947.78429
;WIDTH:3.05686
G1 X19.104 Y-229.061 E5950.52782
;WIDTH:3.09603
G1 X19.911 Y-228.64 E5953.31176
;WIDTH:3.1352
G1 X20.771 Y-228.191 E5956.32643
;WIDTH:3.17094
G1 X22.431 Y-227.248 E5962.34404
G1 X23.805 Y-226.409 E5967.41844
;WIDTH:3.20274
G1 X24.574 Y-225.916 E5970.33388
;WIDTH:3.24751
G1 X25.117 Y-225.555 E5972.4514
;WIDTH:3.29464
G1 X25.901 Y-224.981 E5975.66398
;WIDTH:3.34177
G1 X26.717 Y-224.384 E5979.06628
;WIDTH:3.38481
G1 X27.726 Y-223.61 E5983.4138
;WIDTH:3.42786
G1 X28.788 Y-222.796 E5988.06015
;WIDTH:3.44383
G1 X29.993 Y-221.802 E5993.51544
G1 X30.318 Y-221.511 E5995.03895
;WIDTH:3.46274
G1 X30.87 Y-220.992 E5997.70287
;WIDTH:3.4885
G1 X31.145 Y-220.724 E5999.06529
;WIDTH:3.51427
G1 X31.421 Y-220.456 E6000.44262
;WIDTH:3.54557
G1 X31.764 Y-220.138 E6002.13545
;WIDTH:3.57687
G1 X32.106 Y-219.82 E6003.84386
;WIDTH:3.62477
G1 X33.048 Y-218.83 E6008.92473
;WIDTH:3.63079
G1 X33.126 Y-218.749 E6009.34367
;WIDTH:3.67011
G1 X33.717 Y-218.148 E6012.52527
;WIDTH:3.70944
G1 X34.379 Y-217.474 E6016.13757
;WIDTH:3.74142
G1 X36.099 Y-215.536 E6026.14865
;WIDTH:3.76838
G1 X36.719 Y-214.741 E6030.07766
;WIDTH:3.79994
G1 X37.085 Y-214.23 E6032.55195
;WIDTH:3.8315
G1 X37.451 Y-213.719 E6035.05099
;WIDTH:3.84043
G1 X37.521 Y-213.621 E6035.53115
;WIDTH:3.88673
G1 X37.964 Y-213.025 E6038.53482
;WIDTH:3.93304
G1 X38.407 Y-212.429 E6041.58138
;WIDTH:3.97935
G1 X38.931 Y-211.722 E6045.24248
;WIDTH:4.02305
G1 X40.065 Y-209.982 E6053.9962
;WIDTH:4.06675
G1 X41.235 Y-208.185 E6063.15092
G1 X41.74 Y-207.329 E6067.394
;WIDTH:4.08382
G1 X42.084 Y-206.679 E6070.54935
;WIDTH:4.12489
G1 X42.43 Y-206.006 E6073.83493
;WIDTH:4.16596
G1 X42.775 Y-205.332 E6077.16119
;WIDTH:4.20704
G1 X43.12 Y-204.658 E6080.52623
;WIDTH:4.24811
G1 X43.466 Y-203.984 E6083.93212
;WIDTH:4.28919
G1 X43.853 Y-203.23 E6087.78554
;WIDTH:4.31586
G1 X44.265 Y-202.345 E6092.25654
;WIDTH:4.3414
G1 X45.091 Y-200.451 E6101.78591
;WIDTH:4.36695
G1 X46.032 Y-198.269 E6112.82055
;WIDTH:4.3769
G1 X46.251 Y-197.698 E6115.66804
;WIDTH:4.40886
G1 X46.503 Y-197.011 E6119.10437
;WIDTH:4.45358
G1 X46.841 Y-195.971 E6124.30064
;WIDTH:4.4983
G1 X47.179 Y-194.931 E6129.55791
;WIDTH:4.54302
G1 X47.517 Y-193.892 E6134.87154
;WIDTH:4.58774
G1 X47.876 Y-192.789 E6140.57745
;WIDTH:4.60776
G1 X48.133 Y-191.923 E6145.04357
;WIDTH:4.63448
G1 X49.142 Y-188.18 E6164.33896
;WIDTH:4.64217
G1 X49.362 Y-187.53 E6167.76113
G1 X49.436 Y-187.421 E6168.41814
;WIDTH:4.6012
G1 X49.511 Y-187.312 E6169.07121
;WIDTH:4.56022
G1 X49.585 Y-187.203 E6169.71476
;WIDTH:4.51925
G1 X49.659 Y-187.094 E6170.35158
;WIDTH:4.47827
G1 X49.747 Y-186.992 E6170.99586
;WIDTH:4.43438
G1 X49.835 Y-186.889 E6171.63635
;WIDTH:4.39049
G1 X49.923 Y-186.786 E6172.26943
;WIDTH:4.3466
G1 X50.01 Y-186.684 E6172.88858
;WIDTH:4.3027
G1 X50.105 Y-186.595 E6173.48265
;WIDTH:4.25828
G1 X50.2 Y-186.506 E6174.06951
;WIDTH:4.21387
G1 X50.294 Y-186.417 E6174.64592
;WIDTH:4.16945
G1 X50.389 Y-186.328 E6175.21836
;WIDTH:4.12503
G1 X50.632 Y-186.117 E6176.61571
;WIDTH:4.08335
G1 X50.875 Y-185.905 E6177.99915
;WIDTH:4.04168
G1 X51.117 Y-185.694 E6179.35984
;WIDTH:4
G1 X51.854 Y-185.193 E6183.09027
G1 X52.599 Y-184.854 E6186.51654
G1 X53.317 Y-184.654 E6189.63653
G1 X53.985 Y-184.567 E6192.45641
G1 X54.724 Y-184.574 E6195.55002
G1 X55.233 Y-184.643 E6197.7002
G1 X55.97 Y-184.84 E6200.89362
G1 X65.715 Y-188.256 E6244.12015
G1 X88.646 Y-195.502 E6344.78832
G1 X98.513 Y-198.942 E6388.53009
G1 X103.374 Y-200.48 E6409.87259
G1 X103.374 Y-71.931 E6947.98253
G1 X51.342 Y-77.644 E7167.09899
G1 X50.276 Y-77.688 E7171.5651
G1 X49.663 Y-77.666 E7174.13279
G1 X48.991 Y-77.555 E7176.98392
G1 X48.274 Y-77.327 E7180.1334
G1 X47.578 Y-76.983 E7183.38331
G1 X46.907 Y-76.507 E7186.82711
G1 X46.273 Y-75.868 E7190.59518
G1 X45.791 Y-75.175 E7194.12878
G1 X45.548 Y-74.696 E7196.37715
G1 X45.288 Y-73.961 E7199.64071
G1 X45.148 Y-73.226 E7202.77276
G1 X44.384 Y-66.513 E7231.05498
G1 X43.702 Y-59.726 E7259.60864
G1 X43.141 Y-53.032 E7287.72816
G1 X42.954 Y-50.564 E7298.08889
G1 X42.641 Y-45.374 E7319.85386
G1 X42.542 Y-43.357 E7328.30725
G1 X42.396 Y-39.554 E7344.23845
G1 X42.326 Y-36.924 E7355.25161
G1 X42.287 Y-32.324 E7374.50804
G1 X42.35 Y-27.256 E7395.72448
G1 X42.439 Y-24.534 E7407.12494
G1 X42.74 Y-18.889 E7430.78865
G1 X43.021 Y-15.245 E7446.08783
G1 X43.281 Y-12.276 E7458.56372
G1 X43.898 Y-6.719 E7481.96843
G1 X44.208 Y-4.22 E7492.5095
G1 X45.24 Y2.939 E7522.78706
G1 X46.413 Y9.678 E7551.42087
G1 X46.556 Y10.278 E7554.00284
G1 X46.779 Y10.873 E7556.66271
G1 X47.083 Y11.447 E7559.38167
G1 X47.458 Y11.979 E7562.10629
G1 X47.901 Y12.458 E7564.83746
G1 X48.404 Y12.879 E7567.58322
G1 X48.956 Y13.229 E7570.31924
G1 X49.541 Y13.502 E7573.02159
G1 X50.144 Y13.695 E7575.67191
G1 X50.648 Y13.795 E7577.8228
G1 X51.148 Y13.838 E7579.92354
G1 E7577.92354 F2400
G92 E0
G1 X51.717 Y10.502 F7800
G1 E2 F2400
;TYPE:External perimeter
G1 F1800
G1 X51.98 Y10.509 E3.10132
G1 X52.36 Y10.477 E4.69764
G1 X78.353 Y5.254 E115.68
G1 X106.73 Y.43 E236.17115
G1 X106.73 Y102.539 E663.60247
G1 X86.76 Y102.956 E747.21571
G1 X86.141 Y102.985 E749.8097
G1 X65.103 Y103.105 E837.87683
G1 X64.706 Y103.146 E839.54752
G1 X64.292 Y103.299 E841.3951
G1 X63.902 Y103.584 E843.41711
G1 X63.611 Y103.965 E845.42397
G1 X63.431 Y104.453 E847.60129
G1 X63.401 Y104.874 E849.36808
G1 X63.578 Y108.143 E863.07226
G1 X63.685 Y111.629 E877.67163
G1 X63.791 Y117.59 E902.6285
G1 X63.752 Y125.731 E936.70736
G1 X63.655 Y129.908 E954.19712
G1 X63.561 Y132.313 E964.27221
G1 X63.311 Y137.401 E985.59642
G1 X63.122 Y140.528 E998.71002
G1 X62.904 Y143.339 E1010.51228
G1 X62.487 Y147.947 E1029.88033
G1 X62.159 Y151.081 E1043.071
G1 X61.767 Y154.276 E1056.54565
G1 X61.146 Y158.809 E1075.69816
G1 X60.704 Y161.62 E1087.60967
G1 X60.599 Y162.476 E1091.21977
G1 X60.662 Y162.877 E1092.91896
G1 X60.843 Y163.293 E1094.81804
G1 X61.096 Y163.614 E1096.52894
G1 X61.404 Y163.854 E1098.16344
G1 X61.811 Y164.033 E1100.02465
G1 X62.296 Y164.099 E1102.07359
G1 X63.388 Y164.086 E1106.64506
G1 X68.177 Y164.975 E1127.03444
G1 X83.248 Y168.109 E1191.4717
G1 X95.873 Y170.233 E1245.06302
G1 X103.586 Y171.146 E1277.57528
G1 X106.73 Y171.606 E1290.87628
G1 X106.73 Y171.899 E1292.10279
G1 X106.73 Y273.233 E1716.28993
G1 X33.957 Y273.233 E2020.91988
G1 X24.763 Y248.96 E2129.572
G1 X18.626 Y234.676 E2194.65035
G1 X18.372 Y234.299 E2196.55324
G1 X18.015 Y233.997 E2198.51064
G1 X17.662 Y233.828 E2200.14892
G1 X17.318 Y233.749 E2201.6264
G1 X16.936 Y233.748 E2203.22547
G1 X16.44 Y233.881 E2205.37509
G1 X15.011 Y234.513 E2211.91584
G1 X13.532 Y235.097 E2218.57215
G1 X8.767 Y236.693 E2239.60771
G1 X3.75 Y237.915 E2261.22302
G1 X3.119 Y238.091 E2263.96523
G1 X-.411 Y238.727 E2278.97983
G1 X-2.107 Y238.966 E2286.14948
G1 X-4.15 Y239.158 E2294.73922
G1 X-5.514 Y239.2 E2300.45167
G1 X-7.402 Y239.111 E2308.36367
G1 X-8.538 Y238.972 E2313.15447
G1 X-10.86 Y238.518 E2323.05848
G1 X-11.922 Y238.245 E2327.64858
G1 X-16.108 Y236.823 E2346.15475
G1 X-18.309 Y235.876 E2356.18482
G1 X-22.353 Y233.832 E2375.1526
G1 X-22.763 Y233.688 E2376.97165
G1 X-23.216 Y233.655 E2378.87295
G1 X-23.633 Y233.735 E2380.65036
G1 X-24.053 Y233.941 E2382.60858
G1 X-24.35 Y234.199 E2384.25541
G1 X-24.622 Y234.602 E2386.29067
G1 X-32.596 Y251.158 E2463.21411
G1 X-35.558 Y257.979 E2494.34294
G1 X-42.706 Y272.899 E2563.59616
G1 X-42.901 Y273.233 E2565.21514
G1 X-106.728 Y273.234 E2832.39686
G1 X-106.729 Y174.67 E3244.9887
G1 X-99.261 Y172.855 E3277.15998
G1 X-88.782 Y169.556 E3323.14783
G1 X-74.067 Y164.083 E3388.86782
G1 X-73.865 Y164.096 E3389.71515
G1 X-73.34 Y164.067 E3391.91617
G1 X-72.834 Y164.087 E3394.03595
G1 X-72.351 Y164.035 E3396.06949
G1 X-71.934 Y163.865 E3397.95455
G1 X-71.562 Y163.574 E3399.9316
G1 X-71.311 Y163.238 E3401.68722
G1 X-71.143 Y162.818 E3403.58079
G1 X-71.092 Y162.402 E3405.33522
G1 X-71.154 Y161.961 E3407.19941
G1 X-71.511 Y160.675 E3412.78622
G1 X-72.587 Y156.319 E3431.56863
G1 X-73.207 Y153.667 E3442.96932
G1 X-73.726 Y151.279 E3453.19892
G1 X-74.217 Y148.613 E3464.54656
G1 X-74.879 Y145.227 E3478.98881
G1 X-75.206 Y143.389 E3486.80355
G1 X-75.53 Y141.411 E3495.19386
G1 X-75.702 Y140.278 E3499.99097
G1 X-76.583 Y133.792 E3527.39088
G1 X-77.164 Y128.44 E3549.92614
G1 X-77.461 Y125.099 E3563.96682
G1 X-77.686 Y122.232 E3576.00507
G1 X-77.965 Y117.9 E3594.17652
G1 X-78.186 Y113.463 E3612.77296
G1 X-78.449 Y104.856 E3648.81893
G1 X-78.489 Y104.54 E3650.15227
G1 X-78.653 Y104.105 E3652.09831
G1 X-78.942 Y103.719 E3654.11681
G1 X-79.285 Y103.456 E3655.92611
G1 X-79.709 Y103.283 E3657.84304
G1 X-80.241 Y103.146 E3660.14266
G1 X-80.677 Y103.093 E3661.9812
G1 X-81.214 Y103.117 E3664.23134
G1 X-99.718 Y106.076 E3742.67375
G1 X-100.489 Y106.129 E3745.9088
G1 X-106.729 Y106.741 E3772.15495
G1 X-106.729 Y9.907 E4177.50496
G1 X-82.392 Y10.579 E4279.4192
G1 X-79.501 Y10.563 E4291.5212
G1 X-79.082 Y10.513 E4293.28759
G1 X-78.48 Y10.494 E4295.80883
G1 X-78.044 Y10.364 E4297.71334
G1 X-77.7 Y10.156 E4299.3961
G1 X-77.385 Y9.83 E4301.29372
G1 X-77.154 Y9.393 E4303.36286
G1 X-77.059 Y8.883 E4305.53446
G1 X-76.477 Y-11.622 E4391.40357
G1 X-75.763 Y-32.228 E4477.71267
G1 X-75.001 Y-50.642 E4554.86019
G1 X-73.914 Y-72.569 E4646.75998
G1 X-73.966 Y-73.073 E4648.88094
G1 X-74.154 Y-73.519 E4650.907
G1 X-74.431 Y-73.865 E4652.76234
G1 X-74.748 Y-74.103 E4654.42168
G1 X-75.163 Y-74.275 E4656.30218
G1 X-75.609 Y-74.33 E4658.18329
G1 X-76.477 Y-74.32 E4661.817
G1 X-106.729 Y-75.901 E4788.62559
G1 X-106.729 Y-199.301 E5305.18167
G1 X-105.768 Y-199.009 E5309.38605
G1 X-103.768 Y-198.579 E5317.94942
G1 X-92.652 Y-195.678 E5366.03983
G1 X-84.439 Y-193.18 E5401.97474
G1 X-73.868 Y-190.396 E5447.73413
G1 X-65.693 Y-187.907 E5483.50589
G1 X-65.239 Y-187.856 E5485.4183
G1 X-64.78 Y-187.931 E5487.36517
G1 X-64.403 Y-188.102 E5489.09805
G1 X-63.93 Y-188.474 E5491.61703
G1 X-63.636 Y-188.9 E5493.78373
G1 X-63.503 Y-189.293 E5495.52049
G1 X-62.997 Y-191.769 E5506.09932
G1 X-62.589 Y-193.496 E5513.5276
G1 X-61.744 Y-196.646 E5527.17979
G1 X-60.841 Y-199.658 E5540.34254
G1 X-60.212 Y-201.516 E5548.55378
G1 X-59.139 Y-204.363 E5561.28973
G1 X-58.152 Y-206.596 E5571.50952
G1 X-57.752 Y-207.554 E5575.85526
G1 X-57.113 Y-208.92 E5582.16809
G1 X-55.421 Y-212.134 E5597.37246
G1 X-54.31 Y-214.016 E5606.52087
G1 X-52.57 Y-216.659 E5619.76689
G1 X-51.078 Y-218.685 E5630.29934
G1 X-50.514 Y-219.415 E5634.16093
G1 X-48.511 Y-221.758 E5647.06427
G1 X-47.295 Y-222.969 E5654.24813
G1 X-45.792 Y-224.516 E5663.27698
G1 X-43.706 Y-226.245 E5674.6186
G1 X-43.241 Y-226.588 E5677.03736
G1 X-42.01 Y-227.661 E5683.87315
G1 X-41.195 Y-228.304 E5688.21871
G1 X-40.558 Y-228.77 E5691.52256
G1 X-37.973 Y-230.457 E5704.4439
G1 X-36.538 Y-231.237 E5711.28089
G1 X-34.757 Y-232.24 E5719.83717
G1 X-33.549 Y-232.832 E5725.46847
G1 X-31.487 Y-233.67 E5734.78564
G1 X-30.806 Y-233.982 E5737.92127
G1 X-28.686 Y-234.828 E5747.47617
G1 X-27.417 Y-235.246 E5753.069
G1 X-25.212 Y-235.899 E5762.69544
G1 X-23.616 Y-236.337 E5769.62336
G1 X-21.798 Y-236.752 E5777.42932
G1 X-20.756 Y-236.96 E5781.87722
G1 X-18.098 Y-237.414 E5793.16482
G1 X-14.845 Y-237.805 E5806.87999
G1 X-12.409 Y-237.989 E5817.10621
G1 X-7.233 Y-238.083 E5838.77667
G1 X-6.591 Y-238.069 E5841.46474
G1 X-.635 Y-237.64 E5866.46132
G1 X.958 Y-237.423 E5873.19125
G1 X3.59 Y-237.023 E5884.33539
G1 X6.616 Y-236.423 E5897.24892
G1 X8.918 Y-235.874 E5907.15541
G1 X11.926 Y-235.01 E5920.25612
G1 X14.278 Y-234.226 E5930.63423
G1 X17.26 Y-233.073 E5944.01757
G1 X19.487 Y-232.09 E5954.20762
G1 X22.104 Y-230.796 E5966.42848
G1 X23.891 Y-229.804 E5974.98421
G1 X26.717 Y-228.072 E5988.85893
G1 X28.466 Y-226.855 E5997.77831
G1 X30.647 Y-225.241 E6009.13608
G1 X32.036 Y-224.108 E6016.63948
G1 X33.448 Y-222.819 E6024.64264
G1 X34.211 Y-222.165 E6028.84931
G1 X35.333 Y-221.026 E6035.54199
G1 X36.656 Y-219.743 E6043.25658
G1 X38.461 Y-217.743 E6054.53405
G1 X39.053 Y-217.028 E6058.41982
G1 X40.087 Y-215.657 E6065.6081
G1 X41.6 Y-213.751 E6075.79487
G1 X44.075 Y-210.038 E6094.47413
G1 X44.501 Y-209.341 E6097.89359
G1 X46.946 Y-204.875 E6119.20668
G1 X47.442 Y-203.851 E6123.96955
G1 X49.197 Y-199.889 E6142.10886
G1 X49.83 Y-198.286 E6149.3233
G1 X51.334 Y-193.961 E6168.49131
G1 X51.638 Y-192.981 E6172.78646
G1 X52.718 Y-189.045 E6189.87167
G1 X52.915 Y-188.65 E6191.71938
G1 X53.242 Y-188.292 E6193.74903
G1 X53.612 Y-188.062 E6195.57272
G1 X53.975 Y-187.945 E6197.16923
G1 X54.4 Y-187.916 E6198.95243
G1 X54.859 Y-188.007 E6200.91121
G1 X64.654 Y-191.44 E6244.35879
G1 X87.634 Y-198.703 E6345.24398
G1 X97.453 Y-202.127 E6388.77397
G1 X104.359 Y-204.312 E6419.09512
G1 X106.73 Y-205.158 E6429.63308
G1 X106.73 Y-68.186 E7003.00195
G1 X50.976 Y-74.308 E7237.7926
G1 X49.987 Y-74.326 E7241.93327
G1 X49.525 Y-74.213 E7243.92422
G1 X49.181 Y-74.026 E7245.56323
G1 X48.865 Y-73.735 E7247.36146
G1 X48.616 Y-73.336 E7249.33024
G1 X48.483 Y-72.846 E7251.45561
G1 X47.725 Y-66.2 E7279.45633
G1 X47.046 Y-59.446 E7307.87129
G1 X46.486 Y-52.751 E7335.99463
G1 X46.3 Y-50.309 E7346.24652
G1 X45.993 Y-45.208 E7367.63809
G1 X45.896 Y-43.228 E7375.93637
G1 X45.749 Y-39.406 E7391.94721
G1 X45.682 Y-36.895 E7402.46207
G1 X45.643 Y-32.295 E7421.7185
G1 X45.706 Y-27.299 E7442.63357
G1 X45.794 Y-24.645 E7453.7494
G1 X46.092 Y-19.068 E7477.12819
G1 X46.363 Y-15.553 E7491.88575
G1 X46.613 Y-12.686 E7503.93264
G1 X47.227 Y-7.15 E7527.2486
G1 X47.53 Y-4.699 E7537.58666
G1 X48.562 Y2.46 E7567.86422
G1 X49.72 Y9.101 E7596.0831
G1 X49.842 Y9.5 E7597.82966
G1 X50.106 Y9.913 E7599.88152
G1 X50.473 Y10.23 E7601.91154
G1 X50.862 Y10.411 E7603.70755
G1 X51.268 Y10.481 E7605.43215
G1 X54.24 Y10.072 F7800
G1 E7603.43215 F2400
G92 E0
G1 X45.359 Y17.733 F7800
G1 E2 F2400
;TYPE:Solid infill
;WIDTH:4.42773
G1 F1200
G1 X45.024 Y17.398 E4.23593
G1 X44.567 Y17.521 E6.46951
G1 X44.445 Y17.977 E8.6973
G1 X44.779 Y18.312 E10.92989
G1 X45.236 Y18.189 E13.16347
;WIDTH:4
G1 X48.48 Y19.325 E27.5515
G1 X45.353 Y22.452 E46.06315
G1 X47.942 Y24.61 E60.17192
G1 X52.848 Y19.703 E89.21811
G1 X58.677 Y18.622 E114.03453
G1 X49.998 Y27.3 E165.41073
G1 X51.201 Y30.844 E181.07742
G1 X64.617 Y17.428 E260.49934
G1 X70.557 Y16.234 E285.86172
G1 X52.478 Y34.313 E392.88832
G1 X57.921 Y36.919 E418.14971
;WIDTH:3.19381
G1 X57.613 Y37.001 E419.16343
G1 X57.388 Y36.776 E420.17546
G1 X57.47 Y36.468 E421.18918
G1 X57.778 Y36.386 E422.2029
G1 X58.004 Y36.611 E423.21718
;WIDTH:3.24123
G1 X57.927 Y36.506 E423.63901
;WIDTH:3.28865
G1 X57.851 Y36.402 E424.06393
;WIDTH:3.33608
G1 X57.775 Y36.297 E424.49918
;WIDTH:3.3835
G1 X57.698 Y36.192 E424.94411
;WIDTH:3.43092
G1 X57.622 Y36.088 E425.39188
;WIDTH:3.47834
G1 X57.546 Y35.983 E425.85013
;WIDTH:3.52577
G1 X57.469 Y35.878 E426.31817
;WIDTH:3.57319
G1 X57.393 Y35.774 E426.7888
;WIDTH:3.62061
G1 X57.317 Y35.669 E427.27005
;WIDTH:3.66804
G1 X57.24 Y35.564 E427.76119
;WIDTH:3.71546
G1 X57.164 Y35.46 E428.25468
;WIDTH:3.76288
G1 X57.088 Y35.355 E428.75893
;WIDTH:3.81031
G1 X57.011 Y35.25 E429.27318
;WIDTH:3.85773
G1 X56.935 Y35.146 E429.78953
;WIDTH:3.90515
G1 X56.859 Y35.041 E430.31678
;WIDTH:3.95258
G1 X56.782 Y34.936 E430.85413
;WIDTH:4
G1 X56.706 Y34.832 E431.39333
G1 X76.497 Y15.041 E548.55486
G1 X82.347 Y13.937 E573.47539
G1 X61.366 Y34.918 E697.68165
G1 X67.255 Y33.775 E722.79321
G1 X88.066 Y12.965 E845.99012
G1 X93.784 Y11.993 E870.2692
G1 X73.145 Y32.632 E992.45084
G1 X79.035 Y31.488 E1017.56731
G1 X97.501 Y13.022 E1126.88492
G1 X97.551 Y12.893 E1127.46406
;WIDTH:3.95258
G1 X97.602 Y12.765 E1128.03269
;WIDTH:3.90515
G1 X97.653 Y12.636 E1128.59695
;WIDTH:3.85773
G1 X97.704 Y12.507 E1129.153
;WIDTH:3.81031
G1 X97.755 Y12.378 E1129.70085
;WIDTH:3.76288
G1 X97.805 Y12.249 E1130.23907
;WIDTH:3.71546
G1 X97.856 Y12.12 E1130.77051
;WIDTH:3.66804
G1 X97.907 Y11.991 E1131.29374
;WIDTH:3.62061
G1 X97.958 Y11.862 E1131.80877
;WIDTH:3.57319
G1 X98.009 Y11.733 E1132.31559
;WIDTH:3.52577
G1 X98.059 Y11.604 E1132.8129
;WIDTH:3.47834
G1 X98.11 Y11.475 E1133.30331
;WIDTH:3.43092
G1 X98.161 Y11.346 E1133.78552
;WIDTH:3.3835
G1 X98.212 Y11.217 E1134.25952
;WIDTH:3.33608
G1 X98.263 Y11.088 E1134.72532
;WIDTH:3.28865
G1 X98.313 Y10.959 E1135.18171
;WIDTH:3.24123
G1 X98.364 Y10.83 E1135.6311
;WIDTH:3.19381
G1 X98.056 Y10.913 E1136.64564
G1 X97.831 Y10.687 E1137.65992
G1 X97.913 Y10.38 E1138.67056
G1 X98.221 Y10.297 E1139.6851
G1 X98.447 Y10.522 E1140.69938
G1 E1138.69938 F2400
G92 E0
G1 X97.501 Y17.769 F7800
G1 E2 F2400
;WIDTH:4
G1 F1200
G1 X84.924 Y30.345 E76.45213
G1 X89.813 Y30.706 E96.97335
;WIDTH:3.19381
G1 X89.588 Y30.481 E97.98538
G1 X89.28 Y30.563 E98.9991
G1 X89.197 Y30.871 E100.01364
G1 X89.423 Y31.096 E101.02792
G1 X89.731 Y31.014 E102.04164
;WIDTH:3.24123
G1 X89.794 Y30.907 E102.4439
;WIDTH:3.28865
G1 X89.858 Y30.801 E102.85237
;WIDTH:3.33608
G1 X89.922 Y30.694 E103.27104
;WIDTH:3.3835
G1 X89.986 Y30.587 E103.69708
;WIDTH:3.43092
G1 X90.049 Y30.481 E104.12573
;WIDTH:3.47834
G1 X90.113 Y30.374 E104.56652
;WIDTH:3.52577
G1 X90.177 Y30.268 E105.0116
;WIDTH:3.57319
G1 X90.241 Y30.161 E105.46714
;WIDTH:3.62061
G1 X90.304 Y30.054 E105.92816
;WIDTH:3.66804
G1 X90.368 Y29.948 E106.39522
;WIDTH:3.71546
G1 X90.432 Y29.841 E106.87288
;WIDTH:3.76288
G1 X90.496 Y29.735 E107.35458
;WIDTH:3.81031
G1 X90.559 Y29.628 E107.84498
;WIDTH:3.85773
G1 X90.623 Y29.521 E108.34477
;WIDTH:3.90515
G1 X90.687 Y29.415 E108.84845
;WIDTH:3.95258
G1 X90.75 Y29.308 E109.36088
;WIDTH:4
G1 X90.814 Y29.201 E109.88279
G1 X97.501 Y22.515 E149.46647
G1 X97.598 Y22.453 E149.94837
;WIDTH:3.95258
G1 X97.696 Y22.39 E150.42916
;WIDTH:3.90515
G1 X97.793 Y22.328 E150.89744
;WIDTH:3.85773
G1 X97.891 Y22.265 E151.36445
;WIDTH:3.81031
G1 X97.988 Y22.203 E151.81912
;WIDTH:3.76288
G1 X98.086 Y22.14 E152.27235
;WIDTH:3.71546
G1 X98.183 Y22.077 E152.71547
;WIDTH:3.66804
G1 X98.281 Y22.015 E153.15289
;WIDTH:3.62061
G1 X98.378 Y21.952 E153.58233
;WIDTH:3.57319
G1 X98.476 Y21.89 E154.00603
;WIDTH:3.52577
G1 X98.573 Y21.827 E154.42179
;WIDTH:3.47834
G1 X98.671 Y21.765 E154.83177
;WIDTH:3.43092
G1 X98.768 Y21.702 E155.23384
;WIDTH:3.3835
G1 X98.866 Y21.64 E155.63011
;WIDTH:3.33608
G1 X98.963 Y21.577 E156.0185
;WIDTH:3.28865
G1 X99.061 Y21.515 E156.40105
;WIDTH:3.24123
G1 X99.158 Y21.452 E156.77576
;WIDTH:3.19381
G1 X98.85 Y21.535 E157.7903
G1 X98.625 Y21.309 E158.80458
G1 X98.707 Y21.001 E159.8183
G1 X99.015 Y20.919 E160.83202
G1 X99.241 Y21.144 E161.8463
;WIDTH:4
G1 X97.753 Y27.625 E189.68183
;WIDTH:4.40156
G1 X97.421 Y27.293 E191.88241
G1 X96.968 Y27.414 E194.08
G1 X96.846 Y27.868 E196.28333
G1 X97.178 Y28.2 E198.48391
G1 X97.632 Y28.078 E200.68724
G1 E198.68724 F2400
G92 E0
G1 X91.828 Y74.162 F7800
G1 E2 F2400
;TYPE:Internal infill
;WIDTH:4
G1 F4800
G1 X97.501 Y68.489 E35.58383
G1 X97.501 Y63.642 E55.87352
G1 X88.109 Y73.034 E111.47361
G1 X82.694 Y73.602 E134.26533
G1 X97.501 Y58.795 E221.9219
G1 X97.501 Y53.948 E242.21159
G1 X77.279 Y74.17 E361.92464
G1 X71.845 Y74.756 E384.80341
G1 X97.501 Y49.1 E536.68542
G1 X97.501 Y44.253 E556.97511
G1 X66.399 Y75.355 E741.09712
G1 X63.282 Y75.698 E754.22374
G1 X62.039 Y76.39 E760.17897
G1 X60.87 Y76.65 E765.19201
G1 X59.954 Y76.953 E769.23075
G1 X97.501 Y39.406 E991.50678
G1 X97.501 Y34.559 E1011.79647
G1 X58.04 Y74.019 E1245.40031
G1 X57.446 Y69.766 E1263.3763
G1 X95.499 Y31.713 E1488.64782
G1 X89.487 Y32.878 E1514.28239
G1 X56.951 Y65.414 E1706.8936
G1 X56.311 Y61.207 E1724.70684
G1 X83.472 Y34.046 E1885.49836
G1 X77.457 Y35.213 E1911.14685
G1 X55.637 Y57.033 E2040.31997
G1 X55.03 Y52.793 E2058.2497
G1 X71.442 Y36.381 E2155.40778
G1 X65.428 Y37.549 E2181.05296
G1 X54.424 Y48.552 E2246.19303
G1 X53.689 Y44.44 E2263.6788
G1 X59.413 Y38.716 E2297.56454
G1 X57.194 Y39.147 E2307.02693
G1 X55.468 Y37.978 E2315.75321
G1 X55.301 Y37.981 E2316.45239
G1 X51.641 Y41.641 E2338.11937
G1 E2336.11937 F2400
G92 E0
G1 X39.223 Y19.417 F7800
G1 E2 F2400
G1 F4800
G1 X41.188 Y17.452 E13.63268
G1 X40.691 Y14.882 E24.5901
G1 X41.894 Y14.198 E30.38297
G1 X41.172 Y12.674 E37.44219
G1 X37.885 Y15.96 E56.89808
G1 X35.574 Y13.477 E71.09731
G1 X40.292 Y8.759 E99.02759
G1 X39.583 Y4.674 E116.38317
G1 X33.265 Y10.992 E153.78536
G1 X31.296 Y8.166 E168.20333
G1 X38.956 Y.506 E213.55008
G1 X38.355 Y-3.687 E231.28149
G1 X29.327 Y5.341 E284.72672
G1 X27.868 Y3.247 E295.41014
G1 X27.455 Y2.418 E299.28716
G1 X37.849 Y-7.976 E360.81903
G1 X37.384 Y-12.305 E379.0446
G1 X25.861 Y-.782 E447.26008
G1 X24.267 Y-3.982 E462.22526
G1 X37.015 Y-16.731 E537.69563
G1 X36.735 Y-21.245 E556.62769
G1 X22.972 Y-7.482 E638.10384
G1 X21.805 Y-11.109 E654.05312
G1 X36.521 Y-25.826 E741.17394
G1 X36.435 Y-30.534 E760.88506
G1 X20.806 Y-14.905 E853.40782
G1 X20.147 Y-19.041 E870.93963
G1 X36.44 Y-35.334 E967.39323
G1 X36.545 Y-40.233 E987.9053
G1 X19.657 Y-23.345 E1087.88127
G1 X19.621 Y-28.104 E1107.80316
G1 X36.754 Y-45.237 E1209.22951
G1 X37.056 Y-50.333 E1230.59895
G1 X20.015 Y-33.292 E1331.48067
G1 X20.829 Y-38.9 E1355.20193
G1 X37.456 Y-55.528 E1453.63575
G1 X37.904 Y-60.77 E1475.65891
G1 X22.849 Y-45.715 E1564.78363
G1 X23.31 Y-47.261 E1571.53682
G1 X26.466 Y-54.127 E1603.169
G1 X38.439 Y-66.1 E1674.04846
G1 X39.039 Y-71.494 E1696.76717
G1 X29.25 Y-61.705 E1754.71747
G1 E1752.71747 F2400
G92 E0
G1 X50.947 Y-99.773 F7800
G1 E2 F2400
;TYPE:Solid infill
;WIDTH:4
G1 F1200
G1 X47.863 Y-96.688 E20.26006
G1 X47.847 Y-96.863 E20.99567
;WIDTH:3.95258
G1 X47.831 Y-97.037 E21.71678
;WIDTH:3.90515
G1 X47.815 Y-97.212 E22.4316
;WIDTH:3.85773
G1 X47.799 Y-97.386 E23.13204
;WIDTH:3.81031
G1 X47.782 Y-97.561 E23.82644
;WIDTH:3.76288
G1 X47.766 Y-97.736 E24.51008
;WIDTH:3.71546
G1 X47.75 Y-97.91 E25.17951
;WIDTH:3.66804
G1 X47.734 Y-98.085 E25.84236
;WIDTH:3.62061
G1 X47.718 Y-98.259 E26.49112
;WIDTH:3.57319
G1 X47.702 Y-98.434 E27.13318
;WIDTH:3.52577
G1 X47.686 Y-98.609 E27.76485
;WIDTH:3.47834
G1 X47.67 Y-98.783 E28.3826
;WIDTH:3.43092
G1 X47.654 Y-98.958 E28.99348
;WIDTH:3.3835
G1 X47.638 Y-99.132 E29.59056
;WIDTH:3.33608
G1 X47.622 Y-99.307 E30.18065
;WIDTH:3.28865
G1 X47.606 Y-99.482 E30.76035
;WIDTH:3.24123
G1 X47.59 Y-99.656 E31.32643
;WIDTH:3.19381
G1 X47.365 Y-99.882 E32.34071
G1 X47.057 Y-99.799 E33.35525
G1 X46.974 Y-99.491 E34.36979
G1 X47.2 Y-99.266 E35.38407
G1 X47.508 Y-99.348 E36.39779
G1 E34.39779 F2400
G92 E0
G1 X47.248 Y-91.327 F7800
G1 E2 F2400
;WIDTH:4
G1 F1200
G1 X55.552 Y-99.631 E51.15918
G1 X59.937 Y-99.27 E69.57702
G1 X46.634 Y-85.967 E148.32998
G1 X46.109 Y-82.102 E164.65756
;WIDTH:3.31305
G1 X45.786 Y-82.015 E165.77122
G1 X45.55 Y-82.251 E166.88236
G1 X45.637 Y-82.573 E167.99281
G1 X45.959 Y-82.66 E169.10326
G1 X46.195 Y-82.424 E170.2144
;WIDTH:3.36212
G1 X46.388 Y-82.5 E170.91766
;WIDTH:3.41118
G1 X46.582 Y-82.576 E171.63683
;WIDTH:3.46025
G1 X46.775 Y-82.652 E172.36548
;WIDTH:3.50932
G1 X46.968 Y-82.728 E173.10682
;WIDTH:3.55839
G1 X47.161 Y-82.804 E173.86086
;WIDTH:3.60746
G1 X47.355 Y-82.88 E174.63103
;WIDTH:3.65652
G1 X47.548 Y-82.956 E175.41045
;WIDTH:3.70559
G1 X47.741 Y-83.032 E176.20257
;WIDTH:3.75466
G1 X47.935 Y-83.108 E177.011
;WIDTH:3.80373
G1 X48.128 Y-83.184 E177.82851
;WIDTH:3.8528
G1 X48.321 Y-83.26 E178.65871
;WIDTH:3.90186
G1 X48.515 Y-83.336 E179.50539
;WIDTH:3.95093
G1 X48.708 Y-83.411 E180.35948
;WIDTH:4
G1 X48.901 Y-83.487 E181.22777
G1 X64.322 Y-98.908 E272.51917
G1 X68.707 Y-98.547 E290.93701
G1 X53.471 Y-83.311 E381.13322
G1 X57.748 Y-82.842 E399.14419
G1 X73.007 Y-98.101 E489.47656
G1 X77.267 Y-97.614 E507.42519
G1 X62.026 Y-82.373 E597.651
G1 X66.303 Y-81.904 E615.66197
G1 X81.526 Y-97.127 E705.78122
G1 X85.787 Y-96.641 E723.73354
G1 X70.581 Y-81.435 E813.75215
G1 X74.858 Y-80.966 E831.76312
G1 X90.047 Y-96.155 E921.68109
G1 X94.308 Y-95.669 E939.63341
G1 X79.136 Y-80.497 E1029.45074
G1 X83.413 Y-80.029 E1047.46125
G1 X97.501 Y-94.116 E1130.85841
G1 X97.572 Y-94.224 E1131.39945
;WIDTH:3.95258
G1 X97.642 Y-94.332 E1131.93058
;WIDTH:3.90515
G1 X97.713 Y-94.44 E1132.45633
;WIDTH:3.85773
G1 X97.784 Y-94.548 E1132.97443
;WIDTH:3.81031
G1 X97.855 Y-94.656 E1133.48489
;WIDTH:3.76288
G1 X97.926 Y-94.764 E1133.9877
;WIDTH:3.71546
G1 X97.997 Y-94.873 E1134.48607
;WIDTH:3.66804
G1 X98.068 Y-94.981 E1134.97359
;WIDTH:3.62061
G1 X98.139 Y-95.089 E1135.45347
;WIDTH:3.57319
G1 X98.21 Y-95.197 E1135.9257
;WIDTH:3.52577
G1 X98.281 Y-95.305 E1136.39029
;WIDTH:3.47834
G1 X98.352 Y-95.413 E1136.84723
;WIDTH:3.43092
G1 X98.422 Y-95.521 E1137.29463
;WIDTH:3.3835
G1 X98.493 Y-95.629 E1137.73628
;WIDTH:3.33608
G1 X98.564 Y-95.737 E1138.17029
;WIDTH:3.28865
G1 X98.635 Y-95.846 E1138.59941
;WIDTH:3.24123
G1 X98.706 Y-95.954 E1139.01813
;WIDTH:3.19381
G1 X98.398 Y-95.871 E1140.03267
G1 X98.173 Y-96.097 E1141.04695
G1 X98.255 Y-96.404 E1142.05759
G1 X98.563 Y-96.487 E1143.07213
G1 X98.789 Y-96.262 E1144.08641
G1 E1142.08641 F2400
G92 E0
G1 X97.501 Y-89.369 F7800
G1 E2 F2400
;WIDTH:4
G1 F1200
G1 X87.691 Y-79.56 E60.07165
G1 X91.969 Y-79.091 E78.08678
G1 X97.501 Y-84.623 E110.83589
G1 X97.598 Y-84.686 E111.32006
;WIDTH:3.95258
G1 X97.696 Y-84.748 E111.79864
;WIDTH:3.90515
G1 X97.793 Y-84.811 E112.26913
;WIDTH:3.85773
G1 X97.891 Y-84.873 E112.73399
;WIDTH:3.81031
G1 X97.988 Y-84.936 E113.19079
;WIDTH:3.76288
G1 X98.086 Y-84.998 E113.64193
;WIDTH:3.71546
G1 X98.183 Y-85.061 E114.08505
;WIDTH:3.66804
G1 X98.281 Y-85.123 E114.52247
;WIDTH:3.62061
G1 X98.378 Y-85.186 E114.95191
;WIDTH:3.57319
G1 X98.476 Y-85.248 E115.37561
;WIDTH:3.52577
G1 X98.573 Y-85.311 E115.79137
;WIDTH:3.47834
G1 X98.671 Y-85.373 E116.20135
;WIDTH:3.43092
G1 X98.768 Y-85.436 E116.60342
;WIDTH:3.3835
G1 X98.866 Y-85.498 E116.99969
;WIDTH:3.33608
G1 X98.963 Y-85.561 E117.38808
;WIDTH:3.28865
G1 X99.061 Y-85.624 E117.7724
;WIDTH:3.24123
G1 X99.158 Y-85.686 E118.14535
;WIDTH:3.19381
G1 X98.85 Y-85.604 E119.15907
G1 X98.625 Y-85.829 E120.1711
G1 X98.708 Y-86.137 E121.18564
G1 X99.015 Y-86.219 E122.19628
G1 X99.241 Y-85.994 E123.21056
G1 E121.21056 F2400
G92 E0
G1 X97.607 Y-79.059 F7800
G1 E2 F2400
;WIDTH:4.78878
G1 F1200
G1 X97.24 Y-79.425 E4.67958
G1 X96.74 Y-79.291 E7.35572
G1 X96.606 Y-78.79 E10.03685
G1 X96.972 Y-78.424 E12.71277
G1 X97.473 Y-78.558 E15.3939
G1 E13.3939 F2400
G92 E0
G1 X93.013 Y-97.675 F7800
G1 E2 F2400
;TYPE:Internal infill
;WIDTH:4
G1 F4800
G1 X97.501 Y-102.162 E28.56574
G1 X97.501 Y-107.012 E48.86799
G1 X90.024 Y-99.536 E93.12843
G1 X85.671 Y-100.032 E111.46813
G1 X97.501 Y-111.862 E181.50103
G1 X97.501 Y-116.711 E201.79909
G1 X81.318 Y-100.529 E297.59854
G1 X76.966 Y-101.026 E315.93455
G1 X97.501 Y-121.561 E437.50054
G1 X97.501 Y-126.411 E457.80279
G1 X72.614 Y-101.524 E605.13237
G1 X68.197 Y-101.957 E623.7107
G1 X97.501 Y-131.26 E797.1857
G1 X97.501 Y-136.11 E817.48795
G1 X63.716 Y-102.326 E1017.4902
G1 X59.236 Y-102.695 E1036.30712
G1 X97.501 Y-140.96 E1262.83367
G1 X97.501 Y-145.809 E1283.13173
G1 X54.756 Y-103.064 E1536.17962
G1 X52.284 Y-103.235 E1546.55222
G1 X51.041 Y-103.172 E1551.76213
G1 X49.814 Y-102.972 E1556.96617
G1 X97.501 Y-150.659 E1839.27041
G1 X97.5 Y-155.509 E1859.57266
G1 X49.051 Y-107.059 E2146.39085
G1 X49.679 Y-112.536 E2169.46796
G1 X97.5 Y-160.358 E2452.56843
G1 X97.5 Y-165.208 E2472.87068
G1 X50.306 Y-118.014 E2752.25639
G1 X50.842 Y-123.399 E2774.90955
G1 X97.5 Y-170.058 E3051.12513
G1 X97.5 Y-174.907 E3071.42319
G1 X51.31 Y-128.717 E3344.86528
G1 X51.778 Y-134.034 E3367.20846
G1 X97.5 Y-179.757 E3637.88297
G1 X97.5 Y-182.024 E3647.3727
G1 X94.023 Y-181.129 E3662.40198
G1 X52.245 Y-139.352 E3909.72232
G1 X52.363 Y-140.686 E3915.32829
G1 X52.519 Y-144.474 E3931.19841
G1 X87.492 Y-179.448 E4138.23947
G1 X80.962 Y-177.767 E4166.46544
G1 X52.727 Y-149.532 E4333.61498
G1 X52.935 Y-154.59 E4354.80582
G1 X74.449 Y-176.104 E4482.16744
G1 X68.007 Y-174.512 E4509.9451
G1 X53.104 Y-159.609 E4598.16998
G1 X52.954 Y-164.308 E4617.85016
G1 X61.443 Y-172.797 E4668.10454
G1 X58.819 Y-172.112 E4679.45679
G1 X57.773 Y-171.928 E4683.90261
G1 X55.623 Y-171.827 E4692.9125
G1 X51.339 Y-167.543 E4718.27353
G1 E4716.27353 F2400
G92 E0
G1 X88.804 Y-189.393 F7800
G1 E2 F2400
;TYPE:Solid infill
;WIDTH:4
G1 F1200
G1 X82.6 Y-187.432 E29.23659
;WIDTH:4.04954
G1 X82.472 Y-187.366 E29.84833
;WIDTH:4.09908
G1 X82.343 Y-187.299 E30.47478
;WIDTH:4.14862
G1 X82.214 Y-187.232 E31.11021
;WIDTH:4.19816
G1 X82.085 Y-187.166 E31.75259
;WIDTH:4.2477
G1 X81.957 Y-187.099 E32.402
;WIDTH:4.29724
G1 X81.828 Y-187.032 E33.06438
;WIDTH:4.34678
G1 X81.699 Y-186.966 E33.73362
;WIDTH:4.39632
G1 X81.571 Y-186.899 E34.40981
;WIDTH:4.44586
G1 X81.442 Y-186.833 E35.09696
;WIDTH:4.4954
G1 X81.313 Y-186.766 E35.79527
;WIDTH:4.54494
G1 X81.184 Y-186.699 E36.50256
;WIDTH:4.59448
G1 X81.056 Y-186.633 E37.21219
;WIDTH:4.64402
G1 X80.927 Y-186.566 E37.93744
;WIDTH:4.69356
G1 X80.798 Y-186.499 E38.67167
;WIDTH:4.7431
G1 X80.67 Y-186.433 E39.40799
;WIDTH:4.79264
G1 X80.541 Y-186.366 E40.16019
;WIDTH:4.84218
G1 X80.412 Y-186.299 E40.92137
;WIDTH:4.89172
G1 X80.284 Y-186.233 E41.68439
;WIDTH:4.94126
G1 X80.155 Y-186.166 E42.46353
;WIDTH:4.9908
G1 X80.026 Y-186.099 E43.25165
;WIDTH:5.04034
G1 X79.897 Y-186.033 E44.04624
G1 X78.185 Y-185.517 E53.8513
;WIDTH:4.9919
G1 X76.473 Y-185.001 E63.54834
;WIDTH:4.94347
G1 X74.761 Y-184.486 E73.13582
;WIDTH:4.89503
G1 X73.049 Y-183.97 E82.61683
;WIDTH:4.8466
G1 X71.959 Y-183.648 E88.57466
;WIDTH:4.80515
G1 X70.87 Y-183.325 E94.47023
;WIDTH:4.7637
G1 X69.78 Y-183.002 E100.312
;WIDTH:4.72225
G1 X68.691 Y-182.68 E106.08868
;WIDTH:4.6808
G1 X67.703 Y-182.382 E111.28478
;WIDTH:4.65407
G1 X66.521 Y-181.995 E117.50576
;WIDTH:4.60621
G1 X65.396 Y-181.628 E123.35402
;WIDTH:4.55835
G1 X64.272 Y-181.26 E129.12852
;WIDTH:4.51049
G1 X63.147 Y-180.892 E134.837
;WIDTH:4.46263
G1 X62.022 Y-180.525 E140.47335
;WIDTH:4.41477
G1 X60.897 Y-180.157 E146.04052
;WIDTH:4.36691
G1 X59.773 Y-179.79 E151.53118
;WIDTH:4.31905
G1 X58.648 Y-179.422 E156.95704
;WIDTH:4.27119
G1 X57.523 Y-179.055 E162.31084
;WIDTH:4.22333
G1 X56.958 Y-178.905 E164.92071
;WIDTH:4.20714
G1 X56.426 Y-178.818 E167.31653
;WIDTH:4.17422
G1 X55.894 Y-178.731 E169.69021
;WIDTH:4.14129
G1 X55.496 Y-178.704 E171.43038
;WIDTH:4.11086
G1 X55.099 Y-178.677 E173.15109
;WIDTH:4.08042
G1 X54.412 Y-178.665 E176.09625
;WIDTH:4.04335
G1 X53.665 Y-178.682 E179.26442
G1 X52.958 Y-178.746 E182.27443
G1 X52.126 Y-178.879 E185.84698
G1 X52.534 Y-175.802 E199.00795
G1 X52.553 Y-175.78 E199.1312
G1 X54.105 Y-175.392 E205.91436
G1 X54.615 Y-175.297 E208.11401
;WIDTH:4.08042
G1 X55.153 Y-175.252 E210.42811
;WIDTH:4.12434
G1 X55.89 Y-175.244 E213.6277
;WIDTH:4.16105
G1 X56.526 Y-175.293 E216.42604
;WIDTH:4.19776
G1 X57.163 Y-175.342 E219.258
;WIDTH:4.20714
G1 X57.717 Y-175.428 E221.74968
;WIDTH:4.21756
G1 X58.318 Y-175.566 E224.49828
;WIDTH:4.22333
G1 X58.565 Y-175.633 E225.64088
;WIDTH:4.27119
G1 X59.704 Y-175.955 E230.996
;WIDTH:4.31905
G1 X60.843 Y-176.277 E236.42177
;WIDTH:4.36691
G1 X61.981 Y-176.599 E241.91373
;WIDTH:4.41477
G1 X63.12 Y-176.92 E247.47954
;WIDTH:4.46263
G1 X64.259 Y-177.242 E253.11728
;WIDTH:4.51049
G1 X65.397 Y-177.564 E258.82103
;WIDTH:4.55835
G1 X66.536 Y-177.886 E264.60008
;WIDTH:4.60621
G1 X67.675 Y-178.208 E270.44979
;WIDTH:4.65407
G1 X68.813 Y-178.53 E276.36534
;WIDTH:4.67804
G1 X69.722 Y-178.779 E281.10767
;WIDTH:4.6808
G1 X69.765 Y-178.791 E281.33245
;WIDTH:4.72225
G1 X70.866 Y-179.074 E287.11514
;WIDTH:4.7637
G1 X71.966 Y-179.357 E292.95162
;WIDTH:4.80515
G1 X73.067 Y-179.639 E298.85056
;WIDTH:4.8466
G1 X74.206 Y-179.931 E305.01423
;WIDTH:4.89503
G1 X75.931 Y-180.4 E314.49284
;WIDTH:4.94347
G1 X77.657 Y-180.87 E324.08603
;WIDTH:4.9919
G1 X79.382 Y-181.339 E333.78063
;WIDTH:5.04034
G1 X81.108 Y-181.808 E343.58851
G1 X81.252 Y-181.819 E344.38045
;WIDTH:4.9908
G1 X81.397 Y-181.831 E345.1693
;WIDTH:4.94126
G1 X81.541 Y-181.843 E345.94382
;WIDTH:4.89172
G1 X81.686 Y-181.854 E346.71427
;WIDTH:4.84218
G1 X81.83 Y-181.866 E347.47093
;WIDTH:4.79264
G1 X81.975 Y-181.877 E348.22341
;WIDTH:4.7431
G1 X82.119 Y-181.889 E348.96221
;WIDTH:4.69356
G1 X82.264 Y-181.901 E349.69712
;WIDTH:4.64402
G1 X82.408 Y-181.912 E350.41767
;WIDTH:4.59448
G1 X82.552 Y-181.924 E351.12969
;WIDTH:4.54494
G1 X82.697 Y-181.935 E351.83724
;WIDTH:4.4954
G1 X82.841 Y-181.947 E352.5314
;WIDTH:4.44586
G1 X82.986 Y-181.959 E353.22136
;WIDTH:4.39632
G1 X83.13 Y-181.97 E353.89729
;WIDTH:4.34678
G1 X83.275 Y-181.982 E354.56927
;WIDTH:4.29724
G1 X83.419 Y-181.993 E355.22736
;WIDTH:4.2477
G1 X83.564 Y-182.005 E355.88136
;WIDTH:4.19816
G1 X83.708 Y-182.017 E356.52195
;WIDTH:4.14862
G1 X83.853 Y-182.028 E357.15762
;WIDTH:4.09908
G1 X83.997 Y-182.04 E357.78035
;WIDTH:4.04954
G1 X84.142 Y-182.052 E358.39839
;WIDTH:4
G1 X97.5 Y-185.49 E416.13769
G1 X97.5 Y-192.369 E444.93339
G1 X90.404 Y-189.898 E476.3869
G1 X94.348 Y-187.933 E494.83222
;WIDTH:3.59207
G1 X93.864 Y-187.787 E496.69122
;WIDTH:3.55002
G1 X93.381 Y-187.641 E498.52023
;WIDTH:3.50796
G1 X92.897 Y-187.495 E500.32619
;WIDTH:3.46591
G1 X92.413 Y-187.348 E502.10666
;WIDTH:3.42386
G1 X91.929 Y-187.202 E503.85959
;WIDTH:3.3818
G1 X91.445 Y-187.056 E505.586
;WIDTH:3.33975
G1 X91.314 Y-187.017 E506.0456
;WIDTH:3.33036
G1 X90.44 Y-186.767 E509.09167
;WIDTH:3.28109
G1 X89.565 Y-186.516 E512.08594
;WIDTH:3.23182
G1 X88.691 Y-186.266 E515.02029
;WIDTH:3.18256
G1 X87.816 Y-186.015 E517.90269
;WIDTH:3.13329
G1 X86.942 Y-185.765 E520.72532
;WIDTH:3.08403
G1 X86.067 Y-185.514 E523.49585
;WIDTH:3.03476
G1 X85.193 Y-185.264 E526.20676
;WIDTH:2.98549
G1 X84.318 Y-185.013 E528.86542
;WIDTH:2.93623
G1 X83.444 Y-184.763 E531.46461
G1 E529.46461 F2400
G92 E0
G1 X-88.544 Y-184.418 F7800
G1 E2 F2400
;WIDTH:4.69222
G1 F1200
G1 X-88.417 Y-184.381 E2.66794
;WIDTH:4.68807
G1 X-87.298 Y-184.056 E8.54568
;WIDTH:4.66085
G1 X-87.227 Y-184.036 E8.91525
;WIDTH:4.65875
G1 X-85.187 Y-183.503 E19.47381
;WIDTH:4.64853
G1 X-83.013 Y-182.95 E30.67856
;WIDTH:4.60672
G1 X-80.839 Y-182.398 E41.76511
;WIDTH:4.56491
G1 X-78.664 Y-181.846 E52.73943
;WIDTH:4.5231
G1 X-76.49 Y-181.293 E63.59322
;WIDTH:4.48128
G1 X-75.29 Y-180.952 E69.56419
;WIDTH:4.43727
G1 X-74.158 Y-180.63 E75.13263
;WIDTH:4.39327
G1 X-73.027 Y-180.308 E80.63197
;WIDTH:4.34926
G1 X-71.896 Y-179.987 E86.0655
;WIDTH:4.30525
G1 X-70.764 Y-179.665 E91.44014
;WIDTH:4.26124
G1 X-69.633 Y-179.344 E96.74461
;WIDTH:4.21723
G1 X-68.502 Y-179.022 E101.98576
;WIDTH:4.17322
G1 X-68.089 Y-178.92 E103.85845
;WIDTH:4.16429
G1 X-67.537 Y-178.791 E106.34756
;WIDTH:4.14259
G1 X-66.923 Y-178.708 E109.05135
;WIDTH:4.10992
G1 X-66.583 Y-178.677 E110.52731
;WIDTH:4.07893
G1 X-66.243 Y-178.646 E111.99007
;WIDTH:4.04794
G1 X-65.865 Y-178.642 E113.59508
;WIDTH:4.01756
G1 X-65.487 Y-178.638 E115.18577
;WIDTH:3.98718
G1 X-64.965 Y-178.638 E117.36253
G1 X-64.265 Y-178.68 E120.28681
G1 X-63.532 Y-178.774 E123.36848
G1 X-62.677 Y-178.94 E127.00045
G1 X-63.064 Y-175.856 E139.96173
G1 X-64.772 Y-175.404 E147.32935
G1 X-65.291 Y-175.307 E149.53108
;WIDTH:4.02064
G1 X-65.822 Y-175.261 E151.77591
;WIDTH:4.06616
G1 X-66.618 Y-175.249 E155.17406
;WIDTH:4.10992
G1 X-67.267 Y-175.263 E157.98042
;WIDTH:4.12973
G1 X-67.836 Y-175.31 E160.46276
;WIDTH:4.15343
G1 X-68.417 Y-175.394 E163.03247
;WIDTH:4.16429
G1 X-68.907 Y-175.496 E165.23016
;WIDTH:4.17322
G1 X-69.403 Y-175.612 E167.47251
;WIDTH:4.21723
G1 X-70.545 Y-175.891 E172.71207
;WIDTH:4.26124
G1 X-71.688 Y-176.17 E178.02054
;WIDTH:4.30525
G1 X-72.83 Y-176.449 E183.38916
;WIDTH:4.34926
G1 X-73.973 Y-176.728 E188.8268
;WIDTH:4.39327
G1 X-75.115 Y-177.008 E194.32559
;WIDTH:4.43727
G1 X-76.258 Y-177.287 E199.89239
;WIDTH:4.48128
G1 X-77.4 Y-177.566 E205.51912
;WIDTH:4.5231
G1 X-79.585 Y-178.078 E216.37753
;WIDTH:4.56491
G1 X-81.769 Y-178.589 E227.3471
;WIDTH:4.60672
G1 X-83.953 Y-179.101 E238.43478
;WIDTH:4.64853
G1 X-86.191 Y-179.626 E249.91687
;WIDTH:4.65875
G1 X-88.233 Y-180.149 E260.47259
;WIDTH:4.66085
G1 X-88.377 Y-180.187 E261.21877
;WIDTH:4.68807
G1 X-89.502 Y-180.487 E267.09183
;WIDTH:4.69222
G1 X-89.566 Y-180.504 E267.4262
;WIDTH:4.73943
G1 X-90.723 Y-180.782 E273.50471
;WIDTH:4.78664
G1 X-91.88 Y-181.06 E279.65329
;WIDTH:4.83385
G1 X-93.038 Y-181.338 E285.87702
;WIDTH:4.88106
G1 X-94.195 Y-181.616 E292.16573
;WIDTH:4.92828
G1 X-95.352 Y-181.894 E298.52451
G1 X-97.036 Y-182.263 E307.73702
G1 X-97.036 Y-186.804 E332.00334
G1 X-95.34 Y-186.361 E341.37054
G1 X-93.242 Y-185.745 E353.05516
;WIDTH:4.8859
G1 X-92.214 Y-185.455 E358.70657
;WIDTH:4.84353
G1 X-91.186 Y-185.164 E364.30296
;WIDTH:4.80116
G1 X-90.158 Y-184.874 E369.84147
G1 E367.84147 F2400
G92 E0
G1 X-93.36 Y-179.092 F7800
G1 E2 F2400
;TYPE:Internal infill
;WIDTH:4
G1 F4800
G1 X-97.5 Y-174.952 E26.50856
G1 X-97.5 Y-170.032 E47.10383
G1 X-90.593 Y-176.939 E87.99286
G1 X-86.655 Y-175.957 E104.98225
G1 X-97.5 Y-165.112 E169.18401
G1 X-97.5 Y-160.192 E189.77928
G1 X-82.637 Y-175.055 E277.76737
G1 X-78.619 Y-174.153 E295.00545
G1 X-97.5 Y-155.272 E406.77986
G1 X-97.5 Y-150.352 E427.37513
G1 X-74.601 Y-173.251 E562.93586
G1 X-70.583 Y-172.349 E580.17394
G1 X-97.5 Y-145.432 E739.521
G1 X-97.5 Y-140.512 E760.11627
G1 X-66.143 Y-171.869 E945.74787
G1 X-64.734 Y-172.001 E951.67181
G1 X-63.522 Y-172.262 E956.86158
G1 X-63.909 Y-169.183 E969.85178
G1 X-97.5 Y-135.592 E1168.70853
G1 X-97.5 Y-130.672 E1189.3038
G1 X-64.434 Y-163.738 E1385.05258
G1 X-64.895 Y-158.357 E1407.66012
G1 X-97.5 Y-125.752 E1600.6798
G1 X-97.5 Y-120.832 E1621.27507
G1 X-65.357 Y-152.975 E1811.55974
G1 X-65.818 Y-147.594 E1834.16728
G1 X-97.5 Y-115.912 E2021.72286
G1 X-97.5 Y-110.992 E2042.31813
G1 X-66.279 Y-142.212 E2227.14165
G1 X-66.741 Y-136.831 E2249.74955
G1 X-97.5 Y-106.072 E2431.84102
G1 X-97.5 Y-104.811 E2437.1196
G1 X-94.078 Y-104.574 E2451.47851
G1 X-67.202 Y-131.45 E2610.58285
G1 X-67.664 Y-126.068 E2633.19492
G1 X-89.478 Y-104.254 E2762.33252
G1 X-84.877 Y-103.935 E2781.63868
G1 X-68.02 Y-120.791 E2881.42817
G1 X-68.354 Y-115.538 E2903.46179
G1 X-80.293 Y-103.599 E2974.13997
G1 X-75.738 Y-103.234 E2993.26846
G1 X-68.688 Y-110.284 E3035.00405
G1 X-69.022 Y-105.03 E3057.04185
G1 X-72.777 Y-101.274 E3079.27419
G1 E3077.27419 F2400
G92 E0
G1 X-84.542 Y-100.668 F7800
G1 E2 F2400
;TYPE:Solid infill
;WIDTH:3.75859
G1 F1200
G1 X-84.637 Y-100.682 E2.37305
;WIDTH:3.74407
G1 X-84.945 Y-100.722 E3.57403
;WIDTH:3.70657
G1 X-85.252 Y-100.762 E4.7567
;WIDTH:3.66906
G1 X-85.56 Y-100.802 E5.92863
;WIDTH:3.63156
G1 X-85.867 Y-100.843 E7.08282
;WIDTH:3.59406
G1 X-85.949 Y-100.852 E7.38637
;WIDTH:3.58641
G1 X-86.36 Y-100.894 E8.90267
;WIDTH:3.55942
G1 X-86.772 Y-100.936 E10.40868
;WIDTH:3.53242
G1 X-87.294 Y-100.978 E12.29544
;WIDTH:3.55932
G1 X-90.756 Y-101.199 E24.91025
;WIDTH:3.59737
G1 X-94.219 Y-101.421 E37.69359
;WIDTH:3.63541
G1 X-97.682 Y-101.642 E50.64136
G1 E48.64136 F2400
G92 E0
G1 X-79.953 Y-99.709 F7800
G1 E2 F2400
;WIDTH:4.97416
G1 F1200
G1 X-77.544 Y-99.491 E15.06431
G1 X-74.947 Y-99.332 E29.11712
G1 X-73.502 Y-99.053 E37.06579
G1 X-72.226 Y-98.712 E44.19939
G1 X-71.689 Y-98.527 E47.26705
G1 X-71.19 Y-98.308 E50.21031
G1 X-69.977 Y-97.676 E57.59771
G1 X-70.513 Y-89.242 E103.24212
G1 X-70.894 Y-90.209 E108.85571
G1 X-71.368 Y-91.191 E114.74509
G1 X-72.26 Y-92.776 E124.56832
G1 X-72.783 Y-93.589 E129.78949
G1 X-73.554 Y-94.616 E136.72553
G1 X-74.273 Y-95.436 E142.61581
G1 X-75.515 Y-96.679 E152.10633
G1 X-76.074 Y-97.18 E156.16066
G1 X-76.979 Y-97.896 E162.3934
G1 X-77.787 Y-98.45 E167.68473
G1 X-78.495 Y-98.879 E172.1559
G1 E170.1559 F2400
G92 E0
G1 X-78.195 Y-82.14 F7800
G1 E2 F2400
;TYPE:Top solid infill
;WIDTH:4.32224
G1 F900
G1 X-73.73 Y-86.605 E30.97042
G1 X-73.862 Y-87.14 E33.49858
G1 X-74.032 Y-87.691 E36.14412
G1 X-74.408 Y-88.654 E40.88715
G1 X-74.731 Y-89.33 E44.32445
G1 X-75.262 Y-90.275 E49.29764
G1 X-81.702 Y-83.835 E91.08253
G1 X-86.646 Y-84.094 E113.79644
G1 X-77.505 Y-93.234 E173.10308
G1 X-78.134 Y-93.867 E177.19724
G1 X-78.638 Y-94.315 E180.29103
G1 X-79.372 Y-94.886 E184.55757
G1 X-79.8 Y-95.176 E186.92952
G1 X-80.401 Y-95.54 E190.15318
G1 X-91.589 Y-84.352 E262.74469
G1 X-96.533 Y-84.61 E285.45836
G1 X-83.993 Y-97.15 E366.82211
G1 X-84.692 Y-97.366 E370.17871
G1 X-85.318 Y-97.527 E373.14423
G1 X-86.435 Y-97.741 E378.36217
G1 X-87.23 Y-97.845 E382.04067
G1 X-88.423 Y-97.922 E387.52548
G1 X-97.5 Y-88.846 E446.41687
G1 X-97.5 Y-94.048 E470.28337
G1 X-91.908 Y-99.64 E506.56615
G1 E504.56615 F2400
G92 E0
G1 X-96.61 Y19.662 F7800
G1 E2 F2400
;TYPE:Solid infill
;WIDTH:4.78043
G1 F1200
G1 X-96.976 Y19.297 E4.66688
G1 X-97.475 Y19.431 E7.33265
G1 X-97.609 Y19.93 E9.99842
G1 X-97.243 Y20.296 E12.66895
G1 X-96.744 Y20.162 E15.33472
;WIDTH:4
G1 X-91.574 Y19.559 E37.1232
G1 X-97.5 Y25.485 E72.20477
G1 X-97.5 Y30.231 E92.07167
G1 X-86.955 Y19.686 E154.49744
G1 X-82.326 Y19.804 E173.88087
G1 X-97.5 Y34.977 E263.70708
G1 X-97.958 Y39.266 E281.76304
;WIDTH:3.19381
G1 X-98.266 Y39.348 E282.77676
G1 X-98.491 Y39.123 E283.78879
G1 X-98.409 Y38.815 E284.80251
G1 X-98.101 Y38.732 E285.81705
G1 X-97.875 Y38.958 E286.83358
;WIDTH:3.24123
G1 X-97.751 Y38.901 E287.27571
;WIDTH:3.28865
G1 X-97.628 Y38.844 E287.72291
;WIDTH:3.33608
G1 X-97.504 Y38.788 E288.17979
;WIDTH:3.3835
G1 X-97.38 Y38.731 E288.64613
;WIDTH:3.43092
G1 X-97.256 Y38.674 E289.12055
;WIDTH:3.47834
G1 X-97.132 Y38.617 E289.60304
;WIDTH:3.52577
G1 X-97.008 Y38.561 E290.09211
;WIDTH:3.57319
G1 X-96.884 Y38.504 E290.59074
;WIDTH:3.62061
G1 X-96.76 Y38.447 E291.09744
;WIDTH:3.66804
G1 X-96.637 Y38.391 E291.60722
;WIDTH:3.71546
G1 X-96.513 Y38.334 E292.13007
;WIDTH:3.76288
G1 X-96.389 Y38.277 E292.66099
;WIDTH:3.81031
G1 X-96.265 Y38.221 E293.19835
;WIDTH:3.85773
G1 X-96.141 Y38.164 E293.74542
;WIDTH:3.90515
G1 X-96.017 Y38.107 E294.30056
;WIDTH:3.95258
G1 X-95.893 Y38.05 E294.86377
;WIDTH:4
G1 X-95.77 Y37.994 E295.4295
G1 X-77.437 Y19.661 E403.95976
G1 X-73.682 Y18.191 E420.83986
;WIDTH:3.26112
G1 X-73.913 Y17.959 E421.90861
G1 X-74.229 Y18.044 E422.97685
G1 X-74.314 Y18.36 E424.04509
G1 X-74.082 Y18.591 E425.11384
G1 X-73.766 Y18.507 E426.18123
;WIDTH:3.31038
G1 X-73.811 Y18.7 E426.84035
;WIDTH:3.35964
G1 X-73.856 Y18.894 E427.51494
;WIDTH:3.4089
G1 X-73.901 Y19.088 E428.20177
;WIDTH:3.45815
G1 X-73.946 Y19.281 E428.89741
;WIDTH:3.50741
G1 X-73.991 Y19.475 E429.60871
;WIDTH:3.55667
G1 X-74.036 Y19.669 E430.33224
;WIDTH:3.60593
G1 X-74.081 Y19.863 E431.06801
;WIDTH:3.65519
G1 X-74.126 Y20.056 E431.81235
;WIDTH:3.70445
G1 X-74.171 Y20.25 E432.57259
;WIDTH:3.75371
G1 X-74.216 Y20.444 E433.34506
;WIDTH:3.80296
G1 X-74.261 Y20.637 E434.12593
;WIDTH:3.85222
G1 X-74.306 Y20.831 E434.92287
;WIDTH:3.90148
G1 X-74.351 Y21.025 E435.73205
;WIDTH:3.95074
G1 X-74.396 Y21.218 E436.54945
;WIDTH:4
G1 X-74.441 Y21.412 E437.3831
G1 X-90.203 Y37.174 E530.6932
G1 E528.6932 F2400
G92 E0
G1 X-79.972 Y36.719 F7800
G1 E2 F2400
;WIDTH:3.19381
G1 F1200
G1 X-80.637 Y36.88 E4.17614
G1 X-84.963 Y37.719 E18.19136
;WIDTH:3.24123
G1 X-84.944 Y37.639 E18.45774
;WIDTH:3.28865
G1 X-84.925 Y37.558 E18.7322
;WIDTH:3.33608
G1 X-84.906 Y37.478 E19.00831
;WIDTH:3.3835
G1 X-84.887 Y37.398 E19.28928
;WIDTH:3.43092
G1 X-84.867 Y37.317 E19.57931
;WIDTH:3.47834
G1 X-84.848 Y37.237 E19.87001
;WIDTH:3.52577
G1 X-84.829 Y37.157 E20.16557
;WIDTH:3.57319
G1 X-84.81 Y37.077 E20.466
;WIDTH:3.62061
G1 X-84.791 Y36.996 E20.7749
;WIDTH:3.66804
G1 X-84.771 Y36.916 E21.08595
;WIDTH:3.71546
G1 X-84.752 Y36.836 E21.40097
;WIDTH:3.76288
G1 X-84.733 Y36.755 E21.72464
;WIDTH:3.81031
G1 X-84.714 Y36.675 E22.04938
;WIDTH:3.85773
G1 X-84.695 Y36.595 E22.37899
;WIDTH:3.90515
G1 X-84.675 Y36.515 E22.71442
;WIDTH:3.95258
G1 X-84.656 Y36.434 E23.05777
;WIDTH:4
G1 X-84.637 Y36.354 E23.40197
G1 X-74.556 Y26.273 E83.08089
G1 X-74.671 Y31.135 E103.43906
G1 X-78.38 Y34.843 E125.39316
G1 E123.39316 F2400
G92 E0
G1 X-91.246 Y39.193 F7800
G1 E2 F2400
;TYPE:Internal infill
;WIDTH:4
G1 F4800
G1 X-97.5 Y45.447 E39.02331
G1 X-97.5 Y50.458 E59.99951
G1 X-87.16 Y40.118 E121.2117
G1 X-81.284 Y39.252 E146.07451
G1 X-97.5 Y55.468 E242.07228
G1 X-97.5 Y60.479 E263.04848
G1 X-74.829 Y37.809 E397.25651
G1 X-74.95 Y42.941 E418.74519
G1 X-97.5 Y65.49 E552.2369
G1 X-97.5 Y70.501 E573.2131
G1 X-75.072 Y48.073 E705.98554
G1 X-75.193 Y53.205 E727.47422
G1 X-96.225 Y74.238 E851.98538
G1 X-91.701 Y74.724 E871.03194
G1 X-75.314 Y58.337 E968.04202
G1 X-75.435 Y63.469 E989.5307
G1 X-87.155 Y75.189 E1058.91241
G1 X-84.998 Y75.409 E1067.98852
G1 X-82.493 Y75.537 E1078.48821
G1 X-75.549 Y68.593 E1119.59628
G1 X-75.636 Y73.692 E1140.94396
G1 X-79.569 Y77.625 E1164.22709
G1 E1162.22709 F2400
G92 E0
G1 X-89.373 Y78.335 F7800
G1 E2 F2400
;TYPE:Solid infill
;WIDTH:4
G1 F1200
G1 X-85.206 Y78.759 E19.53325
G1 X-82.035 Y78.915 E32.8232
G1 X-81.345 Y78.914 E35.71156
G1 X-80.487 Y79.314 E39.6743
G1 X-79.989 Y79.448 E41.83309
G1 X-78.938 Y79.556 E46.25577
G1 X-78.383 Y79.667 E48.62503
G1 X-77.844 Y79.814 E50.96371
G1 X-77.282 Y80.011 E53.45661
G1 X-75.712 Y80.688 E60.61365
G1 X-75.799 Y87.246 E88.06805
G1 X-75.776 Y89.384 E97.0183
G1 X-75.808 Y93.518 E114.32387
G1 X-75.779 Y94.912 E120.16046
G1 X-76.227 Y94.723 E122.19586
G1 X-77.083 Y94.438 E125.97249
G1 X-77.985 Y94.197 E129.88074
G1 X-78.636 Y94.054 E132.67082
G1 X-79.331 Y93.949 E135.61313
G1 X-80.391 Y93.884 E140.05866
G1 X-81.015 Y93.872 E142.67123
G1 X-81.201 Y93.152 E145.78412
G1 X-81.492 Y92.252 E149.74358
G1 X-82.094 Y90.704 E156.69631
G1 X-82.449 Y89.922 E160.2913
G1 X-83.014 Y88.875 E165.2715
G1 X-83.55 Y88.033 E169.44969
G1 X-84.619 Y86.562 E177.06159
G1 X-85.107 Y85.967 E180.28285
G1 X-85.849 Y85.169 E184.84422
G1 X-86.23 Y84.802 E187.05867
G1 X-86.652 Y84.419 E189.44424
G1 X-87.986 Y83.328 E196.65812
G1 X-88.574 Y82.898 E199.70745
G1 X-89.523 Y82.291 E204.4231
G1 X-90.352 Y81.837 E208.37963
G1 X-90.853 Y81.618 E210.66844
;WIDTH:3.96514
G1 X-91.353 Y81.4 E212.92803
;WIDTH:3.93028
G1 X-91.854 Y81.181 E215.1693
;WIDTH:3.89543
G1 X-91.933 Y81.158 E215.50299
;WIDTH:3.87372
G1 X-92.163 Y81.083 E216.47757
;WIDTH:3.83744
G1 X-92.392 Y81.009 E217.43618
;WIDTH:3.80116
G1 X-92.622 Y80.935 E218.38765
;WIDTH:3.76487
G1 X-92.954 Y80.846 E219.72568
;WIDTH:3.71947
G1 X-93.287 Y80.756 E221.04895
;WIDTH:3.67406
G1 X-93.62 Y80.667 E222.3517
;WIDTH:3.62865
G1 X-93.756 Y80.64 E222.86789
;WIDTH:3.60194
G1 X-94.185 Y80.546 E224.48826
;WIDTH:3.56593
G1 X-94.614 Y80.451 E226.08969
;WIDTH:3.52992
G1 X-95.466 Y80.299 E229.20508
;WIDTH:3.49094
G1 X-96.317 Y80.147 E232.2749
;WIDTH:3.45197
G1 X-96.567 Y80.114 E233.15812
;WIDTH:3.44456
G1 X-97.777 Y79.97 E237.41479
G1 X-97.777 Y77.164 E247.21688
G1 X-96.224 Y77.335 E252.6747
;WIDTH:3.45197
G1 X-95.887 Y77.375 E253.86333
;WIDTH:3.49094
G1 X-95.029 Y77.489 E256.93696
;WIDTH:3.52992
G1 X-94.172 Y77.602 E260.04862
;WIDTH:3.55582
G1 X-93.759 Y77.661 E261.56387
;WIDTH:3.59223
G1 X-93.374 Y77.72 E262.99621
;WIDTH:3.62865
G1 X-92.99 Y77.78 E264.44314
;WIDTH:3.66937
G1 X-92.685 Y77.831 E265.61008
;WIDTH:3.71009
G1 X-92.381 Y77.883 E266.78959
;WIDTH:3.75081
G1 X-92.076 Y77.935 E267.98859
;WIDTH:3.79152
G1 X-91.771 Y77.986 E269.20265
;WIDTH:3.84087
G1 X-91.404 Y78.048 E270.68682
;WIDTH:3.89022
G1 X-91.036 Y78.111 E272.19857
G1 E270.19857 F2400
G92 E0
G1 X-84.529 Y82.011 F7800
G1 E2 F2400
;WIDTH:3.70723
G1 F1200
G1 X-82.07 Y82.124 E11.40544
G1 X-81.397 Y82.402 E14.18764
G1 X-80.886 Y82.547 E16.21719
G1 X-80.308 Y82.642 E18.45528
G1 X-79.442 Y82.731 E21.78158
G1 X-78.95 Y82.839 E23.70621
G1 X-79.009 Y87.28 E40.6762
G1 X-78.99 Y89.83 E50.41969
G1 X-79.203 Y89.3 E52.60217
G1 X-79.621 Y88.404 E56.37989
G1 X-80.282 Y87.19 E61.66143
G1 X-80.626 Y86.633 E64.16282
G1 X-80.952 Y86.148 E66.39566
G1 X-82.125 Y84.542 E73.99445
G1 X-82.757 Y83.781 E77.77411
G1 X-83.321 Y83.174 E80.94001
G1 E78.94001 F2400
G92 E0
G1 X-91.446 Y96.936 F7800
G1 E2 F2400
;TYPE:Top solid infill
;WIDTH:4.3095
G1 F900
G1 X-85.617 Y91.107 E39.68955
G1 X-85.986 Y90.441 E43.17068
G1 X-86.283 Y89.981 E45.6741
G1 X-87.266 Y88.626 E53.32778
G1 X-87.745 Y88.051 E56.7494
G1 X-95.796 Y96.102 E108.80611
G1 X-97.5 Y96.374 E116.69553
G1 X-97.5 Y92.621 E133.85447
G1 X-90.515 Y85.637 E179.01533
G1 X-91.226 Y85.183 E182.87225
G1 X-91.816 Y84.857 E185.95416
G1 X-93.249 Y84.176 E193.20812
G1 X-93.959 Y83.896 E196.69759
G1 X-99.01 Y88.947 E229.35669
G1 E227.35669 F2400
G92 E0
G1 X-72.288 Y173.601 F7800
G1 E2 F2400
;TYPE:Solid infill
;WIDTH:4.62375
G1 F1200
G1 X-71.764 Y173.562 E4.60833
;WIDTH:4.59673
G1 X-71.231 Y173.48 E7.2671
;WIDTH:4.56722
G1 X-70.572 Y173.38 E10.52883
;WIDTH:4.5885
G1 X-70.034 Y173.261 E13.23979
G1 X-69.114 Y172.977 E17.97699
;WIDTH:4.56975
G1 X-68.678 Y172.788 E20.30389
;WIDTH:4.53059
G1 X-68.242 Y172.599 E22.60758
;WIDTH:4.49144
G1 X-67.745 Y172.365 E25.24381
G1 X-67.158 Y172.047 E28.44762
G1 X-66.538 Y171.658 E31.96013
G1 X-65.953 Y171.235 E35.42456
G1 X-65.425 Y172.757 E43.15563
G1 X-64.786 Y174.736 E53.13561
G1 X-65.912 Y175.603 E59.9555
;WIDTH:4.49659
G1 X-66.488 Y176.02 E63.37263
;WIDTH:4.54048
G1 X-67.075 Y176.35 E66.64546
;WIDTH:4.57187
G1 X-67.953 Y176.736 E71.3444
;WIDTH:4.58266
G1 X-68.5 Y176.929 E74.19404
;WIDTH:4.5885
G1 X-69.169 Y177.107 E77.60007
G1 X-70.012 Y177.263 E81.81809
;WIDTH:4.57136
G1 X-70.926 Y177.395 E86.34192
;WIDTH:4.59857
G1 X-71.169 Y177.458 E87.58017
;WIDTH:4.62578
G1 X-71.412 Y177.522 E88.82819
;WIDTH:4.66618
G1 X-72.76 Y178.087 E96.16103
;WIDTH:4.66923
G1 X-72.802 Y178.105 E96.39045
;WIDTH:4.714
G1 X-73.853 Y178.567 E102.21867
;WIDTH:4.75877
G1 X-74.903 Y179.029 E108.10629
;WIDTH:4.80354
G1 X-75.954 Y179.491 E114.06272
;WIDTH:4.84831
G1 X-77.004 Y179.953 E120.07845
;WIDTH:4.89308
G1 X-78.054 Y180.415 E126.15824
;WIDTH:4.93784
G1 X-79.105 Y180.877 E132.30698
;WIDTH:4.98261
G1 X-80.155 Y181.339 E138.51487
;WIDTH:5.02738
G1 X-81.206 Y181.801 E144.79182
G1 X-81.324 Y181.881 E145.57127
;WIDTH:4.98172
G1 X-81.442 Y181.961 E146.3426
;WIDTH:4.93607
G1 X-81.561 Y182.041 E147.11025
;WIDTH:4.89041
G1 X-81.679 Y182.121 E147.86535
;WIDTH:4.84475
G1 X-81.797 Y182.201 E148.61233
;WIDTH:4.7991
G1 X-81.916 Y182.281 E149.35548
;WIDTH:4.75344
G1 X-82.034 Y182.361 E150.08622
;WIDTH:4.70778
G1 X-82.152 Y182.441 E150.80884
;WIDTH:4.66213
G1 X-82.27 Y182.521 E151.52334
;WIDTH:4.61647
G1 X-82.389 Y182.601 E152.23383
;WIDTH:4.57081
G1 X-82.507 Y182.681 E152.9321
;WIDTH:4.52516
G1 X-82.515 Y182.689 E152.98687
;WIDTH:4.51666
G1 X-82.624 Y182.767 E153.63431
;WIDTH:4.46887
G1 X-82.734 Y182.845 E154.27765
;WIDTH:4.42108
G1 X-82.843 Y182.922 E154.90638
;WIDTH:4.3733
G1 X-82.952 Y183 E155.52985
;WIDTH:4.32551
G1 X-83.062 Y183.078 E156.14908
;WIDTH:4.27772
G1 X-83.171 Y183.156 E156.75658
;WIDTH:4.22993
G1 X-83.28 Y183.234 E157.35609
;WIDTH:4.18214
G1 X-83.39 Y183.311 E157.94866
;WIDTH:4.13435
G1 X-83.499 Y183.389 E158.53219
;WIDTH:4.08657
G1 X-83.609 Y183.467 E159.11123
;WIDTH:4.03878
G1 X-83.692 Y183.528 E159.54739
;WIDTH:4
G1 X-86.997 Y185.081 E174.83347
G1 X-97.5 Y189.315 E222.23733
G1 X-97.5 Y181.928 E253.15953
G1 X-96.478 Y181.655 E257.58766
G1 X-85.865 Y178.313 E304.1646
;WIDTH:4.03878
G1 X-85.777 Y178.303 E304.53963
;WIDTH:4.08657
G1 X-85.645 Y178.28 E305.11498
;WIDTH:4.13435
G1 X-85.513 Y178.256 E305.69908
;WIDTH:4.18214
G1 X-85.381 Y178.232 E306.29117
;WIDTH:4.22993
G1 X-85.249 Y178.209 E306.89048
;WIDTH:4.27772
G1 X-85.117 Y178.185 E307.49857
;WIDTH:4.32551
G1 X-84.985 Y178.162 E308.11385
;WIDTH:4.3733
G1 X-84.853 Y178.138 E308.73793
;WIDTH:4.42108
G1 X-84.721 Y178.114 E309.37001
;WIDTH:4.46887
G1 X-84.588 Y178.091 E310.01395
;WIDTH:4.51666
G1 X-84.456 Y178.067 E310.66202
;WIDTH:4.52516
G1 X-84.432 Y178.063 E310.77981
;WIDTH:4.57081
G1 X-84.292 Y178.035 E311.47911
;WIDTH:4.61647
G1 X-84.151 Y178.007 E312.1914
;WIDTH:4.66213
G1 X-84.011 Y177.979 E312.90696
;WIDTH:4.70778
G1 X-83.871 Y177.952 E313.62967
;WIDTH:4.75344
G1 X-83.731 Y177.924 E314.36149
;WIDTH:4.7991
G1 X-83.591 Y177.896 E315.10144
;WIDTH:4.84475
G1 X-83.451 Y177.869 E315.84851
;WIDTH:4.89041
G1 X-83.311 Y177.841 E316.60472
;WIDTH:4.93607
G1 X-83.171 Y177.813 E317.36906
;WIDTH:4.98172
G1 X-83.031 Y177.785 E318.14153
;WIDTH:5.02738
G1 X-82.891 Y177.758 E318.92108
G1 X-81.823 Y177.337 E325.1976
;WIDTH:4.98261
G1 X-80.755 Y176.916 E331.41002
;WIDTH:4.93784
G1 X-79.688 Y176.495 E337.55336
;WIDTH:4.89308
G1 X-78.62 Y176.075 E343.63564
;WIDTH:4.84831
G1 X-77.553 Y175.654 E349.65088
;WIDTH:4.80354
G1 X-76.485 Y175.233 E355.6069
;WIDTH:4.75877
G1 X-75.417 Y174.813 E361.49694
;WIDTH:4.714
G1 X-74.35 Y174.392 E367.32004
;WIDTH:4.66923
G1 X-74.265 Y174.359 E367.77784
;WIDTH:4.66618
G1 X-73.855 Y174.2 E369.98404
G1 E367.98404 F2400
G92 E0
G1 X-84.895 Y180.969 F7800
G1 E2 F2400
;WIDTH:2.95699
G1 F1200
G1 X-85.014 Y181.017 E2.37021
;WIDTH:3.00327
G1 X-85.335 Y181.142 E3.38396
;WIDTH:3.04955
G1 X-85.656 Y181.267 E4.4176
;WIDTH:3.09583
G1 X-85.977 Y181.393 E5.47224
;WIDTH:3.14212
G1 X-86.298 Y181.518 E6.54565
;WIDTH:3.1884
G1 X-86.619 Y181.643 E7.63894
;WIDTH:3.23468
G1 X-86.94 Y181.769 E8.75329
;WIDTH:3.28096
G1 X-87.261 Y181.894 E9.88635
;WIDTH:3.32724
G1 X-87.582 Y182.019 E11.0393
;WIDTH:3.37352
G1 X-87.903 Y182.145 E12.21337
;WIDTH:3.4198
G1 X-88.224 Y182.27 E13.40609
;WIDTH:3.4693
G1 X-88.82 Y182.484 E15.63775
;WIDTH:3.51879
G1 X-89.416 Y182.697 E17.90729
;WIDTH:3.56829
G1 X-90.012 Y182.911 E20.21714
;WIDTH:3.61778
G1 X-90.609 Y183.125 E22.56957
;WIDTH:3.66728
G1 X-91.205 Y183.338 E24.95633
;WIDTH:3.71677
G1 X-91.801 Y183.552 E27.38345
;WIDTH:3.76627
G1 X-92.397 Y183.766 E29.84967
;WIDTH:3.81576
G1 X-92.994 Y183.979 E32.35737
;WIDTH:3.86526
G1 X-93.59 Y184.193 E34.90177
;WIDTH:3.91476
G1 X-94.186 Y184.407 E37.48527
G1 E35.48527 F2400
G92 E0
G1 X-99.01 Y197.835 F7800
G1 E2 F2400
;TYPE:Internal infill
;WIDTH:4
G1 F4800
G1 X-91.819 Y190.644 E44.5703
G1 X-85.677 Y188.168 E72.29141
G1 X-83.542 Y187.167 E82.16213
G1 X-97.499 Y201.124 E164.78675
G1 X-97.499 Y205.923 E184.87551
G1 X-74.566 Y182.989 E320.64048
G1 X-70.073 Y180.94 E341.31178
G1 X-68.275 Y180.653 E348.93354
G1 X-67.089 Y180.312 E354.09931
G1 X-97.499 Y210.722 E534.12472
G1 X-97.499 Y215.522 E554.21767
G1 X-62.475 Y180.498 E761.55769
G1 X-61.898 Y182.018 E768.36347
G1 X-61.048 Y183.869 E776.88973
G1 X-97.499 Y220.321 E992.68047
G1 X-97.499 Y225.12 E1012.76923
G1 X-59.545 Y187.166 E1237.45468
G1 X-58.097 Y190.517 E1252.73564
G1 X-97.499 Y229.919 E1485.99316
G1 X-97.499 Y234.719 E1506.08611
G1 X-56.515 Y193.735 E1748.70898
G1 X-55.895 Y195.013 E1754.65504
G1 X-54.821 Y196.84 E1763.52647
G1 X-97.499 Y239.518 E2016.17772
G1 X-97.499 Y244.317 E2036.26648
G1 X-53.047 Y199.865 E2299.41971
G1 X-51.32 Y202.938 E2314.17561
G1 X-97.499 Y249.117 E2587.55258
G1 X-97.499 Y253.916 E2607.64134
G1 X-49.488 Y205.905 E2891.86364
G1 X-49.094 Y206.523 E2894.93163
G1 X-47.482 Y208.698 E2906.26424
G1 X-97.499 Y258.715 E3202.36194
G1 X-97.499 Y263.514 E3222.4507
G1 X-45.509 Y211.524 E3530.22844
G1 X-44.622 Y212.797 E3536.72326
G1 X-43.423 Y214.237 E3544.56713
G1 X-93.189 Y264.004 E3839.18188
G1 X-88.39 Y264.004 E3859.27064
G1 X-41.308 Y216.922 E4137.99331
G1 X-39.021 Y219.345 E4151.94058
G1 X-40.436 Y220.284 E4159.04937
G1 X-41.743 Y221.471 E4166.44008
G1 X-42.728 Y222.661 E4172.90655
G1 X-43.605 Y224.019 E4179.67355
G1 X-83.591 Y264.004 E4416.38536
G1 X-78.791 Y264.004 E4436.47831
G1 X-54.023 Y239.236 E4583.10341
G1 X-62.653 Y251.366 E4645.41959
G1 X-64.938 Y254.95 E4663.21208
G1 X-75.502 Y265.514 E4725.75034
G1 E4723.75034 F2400
G92 E0
G1 X-40.923 Y250.957 F7800
G1 E2 F2400
;TYPE:Top solid infill
;WIDTH:4.42745
G1 F900
G1 X-53.97 Y264.004 E89.07449
G1 X-59.321 Y264.004 E114.32675
G1 X-41.023 Y245.705 E236.44928
G1 X-42.877 Y245.308 E245.39696
G1 X-43.427 Y245.223 E248.02331
G1 X-44.589 Y245.133 E253.5234
G1 X-45.145 Y245.131 E256.14727
G1 X-45.836 Y245.168 E259.41289
G1 X-62.994 Y262.326 E373.92382
G1 X-62.848 Y261.57 E377.55743
G1 X-62.563 Y260.549 E382.55989
G1 X-62.085 Y259.238 E389.14512
G1 X-61.696 Y258.375 E393.61238
G1 X-61.466 Y257.939 E395.93868
G1 X-58.388 Y252.659 E424.78066
G1 X-57.95 Y251.987 E428.56609
G1 X-57.807 Y251.788 E429.72253
G1 X-50.54 Y244.521 E478.22183
G1 E476.22183 F2400
G92 E0
G1 X-36.63 Y221.254 F7800
G1 E2 F2400
;TYPE:Solid infill
;WIDTH:2.91767
G1 F1200
G1 X-35.678 Y222.281 E5.97157
;WIDTH:2.95431
G1 X-35.052 Y222.871 E8.45054
;WIDTH:2.99702
G1 X-34.376 Y223.508 E11.17675
;WIDTH:3.04489
G1 X-34.301 Y223.621 E11.58291
;WIDTH:3.09275
G1 X-34.226 Y223.734 E11.99717
;WIDTH:3.14062
G1 X-34.151 Y223.847 E12.41953
;WIDTH:3.18848
G1 X-34.076 Y223.96 E12.84998
;WIDTH:3.23635
G1 X-34.001 Y224.073 E13.28853
;WIDTH:3.28421
G1 X-33.926 Y224.186 E13.73518
;WIDTH:3.33208
G1 X-33.852 Y224.299 E14.18808
;WIDTH:3.37994
G1 X-33.777 Y224.412 E14.65092
;WIDTH:3.42781
G1 X-33.702 Y224.525 E15.12186
;WIDTH:3.47567
G1 X-33.627 Y224.638 E15.60089
;WIDTH:3.52353
G1 X-33.552 Y224.751 E16.08802
;WIDTH:3.5714
G1 X-33.477 Y224.865 E16.58629
;WIDTH:3.61926
G1 X-33.402 Y224.978 E17.08961
;WIDTH:3.66713
G1 X-33.328 Y225.091 E17.59895
;WIDTH:3.70631
G1 X-33.274 Y225.171 E17.96763
;WIDTH:3.75114
G1 X-33.196 Y225.272 E18.46221
;WIDTH:3.79598
G1 X-33.119 Y225.373 E18.96153
;WIDTH:3.84081
G1 X-33.042 Y225.475 E19.47113
;WIDTH:3.88565
G1 X-32.964 Y225.576 E19.98712
;WIDTH:3.93048
G1 X-32.887 Y225.677 E20.50775
;WIDTH:3.97532
G1 X-32.809 Y225.778 E21.03801
G1 X-32.923 Y225.739 E21.53866
;WIDTH:3.93325
G1 X-33.042 Y225.698 E22.05506
;WIDTH:3.88889
G1 X-33.161 Y225.656 E22.56583
;WIDTH:3.84454
G1 X-33.28 Y225.615 E23.0683
;WIDTH:3.80019
G1 X-33.4 Y225.574 E23.56753
;WIDTH:3.75583
G1 X-33.519 Y225.533 E24.05607
;WIDTH:3.71148
G1 X-33.638 Y225.492 E24.53765
;WIDTH:3.66713
G1 X-33.766 Y225.448 E25.04804
;WIDTH:3.61926
G1 X-33.895 Y225.403 E25.55507
;WIDTH:3.5714
G1 X-34.023 Y225.359 E26.0493
;WIDTH:3.52353
G1 X-34.151 Y225.315 E26.53545
;WIDTH:3.47567
G1 X-34.279 Y225.271 E27.01352
;WIDTH:3.42781
G1 X-34.407 Y225.227 E27.48351
;WIDTH:3.37994
G1 X-34.536 Y225.183 E27.94865
;WIDTH:3.33208
G1 X-34.664 Y225.138 E28.40358
;WIDTH:3.28421
G1 X-34.792 Y225.094 E28.84933
;WIDTH:3.23635
G1 X-34.92 Y225.05 E29.287
;WIDTH:3.18848
G1 X-35.048 Y225.006 E29.71659
;WIDTH:3.14062
G1 X-35.177 Y224.962 E30.14104
;WIDTH:3.09275
G1 X-35.305 Y224.917 E30.55547
;WIDTH:3.04489
G1 X-35.433 Y224.873 E30.96082
;WIDTH:2.99702
G1 X-36.194 Y224.473 E33.48416
;WIDTH:2.95431
G1 X-36.956 Y224.072 E35.96559
;WIDTH:2.9116
G1 X-37.121 Y223.98 E36.49994
G1 X-37.382 Y223.785 E37.42147
;WIDTH:2.95491
G1 X-37.938 Y223.282 E39.58269
;WIDTH:2.98892
G1 X-38.167 Y223.105 E40.42926
;WIDTH:3.02292
G1 X-38.396 Y222.928 E41.28811
;WIDTH:3.05521
G1 X-38.591 Y222.835 E41.93788
;WIDTH:3.08749
G1 X-38.786 Y222.742 E42.59635
;WIDTH:3.11476
G1 X-39.026 Y222.74 E43.33604
;WIDTH:3.14203
G1 X-39.267 Y222.737 E44.08704
;WIDTH:3.16792
G1 X-39.499 Y222.88 E44.94502
;WIDTH:3.19381
G1 X-39.731 Y223.022 E45.81014
G1 X-39.512 Y222.849 E46.69778
;WIDTH:3.16792
G1 X-39.294 Y222.676 E47.57394
;WIDTH:3.14203
G1 X-39.062 Y222.522 E48.4416
;WIDTH:3.11476
G1 X-38.831 Y222.369 E49.29552
;WIDTH:3.08749
G1 X-38.565 Y222.219 E50.22628
;WIDTH:3.05521
G1 X-38.3 Y222.07 E51.14065
;WIDTH:3.02292
G1 X-38.134 Y221.996 E51.67996
;WIDTH:3.05081
G1 X-38.533 Y222.253 E53.10479
;WIDTH:3.09847
G1 X-38.932 Y222.509 E54.55618
;WIDTH:3.14614
G1 X-39.332 Y222.766 E56.04007
;WIDTH:3.19381
G1 X-39.731 Y223.022 E57.54783
G1 X-40.307 Y223.617 E60.1817
G1 X-40.736 Y224.106 E62.25064
;WIDTH:3.24123
G1 X-40.643 Y224.217 E62.71977
;WIDTH:3.28865
G1 X-40.55 Y224.328 E63.19747
;WIDTH:3.33608
G1 X-40.456 Y224.439 E63.6859
;WIDTH:3.3835
G1 X-40.363 Y224.551 E64.18335
;WIDTH:3.43092
G1 X-40.269 Y224.662 E64.68899
;WIDTH:3.47834
G1 X-40.176 Y224.773 E65.20095
;WIDTH:3.52577
G1 X-40.082 Y224.884 E65.72379
;WIDTH:3.57319
G1 X-39.989 Y224.995 E66.25288
;WIDTH:3.62061
G1 X-39.896 Y225.106 E66.79054
;WIDTH:3.66804
G1 X-39.802 Y225.218 E67.34208
;WIDTH:3.71546
G1 X-39.709 Y225.329 E67.89687
;WIDTH:3.76288
G1 X-39.615 Y225.44 E68.46273
;WIDTH:3.81031
G1 X-39.522 Y225.551 E69.03465
;WIDTH:3.85773
G1 X-39.428 Y225.662 E69.61772
;WIDTH:3.90515
G1 X-39.335 Y225.773 E70.20677
;WIDTH:3.95258
G1 X-39.241 Y225.885 E70.8102
;WIDTH:4
G1 X-39.148 Y225.996 E71.41638
G1 X-43.98 Y230.828 E100.02153
G1 X-44.117 Y230.997 E100.93222
;WIDTH:3.95323
G1 X-44.253 Y231.167 E101.83085
;WIDTH:3.90647
G1 X-44.389 Y231.336 E102.7136
;WIDTH:3.8597
G1 X-44.526 Y231.506 E103.58934
;WIDTH:3.81294
G1 X-44.662 Y231.675 E104.44679
;WIDTH:3.76617
G1 X-44.799 Y231.845 E105.29706
;WIDTH:3.71941
G1 X-44.935 Y232.015 E106.13219
;WIDTH:3.67264
G1 X-45.072 Y232.184 E106.95405
;WIDTH:3.62587
G1 X-45.208 Y232.354 E107.76379
;WIDTH:3.57911
G1 X-45.345 Y232.523 E108.56027
;WIDTH:3.53234
G1 X-45.481 Y232.693 E109.34461
;WIDTH:3.48558
G1 X-45.617 Y232.862 E110.11349
;WIDTH:3.43881
G1 X-45.754 Y233.032 E110.87461
;WIDTH:3.39205
G1 X-45.89 Y233.201 E111.61818
;WIDTH:3.34528
G1 X-45.899 Y233.211 E111.66351
;WIDTH:3.34311
G1 X-48.312 Y236.035 E124.16922
;WIDTH:3.29334
G1 X-50.724 Y238.859 E136.44221
;WIDTH:3.24357
G1 X-53.137 Y241.683 E148.48677
;WIDTH:3.19381
G1 X-53.922 Y242.629 E152.39651
G1 X-54.037 Y243.258 E154.43021
;WIDTH:3.23489
G1 X-54.014 Y243.529 E155.30916
;WIDTH:3.27597
G1 X-53.991 Y243.8 E156.20205
;WIDTH:3.31705
G1 X-53.969 Y244.071 E157.10859
;WIDTH:3.35813
G1 X-53.946 Y244.342 E158.02935
G1 X-53.715 Y244.376 E158.81982
;WIDTH:3.31705
G1 X-53.485 Y244.41 E159.59502
;WIDTH:3.27597
G1 X-53.255 Y244.444 E160.35831
;WIDTH:3.23489
G1 X-53.024 Y244.478 E161.11288
;WIDTH:3.19381
G1 X-52.3 Y244.475 E163.41558
G1 X-51.135 Y244.143 E167.26838
;WIDTH:3.23489
G1 X-51.838 Y244.193 E169.54603
;WIDTH:3.27597
G1 X-52.54 Y244.242 E171.85629
;WIDTH:3.31705
G1 X-53.243 Y244.292 E174.20616
;WIDTH:3.35813
G1 X-53.946 Y244.342 E176.59215
G1 X-54.01 Y244.401 E176.88684
;WIDTH:3.3214
G1 X-54.075 Y244.46 E177.18001
;WIDTH:3.28467
G1 X-54.683 Y245.032 E179.92962
;WIDTH:3.23924
G1 X-55.291 Y245.605 E182.63414
;WIDTH:3.19381
G1 X-55.815 Y246.124 E184.97983
G1 X-56.531 Y246.881 E188.29382
G1 X-57.139 Y247.568 E191.21163
G1 X-58.256 Y248.911 E196.76735
G1 X-58.737 Y249.519 E199.23306
G1 X-59.475 Y250.514 E203.17312
G1 X-60.21 Y251.582 E207.29656
G1 X-60.863 Y252.595 E211.12979
G1 X-63.512 Y256.943 E227.32297
G1 X-64.053 Y257.905 E230.83325
G1 X-64.998 Y259.787 E237.53117
G1 X-65.446 Y260.76 E240.93807
G1 X-65.734 Y261.436 E243.27508
;WIDTH:3.24241
G1 X-65.793 Y261.583 E243.78847
;WIDTH:3.29102
G1 X-65.851 Y261.73 E244.31024
;WIDTH:3.33963
G1 X-65.91 Y261.877 E244.84283
;WIDTH:3.38824
G1 X-65.969 Y262.025 E245.38821
;WIDTH:3.43684
G1 X-66.027 Y262.172 E245.93872
;WIDTH:3.48545
G1 X-66.086 Y262.319 E246.50012
;WIDTH:3.53406
G1 X-66.145 Y262.466 E247.07113
;WIDTH:3.58267
G1 X-66.203 Y262.614 E247.6538
;WIDTH:3.63128
G1 X-66.262 Y262.761 E248.24401
;WIDTH:3.67988
G1 X-66.321 Y262.908 E248.84383
;WIDTH:3.72849
G1 X-66.379 Y263.056 E249.45541
;WIDTH:3.7771
G1 X-66.438 Y263.203 E250.07443
;WIDTH:3.82247
G1 X-66.472 Y263.294 E250.45957
;WIDTH:3.86783
G1 X-66.505 Y263.386 E250.8526
;WIDTH:3.9132
G1 X-66.539 Y263.477 E251.24873
;WIDTH:3.95856
G1 X-66.572 Y263.568 E251.64893
;WIDTH:4.00393
G1 X-66.606 Y263.66 E252.05998
;WIDTH:4.0493
G1 X-66.64 Y263.751 E252.4726
;WIDTH:4.09466
G1 X-66.673 Y263.842 E252.88923
;WIDTH:4.14003
G1 X-66.707 Y263.934 E253.31693
G1 E251.31693 F2400
G92 E0
G1 X-51.2 Y242.795 F7800
G1 E2 F2400
;WIDTH:4
G1 F1200
G1 X-36.102 Y227.696 E91.38222
G1 X-32.809 Y225.778 E107.33455
;WIDTH:3.97532
G1 X-32.571 Y225.939 E108.52852
;WIDTH:3.92749
G1 X-32.332 Y226.099 E109.70647
;WIDTH:3.87967
G1 X-32.094 Y226.26 E110.86617
;WIDTH:3.83185
G1 X-31.855 Y226.42 E112.0098
;WIDTH:3.78403
G1 X-31.617 Y226.581 E113.13522
;WIDTH:3.7362
G1 X-31.378 Y226.742 E114.24669
;WIDTH:3.68838
G1 X-31.139 Y226.902 E115.33886
;WIDTH:3.68182
G1 X-30.454 Y227.478 E118.73012
;WIDTH:3.72727
G1 X-30.826 Y227.752 E120.50698
;WIDTH:3.77273
G1 X-31.198 Y228.026 E122.31003
;WIDTH:3.81818
G1 X-31.57 Y228.3 E124.13927
;WIDTH:3.86364
G1 X-31.941 Y228.574 E125.99148
;WIDTH:3.90909
G1 X-32.313 Y228.849 E127.87553
;WIDTH:3.95455
G1 X-32.685 Y229.123 E129.78336
;WIDTH:4
G1 X-33.056 Y229.397 E131.71401
G1 X-45.445 Y241.786 E205.05615
G1 X-41.154 Y242.241 E223.1191
G1 X-36.008 Y237.081 E253.62458
;WIDTH:3.95258
G1 X-35.895 Y236.954 E254.32613
;WIDTH:3.90515
G1 X-35.783 Y236.828 E255.01188
;WIDTH:3.85773
G1 X-35.671 Y236.702 E255.68766
;WIDTH:3.81031
G1 X-35.558 Y236.575 E256.35904
;WIDTH:3.76288
G1 X-35.446 Y236.449 E257.01487
;WIDTH:3.71546
G1 X-35.334 Y236.323 E257.66073
;WIDTH:3.66804
G1 X-35.222 Y236.196 E258.29944
;WIDTH:3.62061
G1 X-35.109 Y236.07 E258.92783
;WIDTH:3.57319
G1 X-34.997 Y235.944 E259.54378
;WIDTH:3.52577
G1 X-34.885 Y235.817 E260.15245
;WIDTH:3.47834
G1 X-34.772 Y235.691 E260.75081
;WIDTH:3.43092
G1 X-34.66 Y235.565 E261.33684
;WIDTH:3.3835
G1 X-34.548 Y235.438 E261.91546
;WIDTH:3.33608
G1 X-34.435 Y235.312 E262.48379
;WIDTH:3.28865
G1 X-34.323 Y235.186 E263.03991
;WIDTH:3.24123
G1 X-34.211 Y235.059 E263.58848
;WIDTH:3.19381
G1 X-34.518 Y235.142 E264.59995
G1 X-34.744 Y234.916 E265.61648
G1 X-34.661 Y234.608 E266.63102
G1 X-34.353 Y234.526 E267.64474
G1 X-34.128 Y234.751 E268.65677
G1 E266.65677 F2400
G92 E0
G1 X32.637 Y222.061 F7800
G1 E2 F2400
;WIDTH:4
G1 F1200
G1 X33.253 Y222.395 E4.93325
G1 X33.752 Y222.714 E7.41243
G1 X34.192 Y223.039 E9.70225
G1 X34.822 Y223.592 E13.2113
G1 X35.182 Y223.964 E15.37829
G1 X35.507 Y224.35 E17.49056
G1 X35.874 Y224.84 E20.05325
G1 X40.151 Y231.757 E54.09615
G1 X39.355 Y231.447 E57.672
G1 X37.797 Y230.942 E64.52788
G1 X37.011 Y230.733 E67.93243
G1 X35.906 Y230.514 E72.64796
G1 X34.968 Y230.394 E76.60646
G1 X33.334 Y230.279 E83.46335
G1 X32.52 Y230.265 E86.87128
G1 X31.49 Y230.312 E91.18738
G1 X30.453 Y230.428 E95.55537
G1 X28.822 Y230.716 E102.48841
G1 X27.642 Y231.007 E107.57591
G1 X27.15 Y231.161 E109.73397
G1 X26.848 Y230.492 E112.80654
G1 X26.47 Y229.849 E115.9288
G1 X26.06 Y229.171 E119.24551
G1 X25.552 Y228.493 E122.79191
G1 X26.313 Y227.889 E126.85891
G1 X28.66 Y225.747 E140.16006
G1 X31.168 Y223.566 E154.07307
G1 X31.465 Y223.262 E155.85213
G1 X33.343 Y226.622 E171.96507
;WIDTH:4.34012
G1 X33.016 Y226.295 E174.09707
G1 X32.57 Y226.415 E176.22636
G1 X32.45 Y226.861 E178.35565
G1 X32.777 Y227.188 E180.48765
G1 X33.223 Y227.068 E182.61694
G1 E180.61694 F2400
G92 E0
G1 X49 Y242.279 F7800
G1 E2 F2400
;WIDTH:3.19381
G1 F1200
G1 X49.293 Y242.762 E3.79674
G1 X50.081 Y244.172 E8.93405
G1 X53.131 Y249.732 E29.10356
G1 X53.51 Y250.393 E31.52693
G1 X57.545 Y257.06 E56.31242
G1 X57.8 Y257.498 E57.92437
G1 X57.944 Y257.892 E59.25856
;WIDTH:3.14913
G1 X58.088 Y258.286 E60.56937
;WIDTH:3.10446
G1 X58.232 Y258.68 E61.85681
;WIDTH:3.05978
G1 X58.376 Y259.073 E63.11805
;WIDTH:3.01511
G1 X58.521 Y259.505 E64.46579
;WIDTH:2.96671
G1 X58.624 Y259.889 E65.61766
;WIDTH:2.9233
G1 X58.727 Y260.273 E66.74801
;WIDTH:2.87989
G1 X58.741 Y260.326 E66.90089
;WIDTH:2.87698
G1 X59.173 Y262.012 E71.74868
G1 X59.345 Y262.903 E74.27624
G1 X59.431 Y263.585 E76.19089
G1 X59.517 Y264.565 E78.93101
G1 X62.635 Y264.565 E87.6157
G1 X62.69 Y264.453 E87.96324
G1 X61.584 Y263.005 E93.03833
G1 X60.663 Y261.516 E97.91495
G1 X59.596 Y259.941 E103.21377
;WIDTH:2.91705
G1 X59.359 Y259.617 E104.35195
;WIDTH:2.95711
G1 X59.122 Y259.294 E105.50786
;WIDTH:3.00679
G1 X58.845 Y258.917 E106.88665
;WIDTH:3.05647
G1 X58.568 Y258.541 E108.292
;WIDTH:3.10615
G1 X58.291 Y258.164 E109.72877
;WIDTH:3.14998
G1 X58.045 Y257.831 E111.0229
;WIDTH:3.19381
G1 X57.8 Y257.498 E112.33777
G1 E110.33777 F2400
G92 E0
G1 X51.134 Y265.514 F7800
G1 E2 F2400
;TYPE:Top solid infill
;WIDTH:4.15317
G1 F900
G1 X55.939 Y260.709 E31.7435
G1 X55.739 Y260.119 E34.47031
G1 X55.317 Y259.064 E39.44384
G1 X55.04 Y258.48 E42.27302
G1 X54.399 Y257.285 E48.2086
G1 X47.681 Y264.004 E89.79689
G1 X42.718 Y264.004 E111.5203
G1 X52.665 Y254.057 E173.09337
G1 X50.931 Y250.828 E189.13592
G1 X39.622 Y262.136 E259.13683
G1 X38.258 Y258.538 E275.97923
G1 X49.302 Y247.494 E344.34286
G1 X47.66 Y244.173 E360.55884
G1 X36.893 Y254.94 E427.20781
G1 X35.528 Y251.341 E444.05586
G1 X45.929 Y240.94 E508.43924
G1 X45.365 Y240.128 E512.76666
G1 X44.919 Y239.556 E515.94147
G1 X43.699 Y238.207 E523.90269
G1 X34.164 Y247.743 E582.92853
G1 X33.25 Y245.335 E594.20224
G1 X32.756 Y244.187 E599.6726
G1 X40.951 Y235.993 E650.3975
G1 X40.328 Y235.593 E653.6381
G1 X39.85 Y235.321 E656.04536
G1 X38.961 Y234.895 E660.36027
G1 X38.296 Y234.631 E663.49201
G1 X37.581 Y234.4 E666.7809
G1 X31.263 Y240.718 E705.89005
G1 X29.77 Y237.248 E722.4247
G1 X34.786 Y232.231 E753.47741
G1 E751.47741 F2400
G92 E0
G1 X50.88 Y185.714 F7800
G1 E2 F2400
;TYPE:Internal infill
;WIDTH:4
G1 F4800
G1 X56.52 Y180.073 E35.39143
G1 X57.487 Y180.443 E39.72552
G1 X58.687 Y180.762 E44.92322
G1 X60.447 Y180.987 E52.35059
G1 X50.753 Y190.681 E109.7385
G1 X50.045 Y192.861 E119.33325
G1 X49.137 Y194.983 E128.99505
G1 X48.519 Y196.685 E136.5748
G1 X47.581 Y198.693 E145.85223
G1 X64.234 Y182.04 E244.43701
G1 X67.97 Y183.144 E260.74455
G1 X42.586 Y208.528 E411.01634
G1 X41.462 Y210.254 E419.6384
G1 X39.803 Y213.052 E433.25496
G1 X39.368 Y213.685 E436.47008
G1 X38.57 Y214.694 E441.85509
G1 X37.669 Y216.059 E448.70156
G1 X37.077 Y216.809 E452.70128
G1 X34.819 Y219.422 E467.15754
G1 X35.859 Y220.096 E472.34531
G1 X71.706 Y184.249 E684.55744
G1 X75.442 Y185.353 E700.86498
G1 X38.311 Y222.484 E920.67832
G1 X40.192 Y225.443 E935.35562
G1 X79.186 Y186.449 E1166.19781
G1 X83.129 Y187.346 E1183.12504
G1 X42.042 Y228.434 E1426.36062
G1 X43.891 Y231.425 E1441.08027
G1 X87.006 Y188.31 E1696.31854
G1 X90.883 Y189.273 E1713.04093
G1 X45.84 Y234.316 E1979.69284
G1 X47.857 Y237.14 E1994.21979
G1 X94.759 Y190.237 E2271.87983
G1 X97.501 Y190.918 E2283.70663
G1 X97.501 Y192.336 E2289.64242
G1 X49.873 Y239.963 E2571.59442
G1 X50.988 Y241.526 E2579.63137
G1 X51.812 Y242.865 E2586.21276
G1 X97.501 Y197.176 E2856.68895
G1 X97.501 Y202.016 E2876.94934
G1 X53.648 Y245.869 E3136.55652
G1 X55.484 Y248.873 E3151.29403
G1 X97.501 Y206.857 E3400.02924
G1 X97.501 Y211.697 E3420.28963
G1 X57.433 Y251.764 E3657.48687
G1 X59.388 Y254.65 E3672.07867
G1 X97.501 Y216.537 E3897.70539
G1 X97.501 Y221.377 E3917.96578
G1 X61.343 Y257.535 E4132.01901
G1 X63.28 Y260.439 E4146.63131
G1 X97.501 Y226.218 E4349.21762
G1 X97.501 Y231.058 E4369.47801
G1 X65.297 Y263.262 E4560.1238
G1 X65.863 Y264.004 E4564.03033
G1 X69.395 Y264.004 E4578.81539
G1 X97.501 Y235.898 E4745.20126
G1 X97.501 Y240.738 E4765.46165
G1 X74.235 Y264.004 E4903.195
G1 X79.076 Y264.004 E4923.45957
G1 X97.501 Y245.579 E5032.53449
G1 X97.501 Y250.419 E5052.79488
G1 X83.916 Y264.004 E5133.21728
G1 X88.756 Y264.004 E5153.47767
G1 X97.501 Y255.259 E5205.24756
G1 X97.501 Y260.099 E5225.50795
G1 X92.086 Y265.514 E5257.56443
G1 E5255.56443 F2400
G92 E0
G1 X66.34 Y174.426 F7800
G1 E2 F2400
;TYPE:Solid infill
;WIDTH:4.84124
G1 F1200
G1 X67.42 Y174.674 E7.80125
;WIDTH:4.88712
G1 X68.499 Y174.921 E13.65957
;WIDTH:4.933
G1 X69.579 Y175.168 E19.58645
;WIDTH:4.97888
G1 X70.658 Y175.416 E25.57266
;WIDTH:5.02476
G1 X71.738 Y175.663 E31.62633
G1 X71.882 Y175.669 E32.41385
;WIDTH:4.97597
G1 X72.027 Y175.674 E33.1978
;WIDTH:4.92717
G1 X72.172 Y175.679 E33.97291
;WIDTH:4.87837
G1 X72.316 Y175.684 E34.73392
;WIDTH:4.82957
G1 X72.461 Y175.689 E35.49137
;WIDTH:4.78077
G1 X72.606 Y175.694 E36.23999
;WIDTH:4.73197
G1 X72.751 Y175.699 E36.97978
;WIDTH:4.68318
G1 X72.895 Y175.704 E37.70571
;WIDTH:4.63438
G1 X73.04 Y175.709 E38.42784
;WIDTH:4.58558
G1 X73.185 Y175.715 E39.14133
;WIDTH:4.53678
G1 X73.329 Y175.72 E39.84095
;WIDTH:4.48798
G1 X73.474 Y175.725 E40.53659
;WIDTH:4.43918
G1 X73.619 Y175.73 E41.2234
;WIDTH:4.39039
G1 X73.764 Y175.735 E41.90138
;WIDTH:4.34159
G1 X73.908 Y175.74 E42.56592
;WIDTH:4.29279
G1 X74.053 Y175.745 E43.22624
;WIDTH:4.24399
G1 X74.198 Y175.75 E43.87773
;WIDTH:4.19519
G1 X74.342 Y175.755 E44.51596
;WIDTH:4.14639
G1 X74.487 Y175.761 E45.14995
;WIDTH:4.0976
G1 X74.632 Y175.766 E45.77495
;WIDTH:4.0488
G1 X74.777 Y175.771 E46.39112
;WIDTH:4
G1 X81.732 Y177.213 E76.12413
G1 X94.323 Y179.331 E129.57093
G1 X97.501 Y179.718 E142.97241
G1 X97.501 Y187.46 E175.38065
G1 X83.091 Y183.878 E237.53704
G1 X79.849 Y183.156 E251.44061
G1 X73.401 Y181.25 E279.58665
;WIDTH:4.0488
G1 X73.271 Y181.186 E280.20202
;WIDTH:4.0976
G1 X73.141 Y181.122 E280.82621
;WIDTH:4.14639
G1 X73.011 Y181.058 E281.45922
;WIDTH:4.19519
G1 X72.881 Y180.995 E282.09911
;WIDTH:4.24399
G1 X72.751 Y180.931 E282.74976
;WIDTH:4.29279
G1 X72.621 Y180.867 E283.40923
;WIDTH:4.34159
G1 X72.491 Y180.803 E284.07752
;WIDTH:4.39039
G1 X72.361 Y180.739 E284.75463
;WIDTH:4.43918
G1 X72.231 Y180.675 E285.44056
;WIDTH:4.48798
G1 X72.101 Y180.611 E286.13531
;WIDTH:4.53678
G1 X71.971 Y180.547 E286.83888
;WIDTH:4.58558
G1 X71.841 Y180.484 E287.54911
;WIDTH:4.63438
G1 X71.711 Y180.42 E288.27031
;WIDTH:4.68318
G1 X71.581 Y180.356 E289.00033
;WIDTH:4.73197
G1 X71.451 Y180.292 E289.73917
;WIDTH:4.78077
G1 X71.321 Y180.228 E290.48683
;WIDTH:4.82957
G1 X71.191 Y180.164 E291.24331
;WIDTH:4.87837
G1 X71.061 Y180.1 E292.00861
;WIDTH:4.92717
G1 X70.931 Y180.037 E292.78039
;WIDTH:4.97597
G1 X70.801 Y179.973 E293.56333
;WIDTH:5.02476
G1 X70.671 Y179.909 E294.35509
G1 X69.603 Y179.617 E300.40501
;WIDTH:4.97888
G1 X68.535 Y179.325 E306.39157
;WIDTH:4.933
G1 X67.466 Y179.033 E312.31994
;WIDTH:4.88712
G1 X66.398 Y178.741 E318.17979
;WIDTH:4.84124
G1 X65.33 Y178.449 E323.97628
;WIDTH:4.79536
G1 X64.452 Y178.214 E328.68264
;WIDTH:4.74811
G1 X63.575 Y177.98 E333.32917
;WIDTH:4.70086
G1 X62.697 Y177.745 E337.9284
;WIDTH:4.65361
G1 X61.82 Y177.51 E342.46923
;WIDTH:4.60636
G1 X61.508 Y177.463 E344.02863
;WIDTH:4.56712
G1 X61.196 Y177.415 E345.57333
;WIDTH:4.5338
G1 X60.065 Y177.317 E351.0813
;WIDTH:4.53599
G1 X59.5 Y177.228 E353.85794
G1 X59.003 Y177.116 E356.33116
;WIDTH:4.52945
G1 X58.495 Y176.965 E358.89958
;WIDTH:4.51844
G1 X57.956 Y176.767 E361.67457
;WIDTH:4.49402
G1 X57.386 Y176.525 E364.6483
;WIDTH:4.45842
G1 X56.92 Y176.265 E367.18718
G1 X56.431 Y175.944 E369.97024
G1 X55.497 Y175.232 E375.55797
G1 X56.362 Y171.855 E392.14376
G1 X57.246 Y172.356 E396.97815
G1 X57.932 Y172.674 E400.57562
G1 X58.599 Y172.932 E403.9782
;WIDTH:4.47713
G1 X59.132 Y173.113 E406.66947
;WIDTH:4.51844
G1 X59.65 Y173.272 E409.28806
;WIDTH:4.53599
G1 X60.225 Y173.404 E412.15203
;WIDTH:4.53703
G1 X60.838 Y173.485 E415.15453
G1 X61.615 Y173.554 E418.94236
;WIDTH:4.57703
G1 X62.176 Y173.615 E421.7107
;WIDTH:4.60636
G1 X62.743 Y173.662 E424.5226
;WIDTH:4.64102
G1 X63.395 Y173.801 E427.84623
;WIDTH:4.67569
G1 X64.047 Y173.939 E431.19763
;WIDTH:4.71035
G1 X64.698 Y174.078 E434.57394
G1 E432.57394 F2400
G92 E0
G1 X74.202 Y178.539 F7800
G1 E2 F2400
;WIDTH:2.99158
G1 F1200
G1 X74.786 Y178.686 E3.76346
;WIDTH:3.04144
G1 X75.37 Y178.832 E5.56364
;WIDTH:3.09129
G1 X75.954 Y178.979 E7.40199
;WIDTH:3.14115
G1 X76.538 Y179.126 E9.27779
;WIDTH:3.191
G1 X77.122 Y179.272 E11.19026
;WIDTH:3.24085
G1 X77.706 Y179.419 E13.14095
;WIDTH:3.29071
G1 X78.29 Y179.566 E15.12909
;WIDTH:3.34056
G1 X78.874 Y179.712 E17.15385
;WIDTH:3.39042
G1 X79.458 Y179.859 E19.21688
;WIDTH:3.44027
G1 X80.042 Y180.005 E21.31651
;WIDTH:3.49012
G1 X80.626 Y180.152 E23.45443
;WIDTH:3.50223
G1 X81.217 Y180.277 E25.60806
;WIDTH:3.54705
G1 X82.058 Y180.442 E28.71145
;WIDTH:3.59187
G1 X82.899 Y180.606 E31.86204
;WIDTH:3.63669
G1 X83.74 Y180.77 E35.06053
;WIDTH:3.64443
G1 X83.858 Y180.794 E35.51119
;WIDTH:3.69294
G1 X84.475 Y180.922 E37.90763
;WIDTH:3.74145
G1 X85.092 Y181.051 E40.34298
;WIDTH:3.78995
G1 X85.709 Y181.179 E42.81567
;WIDTH:3.83846
G1 X86.326 Y181.307 E45.32648
;WIDTH:3.88697
G1 X86.943 Y181.436 E47.87624
;WIDTH:3.93548
G1 X87.56 Y181.564 E50.4633
;WIDTH:3.98398
G1 X88.177 Y181.693 E53.08934
;WIDTH:4.03249
G1 X88.795 Y181.821 E55.75679
;WIDTH:4.081
G1 X89.412 Y181.949 E58.45823
;WIDTH:4.12951
G1 X90.029 Y182.078 E61.19868
;WIDTH:4.17802
G1 X90.646 Y182.206 E63.97636
;WIDTH:4.22652
G1 X91.263 Y182.335 E66.79308
;WIDTH:4.27503
G1 X91.88 Y182.463 E69.64701
;WIDTH:4.32354
G1 X92.497 Y182.591 E72.53907
;WIDTH:4.37205
G1 X93.114 Y182.72 E75.4702
;WIDTH:4.42056
G1 X93.731 Y182.848 E78.43851
;WIDTH:4.43942
G1 X93.925 Y182.886 E79.37438
G1 E77.37438 F2400
G92 E0
G1 X62.345 Y79.751 F7800
G1 E2 F2400
;WIDTH:4
G1 F1200
G1 X58.919 Y83.177 E22.28171
G1 X58.87 Y83.034 E22.91448
;WIDTH:3.95258
G1 X58.821 Y82.891 E23.53831
;WIDTH:3.90515
G1 X58.772 Y82.748 E24.1532
;WIDTH:3.85773
G1 X58.724 Y82.606 E24.75406
;WIDTH:3.81031
G1 X58.675 Y82.463 E25.35107
;WIDTH:3.76288
G1 X58.626 Y82.32 E25.93913
;WIDTH:3.71546
G1 X58.577 Y82.177 E26.51825
;WIDTH:3.66804
G1 X58.529 Y82.034 E27.08722
;WIDTH:3.62061
G1 X58.48 Y81.891 E27.64846
;WIDTH:3.57319
G1 X58.431 Y81.749 E28.1973
;WIDTH:3.52577
G1 X58.382 Y81.606 E28.74066
;WIDTH:3.47834
G1 X58.334 Y81.463 E29.27394
;WIDTH:3.43092
G1 X58.285 Y81.32 E29.79942
;WIDTH:3.3835
G1 X58.236 Y81.177 E30.31596
;WIDTH:3.33608
G1 X58.188 Y81.034 E30.82248
;WIDTH:3.28865
G1 X58.139 Y80.891 E31.32113
;WIDTH:3.24123
G1 X58.09 Y80.749 E31.80778
;WIDTH:3.19381
G1 X57.865 Y80.523 E32.82206
G1 X57.557 Y80.606 E33.8366
G1 X57.474 Y80.914 E34.85114
G1 X57.7 Y81.139 E35.86542
G1 X58.008 Y81.056 E36.87996
;WIDTH:4
G1 X59.39 Y87.452 E64.27168
G1 X68.322 Y78.52 E117.14858
G1 X68.313 Y78.444 E117.46894
;WIDTH:3.95258
G1 X68.304 Y78.368 E117.78477
;WIDTH:3.90515
G1 X68.295 Y78.292 E118.09608
;WIDTH:3.85773
G1 X68.286 Y78.215 E118.40684
;WIDTH:3.81031
G1 X68.277 Y78.139 E118.70909
;WIDTH:3.76288
G1 X68.268 Y78.063 E119.00682
;WIDTH:3.71546
G1 X68.259 Y77.987 E119.30002
;WIDTH:3.66804
G1 X68.25 Y77.911 E119.58869
;WIDTH:3.62061
G1 X68.241 Y77.835 E119.87284
;WIDTH:3.57319
G1 X68.231 Y77.759 E120.15291
;WIDTH:3.52577
G1 X68.222 Y77.683 E120.428
;WIDTH:3.47834
G1 X68.213 Y77.607 E120.69857
;WIDTH:3.43092
G1 X68.204 Y77.531 E120.96461
;WIDTH:3.3835
G1 X68.195 Y77.454 E121.22952
;WIDTH:3.33608
G1 X68.186 Y77.378 E121.48651
;WIDTH:3.28865
G1 X68.177 Y77.302 E121.73897
;WIDTH:3.24123
G1 X68.168 Y77.226 E121.9869
;WIDTH:3.19381
G1 X63.958 Y77.89 E135.54232
G1 E133.54232 F2400
G92 E0
G1 X73.655 Y77.933 F7800
G1 E2 F2400
;WIDTH:4
G1 F1200
G1 X59.738 Y91.85 E84.38781
G1 X59.787 Y96.104 E102.19636
;WIDTH:3.19381
G1 X59.479 Y96.186 E103.21008
G1 X59.254 Y95.961 E104.22211
G1 X59.336 Y95.653 E105.23583
G1 X59.644 Y95.57 E106.25037
G1 X59.87 Y95.796 E107.2669
;WIDTH:3.24123
G1 X59.996 Y95.708 E107.7648
;WIDTH:3.28865
G1 X60.123 Y95.621 E108.27262
;WIDTH:3.33608
G1 X60.25 Y95.534 E108.78955
;WIDTH:3.3835
G1 X60.377 Y95.446 E109.31752
;WIDTH:3.43092
G1 X60.503 Y95.359 E109.84979
;WIDTH:3.47834
G1 X60.63 Y95.272 E110.39403
;WIDTH:3.52577
G1 X60.757 Y95.184 E110.94942
;WIDTH:3.57319
G1 X60.884 Y95.097 E111.51187
;WIDTH:3.62061
G1 X61.01 Y95.01 E112.08037
;WIDTH:3.66804
G1 X61.137 Y94.922 E112.66318
;WIDTH:3.71546
G1 X61.264 Y94.835 E113.25295
;WIDTH:3.76288
G1 X61.39 Y94.747 E113.85084
;WIDTH:3.81031
G1 X61.517 Y94.66 E114.45882
;WIDTH:3.85773
G1 X61.644 Y94.573 E115.07591
;WIDTH:3.90515
G1 X61.771 Y94.485 E115.70441
;WIDTH:3.95258
G1 X61.897 Y94.398 E116.33631
;WIDTH:4
G1 X62.024 Y94.311 E116.98071
G1 X78.968 Y77.367 E217.28818
G1 X84.27 Y76.811 E239.60421
G1 X67.218 Y93.863 E340.55103
G1 X71.991 Y93.836 E360.53127
G1 X89.573 Y76.255 E464.6127
G1 X94.875 Y75.699 E486.92873
G1 X76.765 Y93.809 E594.13885
G1 X81.538 Y93.782 E614.11909
G1 X97.501 Y77.82 E708.61613
G1 X97.549 Y77.653 E709.3435
;WIDTH:3.95258
G1 X97.597 Y77.486 E710.06059
;WIDTH:3.90515
G1 X97.645 Y77.32 E710.7635
;WIDTH:3.85773
G1 X97.694 Y77.153 E711.46115
;WIDTH:3.81031
G1 X97.742 Y76.987 E712.14361
;WIDTH:3.76288
G1 X97.79 Y76.82 E712.81959
;WIDTH:3.71546
G1 X97.838 Y76.654 E713.48161
;WIDTH:3.66804
G1 X97.887 Y76.487 E714.13809
;WIDTH:3.62061
G1 X97.935 Y76.321 E714.77967
;WIDTH:3.57319
G1 X97.983 Y76.154 E715.41454
;WIDTH:3.52577
G1 X98.031 Y75.987 E716.03913
;WIDTH:3.47834
G1 X98.08 Y75.821 E716.65104
;WIDTH:3.43092
G1 X98.128 Y75.654 E717.25508
;WIDTH:3.3835
G1 X98.176 Y75.488 E717.84556
;WIDTH:3.33608
G1 X98.224 Y75.321 E718.42904
;WIDTH:3.28865
G1 X98.273 Y75.155 E719
;WIDTH:3.24123
G1 X98.321 Y74.988 E719.56293
;WIDTH:3.19381
G1 X98.013 Y75.071 E720.57747
G1 X97.788 Y74.845 E721.59175
G1 X97.87 Y74.537 E722.60547
G1 X98.178 Y74.455 E723.61919
G1 X98.403 Y74.68 E724.63122
G1 E722.63122 F2400
G92 E0
G1 X97.501 Y82.566 F7800
G1 E2 F2400
;WIDTH:4
G1 F1200
G1 X86.328 Y93.739 E68.14349
G1 X91.18 Y93.632 E88.45904
G1 X97.501 Y87.312 E125.87602
G1 X97.584 Y92.948 E149.47104
;WIDTH:4.84953
G1 X97.212 Y92.576 E152.23069
G1 X96.704 Y92.712 E154.9893
G1 X96.568 Y93.22 E157.74791
G1 X96.94 Y93.592 E160.50756
G1 X97.447 Y93.456 E163.26111
G1 E715.95174 F2400
G92 E0
M107
;TYPE:Custom
; Filament-specific end gcode 
;END gcode for filament
; Filament-specific end gcode 
;END gcode for filament
M104 S0 ; turn off temperature
G28 X0  ; home X axis
M84     ; disable motors
; objects_info = {"objects":[]}
; filament used [mm] = 2276883.90, 1637999.05
; filament used [cm3] = 5476.55, 3939.85
; total filament used [g] = 0.00
; total filament cost = 0.00
; total filament used for wipe tower [g] = 0.00
; total toolchanges = 23
; estimated printing time (normal mode) = 10h 9m 41s
; estimated first layer printing time (normal mode) = 20m 59s

; prusaslicer_config = begin
; arc_fitting = disabled
; autoemit_temperature_commands = 1
; automatic_extrusion_widths = 0
; automatic_infill_combination = 0
; automatic_infill_combination_max_layer_height = 100%
; avoid_crossing_curled_overhangs = 0
; avoid_crossing_perimeters = 0
; avoid_crossing_perimeters_max_detour = 0
; bed_custom_model = 
; bed_custom_texture = 
; bed_shape = -457.2x-457.2,457.2x-457.2,457.2x457.2,-457.2x457.2
; bed_temperature = 0,0
; bed_temperature_extruder = 0
; before_layer_gcode = 
; between_objects_gcode = 
; binary_gcode = 0
; bottom_fill_pattern = monotonic
; bottom_solid_layers = 3
; bottom_solid_min_thickness = 0
; bridge_acceleration = 0
; bridge_angle = 0
; bridge_fan_speed = 100,100
; bridge_flow_ratio = 1
; bridge_speed = 60
; brim_separation = 0
; brim_type = no_brim
; brim_width = 0
; chamber_minimal_temperature = 0,0
; chamber_temperature = 0,0
; color_change_gcode = M600
; colorprint_heights = 
; complete_objects = 0
; cooling = 1,1
; cooling_tube_length = 5
; cooling_tube_retraction = 91.5
; default_acceleration = 0
; default_filament_profile = 
; default_print_profile = 
; deretract_speed = 0,0
; disable_fan_first_layers = 3,3
; dont_support_bridges = 1
; draft_shield = disabled
; duplicate_distance = 6
; elefant_foot_compensation = 0
; enable_dynamic_fan_speeds = 0,0
; enable_dynamic_overhang_speeds = 0
; end_filament_gcode = "; Filament-specific end gcode \n;END gcode for filament\n";"; Filament-specific end gcode \n;END gcode for filament\n"
; end_gcode = M104 S0 ; turn off temperature\nG28 X0  ; home X axis\nM84     ; disable motors\n
; ensure_vertical_shell_thickness = enabled
; external_perimeter_acceleration = 0
; external_perimeter_extrusion_width = 4
; external_perimeter_speed = 50%
; external_perimeters_first = 0
; extra_loading_move = -2
; extra_perimeters = 1
; extra_perimeters_on_overhangs = 0
; extruder_clearance_height = 20
; extruder_clearance_radius = 20
; extruder_colour = ;
; extruder_offset = 0x0,0x0
; extrusion_axis = E
; extrusion_multiplier = 1,1
; extrusion_width = 4
; fan_always_on = 0,0
; fan_below_layer_time = 60,60
; filament_abrasive = 0,0
; filament_colour = #259CB6;#C42817
; filament_cooling_final_speed = 3.4,3.4
; filament_cooling_initial_speed = 2.2,2.2
; filament_cooling_moves = 4,4
; filament_cost = 0,0
; filament_density = 0,0
; filament_deretract_speed = nil,nil
; filament_diameter = 1.75,1.75
; filament_infill_max_crossing_speed = 0,0
; filament_infill_max_speed = 0,0
; filament_load_time = 0,0
; filament_loading_speed = 28,28
; filament_loading_speed_start = 3,3
; filament_max_volumetric_speed = 0,0
; filament_minimal_purge_on_wipe_tower = 15,15
; filament_multitool_ramming = 0,0
; filament_multitool_ramming_flow = 10,10
; filament_multitool_ramming_volume = 10,10
; filament_notes = ;
; filament_purge_multiplier = 100%,100%
; filament_ramming_parameters = "120 100 6.6 6.8 7.2 7.6 7.9 8.2 8.7 9.4 9.9 10.0| 0.05 6.6 0.45 6.8 0.95 7.8 1.45 8.3 1.95 9.7 2.45 10 2.95 7.6 3.45 7.6 3.95 7.6 4.45 7.6 4.95 7.6";"120 100 6.6 6.8 7.2 7.6 7.9 8.2 8.7 9.4 9.9 10.0| 0.05 6.6 0.45 6.8 0.95 7.8 1.45 8.3 1.95 9.7 2.45 10 2.95 7.6 3.45 7.6 3.95 7.6 4.45 7.6 4.95 7.6"
; filament_retract_before_travel = nil,nil
; filament_retract_before_wipe = nil,nil
; filament_retract_layer_change = nil,nil
; filament_retract_length = nil,nil
; filament_retract_length_toolchange = nil,nil
; filament_retract_lift = nil,nil
; filament_retract_lift_above = nil,nil
; filament_retract_lift_below = nil,nil
; filament_retract_restart_extra = nil,nil
; filament_retract_restart_extra_toolchange = nil,nil
; filament_retract_speed = nil,nil
; filament_seam_gap_distance = nil,nil
; filament_settings_id = "WAAM Material 1";"WAAM Material 2"
; filament_shrinkage_compensation_xy = 0%,0%
; filament_shrinkage_compensation_z = 0%,0%
; filament_soluble = 0,0
; filament_spool_weight = 0,0
; filament_stamping_distance = 0,0
; filament_stamping_loading_speed = 20,20
; filament_toolchange_delay = 0,0
; filament_travel_lift_before_obstacle = nil,nil
; filament_travel_max_lift = nil,nil
; filament_travel_ramping_lift = nil,nil
; filament_travel_slope = nil,nil
; filament_type = PLA;PLA
; filament_unload_time = 0,0
; filament_unloading_speed = 90,90
; filament_unloading_speed_start = 100,100
; filament_vendor = (Unknown)
; filament_wipe = nil,nil
; fill_angle = 45
; fill_density = 100%
; fill_pattern = rectilinear
; first_layer_acceleration = 0
; first_layer_acceleration_over_raft = 0
; first_layer_bed_temperature = 0,0
; first_layer_extrusion_width = 4
; first_layer_height = 3
; first_layer_infill_speed = 0
; first_layer_speed = 30
; first_layer_speed_over_raft = 30
; first_layer_temperature = 200,200
; full_fan_speed_layer = 0,0
; fuzzy_skin = none
; fuzzy_skin_point_dist = 0.8
; fuzzy_skin_thickness = 0.3
; gap_fill_enabled = 1
; gap_fill_speed = 20
; gcode_comments = 0
; gcode_flavor = reprap
; gcode_label_objects = disabled
; gcode_resolution = 0.0125
; gcode_substitutions = 
; high_current_on_filament_swap = 0
; host_type = prusalink
; idle_temperature = nil,nil
; infill_acceleration = 0
; infill_anchor = 600%
; infill_anchor_max = 50
; infill_every_layers = 1
; infill_extruder = 1
; infill_extrusion_width = 4
; infill_first = 0
; infill_overlap = 25%
; infill_speed = 80
; interface_shells = 0
; interlocking_beam = 0
; interlocking_beam_layer_count = 2
; interlocking_beam_width = 0.8
; interlocking_boundary_avoidance = 2
; interlocking_depth = 2
; interlocking_orientation = 22.5
; ironing = 0
; ironing_flowrate = 15%
; ironing_spacing = 0.1
; ironing_speed = 15
; ironing_type = top
; layer_gcode = 
; layer_height = 3
; machine_limits_usage = time_estimate_only
; machine_max_acceleration_e = 10000,5000
; machine_max_acceleration_extruding = 1500,1250
; machine_max_acceleration_retracting = 1500,1250
; machine_max_acceleration_travel = 1500,1250
; machine_max_acceleration_x = 9000,1000
; machine_max_acceleration_y = 9000,1000
; machine_max_acceleration_z = 500,200
; machine_max_feedrate_e = 120,120
; machine_max_feedrate_x = 500,200
; machine_max_feedrate_y = 500,200
; machine_max_feedrate_z = 12,12
; machine_max_jerk_e = 2.5,2.5
; machine_max_jerk_x = 10,10
; machine_max_jerk_y = 10,10
; machine_max_jerk_z = 0.2,0.4
; machine_min_extruding_rate = 0,0
; machine_min_travel_rate = 0,0
; max_fan_speed = 100,100
; max_layer_height = 0,0
; max_print_height = 500
; max_print_speed = 80
; max_volumetric_extrusion_rate_slope_negative = 0
; max_volumetric_extrusion_rate_slope_positive = 0
; max_volumetric_speed = 0
; min_bead_width = 85%
; min_fan_speed = 35,35
; min_feature_size = 25%
; min_layer_height = 0.07,0.07
; min_print_speed = 10,10
; min_skirt_length = 0
; mmu_segmented_region_interlocking_depth = 0
; mmu_segmented_region_max_width = 0
; multimaterial_purging = 140
; notes = 
; nozzle_diameter = 3,3
; nozzle_high_flow = 0,0
; only_one_perimeter_first_layer = 0
; only_retract_when_crossing_perimeters = 0
; ooze_prevention = 0
; output_filename_format = [input_filename_base].gcode
; over_bridge_speed = 0
; overhang_fan_speed_0 = 0,0
; overhang_fan_speed_1 = 0,0
; overhang_fan_speed_2 = 0,0
; overhang_fan_speed_3 = 0,0
; overhang_speed_0 = 15
; overhang_speed_1 = 15
; overhang_speed_2 = 20
; overhang_speed_3 = 25
; overhangs = 1
; parking_pos_retraction = 92
; pause_print_gcode = M601
; perimeter_acceleration = 0
; perimeter_extruder = 1
; perimeter_extrusion_width = 4
; perimeter_generator = arachne
; perimeter_speed = 60
; perimeters = 3
; physical_printer_settings_id = 
; post_process = 
; prefer_clockwise_movements = 0
; print_settings_id = Hydra
; printer_model = 
; printer_notes = 
; printer_settings_id = Hydra
; printer_technology = FFF
; printer_variant = 
; printer_vendor = 
; raft_contact_distance = 0.1
; raft_expansion = 1.5
; raft_first_layer_density = 90%
; raft_first_layer_expansion = 3
; raft_layers = 0
; remaining_times = 0
; resolution = 0
; retract_before_travel = 2,2
; retract_before_wipe = 0%,0%
; retract_layer_change = 0,0
; retract_length = 2,2
; retract_length_toolchange = 10,10
; retract_lift = 0,0
; retract_lift_above = 0,0
; retract_lift_below = 0,0
; retract_restart_extra = 0,0
; retract_restart_extra_toolchange = 0,0
; retract_speed = 40,40
; scarf_seam_entire_loop = 0
; scarf_seam_length = 20
; scarf_seam_max_segment_length = 1
; scarf_seam_on_inner_perimeters = 0
; scarf_seam_only_on_smooth = 1
; scarf_seam_placement = nowhere
; scarf_seam_start_height = 0%
; seam_gap_distance = 15%
; seam_position = aligned
; silent_mode = 1
; single_extruder_multi_material = 0
; single_extruder_multi_material_priming = 1
; skirt_distance = 6
; skirt_height = 1
; skirts = 0
; slice_closing_radius = 0.049
; slicing_mode = regular
; slowdown_below_layer_time = 5,5
; small_perimeter_speed = 15
; solid_infill_acceleration = 0
; solid_infill_below_area = 70
; solid_infill_every_layers = 0
; solid_infill_extruder = 1
; solid_infill_extrusion_width = 4
; solid_infill_speed = 20
; spiral_vase = 0
; staggered_inner_seams = 0
; standby_temperature_delta = -5
; start_filament_gcode = "; Filament gcode\n";"; Filament gcode\n"
; start_gcode = G28 ; home all axes\nG1 Z5 F5000 ; lift nozzle\n
; support_material = 0
; support_material_angle = 0
; support_material_auto = 1
; support_material_bottom_contact_distance = 0
; support_material_bottom_interface_layers = -1
; support_material_buildplate_only = 0
; support_material_closing_radius = 2
; support_material_contact_distance = 0.2
; support_material_enforce_layers = 0
; support_material_extruder = 1
; support_material_extrusion_width = 2.62
; support_material_interface_contact_loops = 0
; support_material_interface_extruder = 1
; support_material_interface_layers = 3
; support_material_interface_pattern = rectilinear
; support_material_interface_spacing = 0
; support_material_interface_speed = 100%
; support_material_pattern = rectilinear
; support_material_spacing = 2.5
; support_material_speed = 60
; support_material_style = grid
; support_material_synchronize_layers = 0
; support_material_threshold = 0
; support_material_with_sheath = 1
; support_material_xy_spacing = 50%
; support_tree_angle = 40
; support_tree_angle_slow = 25
; support_tree_branch_diameter = 2
; support_tree_branch_diameter_angle = 5
; support_tree_branch_diameter_double_wall = 3
; support_tree_branch_distance = 1
; support_tree_tip_diameter = 0.8
; support_tree_top_rate = 15%
; temperature = 200,200
; template_custom_gcode = 
; thick_bridges = 1
; thin_walls = 1
; thumbnails = 
; thumbnails_format = PNG
; toolchange_gcode = 
; top_fill_pattern = monotonic
; top_infill_extrusion_width = 4
; top_one_perimeter_type = none
; top_solid_infill_acceleration = 0
; top_solid_infill_speed = 15
; top_solid_layers = 3
; top_solid_min_thickness = 0
; travel_acceleration = 0
; travel_lift_before_obstacle = 0,0
; travel_max_lift = 0,0
; travel_ramping_lift = 0,0
; travel_slope = 0,0
; travel_speed = 130
; travel_speed_z = 0
; use_firmware_retraction = 0
; use_relative_e_distances = 0
; use_volumetric_e = 0
; variable_layer_height = 1
; wall_distribution_count = 1
; wall_transition_angle = 10
; wall_transition_filter_deviation = 25%
; wall_transition_length = 100%
; wipe = 0,0
; wipe_into_infill = 0
; wipe_into_objects = 0
; wipe_tower = 0
; wipe_tower_acceleration = 0
; wipe_tower_bridging = 10
; wipe_tower_brim_width = 2
; wipe_tower_cone_angle = 0
; wipe_tower_extra_flow = 100%
; wipe_tower_extra_spacing = 100%
; wipe_tower_extruder = 0
; wipe_tower_no_sparse_layers = 0
; wipe_tower_width = 60
; wiping_volumes_matrix = 0,140,140,0
; wiping_volumes_use_custom_matrix = 0
; xy_size_compensation = 0
; z_offset = 0
; prusaslicer_config = end
